INSERT INTO users (ID, USERNAME, PASSWORD, FIRSTNAME, LASTNAME, EMAIL, ENABLED, LASTPASSWORDRESETDATE, OBJECTIFHEBDO) VALUES (100, 'admin', '$2a$08$lDnHPz7eUkSi6ao14Twuau08mzhWrL4kyZGGU5xfiGALO/Vxd5DOi', 'admin', 'admin', 'admin@admin.com', 1, '2003/01/22', -1);
INSERT INTO users (ID, USERNAME, PASSWORD, FIRSTNAME, LASTNAME, EMAIL, ENABLED, LASTPASSWORDRESETDATE, OBJECTIFHEBDO) VALUES (200, 'user', '$2a$08$UkVvwpULis18S19S5pZFn.YHPZt3oaqHZnDwqbCW9pft6uFtkXKDC', 'user', 'user', 'enabled@user.com', 1, '2003/01/22', -1);
INSERT INTO users (ID, USERNAME, PASSWORD, FIRSTNAME, LASTNAME, EMAIL, ENABLED, LASTPASSWORDRESETDATE, OBJECTIFHEBDO) VALUES (300, 'disabled', '$2a$08$UkVvwpULis18S19S5pZFn.YHPZt3oaqHZnDwqbCW9pft6uFtkXKDC', 'user', 'user', 'disabled@user.com', 0, '2003/01/22', -1);

INSERT INTO authority (ID, NAME) VALUES (1, 'ROLE_USER');
INSERT INTO authority (ID, NAME) VALUES (2, 'ROLE_ADMIN');

INSERT INTO user_authority (USER_ID, AUTHORITY_ID) VALUES (100, 1);
INSERT INTO user_authority (USER_ID, AUTHORITY_ID) VALUES (100, 2);
INSERT INTO user_authority (USER_ID, AUTHORITY_ID) VALUES (200, 1);
INSERT INTO user_authority (USER_ID, AUTHORITY_ID) VALUES (300, 1);

INSERT INTO timeframe (ID, HEUREDEBUT, HEUREFIN, NOMJOUR, EVALUATION) VALUES (1, 0, 3, 'LUNDI', -1);
INSERT INTO timeframe (ID, HEUREDEBUT, HEUREFIN, NOMJOUR, EVALUATION) VALUES (2, 3, 6, 'LUNDI', -1);
INSERT INTO timeframe (ID, HEUREDEBUT, HEUREFIN, NOMJOUR, EVALUATION) VALUES (3, 6, 9, 'LUNDI', -1);
INSERT INTO timeframe (ID, HEUREDEBUT, HEUREFIN, NOMJOUR, EVALUATION) VALUES (4, 9, 12, 'LUNDI', -1);
INSERT INTO timeframe (ID, HEUREDEBUT, HEUREFIN, NOMJOUR, EVALUATION) VALUES (5, 12, 15, 'LUNDI', -1);
INSERT INTO timeframe (ID, HEUREDEBUT, HEUREFIN, NOMJOUR, EVALUATION) VALUES (6, 15, 18, 'LUNDI', -1);
INSERT INTO timeframe (ID, HEUREDEBUT, HEUREFIN, NOMJOUR, EVALUATION) VALUES (7, 18, 21, 'LUNDI', -1);
INSERT INTO timeframe (ID, HEUREDEBUT, HEUREFIN, NOMJOUR, EVALUATION) VALUES (8, 21, 24, 'LUNDI', -1);
INSERT INTO timeframe (ID, HEUREDEBUT, HEUREFIN, NOMJOUR, EVALUATION) VALUES (9, 0, 3, 'MARDI', -1);
INSERT INTO timeframe (ID, HEUREDEBUT, HEUREFIN, NOMJOUR, EVALUATION) VALUES (10, 3, 6, 'MARDI', -1);
INSERT INTO timeframe (ID, HEUREDEBUT, HEUREFIN, NOMJOUR, EVALUATION) VALUES (11, 6, 9, 'MARDI', -1);
INSERT INTO timeframe (ID, HEUREDEBUT, HEUREFIN, NOMJOUR, EVALUATION) VALUES (12, 9, 12, 'MARDI', -1);
INSERT INTO timeframe (ID, HEUREDEBUT, HEUREFIN, NOMJOUR, EVALUATION) VALUES (13, 12, 15, 'MARDI', -1);
INSERT INTO timeframe (ID, HEUREDEBUT, HEUREFIN, NOMJOUR, EVALUATION) VALUES (14, 15, 18, 'MARDI', -1);
INSERT INTO timeframe (ID, HEUREDEBUT, HEUREFIN, NOMJOUR, EVALUATION) VALUES (15, 18, 21, 'MARDI', -1);
INSERT INTO timeframe (ID, HEUREDEBUT, HEUREFIN, NOMJOUR, EVALUATION) VALUES (16, 21, 24, 'MARDI', -1);
INSERT INTO timeframe (ID, HEUREDEBUT, HEUREFIN, NOMJOUR, EVALUATION) VALUES (17, 0, 3, 'MERCREDI', -1);
INSERT INTO timeframe (ID, HEUREDEBUT, HEUREFIN, NOMJOUR, EVALUATION) VALUES (18, 3, 6, 'MERCREDI', -1);
INSERT INTO timeframe (ID, HEUREDEBUT, HEUREFIN, NOMJOUR, EVALUATION) VALUES (19, 6, 9, 'MERCREDI', -1);
INSERT INTO timeframe (ID, HEUREDEBUT, HEUREFIN, NOMJOUR, EVALUATION) VALUES (20, 9, 12, 'MERCREDI', -1);
INSERT INTO timeframe (ID, HEUREDEBUT, HEUREFIN, NOMJOUR, EVALUATION) VALUES (21, 12, 15, 'MERCREDI', -1);
INSERT INTO timeframe (ID, HEUREDEBUT, HEUREFIN, NOMJOUR, EVALUATION) VALUES (22, 15, 18, 'MERCREDI', -1);
INSERT INTO timeframe (ID, HEUREDEBUT, HEUREFIN, NOMJOUR, EVALUATION) VALUES (23, 18, 21, 'MERCREDI', -1);
INSERT INTO timeframe (ID, HEUREDEBUT, HEUREFIN, NOMJOUR, EVALUATION) VALUES (24, 21, 24, 'MERCREDI', -1);
INSERT INTO timeframe (ID, HEUREDEBUT, HEUREFIN, NOMJOUR, EVALUATION) VALUES (25, 0, 3, 'JEUDI', -1);
INSERT INTO timeframe (ID, HEUREDEBUT, HEUREFIN, NOMJOUR, EVALUATION) VALUES (26, 3, 6, 'JEUDI', -1);
INSERT INTO timeframe (ID, HEUREDEBUT, HEUREFIN, NOMJOUR, EVALUATION) VALUES (27, 6, 9, 'JEUDI', -1);
INSERT INTO timeframe (ID, HEUREDEBUT, HEUREFIN, NOMJOUR, EVALUATION) VALUES (28, 9, 12, 'JEUDI', -1);
INSERT INTO timeframe (ID, HEUREDEBUT, HEUREFIN, NOMJOUR, EVALUATION) VALUES (29, 12, 15, 'JEUDI', -1);
INSERT INTO timeframe (ID, HEUREDEBUT, HEUREFIN, NOMJOUR, EVALUATION) VALUES (30, 15, 18, 'JEUDI', -1);
INSERT INTO timeframe (ID, HEUREDEBUT, HEUREFIN, NOMJOUR, EVALUATION) VALUES (31, 18, 21, 'JEUDI', -1);
INSERT INTO timeframe (ID, HEUREDEBUT, HEUREFIN, NOMJOUR, EVALUATION) VALUES (32, 21, 24, 'JEUDI', -1);
INSERT INTO timeframe (ID, HEUREDEBUT, HEUREFIN, NOMJOUR, EVALUATION) VALUES (33, 0, 3, 'VENDREDI', -1);
INSERT INTO timeframe (ID, HEUREDEBUT, HEUREFIN, NOMJOUR, EVALUATION) VALUES (34, 3, 6, 'VENDREDI', -1);
INSERT INTO timeframe (ID, HEUREDEBUT, HEUREFIN, NOMJOUR, EVALUATION) VALUES (35, 6, 9, 'VENDREDI', -1);
INSERT INTO timeframe (ID, HEUREDEBUT, HEUREFIN, NOMJOUR, EVALUATION) VALUES (36, 9, 12, 'VENDREDI', -1);
INSERT INTO timeframe (ID, HEUREDEBUT, HEUREFIN, NOMJOUR, EVALUATION) VALUES (37, 12, 15, 'VENDREDI', -1);
INSERT INTO timeframe (ID, HEUREDEBUT, HEUREFIN, NOMJOUR, EVALUATION) VALUES (38, 15, 18, 'VENDREDI', -1);
INSERT INTO timeframe (ID, HEUREDEBUT, HEUREFIN, NOMJOUR, EVALUATION) VALUES (39, 18, 21, 'VENDREDI', -1);
INSERT INTO timeframe (ID, HEUREDEBUT, HEUREFIN, NOMJOUR, EVALUATION) VALUES (40, 21, 24, 'VENDREDI', -1);
INSERT INTO timeframe (ID, HEUREDEBUT, HEUREFIN, NOMJOUR, EVALUATION) VALUES (41, 0, 3, 'SAMEDI', -1);
INSERT INTO timeframe (ID, HEUREDEBUT, HEUREFIN, NOMJOUR, EVALUATION) VALUES (42, 3, 6, 'SAMEDI', -1);
INSERT INTO timeframe (ID, HEUREDEBUT, HEUREFIN, NOMJOUR, EVALUATION) VALUES (43, 6, 9, 'SAMEDI', -1);
INSERT INTO timeframe (ID, HEUREDEBUT, HEUREFIN, NOMJOUR, EVALUATION) VALUES (44, 9, 12, 'SAMEDI', -1);
INSERT INTO timeframe (ID, HEUREDEBUT, HEUREFIN, NOMJOUR, EVALUATION) VALUES (45, 12, 15, 'SAMEDI', -1);
INSERT INTO timeframe (ID, HEUREDEBUT, HEUREFIN, NOMJOUR, EVALUATION) VALUES (46, 15, 18, 'SAMEDI', -1);
INSERT INTO timeframe (ID, HEUREDEBUT, HEUREFIN, NOMJOUR, EVALUATION) VALUES (47, 18, 21, 'SAMEDI', -1);
INSERT INTO timeframe (ID, HEUREDEBUT, HEUREFIN, NOMJOUR, EVALUATION) VALUES (48, 21, 24, 'SAMEDI', -1);
INSERT INTO timeframe (ID, HEUREDEBUT, HEUREFIN, NOMJOUR, EVALUATION) VALUES (49, 0, 3, 'DIMANCHE', -1);
INSERT INTO timeframe (ID, HEUREDEBUT, HEUREFIN, NOMJOUR, EVALUATION) VALUES (50, 3, 6, 'DIMANCHE', -1);
INSERT INTO timeframe (ID, HEUREDEBUT, HEUREFIN, NOMJOUR, EVALUATION) VALUES (51, 6, 9, 'DIMANCHE', -1);
INSERT INTO timeframe (ID, HEUREDEBUT, HEUREFIN, NOMJOUR, EVALUATION) VALUES (52, 9, 12, 'DIMANCHE', -1);
INSERT INTO timeframe (ID, HEUREDEBUT, HEUREFIN, NOMJOUR, EVALUATION) VALUES (53, 12, 15, 'DIMANCHE', -1);
INSERT INTO timeframe (ID, HEUREDEBUT, HEUREFIN, NOMJOUR, EVALUATION) VALUES (54, 15, 18, 'DIMANCHE', -1);
INSERT INTO timeframe (ID, HEUREDEBUT, HEUREFIN, NOMJOUR, EVALUATION) VALUES (55, 18, 21, 'DIMANCHE', -1);
INSERT INTO timeframe (ID, HEUREDEBUT, HEUREFIN, NOMJOUR, EVALUATION) VALUES (56, 21, 24, 'DIMANCHE', -1);

INSERT INTO sport(SPORT_ID, NOM, KMH, KCALH) VALUES (1, 'Course', 12, 880);
INSERT INTO sport(SPORT_ID, NOM, KMH, KCALH) VALUES (2, 'Marche', 4, 245);
INSERT INTO sport(SPORT_ID, NOM, KMH, KCALH) VALUES (3, 'Cyclisme', 20, 690);

INSERT INTO programme(programme_id, date_debut, user_id) VALUES (100, '2018-04-16', 200);
INSERT INTO programme(programme_id, date_debut, user_id) VALUES (200, '2018-04-30', 200);
INSERT INTO programme(programme_id, date_debut, user_id) VALUES (300, '2018-04-23', 200);
INSERT INTO programme(programme_id, date_debut, user_id) VALUES (400, '2018-04-02', 200);
INSERT INTO programme(programme_id, date_debut, user_id) VALUES (500, '2018-04-16', 100);
INSERT INTO programme(programme_id, date_debut, user_id) VALUES (600, '2018-04-23', 100);

INSERT INTO activity(activity_id, date, distance, estrealisee, programme_id, sport_id, centreinteret_id, timeframe_id) VALUES (100, '2018-05-03', 6, 0, 200, 1, 10000, 51);
INSERT INTO activity(activity_id, date, distance, estrealisee, programme_id, sport_id, centreinteret_id, timeframe_id) VALUES (300, '2018-05-02', 8, 0, 200, 2, 10000, 35);
INSERT INTO activity(activity_id, date, distance, estrealisee, programme_id, sport_id, centreinteret_id, timeframe_id) VALUES (200, '2018-05-01', 10, 1, 200, 1, 10000, 44);
INSERT INTO activity(activity_id, date, distance, estrealisee, programme_id, sport_id, centreinteret_id, timeframe_id) VALUES (400, '2018-05-04', 10, 0, 200, 1, 10000, 55);
INSERT INTO activity(activity_id, date, distance, estrealisee, programme_id, sport_id, centreinteret_id, timeframe_id) VALUES (500, '2018-05-05', 12, 0, 200, 2, 10000, 23);
INSERT INTO activity(activity_id, date, distance, estrealisee, programme_id, sport_id, centreinteret_id, timeframe_id) VALUES (600, '2018-05-06', 5, 1, 200, 1, 10000, 47);

INSERT INTO realisation(realisation_id, date, distance, activity_id, programme_id, centreinteret_id, timeframe_id) VALUES (100, '2018-05-01', 11, 200, 200, 10000, 11);


INSERT INTO point (ID, x, y) VALUES (10000, 45.77846429629631, 4.852797629629627);
INSERT INTO centreinteret (ID, NAME, POINT_ID) VALUES (10000, "Parc de la Tête d'Or", 10000);
INSERT INTO point (ID, x, y) VALUES (10001, 45.77868958333333, 4.853984940476191);
INSERT INTO centreinteret (ID, NAME, POINT_ID) VALUES (10001, "Tour Parc de la Tête d'Or", 10001);
INSERT INTO point (ID, x, y) VALUES (10002, 45.76518764705882, 4.823596470588235);
INSERT INTO centreinteret (ID, NAME, POINT_ID) VALUES (10002, "Escaliers Nicolas de Lange", 10002);
INSERT INTO point (ID, x, y) VALUES (10003, 45.77069710144926, 4.841091594202898);
INSERT INTO centreinteret (ID, NAME, POINT_ID) VALUES (10003, "Pt Lafayette-Tete or par les quais", 10003);
INSERT INTO point (ID, x, y) VALUES (10004, 45.72979947368422, 4.812275789473685);
INSERT INTO centreinteret (ID, NAME, POINT_ID) VALUES (10004, "descente escalier mulatiere", 10004);
INSERT INTO point (ID, x, y) VALUES (10005, 45.739675, 4.8260112903225805);
INSERT INTO centreinteret (ID, NAME, POINT_ID) VALUES (10005, "Pont a pont", 10005);
INSERT INTO point (ID, x, y) VALUES (10006, 45.74327516129033, 4.829121612903227);
INSERT INTO centreinteret (ID, NAME, POINT_ID) VALUES (10006, "Gwen2kA", 10006);
INSERT INTO point (ID, x, y) VALUES (10007, 45.704891739130424, 4.755103478260869);
INSERT INTO centreinteret (ID, NAME, POINT_ID) VALUES (10007, "Rue Favre Garin Climb", 10007);
INSERT INTO point (ID, x, y) VALUES (10008, 45.789565, 4.754929117647059);
INSERT INTO centreinteret (ID, NAME, POINT_ID) VALUES (10008, "Chemin Du Petit Bois Climb", 10008);
INSERT INTO point (ID, x, y) VALUES (10009, 45.71834150000001, 4.8964025);
INSERT INTO centreinteret (ID, NAME, POINT_ID) VALUES (10009, "Tour de Piste_1 Parilly", 10009);
INSERT INTO point (ID, x, y) VALUES (10010, 45.772916756756764, 4.815414864864865);
INSERT INTO centreinteret (ID, NAME, POINT_ID) VALUES (10010, "Montée des Esses", 10010);
INSERT INTO point (ID, x, y) VALUES (10011, 45.79343764044942, 4.912938314606743);
INSERT INTO centreinteret (ID, NAME, POINT_ID) VALUES (10011, "Piste cyclable vers Miribel-Jonage", 10011);
INSERT INTO point (ID, x, y) VALUES (10012, 45.798205454545446, 4.841378909090911);
INSERT INTO centreinteret (ID, NAME, POINT_ID) VALUES (10012, "Montée Castellane", 10012);
INSERT INTO point (ID, x, y) VALUES (10013, 45.76642445544555, 4.840650792079208);
INSERT INTO centreinteret (ID, NAME, POINT_ID) VALUES (10013, "Berge du Rhône (pont Wilson > Lattre)", 10013);
INSERT INTO point (ID, x, y) VALUES (10014, 45.793744285714304, 4.912491071428572);
INSERT INTO centreinteret (ID, NAME, POINT_ID) VALUES (10014, "voie cyclable vers Parc M. Jonage", 10014);
INSERT INTO point (ID, x, y) VALUES (10015, 45.723371875, 4.76817484375);
INSERT INTO centreinteret (ID, NAME, POINT_ID) VALUES (10015, "Route des Aqueducs", 10015);
INSERT INTO point (ID, x, y) VALUES (10016, 45.751369999999994, 4.763712727272727);
INSERT INTO centreinteret (ID, NAME, POINT_ID) VALUES (10016, "Côte d'Alaï", 10016);
INSERT INTO point (ID, x, y) VALUES (10017, 45.742725555555566, 4.813963703703704);
INSERT INTO centreinteret (ID, NAME, POINT_ID) VALUES (10017, "Quai JJ Rousseau", 10017);


INSERT INTO point (ID, x, y) VALUES (50000, 45.77837635446499, 4.891123728683319);
INSERT INTO users (ID, USERNAME, PASSWORD, FIRSTNAME, LASTNAME, EMAIL, ENABLED, LASTPASSWORDRESETDATE, OBJECTIFHEBDO, Location_id) VALUES (10000, "user0", "$2a$08$UkVvwpULis18S19S5pZFn.YHPZt3oaqHZnDwqbCW9pft6uFtkXKDC", "user0", "user0", "user0@user.com", 1, "2003/01/22", 16, 50000);
INSERT INTO user_authority (USER_ID, AUTHORITY_ID) VALUES (10000, 2);
INSERT INTO programme(programme_id, date_debut, user_id) VALUES (10000, '2018-04-30', 10000);
INSERT INTO activity(activity_id, date, distance, estrealisee, programme_id, sport_id, CENTREINTERET_ID, timeframe_id) VALUES (10000, '2018-05-01', 7.655643367123054, 0, 10000, 1, 10000, 14);
INSERT INTO activity(activity_id, date, distance, estrealisee, programme_id, sport_id, CENTREINTERET_ID, timeframe_id) VALUES (10001, '2018-05-02', 10.62289834064986, 0, 10000, 1, 10000, 20);
INSERT INTO activity(activity_id, date, distance, estrealisee, programme_id, sport_id, CENTREINTERET_ID, timeframe_id) VALUES (10002, '2018-05-03', 7.730586904407719, 0, 10000, 1, 10000, 31);
INSERT INTO activity(activity_id, date, distance, estrealisee, programme_id, sport_id, CENTREINTERET_ID, timeframe_id) VALUES (10003, '2018-05-04', 10.727747842124202, 0, 10000, 1, 10000, 39);
INSERT INTO programme(programme_id, date_debut, user_id) VALUES (10001, '2018-04-23', 10000);
INSERT INTO activity(activity_id, date, distance, estrealisee, programme_id, sport_id, CENTREINTERET_ID, timeframe_id) VALUES (10004, '2018-04-17', 8.834476297328552, 1, 10001, 1, 10000, 17);
INSERT INTO realisation(realisation_id, date, distance, activity_id, programme_id, CENTREINTERET_ID, timeframe_id) VALUES (10000, '2018-04-17', 4, 10004, 10001, 10000, 17);
INSERT INTO activity(activity_id, date, distance, estrealisee, programme_id, sport_id, CENTREINTERET_ID, timeframe_id) VALUES (10005, '2018-04-18', 11.778359506821257, 1, 10001, 1, 10000, 54);
INSERT INTO realisation(realisation_id, date, distance, activity_id, programme_id, CENTREINTERET_ID, timeframe_id) VALUES (10001, '2018-04-18', 4, 10005, 10001, 10000, 54);
INSERT INTO activity(activity_id, date, distance, estrealisee, programme_id, sport_id, CENTREINTERET_ID, timeframe_id) VALUES (10006, '2018-04-19', 9.735117408280718, 1, 10001, 1, 10000, 47);
INSERT INTO realisation(realisation_id, date, distance, activity_id, programme_id, CENTREINTERET_ID, timeframe_id) VALUES (10002, '2018-04-19', 4, 10006, 10001, 10000, 47);
INSERT INTO activity(activity_id, date, distance, estrealisee, programme_id, sport_id, CENTREINTERET_ID, timeframe_id) VALUES (10007, '2018-04-20', 7.216565553877643, 1, 10001, 1, 10000, 49);
INSERT INTO realisation(realisation_id, date, distance, activity_id, programme_id, CENTREINTERET_ID, timeframe_id) VALUES (10003, '2018-04-20', 4, 10007, 10001, 10000, 49);

INSERT INTO point (ID, x, y) VALUES (50001, 45.774273027003204, 4.824786365280055);
INSERT INTO users (ID, USERNAME, PASSWORD, FIRSTNAME, LASTNAME, EMAIL, ENABLED, LASTPASSWORDRESETDATE, OBJECTIFHEBDO, Location_id) VALUES (10001, "user1", "$2a$08$UkVvwpULis18S19S5pZFn.YHPZt3oaqHZnDwqbCW9pft6uFtkXKDC", "user1", "user1", "user1@user.com", 1, "2003/01/22", 16, 50001);
INSERT INTO user_authority (USER_ID, AUTHORITY_ID) VALUES (10001, 2);
INSERT INTO programme(programme_id, date_debut, user_id) VALUES (10002, '2018-04-30', 10001);
INSERT INTO activity(activity_id, date, distance, estrealisee, programme_id, sport_id, CENTREINTERET_ID, timeframe_id) VALUES (10008, '2018-05-01', 7.560125072562498, 0, 10002, 1, 10000, 14);
INSERT INTO activity(activity_id, date, distance, estrealisee, programme_id, sport_id, CENTREINTERET_ID, timeframe_id) VALUES (10009, '2018-05-02', 10.319159327331462, 0, 10002, 1, 10000, 20);
INSERT INTO activity(activity_id, date, distance, estrealisee, programme_id, sport_id, CENTREINTERET_ID, timeframe_id) VALUES (10010, '2018-05-03', 7.391463548419405, 0, 10002, 1, 10000, 31);
INSERT INTO activity(activity_id, date, distance, estrealisee, programme_id, sport_id, CENTREINTERET_ID, timeframe_id) VALUES (10011, '2018-05-04', 10.788367290746601, 0, 10002, 1, 10000, 39);
INSERT INTO programme(programme_id, date_debut, user_id) VALUES (10003, '2018-04-23', 10001);
INSERT INTO activity(activity_id, date, distance, estrealisee, programme_id, sport_id, CENTREINTERET_ID, timeframe_id) VALUES (10012, '2018-04-17', 9.213403508347827, 1, 10003, 1, 10000, 20);
INSERT INTO realisation(realisation_id, date, distance, activity_id, programme_id, CENTREINTERET_ID, timeframe_id) VALUES (10004, '2018-04-17', 4, 10012, 10003, 10000, 20);
INSERT INTO activity(activity_id, date, distance, estrealisee, programme_id, sport_id, CENTREINTERET_ID, timeframe_id) VALUES (10013, '2018-04-18', 7.701717860853116, 1, 10003, 1, 10000, 45);
INSERT INTO realisation(realisation_id, date, distance, activity_id, programme_id, CENTREINTERET_ID, timeframe_id) VALUES (10005, '2018-04-18', 4, 10013, 10003, 10000, 45);
INSERT INTO activity(activity_id, date, distance, estrealisee, programme_id, sport_id, CENTREINTERET_ID, timeframe_id) VALUES (10014, '2018-04-19', 10.39529215933563, 1, 10003, 1, 10000, 5);
INSERT INTO realisation(realisation_id, date, distance, activity_id, programme_id, CENTREINTERET_ID, timeframe_id) VALUES (10006, '2018-04-19', 4, 10014, 10003, 10000, 5);
INSERT INTO activity(activity_id, date, distance, estrealisee, programme_id, sport_id, CENTREINTERET_ID, timeframe_id) VALUES (10015, '2018-04-20', 9.485254984791126, 1, 10003, 1, 10000, 48);
INSERT INTO realisation(realisation_id, date, distance, activity_id, programme_id, CENTREINTERET_ID, timeframe_id) VALUES (10007, '2018-04-20', 4, 10015, 10003, 10000, 48);

INSERT INTO point (ID, x, y) VALUES (50002, 45.76817705810793, 4.834846059728854);
INSERT INTO users (ID, USERNAME, PASSWORD, FIRSTNAME, LASTNAME, EMAIL, ENABLED, LASTPASSWORDRESETDATE, OBJECTIFHEBDO, Location_id) VALUES (10002, "user2", "$2a$08$UkVvwpULis18S19S5pZFn.YHPZt3oaqHZnDwqbCW9pft6uFtkXKDC", "user2", "user2", "user2@user.com", 1, "2003/01/22", 18, 50002);
INSERT INTO user_authority (USER_ID, AUTHORITY_ID) VALUES (10002, 2);
INSERT INTO programme(programme_id, date_debut, user_id) VALUES (10004, '2018-04-30', 10002);
INSERT INTO activity(activity_id, date, distance, estrealisee, programme_id, sport_id, CENTREINTERET_ID, timeframe_id) VALUES (10016, '2018-05-01', 9.218024613905353, 0, 10004, 1, 10000, 14);
INSERT INTO activity(activity_id, date, distance, estrealisee, programme_id, sport_id, CENTREINTERET_ID, timeframe_id) VALUES (10017, '2018-05-02', 7.909564981257721, 0, 10004, 1, 10000, 20);
INSERT INTO activity(activity_id, date, distance, estrealisee, programme_id, sport_id, CENTREINTERET_ID, timeframe_id) VALUES (10018, '2018-05-03', 9.723665894442373, 0, 10004, 1, 10000, 31);
INSERT INTO activity(activity_id, date, distance, estrealisee, programme_id, sport_id, CENTREINTERET_ID, timeframe_id) VALUES (10019, '2018-05-04', 9.180071550928158, 0, 10004, 1, 10000, 39);
INSERT INTO programme(programme_id, date_debut, user_id) VALUES (10005, '2018-04-23', 10002);
INSERT INTO activity(activity_id, date, distance, estrealisee, programme_id, sport_id, CENTREINTERET_ID, timeframe_id) VALUES (10020, '2018-04-17', 7.52163613374039, 1, 10005, 1, 10000, 18);
INSERT INTO realisation(realisation_id, date, distance, activity_id, programme_id, CENTREINTERET_ID, timeframe_id) VALUES (10008, '2018-04-17', 4, 10020, 10005, 10000, 18);
INSERT INTO activity(activity_id, date, distance, estrealisee, programme_id, sport_id, CENTREINTERET_ID, timeframe_id) VALUES (10021, '2018-04-18', 11.927821616449837, 1, 10005, 1, 10000, 22);
INSERT INTO realisation(realisation_id, date, distance, activity_id, programme_id, CENTREINTERET_ID, timeframe_id) VALUES (10009, '2018-04-18', 4, 10021, 10005, 10000, 22);
INSERT INTO activity(activity_id, date, distance, estrealisee, programme_id, sport_id, CENTREINTERET_ID, timeframe_id) VALUES (10022, '2018-04-19', 11.3438443336692, 1, 10005, 1, 10000, 38);
INSERT INTO realisation(realisation_id, date, distance, activity_id, programme_id, CENTREINTERET_ID, timeframe_id) VALUES (10010, '2018-04-19', 4, 10022, 10005, 10000, 38);
INSERT INTO activity(activity_id, date, distance, estrealisee, programme_id, sport_id, CENTREINTERET_ID, timeframe_id) VALUES (10023, '2018-04-20', 7.987733981397058, 1, 10005, 1, 10000, 11);
INSERT INTO realisation(realisation_id, date, distance, activity_id, programme_id, CENTREINTERET_ID, timeframe_id) VALUES (10011, '2018-04-20', 4, 10023, 10005, 10000, 11);

INSERT INTO point (ID, x, y) VALUES (50003, 45.765235820011334, 4.829936770787879);
INSERT INTO users (ID, USERNAME, PASSWORD, FIRSTNAME, LASTNAME, EMAIL, ENABLED, LASTPASSWORDRESETDATE, OBJECTIFHEBDO, Location_id) VALUES (10003, "user3", "$2a$08$UkVvwpULis18S19S5pZFn.YHPZt3oaqHZnDwqbCW9pft6uFtkXKDC", "user3", "user3", "user3@user.com", 1, "2003/01/22", 5, 50003);
INSERT INTO user_authority (USER_ID, AUTHORITY_ID) VALUES (10003, 2);
INSERT INTO programme(programme_id, date_debut, user_id) VALUES (10006, '2018-04-30', 10003);
INSERT INTO activity(activity_id, date, distance, estrealisee, programme_id, sport_id, CENTREINTERET_ID, timeframe_id) VALUES (10024, '2018-05-01', 9.121973440818754, 0, 10006, 1, 10000, 14);
INSERT INTO activity(activity_id, date, distance, estrealisee, programme_id, sport_id, CENTREINTERET_ID, timeframe_id) VALUES (10025, '2018-05-02', 10.716867295709052, 0, 10006, 1, 10000, 20);
INSERT INTO activity(activity_id, date, distance, estrealisee, programme_id, sport_id, CENTREINTERET_ID, timeframe_id) VALUES (10026, '2018-05-03', 7.100154292596684, 0, 10006, 1, 10000, 31);
INSERT INTO activity(activity_id, date, distance, estrealisee, programme_id, sport_id, CENTREINTERET_ID, timeframe_id) VALUES (10027, '2018-05-04', 8.956984042583542, 0, 10006, 1, 10000, 39);
INSERT INTO programme(programme_id, date_debut, user_id) VALUES (10007, '2018-04-23', 10003);
INSERT INTO activity(activity_id, date, distance, estrealisee, programme_id, sport_id, CENTREINTERET_ID, timeframe_id) VALUES (10028, '2018-04-17', 8.030479378606504, 1, 10007, 1, 10000, 13);
INSERT INTO realisation(realisation_id, date, distance, activity_id, programme_id, CENTREINTERET_ID, timeframe_id) VALUES (10012, '2018-04-17', 4, 10028, 10007, 10000, 13);
INSERT INTO activity(activity_id, date, distance, estrealisee, programme_id, sport_id, CENTREINTERET_ID, timeframe_id) VALUES (10029, '2018-04-18', 7.354955353408586, 1, 10007, 1, 10000, 10);
INSERT INTO realisation(realisation_id, date, distance, activity_id, programme_id, CENTREINTERET_ID, timeframe_id) VALUES (10013, '2018-04-18', 4, 10029, 10007, 10000, 10);
INSERT INTO activity(activity_id, date, distance, estrealisee, programme_id, sport_id, CENTREINTERET_ID, timeframe_id) VALUES (10030, '2018-04-19', 9.9886338099212, 1, 10007, 1, 10000, 54);
INSERT INTO realisation(realisation_id, date, distance, activity_id, programme_id, CENTREINTERET_ID, timeframe_id) VALUES (10014, '2018-04-19', 4, 10030, 10007, 10000, 54);
INSERT INTO activity(activity_id, date, distance, estrealisee, programme_id, sport_id, CENTREINTERET_ID, timeframe_id) VALUES (10031, '2018-04-20', 9.752117404777822, 1, 10007, 1, 10000, 29);
INSERT INTO realisation(realisation_id, date, distance, activity_id, programme_id, CENTREINTERET_ID, timeframe_id) VALUES (10015, '2018-04-20', 4, 10031, 10007, 10000, 29);

INSERT INTO point (ID, x, y) VALUES (50004, 45.77296124462262, 4.8364154914338275);
INSERT INTO users (ID, USERNAME, PASSWORD, FIRSTNAME, LASTNAME, EMAIL, ENABLED, LASTPASSWORDRESETDATE, OBJECTIFHEBDO, Location_id) VALUES (10004, "user4", "$2a$08$UkVvwpULis18S19S5pZFn.YHPZt3oaqHZnDwqbCW9pft6uFtkXKDC", "user4", "user4", "user4@user.com", 1, "2003/01/22", 14, 50004);
INSERT INTO user_authority (USER_ID, AUTHORITY_ID) VALUES (10004, 2);
INSERT INTO programme(programme_id, date_debut, user_id) VALUES (10008, '2018-04-30', 10004);
INSERT INTO activity(activity_id, date, distance, estrealisee, programme_id, sport_id, CENTREINTERET_ID, timeframe_id) VALUES (10032, '2018-05-01', 9.373800360623317, 0, 10008, 1, 10000, 14);
INSERT INTO activity(activity_id, date, distance, estrealisee, programme_id, sport_id, CENTREINTERET_ID, timeframe_id) VALUES (10033, '2018-05-02', 7.843673227502826, 0, 10008, 1, 10000, 20);
INSERT INTO activity(activity_id, date, distance, estrealisee, programme_id, sport_id, CENTREINTERET_ID, timeframe_id) VALUES (10034, '2018-05-03', 9.521610708314988, 0, 10008, 1, 10000, 31);
INSERT INTO activity(activity_id, date, distance, estrealisee, programme_id, sport_id, CENTREINTERET_ID, timeframe_id) VALUES (10035, '2018-05-04', 8.079721901012068, 0, 10008, 1, 10000, 39);
INSERT INTO programme(programme_id, date_debut, user_id) VALUES (10009, '2018-04-23', 10004);
INSERT INTO activity(activity_id, date, distance, estrealisee, programme_id, sport_id, CENTREINTERET_ID, timeframe_id) VALUES (10036, '2018-04-17', 10.197061159273716, 1, 10009, 1, 10000, 30);
INSERT INTO realisation(realisation_id, date, distance, activity_id, programme_id, CENTREINTERET_ID, timeframe_id) VALUES (10016, '2018-04-17', 4, 10036, 10009, 10000, 30);
INSERT INTO activity(activity_id, date, distance, estrealisee, programme_id, sport_id, CENTREINTERET_ID, timeframe_id) VALUES (10037, '2018-04-18', 11.210714747491009, 1, 10009, 1, 10000, 35);
INSERT INTO realisation(realisation_id, date, distance, activity_id, programme_id, CENTREINTERET_ID, timeframe_id) VALUES (10017, '2018-04-18', 4, 10037, 10009, 10000, 35);
INSERT INTO activity(activity_id, date, distance, estrealisee, programme_id, sport_id, CENTREINTERET_ID, timeframe_id) VALUES (10038, '2018-04-19', 10.273069783315389, 1, 10009, 1, 10000, 16);
INSERT INTO realisation(realisation_id, date, distance, activity_id, programme_id, CENTREINTERET_ID, timeframe_id) VALUES (10018, '2018-04-19', 4, 10038, 10009, 10000, 16);
INSERT INTO activity(activity_id, date, distance, estrealisee, programme_id, sport_id, CENTREINTERET_ID, timeframe_id) VALUES (10039, '2018-04-20', 7.6780603404640395, 1, 10009, 1, 10000, 29);
INSERT INTO realisation(realisation_id, date, distance, activity_id, programme_id, CENTREINTERET_ID, timeframe_id) VALUES (10019, '2018-04-20', 4, 10039, 10009, 10000, 29);

INSERT INTO point (ID, x, y) VALUES (50005, 45.74432684798118, 4.855964079725131);
INSERT INTO users (ID, USERNAME, PASSWORD, FIRSTNAME, LASTNAME, EMAIL, ENABLED, LASTPASSWORDRESETDATE, OBJECTIFHEBDO, Location_id) VALUES (10005, "user5", "$2a$08$UkVvwpULis18S19S5pZFn.YHPZt3oaqHZnDwqbCW9pft6uFtkXKDC", "user5", "user5", "user5@user.com", 1, "2003/01/22", 18, 50005);
INSERT INTO user_authority (USER_ID, AUTHORITY_ID) VALUES (10005, 2);
INSERT INTO programme(programme_id, date_debut, user_id) VALUES (10010, '2018-04-30', 10005);
INSERT INTO activity(activity_id, date, distance, estrealisee, programme_id, sport_id, CENTREINTERET_ID, timeframe_id) VALUES (10040, '2018-05-01', 9.78355641955065, 0, 10010, 1, 10000, 14);
INSERT INTO activity(activity_id, date, distance, estrealisee, programme_id, sport_id, CENTREINTERET_ID, timeframe_id) VALUES (10041, '2018-05-02', 10.32554955842295, 0, 10010, 1, 10000, 20);
INSERT INTO activity(activity_id, date, distance, estrealisee, programme_id, sport_id, CENTREINTERET_ID, timeframe_id) VALUES (10042, '2018-05-03', 7.573431518945441, 0, 10010, 1, 10000, 31);
INSERT INTO activity(activity_id, date, distance, estrealisee, programme_id, sport_id, CENTREINTERET_ID, timeframe_id) VALUES (10043, '2018-05-04', 9.045199839617446, 0, 10010, 1, 10000, 39);
INSERT INTO programme(programme_id, date_debut, user_id) VALUES (10011, '2018-04-23', 10005);
INSERT INTO activity(activity_id, date, distance, estrealisee, programme_id, sport_id, CENTREINTERET_ID, timeframe_id) VALUES (10044, '2018-04-17', 9.301988019841755, 1, 10011, 1, 10000, 16);
INSERT INTO realisation(realisation_id, date, distance, activity_id, programme_id, CENTREINTERET_ID, timeframe_id) VALUES (10020, '2018-04-17', 4, 10044, 10011, 10000, 16);
INSERT INTO activity(activity_id, date, distance, estrealisee, programme_id, sport_id, CENTREINTERET_ID, timeframe_id) VALUES (10045, '2018-04-18', 11.759530514595001, 1, 10011, 1, 10000, 8);
INSERT INTO realisation(realisation_id, date, distance, activity_id, programme_id, CENTREINTERET_ID, timeframe_id) VALUES (10021, '2018-04-18', 4, 10045, 10011, 10000, 8);
INSERT INTO activity(activity_id, date, distance, estrealisee, programme_id, sport_id, CENTREINTERET_ID, timeframe_id) VALUES (10046, '2018-04-19', 8.773368539856664, 1, 10011, 1, 10000, 7);
INSERT INTO realisation(realisation_id, date, distance, activity_id, programme_id, CENTREINTERET_ID, timeframe_id) VALUES (10022, '2018-04-19', 4, 10046, 10011, 10000, 7);
INSERT INTO activity(activity_id, date, distance, estrealisee, programme_id, sport_id, CENTREINTERET_ID, timeframe_id) VALUES (10047, '2018-04-20', 7.213224121087952, 1, 10011, 1, 10000, 8);
INSERT INTO realisation(realisation_id, date, distance, activity_id, programme_id, CENTREINTERET_ID, timeframe_id) VALUES (10023, '2018-04-20', 4, 10047, 10011, 10000, 8);

INSERT INTO point (ID, x, y) VALUES (50006, 45.794017940277755, 4.842237887099421);
INSERT INTO users (ID, USERNAME, PASSWORD, FIRSTNAME, LASTNAME, EMAIL, ENABLED, LASTPASSWORDRESETDATE, OBJECTIFHEBDO, Location_id) VALUES (10006, "user6", "$2a$08$UkVvwpULis18S19S5pZFn.YHPZt3oaqHZnDwqbCW9pft6uFtkXKDC", "user6", "user6", "user6@user.com", 1, "2003/01/22", 10, 50006);
INSERT INTO user_authority (USER_ID, AUTHORITY_ID) VALUES (10006, 2);
INSERT INTO programme(programme_id, date_debut, user_id) VALUES (10012, '2018-04-30', 10006);
INSERT INTO activity(activity_id, date, distance, estrealisee, programme_id, sport_id, CENTREINTERET_ID, timeframe_id) VALUES (10048, '2018-05-01', 9.249882807402408, 0, 10012, 1, 10000, 14);
INSERT INTO activity(activity_id, date, distance, estrealisee, programme_id, sport_id, CENTREINTERET_ID, timeframe_id) VALUES (10049, '2018-05-02', 9.846842684865107, 0, 10012, 1, 10000, 20);
INSERT INTO activity(activity_id, date, distance, estrealisee, programme_id, sport_id, CENTREINTERET_ID, timeframe_id) VALUES (10050, '2018-05-03', 10.93907357711436, 0, 10012, 1, 10000, 31);
INSERT INTO activity(activity_id, date, distance, estrealisee, programme_id, sport_id, CENTREINTERET_ID, timeframe_id) VALUES (10051, '2018-05-04', 10.348779209240616, 0, 10012, 1, 10000, 39);
INSERT INTO programme(programme_id, date_debut, user_id) VALUES (10013, '2018-04-23', 10006);
INSERT INTO activity(activity_id, date, distance, estrealisee, programme_id, sport_id, CENTREINTERET_ID, timeframe_id) VALUES (10052, '2018-04-17', 8.336703751567569, 1, 10013, 1, 10000, 15);
INSERT INTO realisation(realisation_id, date, distance, activity_id, programme_id, CENTREINTERET_ID, timeframe_id) VALUES (10024, '2018-04-17', 4, 10052, 10013, 10000, 15);
INSERT INTO activity(activity_id, date, distance, estrealisee, programme_id, sport_id, CENTREINTERET_ID, timeframe_id) VALUES (10053, '2018-04-18', 9.149222826398931, 1, 10013, 1, 10000, 9);
INSERT INTO realisation(realisation_id, date, distance, activity_id, programme_id, CENTREINTERET_ID, timeframe_id) VALUES (10025, '2018-04-18', 4, 10053, 10013, 10000, 9);
INSERT INTO activity(activity_id, date, distance, estrealisee, programme_id, sport_id, CENTREINTERET_ID, timeframe_id) VALUES (10054, '2018-04-19', 11.968503875992118, 1, 10013, 1, 10000, 29);
INSERT INTO realisation(realisation_id, date, distance, activity_id, programme_id, CENTREINTERET_ID, timeframe_id) VALUES (10026, '2018-04-19', 4, 10054, 10013, 10000, 29);
INSERT INTO activity(activity_id, date, distance, estrealisee, programme_id, sport_id, CENTREINTERET_ID, timeframe_id) VALUES (10055, '2018-04-20', 8.54333365656765, 1, 10013, 1, 10000, 29);
INSERT INTO realisation(realisation_id, date, distance, activity_id, programme_id, CENTREINTERET_ID, timeframe_id) VALUES (10027, '2018-04-20', 4, 10055, 10013, 10000, 29);

INSERT INTO point (ID, x, y) VALUES (50007, 45.77188683765952, 4.859421016167834);
INSERT INTO users (ID, USERNAME, PASSWORD, FIRSTNAME, LASTNAME, EMAIL, ENABLED, LASTPASSWORDRESETDATE, OBJECTIFHEBDO, Location_id) VALUES (10007, "user7", "$2a$08$UkVvwpULis18S19S5pZFn.YHPZt3oaqHZnDwqbCW9pft6uFtkXKDC", "user7", "user7", "user7@user.com", 1, "2003/01/22", 17, 50007);
INSERT INTO user_authority (USER_ID, AUTHORITY_ID) VALUES (10007, 2);
INSERT INTO programme(programme_id, date_debut, user_id) VALUES (10014, '2018-04-30', 10007);
INSERT INTO activity(activity_id, date, distance, estrealisee, programme_id, sport_id, CENTREINTERET_ID, timeframe_id) VALUES (10056, '2018-05-01', 11.324890981198104, 0, 10014, 1, 10000, 14);
INSERT INTO activity(activity_id, date, distance, estrealisee, programme_id, sport_id, CENTREINTERET_ID, timeframe_id) VALUES (10057, '2018-05-02', 7.89869166621186, 0, 10014, 1, 10000, 20);
INSERT INTO activity(activity_id, date, distance, estrealisee, programme_id, sport_id, CENTREINTERET_ID, timeframe_id) VALUES (10058, '2018-05-03', 7.642392420861092, 0, 10014, 1, 10000, 31);
INSERT INTO activity(activity_id, date, distance, estrealisee, programme_id, sport_id, CENTREINTERET_ID, timeframe_id) VALUES (10059, '2018-05-04', 7.659119853669591, 0, 10014, 1, 10000, 39);
INSERT INTO programme(programme_id, date_debut, user_id) VALUES (10015, '2018-04-23', 10007);
INSERT INTO activity(activity_id, date, distance, estrealisee, programme_id, sport_id, CENTREINTERET_ID, timeframe_id) VALUES (10060, '2018-04-17', 11.815095199005402, 1, 10015, 1, 10000, 54);
INSERT INTO realisation(realisation_id, date, distance, activity_id, programme_id, CENTREINTERET_ID, timeframe_id) VALUES (10028, '2018-04-17', 4, 10060, 10015, 10000, 54);
INSERT INTO activity(activity_id, date, distance, estrealisee, programme_id, sport_id, CENTREINTERET_ID, timeframe_id) VALUES (10061, '2018-04-18', 9.675476915810975, 1, 10015, 1, 10000, 14);
INSERT INTO realisation(realisation_id, date, distance, activity_id, programme_id, CENTREINTERET_ID, timeframe_id) VALUES (10029, '2018-04-18', 4, 10061, 10015, 10000, 14);
INSERT INTO activity(activity_id, date, distance, estrealisee, programme_id, sport_id, CENTREINTERET_ID, timeframe_id) VALUES (10062, '2018-04-19', 8.218819292896393, 1, 10015, 1, 10000, 48);
INSERT INTO realisation(realisation_id, date, distance, activity_id, programme_id, CENTREINTERET_ID, timeframe_id) VALUES (10030, '2018-04-19', 4, 10062, 10015, 10000, 48);
INSERT INTO activity(activity_id, date, distance, estrealisee, programme_id, sport_id, CENTREINTERET_ID, timeframe_id) VALUES (10063, '2018-04-20', 11.48104902085251, 1, 10015, 1, 10000, 26);
INSERT INTO realisation(realisation_id, date, distance, activity_id, programme_id, CENTREINTERET_ID, timeframe_id) VALUES (10031, '2018-04-20', 4, 10063, 10015, 10000, 26);

INSERT INTO point (ID, x, y) VALUES (50008, 45.71887460876567, 4.833080695390317);
INSERT INTO users (ID, USERNAME, PASSWORD, FIRSTNAME, LASTNAME, EMAIL, ENABLED, LASTPASSWORDRESETDATE, OBJECTIFHEBDO, Location_id) VALUES (10008, "user8", "$2a$08$UkVvwpULis18S19S5pZFn.YHPZt3oaqHZnDwqbCW9pft6uFtkXKDC", "user8", "user8", "user8@user.com", 1, "2003/01/22", 16, 50008);
INSERT INTO user_authority (USER_ID, AUTHORITY_ID) VALUES (10008, 2);
INSERT INTO programme(programme_id, date_debut, user_id) VALUES (10016, '2018-04-30', 10008);
INSERT INTO activity(activity_id, date, distance, estrealisee, programme_id, sport_id, CENTREINTERET_ID, timeframe_id) VALUES (10064, '2018-05-01', 11.62405368037252, 0, 10016, 1, 10000, 14);
INSERT INTO activity(activity_id, date, distance, estrealisee, programme_id, sport_id, CENTREINTERET_ID, timeframe_id) VALUES (10065, '2018-05-02', 11.865897780202253, 0, 10016, 1, 10000, 20);
INSERT INTO activity(activity_id, date, distance, estrealisee, programme_id, sport_id, CENTREINTERET_ID, timeframe_id) VALUES (10066, '2018-05-03', 9.002902378570168, 0, 10016, 1, 10000, 31);
INSERT INTO activity(activity_id, date, distance, estrealisee, programme_id, sport_id, CENTREINTERET_ID, timeframe_id) VALUES (10067, '2018-05-04', 8.452600686307244, 0, 10016, 1, 10000, 39);
INSERT INTO programme(programme_id, date_debut, user_id) VALUES (10017, '2018-04-23', 10008);
INSERT INTO activity(activity_id, date, distance, estrealisee, programme_id, sport_id, CENTREINTERET_ID, timeframe_id) VALUES (10068, '2018-04-17', 9.936691234216354, 1, 10017, 1, 10000, 6);
INSERT INTO realisation(realisation_id, date, distance, activity_id, programme_id, CENTREINTERET_ID, timeframe_id) VALUES (10032, '2018-04-17', 4, 10068, 10017, 10000, 6);
INSERT INTO activity(activity_id, date, distance, estrealisee, programme_id, sport_id, CENTREINTERET_ID, timeframe_id) VALUES (10069, '2018-04-18', 9.3405051079655, 1, 10017, 1, 10000, 25);
INSERT INTO realisation(realisation_id, date, distance, activity_id, programme_id, CENTREINTERET_ID, timeframe_id) VALUES (10033, '2018-04-18', 4, 10069, 10017, 10000, 25);
INSERT INTO activity(activity_id, date, distance, estrealisee, programme_id, sport_id, CENTREINTERET_ID, timeframe_id) VALUES (10070, '2018-04-19', 8.858127484103576, 1, 10017, 1, 10000, 8);
INSERT INTO realisation(realisation_id, date, distance, activity_id, programme_id, CENTREINTERET_ID, timeframe_id) VALUES (10034, '2018-04-19', 4, 10070, 10017, 10000, 8);
INSERT INTO activity(activity_id, date, distance, estrealisee, programme_id, sport_id, CENTREINTERET_ID, timeframe_id) VALUES (10071, '2018-04-20', 8.857837789471752, 1, 10017, 1, 10000, 42);
INSERT INTO realisation(realisation_id, date, distance, activity_id, programme_id, CENTREINTERET_ID, timeframe_id) VALUES (10035, '2018-04-20', 4, 10071, 10017, 10000, 42);

INSERT INTO point (ID, x, y) VALUES (50009, 45.76701707129129, 4.830263687398008);
INSERT INTO users (ID, USERNAME, PASSWORD, FIRSTNAME, LASTNAME, EMAIL, ENABLED, LASTPASSWORDRESETDATE, OBJECTIFHEBDO, Location_id) VALUES (10009, "user9", "$2a$08$UkVvwpULis18S19S5pZFn.YHPZt3oaqHZnDwqbCW9pft6uFtkXKDC", "user9", "user9", "user9@user.com", 1, "2003/01/22", 17, 50009);
INSERT INTO user_authority (USER_ID, AUTHORITY_ID) VALUES (10009, 2);
INSERT INTO programme(programme_id, date_debut, user_id) VALUES (10018, '2018-04-30', 10009);
INSERT INTO activity(activity_id, date, distance, estrealisee, programme_id, sport_id, CENTREINTERET_ID, timeframe_id) VALUES (10072, '2018-05-01', 10.860532235655374, 0, 10018, 1, 10000, 14);
INSERT INTO activity(activity_id, date, distance, estrealisee, programme_id, sport_id, CENTREINTERET_ID, timeframe_id) VALUES (10073, '2018-05-02', 8.365922848478144, 0, 10018, 1, 10000, 20);
INSERT INTO activity(activity_id, date, distance, estrealisee, programme_id, sport_id, CENTREINTERET_ID, timeframe_id) VALUES (10074, '2018-05-03', 7.164478510908034, 0, 10018, 1, 10000, 31);
INSERT INTO activity(activity_id, date, distance, estrealisee, programme_id, sport_id, CENTREINTERET_ID, timeframe_id) VALUES (10075, '2018-05-04', 11.512906198192159, 0, 10018, 1, 10000, 39);
INSERT INTO programme(programme_id, date_debut, user_id) VALUES (10019, '2018-04-23', 10009);
INSERT INTO activity(activity_id, date, distance, estrealisee, programme_id, sport_id, CENTREINTERET_ID, timeframe_id) VALUES (10076, '2018-04-17', 8.498116157371669, 1, 10019, 1, 10000, 31);
INSERT INTO realisation(realisation_id, date, distance, activity_id, programme_id, CENTREINTERET_ID, timeframe_id) VALUES (10036, '2018-04-17', 4, 10076, 10019, 10000, 31);
INSERT INTO activity(activity_id, date, distance, estrealisee, programme_id, sport_id, CENTREINTERET_ID, timeframe_id) VALUES (10077, '2018-04-18', 11.681694756053528, 1, 10019, 1, 10000, 42);
INSERT INTO realisation(realisation_id, date, distance, activity_id, programme_id, CENTREINTERET_ID, timeframe_id) VALUES (10037, '2018-04-18', 4, 10077, 10019, 10000, 42);
INSERT INTO activity(activity_id, date, distance, estrealisee, programme_id, sport_id, CENTREINTERET_ID, timeframe_id) VALUES (10078, '2018-04-19', 11.78042471253082, 1, 10019, 1, 10000, 55);
INSERT INTO realisation(realisation_id, date, distance, activity_id, programme_id, CENTREINTERET_ID, timeframe_id) VALUES (10038, '2018-04-19', 4, 10078, 10019, 10000, 55);
INSERT INTO activity(activity_id, date, distance, estrealisee, programme_id, sport_id, CENTREINTERET_ID, timeframe_id) VALUES (10079, '2018-04-20', 9.192067730938552, 1, 10019, 1, 10000, 11);
INSERT INTO realisation(realisation_id, date, distance, activity_id, programme_id, CENTREINTERET_ID, timeframe_id) VALUES (10039, '2018-04-20', 4, 10079, 10019, 10000, 11);

INSERT INTO point (ID, x, y) VALUES (50010, 45.715509298629875, 4.870410826692487);
INSERT INTO users (ID, USERNAME, PASSWORD, FIRSTNAME, LASTNAME, EMAIL, ENABLED, LASTPASSWORDRESETDATE, OBJECTIFHEBDO, Location_id) VALUES (10010, "user10", "$2a$08$UkVvwpULis18S19S5pZFn.YHPZt3oaqHZnDwqbCW9pft6uFtkXKDC", "user10", "user10", "user10@user.com", 1, "2003/01/22", 16, 50010);
INSERT INTO user_authority (USER_ID, AUTHORITY_ID) VALUES (10010, 2);
INSERT INTO programme(programme_id, date_debut, user_id) VALUES (10020, '2018-04-30', 10010);
INSERT INTO activity(activity_id, date, distance, estrealisee, programme_id, sport_id, CENTREINTERET_ID, timeframe_id) VALUES (10080, '2018-05-01', 9.647519043943138, 0, 10020, 1, 10000, 14);
INSERT INTO activity(activity_id, date, distance, estrealisee, programme_id, sport_id, CENTREINTERET_ID, timeframe_id) VALUES (10081, '2018-05-02', 9.382045579088047, 0, 10020, 1, 10000, 20);
INSERT INTO activity(activity_id, date, distance, estrealisee, programme_id, sport_id, CENTREINTERET_ID, timeframe_id) VALUES (10082, '2018-05-03', 10.500519728777764, 0, 10020, 1, 10000, 31);
INSERT INTO activity(activity_id, date, distance, estrealisee, programme_id, sport_id, CENTREINTERET_ID, timeframe_id) VALUES (10083, '2018-05-04', 8.672011116596108, 0, 10020, 1, 10000, 39);
INSERT INTO programme(programme_id, date_debut, user_id) VALUES (10021, '2018-04-23', 10010);
INSERT INTO activity(activity_id, date, distance, estrealisee, programme_id, sport_id, CENTREINTERET_ID, timeframe_id) VALUES (10084, '2018-04-17', 8.443332199415554, 1, 10021, 1, 10000, 39);
INSERT INTO realisation(realisation_id, date, distance, activity_id, programme_id, CENTREINTERET_ID, timeframe_id) VALUES (10040, '2018-04-17', 4, 10084, 10021, 10000, 39);
INSERT INTO activity(activity_id, date, distance, estrealisee, programme_id, sport_id, CENTREINTERET_ID, timeframe_id) VALUES (10085, '2018-04-18', 9.684371854486217, 1, 10021, 1, 10000, 43);
INSERT INTO realisation(realisation_id, date, distance, activity_id, programme_id, CENTREINTERET_ID, timeframe_id) VALUES (10041, '2018-04-18', 4, 10085, 10021, 10000, 43);
INSERT INTO activity(activity_id, date, distance, estrealisee, programme_id, sport_id, CENTREINTERET_ID, timeframe_id) VALUES (10086, '2018-04-19', 8.997721158981353, 1, 10021, 1, 10000, 3);
INSERT INTO realisation(realisation_id, date, distance, activity_id, programme_id, CENTREINTERET_ID, timeframe_id) VALUES (10042, '2018-04-19', 4, 10086, 10021, 10000, 3);
INSERT INTO activity(activity_id, date, distance, estrealisee, programme_id, sport_id, CENTREINTERET_ID, timeframe_id) VALUES (10087, '2018-04-20', 8.393765443213987, 1, 10021, 1, 10000, 31);
INSERT INTO realisation(realisation_id, date, distance, activity_id, programme_id, CENTREINTERET_ID, timeframe_id) VALUES (10043, '2018-04-20', 4, 10087, 10021, 10000, 31);

INSERT INTO point (ID, x, y) VALUES (50011, 45.74966880257757, 4.863337471343684);
INSERT INTO users (ID, USERNAME, PASSWORD, FIRSTNAME, LASTNAME, EMAIL, ENABLED, LASTPASSWORDRESETDATE, OBJECTIFHEBDO, Location_id) VALUES (10011, "user11", "$2a$08$UkVvwpULis18S19S5pZFn.YHPZt3oaqHZnDwqbCW9pft6uFtkXKDC", "user11", "user11", "user11@user.com", 1, "2003/01/22", 13, 50011);
INSERT INTO user_authority (USER_ID, AUTHORITY_ID) VALUES (10011, 2);
INSERT INTO programme(programme_id, date_debut, user_id) VALUES (10022, '2018-04-30', 10011);
INSERT INTO activity(activity_id, date, distance, estrealisee, programme_id, sport_id, CENTREINTERET_ID, timeframe_id) VALUES (10088, '2018-05-01', 11.596048913161246, 0, 10022, 1, 10000, 14);
INSERT INTO activity(activity_id, date, distance, estrealisee, programme_id, sport_id, CENTREINTERET_ID, timeframe_id) VALUES (10089, '2018-05-02', 8.093717342054463, 0, 10022, 1, 10000, 20);
INSERT INTO activity(activity_id, date, distance, estrealisee, programme_id, sport_id, CENTREINTERET_ID, timeframe_id) VALUES (10090, '2018-05-03', 10.397041086803654, 0, 10022, 1, 10000, 31);
INSERT INTO activity(activity_id, date, distance, estrealisee, programme_id, sport_id, CENTREINTERET_ID, timeframe_id) VALUES (10091, '2018-05-04', 11.376382329308948, 0, 10022, 1, 10000, 39);
INSERT INTO programme(programme_id, date_debut, user_id) VALUES (10023, '2018-04-23', 10011);
INSERT INTO activity(activity_id, date, distance, estrealisee, programme_id, sport_id, CENTREINTERET_ID, timeframe_id) VALUES (10092, '2018-04-17', 8.268420396929034, 1, 10023, 1, 10000, 48);
INSERT INTO realisation(realisation_id, date, distance, activity_id, programme_id, CENTREINTERET_ID, timeframe_id) VALUES (10044, '2018-04-17', 4, 10092, 10023, 10000, 48);
INSERT INTO activity(activity_id, date, distance, estrealisee, programme_id, sport_id, CENTREINTERET_ID, timeframe_id) VALUES (10093, '2018-04-18', 10.579212397154988, 1, 10023, 1, 10000, 0);
INSERT INTO realisation(realisation_id, date, distance, activity_id, programme_id, CENTREINTERET_ID, timeframe_id) VALUES (10045, '2018-04-18', 4, 10093, 10023, 10000, 0);
INSERT INTO activity(activity_id, date, distance, estrealisee, programme_id, sport_id, CENTREINTERET_ID, timeframe_id) VALUES (10094, '2018-04-19', 11.815385556136707, 1, 10023, 1, 10000, 13);
INSERT INTO realisation(realisation_id, date, distance, activity_id, programme_id, CENTREINTERET_ID, timeframe_id) VALUES (10046, '2018-04-19', 4, 10094, 10023, 10000, 13);
INSERT INTO activity(activity_id, date, distance, estrealisee, programme_id, sport_id, CENTREINTERET_ID, timeframe_id) VALUES (10095, '2018-04-20', 9.026356034548545, 1, 10023, 1, 10000, 18);
INSERT INTO realisation(realisation_id, date, distance, activity_id, programme_id, CENTREINTERET_ID, timeframe_id) VALUES (10047, '2018-04-20', 4, 10095, 10023, 10000, 18);

INSERT INTO point (ID, x, y) VALUES (50012, 45.76855605411514, 4.890677771481649);
INSERT INTO users (ID, USERNAME, PASSWORD, FIRSTNAME, LASTNAME, EMAIL, ENABLED, LASTPASSWORDRESETDATE, OBJECTIFHEBDO, Location_id) VALUES (10012, "user12", "$2a$08$UkVvwpULis18S19S5pZFn.YHPZt3oaqHZnDwqbCW9pft6uFtkXKDC", "user12", "user12", "user12@user.com", 1, "2003/01/22", 6, 50012);
INSERT INTO user_authority (USER_ID, AUTHORITY_ID) VALUES (10012, 2);
INSERT INTO programme(programme_id, date_debut, user_id) VALUES (10024, '2018-04-30', 10012);
INSERT INTO activity(activity_id, date, distance, estrealisee, programme_id, sport_id, CENTREINTERET_ID, timeframe_id) VALUES (10096, '2018-05-01', 8.753660990493168, 0, 10024, 1, 10000, 14);
INSERT INTO activity(activity_id, date, distance, estrealisee, programme_id, sport_id, CENTREINTERET_ID, timeframe_id) VALUES (10097, '2018-05-02', 11.937372744442818, 0, 10024, 1, 10000, 20);
INSERT INTO activity(activity_id, date, distance, estrealisee, programme_id, sport_id, CENTREINTERET_ID, timeframe_id) VALUES (10098, '2018-05-03', 7.158486345564071, 0, 10024, 1, 10000, 31);
INSERT INTO activity(activity_id, date, distance, estrealisee, programme_id, sport_id, CENTREINTERET_ID, timeframe_id) VALUES (10099, '2018-05-04', 8.142169352593676, 0, 10024, 1, 10000, 39);
INSERT INTO programme(programme_id, date_debut, user_id) VALUES (10025, '2018-04-23', 10012);
INSERT INTO activity(activity_id, date, distance, estrealisee, programme_id, sport_id, CENTREINTERET_ID, timeframe_id) VALUES (10100, '2018-04-17', 9.839088507530166, 1, 10025, 1, 10000, 32);
INSERT INTO realisation(realisation_id, date, distance, activity_id, programme_id, CENTREINTERET_ID, timeframe_id) VALUES (10048, '2018-04-17', 4, 10100, 10025, 10000, 32);
INSERT INTO activity(activity_id, date, distance, estrealisee, programme_id, sport_id, CENTREINTERET_ID, timeframe_id) VALUES (10101, '2018-04-18', 9.345031736689567, 1, 10025, 1, 10000, 53);
INSERT INTO realisation(realisation_id, date, distance, activity_id, programme_id, CENTREINTERET_ID, timeframe_id) VALUES (10049, '2018-04-18', 4, 10101, 10025, 10000, 53);
INSERT INTO activity(activity_id, date, distance, estrealisee, programme_id, sport_id, CENTREINTERET_ID, timeframe_id) VALUES (10102, '2018-04-19', 10.016183277853797, 1, 10025, 1, 10000, 3);
INSERT INTO realisation(realisation_id, date, distance, activity_id, programme_id, CENTREINTERET_ID, timeframe_id) VALUES (10050, '2018-04-19', 4, 10102, 10025, 10000, 3);
INSERT INTO activity(activity_id, date, distance, estrealisee, programme_id, sport_id, CENTREINTERET_ID, timeframe_id) VALUES (10103, '2018-04-20', 9.805984529937824, 1, 10025, 1, 10000, 1);
INSERT INTO realisation(realisation_id, date, distance, activity_id, programme_id, CENTREINTERET_ID, timeframe_id) VALUES (10051, '2018-04-20', 4, 10103, 10025, 10000, 1);

INSERT INTO point (ID, x, y) VALUES (50013, 45.72559132298791, 4.827195186364471);
INSERT INTO users (ID, USERNAME, PASSWORD, FIRSTNAME, LASTNAME, EMAIL, ENABLED, LASTPASSWORDRESETDATE, OBJECTIFHEBDO, Location_id) VALUES (10013, "user13", "$2a$08$UkVvwpULis18S19S5pZFn.YHPZt3oaqHZnDwqbCW9pft6uFtkXKDC", "user13", "user13", "user13@user.com", 1, "2003/01/22", 6, 50013);
INSERT INTO user_authority (USER_ID, AUTHORITY_ID) VALUES (10013, 2);
INSERT INTO programme(programme_id, date_debut, user_id) VALUES (10026, '2018-04-30', 10013);
INSERT INTO activity(activity_id, date, distance, estrealisee, programme_id, sport_id, CENTREINTERET_ID, timeframe_id) VALUES (10104, '2018-05-01', 10.537183780603474, 0, 10026, 1, 10000, 14);
INSERT INTO activity(activity_id, date, distance, estrealisee, programme_id, sport_id, CENTREINTERET_ID, timeframe_id) VALUES (10105, '2018-05-02', 11.082278482984792, 0, 10026, 1, 10000, 20);
INSERT INTO activity(activity_id, date, distance, estrealisee, programme_id, sport_id, CENTREINTERET_ID, timeframe_id) VALUES (10106, '2018-05-03', 8.105204671407929, 0, 10026, 1, 10000, 31);
INSERT INTO activity(activity_id, date, distance, estrealisee, programme_id, sport_id, CENTREINTERET_ID, timeframe_id) VALUES (10107, '2018-05-04', 8.013166606133328, 0, 10026, 1, 10000, 39);
INSERT INTO programme(programme_id, date_debut, user_id) VALUES (10027, '2018-04-23', 10013);
INSERT INTO activity(activity_id, date, distance, estrealisee, programme_id, sport_id, CENTREINTERET_ID, timeframe_id) VALUES (10108, '2018-04-17', 10.007635374336388, 1, 10027, 1, 10000, 50);
INSERT INTO realisation(realisation_id, date, distance, activity_id, programme_id, CENTREINTERET_ID, timeframe_id) VALUES (10052, '2018-04-17', 4, 10108, 10027, 10000, 50);
INSERT INTO activity(activity_id, date, distance, estrealisee, programme_id, sport_id, CENTREINTERET_ID, timeframe_id) VALUES (10109, '2018-04-18', 11.595811731109784, 1, 10027, 1, 10000, 12);
INSERT INTO realisation(realisation_id, date, distance, activity_id, programme_id, CENTREINTERET_ID, timeframe_id) VALUES (10053, '2018-04-18', 4, 10109, 10027, 10000, 12);
INSERT INTO activity(activity_id, date, distance, estrealisee, programme_id, sport_id, CENTREINTERET_ID, timeframe_id) VALUES (10110, '2018-04-19', 7.611032128668042, 1, 10027, 1, 10000, 49);
INSERT INTO realisation(realisation_id, date, distance, activity_id, programme_id, CENTREINTERET_ID, timeframe_id) VALUES (10054, '2018-04-19', 4, 10110, 10027, 10000, 49);
INSERT INTO activity(activity_id, date, distance, estrealisee, programme_id, sport_id, CENTREINTERET_ID, timeframe_id) VALUES (10111, '2018-04-20', 9.643793363301004, 1, 10027, 1, 10000, 49);
INSERT INTO realisation(realisation_id, date, distance, activity_id, programme_id, CENTREINTERET_ID, timeframe_id) VALUES (10055, '2018-04-20', 4, 10111, 10027, 10000, 49);

INSERT INTO point (ID, x, y) VALUES (50014, 45.75364893414496, 4.883971353507402);
INSERT INTO users (ID, USERNAME, PASSWORD, FIRSTNAME, LASTNAME, EMAIL, ENABLED, LASTPASSWORDRESETDATE, OBJECTIFHEBDO, Location_id) VALUES (10014, "user14", "$2a$08$UkVvwpULis18S19S5pZFn.YHPZt3oaqHZnDwqbCW9pft6uFtkXKDC", "user14", "user14", "user14@user.com", 1, "2003/01/22", 7, 50014);
INSERT INTO user_authority (USER_ID, AUTHORITY_ID) VALUES (10014, 2);
INSERT INTO programme(programme_id, date_debut, user_id) VALUES (10028, '2018-04-30', 10014);
INSERT INTO activity(activity_id, date, distance, estrealisee, programme_id, sport_id, CENTREINTERET_ID, timeframe_id) VALUES (10112, '2018-05-01', 11.148635602158862, 0, 10028, 1, 10000, 14);
INSERT INTO activity(activity_id, date, distance, estrealisee, programme_id, sport_id, CENTREINTERET_ID, timeframe_id) VALUES (10113, '2018-05-02', 10.100601166636732, 0, 10028, 1, 10000, 20);
INSERT INTO activity(activity_id, date, distance, estrealisee, programme_id, sport_id, CENTREINTERET_ID, timeframe_id) VALUES (10114, '2018-05-03', 8.211342025981521, 0, 10028, 1, 10000, 31);
INSERT INTO activity(activity_id, date, distance, estrealisee, programme_id, sport_id, CENTREINTERET_ID, timeframe_id) VALUES (10115, '2018-05-04', 11.345253779242999, 0, 10028, 1, 10000, 39);
INSERT INTO programme(programme_id, date_debut, user_id) VALUES (10029, '2018-04-23', 10014);
INSERT INTO activity(activity_id, date, distance, estrealisee, programme_id, sport_id, CENTREINTERET_ID, timeframe_id) VALUES (10116, '2018-04-17', 8.687261968291933, 1, 10029, 1, 10000, 18);
INSERT INTO realisation(realisation_id, date, distance, activity_id, programme_id, CENTREINTERET_ID, timeframe_id) VALUES (10056, '2018-04-17', 4, 10116, 10029, 10000, 18);
INSERT INTO activity(activity_id, date, distance, estrealisee, programme_id, sport_id, CENTREINTERET_ID, timeframe_id) VALUES (10117, '2018-04-18', 7.090380328495342, 1, 10029, 1, 10000, 45);
INSERT INTO realisation(realisation_id, date, distance, activity_id, programme_id, CENTREINTERET_ID, timeframe_id) VALUES (10057, '2018-04-18', 4, 10117, 10029, 10000, 45);
INSERT INTO activity(activity_id, date, distance, estrealisee, programme_id, sport_id, CENTREINTERET_ID, timeframe_id) VALUES (10118, '2018-04-19', 7.493838816313721, 1, 10029, 1, 10000, 41);
INSERT INTO realisation(realisation_id, date, distance, activity_id, programme_id, CENTREINTERET_ID, timeframe_id) VALUES (10058, '2018-04-19', 4, 10118, 10029, 10000, 41);
INSERT INTO activity(activity_id, date, distance, estrealisee, programme_id, sport_id, CENTREINTERET_ID, timeframe_id) VALUES (10119, '2018-04-20', 10.129655130254594, 1, 10029, 1, 10000, 42);
INSERT INTO realisation(realisation_id, date, distance, activity_id, programme_id, CENTREINTERET_ID, timeframe_id) VALUES (10059, '2018-04-20', 4, 10119, 10029, 10000, 42);

INSERT INTO point (ID, x, y) VALUES (50015, 45.77721079368617, 4.84678801241008);
INSERT INTO users (ID, USERNAME, PASSWORD, FIRSTNAME, LASTNAME, EMAIL, ENABLED, LASTPASSWORDRESETDATE, OBJECTIFHEBDO, Location_id) VALUES (10015, "user15", "$2a$08$UkVvwpULis18S19S5pZFn.YHPZt3oaqHZnDwqbCW9pft6uFtkXKDC", "user15", "user15", "user15@user.com", 1, "2003/01/22", 7, 50015);
INSERT INTO user_authority (USER_ID, AUTHORITY_ID) VALUES (10015, 2);
INSERT INTO programme(programme_id, date_debut, user_id) VALUES (10030, '2018-04-30', 10015);
INSERT INTO activity(activity_id, date, distance, estrealisee, programme_id, sport_id, CENTREINTERET_ID, timeframe_id) VALUES (10120, '2018-05-01', 11.67962308520752, 0, 10030, 1, 10000, 14);
INSERT INTO activity(activity_id, date, distance, estrealisee, programme_id, sport_id, CENTREINTERET_ID, timeframe_id) VALUES (10121, '2018-05-02', 8.357099096298956, 0, 10030, 1, 10000, 20);
INSERT INTO activity(activity_id, date, distance, estrealisee, programme_id, sport_id, CENTREINTERET_ID, timeframe_id) VALUES (10122, '2018-05-03', 10.47428030626462, 0, 10030, 1, 10000, 31);
INSERT INTO activity(activity_id, date, distance, estrealisee, programme_id, sport_id, CENTREINTERET_ID, timeframe_id) VALUES (10123, '2018-05-04', 7.13054873613069, 0, 10030, 1, 10000, 39);
INSERT INTO programme(programme_id, date_debut, user_id) VALUES (10031, '2018-04-23', 10015);
INSERT INTO activity(activity_id, date, distance, estrealisee, programme_id, sport_id, CENTREINTERET_ID, timeframe_id) VALUES (10124, '2018-04-17', 8.759945148573808, 1, 10031, 1, 10000, 18);
INSERT INTO realisation(realisation_id, date, distance, activity_id, programme_id, CENTREINTERET_ID, timeframe_id) VALUES (10060, '2018-04-17', 4, 10124, 10031, 10000, 18);
INSERT INTO activity(activity_id, date, distance, estrealisee, programme_id, sport_id, CENTREINTERET_ID, timeframe_id) VALUES (10125, '2018-04-18', 10.202028689452145, 1, 10031, 1, 10000, 43);
INSERT INTO realisation(realisation_id, date, distance, activity_id, programme_id, CENTREINTERET_ID, timeframe_id) VALUES (10061, '2018-04-18', 4, 10125, 10031, 10000, 43);
INSERT INTO activity(activity_id, date, distance, estrealisee, programme_id, sport_id, CENTREINTERET_ID, timeframe_id) VALUES (10126, '2018-04-19', 8.026067719883413, 1, 10031, 1, 10000, 23);
INSERT INTO realisation(realisation_id, date, distance, activity_id, programme_id, CENTREINTERET_ID, timeframe_id) VALUES (10062, '2018-04-19', 4, 10126, 10031, 10000, 23);
INSERT INTO activity(activity_id, date, distance, estrealisee, programme_id, sport_id, CENTREINTERET_ID, timeframe_id) VALUES (10127, '2018-04-20', 9.112790135674565, 1, 10031, 1, 10000, 44);
INSERT INTO realisation(realisation_id, date, distance, activity_id, programme_id, CENTREINTERET_ID, timeframe_id) VALUES (10063, '2018-04-20', 4, 10127, 10031, 10000, 44);

INSERT INTO point (ID, x, y) VALUES (50016, 45.77776320607859, 4.876797722047526);
INSERT INTO users (ID, USERNAME, PASSWORD, FIRSTNAME, LASTNAME, EMAIL, ENABLED, LASTPASSWORDRESETDATE, OBJECTIFHEBDO, Location_id) VALUES (10016, "user16", "$2a$08$UkVvwpULis18S19S5pZFn.YHPZt3oaqHZnDwqbCW9pft6uFtkXKDC", "user16", "user16", "user16@user.com", 1, "2003/01/22", 13, 50016);
INSERT INTO user_authority (USER_ID, AUTHORITY_ID) VALUES (10016, 2);
INSERT INTO programme(programme_id, date_debut, user_id) VALUES (10032, '2018-04-30', 10016);
INSERT INTO activity(activity_id, date, distance, estrealisee, programme_id, sport_id, CENTREINTERET_ID, timeframe_id) VALUES (10128, '2018-05-01', 9.55402236887018, 0, 10032, 1, 10000, 14);
INSERT INTO activity(activity_id, date, distance, estrealisee, programme_id, sport_id, CENTREINTERET_ID, timeframe_id) VALUES (10129, '2018-05-02', 7.41993461559117, 0, 10032, 1, 10000, 20);
INSERT INTO activity(activity_id, date, distance, estrealisee, programme_id, sport_id, CENTREINTERET_ID, timeframe_id) VALUES (10130, '2018-05-03', 7.117262757907168, 0, 10032, 1, 10000, 31);
INSERT INTO activity(activity_id, date, distance, estrealisee, programme_id, sport_id, CENTREINTERET_ID, timeframe_id) VALUES (10131, '2018-05-04', 8.988428918638359, 0, 10032, 1, 10000, 39);
INSERT INTO programme(programme_id, date_debut, user_id) VALUES (10033, '2018-04-23', 10016);
INSERT INTO activity(activity_id, date, distance, estrealisee, programme_id, sport_id, CENTREINTERET_ID, timeframe_id) VALUES (10132, '2018-04-17', 11.216129768548733, 1, 10033, 1, 10000, 21);
INSERT INTO realisation(realisation_id, date, distance, activity_id, programme_id, CENTREINTERET_ID, timeframe_id) VALUES (10064, '2018-04-17', 4, 10132, 10033, 10000, 21);
INSERT INTO activity(activity_id, date, distance, estrealisee, programme_id, sport_id, CENTREINTERET_ID, timeframe_id) VALUES (10133, '2018-04-18', 9.14130571113446, 1, 10033, 1, 10000, 45);
INSERT INTO realisation(realisation_id, date, distance, activity_id, programme_id, CENTREINTERET_ID, timeframe_id) VALUES (10065, '2018-04-18', 4, 10133, 10033, 10000, 45);
INSERT INTO activity(activity_id, date, distance, estrealisee, programme_id, sport_id, CENTREINTERET_ID, timeframe_id) VALUES (10134, '2018-04-19', 10.971932058760999, 1, 10033, 1, 10000, 11);
INSERT INTO realisation(realisation_id, date, distance, activity_id, programme_id, CENTREINTERET_ID, timeframe_id) VALUES (10066, '2018-04-19', 4, 10134, 10033, 10000, 11);
INSERT INTO activity(activity_id, date, distance, estrealisee, programme_id, sport_id, CENTREINTERET_ID, timeframe_id) VALUES (10135, '2018-04-20', 9.436870126517098, 1, 10033, 1, 10000, 51);
INSERT INTO realisation(realisation_id, date, distance, activity_id, programme_id, CENTREINTERET_ID, timeframe_id) VALUES (10067, '2018-04-20', 4, 10135, 10033, 10000, 51);

INSERT INTO point (ID, x, y) VALUES (50017, 45.71785560200042, 4.8927191018512675);
INSERT INTO users (ID, USERNAME, PASSWORD, FIRSTNAME, LASTNAME, EMAIL, ENABLED, LASTPASSWORDRESETDATE, OBJECTIFHEBDO, Location_id) VALUES (10017, "user17", "$2a$08$UkVvwpULis18S19S5pZFn.YHPZt3oaqHZnDwqbCW9pft6uFtkXKDC", "user17", "user17", "user17@user.com", 1, "2003/01/22", 19, 50017);
INSERT INTO user_authority (USER_ID, AUTHORITY_ID) VALUES (10017, 2);
INSERT INTO programme(programme_id, date_debut, user_id) VALUES (10034, '2018-04-30', 10017);
INSERT INTO activity(activity_id, date, distance, estrealisee, programme_id, sport_id, CENTREINTERET_ID, timeframe_id) VALUES (10136, '2018-05-01', 11.53681769207141, 0, 10034, 1, 10000, 14);
INSERT INTO activity(activity_id, date, distance, estrealisee, programme_id, sport_id, CENTREINTERET_ID, timeframe_id) VALUES (10137, '2018-05-02', 7.347140722811523, 0, 10034, 1, 10000, 20);
INSERT INTO activity(activity_id, date, distance, estrealisee, programme_id, sport_id, CENTREINTERET_ID, timeframe_id) VALUES (10138, '2018-05-03', 11.325026608297113, 0, 10034, 1, 10000, 31);
INSERT INTO activity(activity_id, date, distance, estrealisee, programme_id, sport_id, CENTREINTERET_ID, timeframe_id) VALUES (10139, '2018-05-04', 11.133418539031089, 0, 10034, 1, 10000, 39);
INSERT INTO programme(programme_id, date_debut, user_id) VALUES (10035, '2018-04-23', 10017);
INSERT INTO activity(activity_id, date, distance, estrealisee, programme_id, sport_id, CENTREINTERET_ID, timeframe_id) VALUES (10140, '2018-04-17', 10.029585920868575, 1, 10035, 1, 10000, 52);
INSERT INTO realisation(realisation_id, date, distance, activity_id, programme_id, CENTREINTERET_ID, timeframe_id) VALUES (10068, '2018-04-17', 4, 10140, 10035, 10000, 52);
INSERT INTO activity(activity_id, date, distance, estrealisee, programme_id, sport_id, CENTREINTERET_ID, timeframe_id) VALUES (10141, '2018-04-18', 8.862420425201982, 1, 10035, 1, 10000, 36);
INSERT INTO realisation(realisation_id, date, distance, activity_id, programme_id, CENTREINTERET_ID, timeframe_id) VALUES (10069, '2018-04-18', 4, 10141, 10035, 10000, 36);
INSERT INTO activity(activity_id, date, distance, estrealisee, programme_id, sport_id, CENTREINTERET_ID, timeframe_id) VALUES (10142, '2018-04-19', 11.935209003912977, 1, 10035, 1, 10000, 51);
INSERT INTO realisation(realisation_id, date, distance, activity_id, programme_id, CENTREINTERET_ID, timeframe_id) VALUES (10070, '2018-04-19', 4, 10142, 10035, 10000, 51);
INSERT INTO activity(activity_id, date, distance, estrealisee, programme_id, sport_id, CENTREINTERET_ID, timeframe_id) VALUES (10143, '2018-04-20', 10.713357030674842, 1, 10035, 1, 10000, 34);
INSERT INTO realisation(realisation_id, date, distance, activity_id, programme_id, CENTREINTERET_ID, timeframe_id) VALUES (10071, '2018-04-20', 4, 10143, 10035, 10000, 34);

INSERT INTO point (ID, x, y) VALUES (50018, 45.73075694618492, 4.82769880909059);
INSERT INTO users (ID, USERNAME, PASSWORD, FIRSTNAME, LASTNAME, EMAIL, ENABLED, LASTPASSWORDRESETDATE, OBJECTIFHEBDO, Location_id) VALUES (10018, "user18", "$2a$08$UkVvwpULis18S19S5pZFn.YHPZt3oaqHZnDwqbCW9pft6uFtkXKDC", "user18", "user18", "user18@user.com", 1, "2003/01/22", 7, 50018);
INSERT INTO user_authority (USER_ID, AUTHORITY_ID) VALUES (10018, 2);
INSERT INTO programme(programme_id, date_debut, user_id) VALUES (10036, '2018-04-30', 10018);
INSERT INTO activity(activity_id, date, distance, estrealisee, programme_id, sport_id, CENTREINTERET_ID, timeframe_id) VALUES (10144, '2018-05-01', 10.904862514687778, 0, 10036, 1, 10000, 14);
INSERT INTO activity(activity_id, date, distance, estrealisee, programme_id, sport_id, CENTREINTERET_ID, timeframe_id) VALUES (10145, '2018-05-02', 7.049487508531479, 0, 10036, 1, 10000, 20);
INSERT INTO activity(activity_id, date, distance, estrealisee, programme_id, sport_id, CENTREINTERET_ID, timeframe_id) VALUES (10146, '2018-05-03', 8.944464602683254, 0, 10036, 1, 10000, 31);
INSERT INTO activity(activity_id, date, distance, estrealisee, programme_id, sport_id, CENTREINTERET_ID, timeframe_id) VALUES (10147, '2018-05-04', 11.682002103769836, 0, 10036, 1, 10000, 39);
INSERT INTO programme(programme_id, date_debut, user_id) VALUES (10037, '2018-04-23', 10018);
INSERT INTO activity(activity_id, date, distance, estrealisee, programme_id, sport_id, CENTREINTERET_ID, timeframe_id) VALUES (10148, '2018-04-17', 8.073666541161112, 1, 10037, 1, 10000, 25);
INSERT INTO realisation(realisation_id, date, distance, activity_id, programme_id, CENTREINTERET_ID, timeframe_id) VALUES (10072, '2018-04-17', 4, 10148, 10037, 10000, 25);
INSERT INTO activity(activity_id, date, distance, estrealisee, programme_id, sport_id, CENTREINTERET_ID, timeframe_id) VALUES (10149, '2018-04-18', 11.693598333238437, 1, 10037, 1, 10000, 28);
INSERT INTO realisation(realisation_id, date, distance, activity_id, programme_id, CENTREINTERET_ID, timeframe_id) VALUES (10073, '2018-04-18', 4, 10149, 10037, 10000, 28);
INSERT INTO activity(activity_id, date, distance, estrealisee, programme_id, sport_id, CENTREINTERET_ID, timeframe_id) VALUES (10150, '2018-04-19', 9.901477794970454, 1, 10037, 1, 10000, 28);
INSERT INTO realisation(realisation_id, date, distance, activity_id, programme_id, CENTREINTERET_ID, timeframe_id) VALUES (10074, '2018-04-19', 4, 10150, 10037, 10000, 28);
INSERT INTO activity(activity_id, date, distance, estrealisee, programme_id, sport_id, CENTREINTERET_ID, timeframe_id) VALUES (10151, '2018-04-20', 8.531311050312699, 1, 10037, 1, 10000, 5);
INSERT INTO realisation(realisation_id, date, distance, activity_id, programme_id, CENTREINTERET_ID, timeframe_id) VALUES (10075, '2018-04-20', 4, 10151, 10037, 10000, 5);

INSERT INTO point (ID, x, y) VALUES (50019, 45.71108884581764, 4.889885172894094);
INSERT INTO users (ID, USERNAME, PASSWORD, FIRSTNAME, LASTNAME, EMAIL, ENABLED, LASTPASSWORDRESETDATE, OBJECTIFHEBDO, Location_id) VALUES (10019, "user19", "$2a$08$UkVvwpULis18S19S5pZFn.YHPZt3oaqHZnDwqbCW9pft6uFtkXKDC", "user19", "user19", "user19@user.com", 1, "2003/01/22", 11, 50019);
INSERT INTO user_authority (USER_ID, AUTHORITY_ID) VALUES (10019, 2);
INSERT INTO programme(programme_id, date_debut, user_id) VALUES (10038, '2018-04-30', 10019);
INSERT INTO activity(activity_id, date, distance, estrealisee, programme_id, sport_id, CENTREINTERET_ID, timeframe_id) VALUES (10152, '2018-05-01', 11.609190211777912, 0, 10038, 1, 10000, 14);
INSERT INTO activity(activity_id, date, distance, estrealisee, programme_id, sport_id, CENTREINTERET_ID, timeframe_id) VALUES (10153, '2018-05-02', 8.448569843159094, 0, 10038, 1, 10000, 20);
INSERT INTO activity(activity_id, date, distance, estrealisee, programme_id, sport_id, CENTREINTERET_ID, timeframe_id) VALUES (10154, '2018-05-03', 8.039850242499567, 0, 10038, 1, 10000, 31);
INSERT INTO activity(activity_id, date, distance, estrealisee, programme_id, sport_id, CENTREINTERET_ID, timeframe_id) VALUES (10155, '2018-05-04', 11.38833207135636, 0, 10038, 1, 10000, 39);
INSERT INTO programme(programme_id, date_debut, user_id) VALUES (10039, '2018-04-23', 10019);
INSERT INTO activity(activity_id, date, distance, estrealisee, programme_id, sport_id, CENTREINTERET_ID, timeframe_id) VALUES (10156, '2018-04-17', 10.252444931276496, 1, 10039, 1, 10000, 13);
INSERT INTO realisation(realisation_id, date, distance, activity_id, programme_id, CENTREINTERET_ID, timeframe_id) VALUES (10076, '2018-04-17', 4, 10156, 10039, 10000, 13);
INSERT INTO activity(activity_id, date, distance, estrealisee, programme_id, sport_id, CENTREINTERET_ID, timeframe_id) VALUES (10157, '2018-04-18', 7.830780755547131, 1, 10039, 1, 10000, 3);
INSERT INTO realisation(realisation_id, date, distance, activity_id, programme_id, CENTREINTERET_ID, timeframe_id) VALUES (10077, '2018-04-18', 4, 10157, 10039, 10000, 3);
INSERT INTO activity(activity_id, date, distance, estrealisee, programme_id, sport_id, CENTREINTERET_ID, timeframe_id) VALUES (10158, '2018-04-19', 10.26177045894756, 1, 10039, 1, 10000, 14);
INSERT INTO realisation(realisation_id, date, distance, activity_id, programme_id, CENTREINTERET_ID, timeframe_id) VALUES (10078, '2018-04-19', 4, 10158, 10039, 10000, 14);
INSERT INTO activity(activity_id, date, distance, estrealisee, programme_id, sport_id, CENTREINTERET_ID, timeframe_id) VALUES (10159, '2018-04-20', 9.050070277819088, 1, 10039, 1, 10000, 38);
INSERT INTO realisation(realisation_id, date, distance, activity_id, programme_id, CENTREINTERET_ID, timeframe_id) VALUES (10079, '2018-04-20', 4, 10159, 10039, 10000, 38);

INSERT INTO point (ID, x, y) VALUES (50020, 45.76055468236705, 4.893537012843986);
INSERT INTO users (ID, USERNAME, PASSWORD, FIRSTNAME, LASTNAME, EMAIL, ENABLED, LASTPASSWORDRESETDATE, OBJECTIFHEBDO, Location_id) VALUES (10020, "user20", "$2a$08$UkVvwpULis18S19S5pZFn.YHPZt3oaqHZnDwqbCW9pft6uFtkXKDC", "user20", "user20", "user20@user.com", 1, "2003/01/22", 11, 50020);
INSERT INTO user_authority (USER_ID, AUTHORITY_ID) VALUES (10020, 2);
INSERT INTO programme(programme_id, date_debut, user_id) VALUES (10040, '2018-04-30', 10020);
INSERT INTO activity(activity_id, date, distance, estrealisee, programme_id, sport_id, CENTREINTERET_ID, timeframe_id) VALUES (10160, '2018-05-01', 10.689675153317346, 0, 10040, 1, 10000, 14);
INSERT INTO activity(activity_id, date, distance, estrealisee, programme_id, sport_id, CENTREINTERET_ID, timeframe_id) VALUES (10161, '2018-05-02', 8.030642875648685, 0, 10040, 1, 10000, 20);
INSERT INTO activity(activity_id, date, distance, estrealisee, programme_id, sport_id, CENTREINTERET_ID, timeframe_id) VALUES (10162, '2018-05-03', 7.259567066316349, 0, 10040, 1, 10000, 31);
INSERT INTO activity(activity_id, date, distance, estrealisee, programme_id, sport_id, CENTREINTERET_ID, timeframe_id) VALUES (10163, '2018-05-04', 10.394810624350018, 0, 10040, 1, 10000, 39);
INSERT INTO programme(programme_id, date_debut, user_id) VALUES (10041, '2018-04-23', 10020);
INSERT INTO activity(activity_id, date, distance, estrealisee, programme_id, sport_id, CENTREINTERET_ID, timeframe_id) VALUES (10164, '2018-04-17', 10.550531992470756, 1, 10041, 1, 10000, 46);
INSERT INTO realisation(realisation_id, date, distance, activity_id, programme_id, CENTREINTERET_ID, timeframe_id) VALUES (10080, '2018-04-17', 4, 10164, 10041, 10000, 46);
INSERT INTO activity(activity_id, date, distance, estrealisee, programme_id, sport_id, CENTREINTERET_ID, timeframe_id) VALUES (10165, '2018-04-18', 11.615224490754724, 1, 10041, 1, 10000, 28);
INSERT INTO realisation(realisation_id, date, distance, activity_id, programme_id, CENTREINTERET_ID, timeframe_id) VALUES (10081, '2018-04-18', 4, 10165, 10041, 10000, 28);
INSERT INTO activity(activity_id, date, distance, estrealisee, programme_id, sport_id, CENTREINTERET_ID, timeframe_id) VALUES (10166, '2018-04-19', 8.217271297697055, 1, 10041, 1, 10000, 20);
INSERT INTO realisation(realisation_id, date, distance, activity_id, programme_id, CENTREINTERET_ID, timeframe_id) VALUES (10082, '2018-04-19', 4, 10166, 10041, 10000, 20);
INSERT INTO activity(activity_id, date, distance, estrealisee, programme_id, sport_id, CENTREINTERET_ID, timeframe_id) VALUES (10167, '2018-04-20', 10.145537666282864, 1, 10041, 1, 10000, 4);
INSERT INTO realisation(realisation_id, date, distance, activity_id, programme_id, CENTREINTERET_ID, timeframe_id) VALUES (10083, '2018-04-20', 4, 10167, 10041, 10000, 4);

INSERT INTO point (ID, x, y) VALUES (50021, 45.78526995625539, 4.860193062116135);
INSERT INTO users (ID, USERNAME, PASSWORD, FIRSTNAME, LASTNAME, EMAIL, ENABLED, LASTPASSWORDRESETDATE, OBJECTIFHEBDO, Location_id) VALUES (10021, "user21", "$2a$08$UkVvwpULis18S19S5pZFn.YHPZt3oaqHZnDwqbCW9pft6uFtkXKDC", "user21", "user21", "user21@user.com", 1, "2003/01/22", 14, 50021);
INSERT INTO user_authority (USER_ID, AUTHORITY_ID) VALUES (10021, 2);
INSERT INTO programme(programme_id, date_debut, user_id) VALUES (10042, '2018-04-30', 10021);
INSERT INTO activity(activity_id, date, distance, estrealisee, programme_id, sport_id, CENTREINTERET_ID, timeframe_id) VALUES (10168, '2018-05-01', 7.043267571915425, 0, 10042, 1, 10000, 14);
INSERT INTO activity(activity_id, date, distance, estrealisee, programme_id, sport_id, CENTREINTERET_ID, timeframe_id) VALUES (10169, '2018-05-02', 11.454372326076353, 0, 10042, 1, 10000, 20);
INSERT INTO activity(activity_id, date, distance, estrealisee, programme_id, sport_id, CENTREINTERET_ID, timeframe_id) VALUES (10170, '2018-05-03', 7.217898682796569, 0, 10042, 1, 10000, 31);
INSERT INTO activity(activity_id, date, distance, estrealisee, programme_id, sport_id, CENTREINTERET_ID, timeframe_id) VALUES (10171, '2018-05-04', 8.773050351943105, 0, 10042, 1, 10000, 39);
INSERT INTO programme(programme_id, date_debut, user_id) VALUES (10043, '2018-04-23', 10021);
INSERT INTO activity(activity_id, date, distance, estrealisee, programme_id, sport_id, CENTREINTERET_ID, timeframe_id) VALUES (10172, '2018-04-17', 10.193257682527909, 1, 10043, 1, 10000, 2);
INSERT INTO realisation(realisation_id, date, distance, activity_id, programme_id, CENTREINTERET_ID, timeframe_id) VALUES (10084, '2018-04-17', 4, 10172, 10043, 10000, 2);
INSERT INTO activity(activity_id, date, distance, estrealisee, programme_id, sport_id, CENTREINTERET_ID, timeframe_id) VALUES (10173, '2018-04-18', 7.157835127204202, 1, 10043, 1, 10000, 25);
INSERT INTO realisation(realisation_id, date, distance, activity_id, programme_id, CENTREINTERET_ID, timeframe_id) VALUES (10085, '2018-04-18', 4, 10173, 10043, 10000, 25);
INSERT INTO activity(activity_id, date, distance, estrealisee, programme_id, sport_id, CENTREINTERET_ID, timeframe_id) VALUES (10174, '2018-04-19', 8.591579232200894, 1, 10043, 1, 10000, 48);
INSERT INTO realisation(realisation_id, date, distance, activity_id, programme_id, CENTREINTERET_ID, timeframe_id) VALUES (10086, '2018-04-19', 4, 10174, 10043, 10000, 48);
INSERT INTO activity(activity_id, date, distance, estrealisee, programme_id, sport_id, CENTREINTERET_ID, timeframe_id) VALUES (10175, '2018-04-20', 7.950084699694155, 1, 10043, 1, 10000, 13);
INSERT INTO realisation(realisation_id, date, distance, activity_id, programme_id, CENTREINTERET_ID, timeframe_id) VALUES (10087, '2018-04-20', 4, 10175, 10043, 10000, 13);

INSERT INTO point (ID, x, y) VALUES (50022, 45.7274176435507, 4.833174650096404);
INSERT INTO users (ID, USERNAME, PASSWORD, FIRSTNAME, LASTNAME, EMAIL, ENABLED, LASTPASSWORDRESETDATE, OBJECTIFHEBDO, Location_id) VALUES (10022, "user22", "$2a$08$UkVvwpULis18S19S5pZFn.YHPZt3oaqHZnDwqbCW9pft6uFtkXKDC", "user22", "user22", "user22@user.com", 1, "2003/01/22", 12, 50022);
INSERT INTO user_authority (USER_ID, AUTHORITY_ID) VALUES (10022, 2);
INSERT INTO programme(programme_id, date_debut, user_id) VALUES (10044, '2018-04-30', 10022);
INSERT INTO activity(activity_id, date, distance, estrealisee, programme_id, sport_id, CENTREINTERET_ID, timeframe_id) VALUES (10176, '2018-05-01', 10.777886417809592, 0, 10044, 1, 10000, 14);
INSERT INTO activity(activity_id, date, distance, estrealisee, programme_id, sport_id, CENTREINTERET_ID, timeframe_id) VALUES (10177, '2018-05-02', 9.553440208680279, 0, 10044, 1, 10000, 20);
INSERT INTO activity(activity_id, date, distance, estrealisee, programme_id, sport_id, CENTREINTERET_ID, timeframe_id) VALUES (10178, '2018-05-03', 7.875024637767817, 0, 10044, 1, 10000, 31);
INSERT INTO activity(activity_id, date, distance, estrealisee, programme_id, sport_id, CENTREINTERET_ID, timeframe_id) VALUES (10179, '2018-05-04', 11.30976506347207, 0, 10044, 1, 10000, 39);
INSERT INTO programme(programme_id, date_debut, user_id) VALUES (10045, '2018-04-23', 10022);
INSERT INTO activity(activity_id, date, distance, estrealisee, programme_id, sport_id, CENTREINTERET_ID, timeframe_id) VALUES (10180, '2018-04-17', 11.54213630264713, 1, 10045, 1, 10000, 32);
INSERT INTO realisation(realisation_id, date, distance, activity_id, programme_id, CENTREINTERET_ID, timeframe_id) VALUES (10088, '2018-04-17', 4, 10180, 10045, 10000, 32);
INSERT INTO activity(activity_id, date, distance, estrealisee, programme_id, sport_id, CENTREINTERET_ID, timeframe_id) VALUES (10181, '2018-04-18', 11.107133054414119, 1, 10045, 1, 10000, 20);
INSERT INTO realisation(realisation_id, date, distance, activity_id, programme_id, CENTREINTERET_ID, timeframe_id) VALUES (10089, '2018-04-18', 4, 10181, 10045, 10000, 20);
INSERT INTO activity(activity_id, date, distance, estrealisee, programme_id, sport_id, CENTREINTERET_ID, timeframe_id) VALUES (10182, '2018-04-19', 8.5353469478659, 1, 10045, 1, 10000, 50);
INSERT INTO realisation(realisation_id, date, distance, activity_id, programme_id, CENTREINTERET_ID, timeframe_id) VALUES (10090, '2018-04-19', 4, 10182, 10045, 10000, 50);
INSERT INTO activity(activity_id, date, distance, estrealisee, programme_id, sport_id, CENTREINTERET_ID, timeframe_id) VALUES (10183, '2018-04-20', 8.5227273617353, 1, 10045, 1, 10000, 42);
INSERT INTO realisation(realisation_id, date, distance, activity_id, programme_id, CENTREINTERET_ID, timeframe_id) VALUES (10091, '2018-04-20', 4, 10183, 10045, 10000, 42);

INSERT INTO point (ID, x, y) VALUES (50023, 45.733884775736634, 4.875160583981726);
INSERT INTO users (ID, USERNAME, PASSWORD, FIRSTNAME, LASTNAME, EMAIL, ENABLED, LASTPASSWORDRESETDATE, OBJECTIFHEBDO, Location_id) VALUES (10023, "user23", "$2a$08$UkVvwpULis18S19S5pZFn.YHPZt3oaqHZnDwqbCW9pft6uFtkXKDC", "user23", "user23", "user23@user.com", 1, "2003/01/22", 19, 50023);
INSERT INTO user_authority (USER_ID, AUTHORITY_ID) VALUES (10023, 2);
INSERT INTO programme(programme_id, date_debut, user_id) VALUES (10046, '2018-04-30', 10023);
INSERT INTO activity(activity_id, date, distance, estrealisee, programme_id, sport_id, CENTREINTERET_ID, timeframe_id) VALUES (10184, '2018-05-01', 11.760336026726995, 0, 10046, 1, 10000, 14);
INSERT INTO activity(activity_id, date, distance, estrealisee, programme_id, sport_id, CENTREINTERET_ID, timeframe_id) VALUES (10185, '2018-05-02', 7.69036204168459, 0, 10046, 1, 10000, 20);
INSERT INTO activity(activity_id, date, distance, estrealisee, programme_id, sport_id, CENTREINTERET_ID, timeframe_id) VALUES (10186, '2018-05-03', 10.077612936663474, 0, 10046, 1, 10000, 31);
INSERT INTO activity(activity_id, date, distance, estrealisee, programme_id, sport_id, CENTREINTERET_ID, timeframe_id) VALUES (10187, '2018-05-04', 11.727818046155168, 0, 10046, 1, 10000, 39);
INSERT INTO programme(programme_id, date_debut, user_id) VALUES (10047, '2018-04-23', 10023);
INSERT INTO activity(activity_id, date, distance, estrealisee, programme_id, sport_id, CENTREINTERET_ID, timeframe_id) VALUES (10188, '2018-04-17', 11.464279609484407, 1, 10047, 1, 10000, 41);
INSERT INTO realisation(realisation_id, date, distance, activity_id, programme_id, CENTREINTERET_ID, timeframe_id) VALUES (10092, '2018-04-17', 4, 10188, 10047, 10000, 41);
INSERT INTO activity(activity_id, date, distance, estrealisee, programme_id, sport_id, CENTREINTERET_ID, timeframe_id) VALUES (10189, '2018-04-18', 9.443289675861244, 1, 10047, 1, 10000, 36);
INSERT INTO realisation(realisation_id, date, distance, activity_id, programme_id, CENTREINTERET_ID, timeframe_id) VALUES (10093, '2018-04-18', 4, 10189, 10047, 10000, 36);
INSERT INTO activity(activity_id, date, distance, estrealisee, programme_id, sport_id, CENTREINTERET_ID, timeframe_id) VALUES (10190, '2018-04-19', 10.898629338425335, 1, 10047, 1, 10000, 55);
INSERT INTO realisation(realisation_id, date, distance, activity_id, programme_id, CENTREINTERET_ID, timeframe_id) VALUES (10094, '2018-04-19', 4, 10190, 10047, 10000, 55);
INSERT INTO activity(activity_id, date, distance, estrealisee, programme_id, sport_id, CENTREINTERET_ID, timeframe_id) VALUES (10191, '2018-04-20', 10.739424636108117, 1, 10047, 1, 10000, 3);
INSERT INTO realisation(realisation_id, date, distance, activity_id, programme_id, CENTREINTERET_ID, timeframe_id) VALUES (10095, '2018-04-20', 4, 10191, 10047, 10000, 3);

INSERT INTO point (ID, x, y) VALUES (50024, 45.71326138121783, 4.820300618564896);
INSERT INTO users (ID, USERNAME, PASSWORD, FIRSTNAME, LASTNAME, EMAIL, ENABLED, LASTPASSWORDRESETDATE, OBJECTIFHEBDO, Location_id) VALUES (10024, "user24", "$2a$08$UkVvwpULis18S19S5pZFn.YHPZt3oaqHZnDwqbCW9pft6uFtkXKDC", "user24", "user24", "user24@user.com", 1, "2003/01/22", 6, 50024);
INSERT INTO user_authority (USER_ID, AUTHORITY_ID) VALUES (10024, 2);
INSERT INTO programme(programme_id, date_debut, user_id) VALUES (10048, '2018-04-30', 10024);
INSERT INTO activity(activity_id, date, distance, estrealisee, programme_id, sport_id, CENTREINTERET_ID, timeframe_id) VALUES (10192, '2018-05-01', 8.645860221145556, 0, 10048, 1, 10000, 14);
INSERT INTO activity(activity_id, date, distance, estrealisee, programme_id, sport_id, CENTREINTERET_ID, timeframe_id) VALUES (10193, '2018-05-02', 8.44824051139208, 0, 10048, 1, 10000, 20);
INSERT INTO activity(activity_id, date, distance, estrealisee, programme_id, sport_id, CENTREINTERET_ID, timeframe_id) VALUES (10194, '2018-05-03', 9.578790028651714, 0, 10048, 1, 10000, 31);
INSERT INTO activity(activity_id, date, distance, estrealisee, programme_id, sport_id, CENTREINTERET_ID, timeframe_id) VALUES (10195, '2018-05-04', 7.614669058945006, 0, 10048, 1, 10000, 39);
INSERT INTO programme(programme_id, date_debut, user_id) VALUES (10049, '2018-04-23', 10024);
INSERT INTO activity(activity_id, date, distance, estrealisee, programme_id, sport_id, CENTREINTERET_ID, timeframe_id) VALUES (10196, '2018-04-17', 11.40558338846988, 1, 10049, 1, 10000, 22);
INSERT INTO realisation(realisation_id, date, distance, activity_id, programme_id, CENTREINTERET_ID, timeframe_id) VALUES (10096, '2018-04-17', 4, 10196, 10049, 10000, 22);
INSERT INTO activity(activity_id, date, distance, estrealisee, programme_id, sport_id, CENTREINTERET_ID, timeframe_id) VALUES (10197, '2018-04-18', 9.088311963011565, 1, 10049, 1, 10000, 32);
INSERT INTO realisation(realisation_id, date, distance, activity_id, programme_id, CENTREINTERET_ID, timeframe_id) VALUES (10097, '2018-04-18', 4, 10197, 10049, 10000, 32);
INSERT INTO activity(activity_id, date, distance, estrealisee, programme_id, sport_id, CENTREINTERET_ID, timeframe_id) VALUES (10198, '2018-04-19', 9.193159651371946, 1, 10049, 1, 10000, 41);
INSERT INTO realisation(realisation_id, date, distance, activity_id, programme_id, CENTREINTERET_ID, timeframe_id) VALUES (10098, '2018-04-19', 4, 10198, 10049, 10000, 41);
INSERT INTO activity(activity_id, date, distance, estrealisee, programme_id, sport_id, CENTREINTERET_ID, timeframe_id) VALUES (10199, '2018-04-20', 9.79826418370994, 1, 10049, 1, 10000, 5);
INSERT INTO realisation(realisation_id, date, distance, activity_id, programme_id, CENTREINTERET_ID, timeframe_id) VALUES (10099, '2018-04-20', 4, 10199, 10049, 10000, 5);

INSERT INTO point (ID, x, y) VALUES (50025, 45.773438637473625, 4.850960594845768);
INSERT INTO users (ID, USERNAME, PASSWORD, FIRSTNAME, LASTNAME, EMAIL, ENABLED, LASTPASSWORDRESETDATE, OBJECTIFHEBDO, Location_id) VALUES (10025, "user25", "$2a$08$UkVvwpULis18S19S5pZFn.YHPZt3oaqHZnDwqbCW9pft6uFtkXKDC", "user25", "user25", "user25@user.com", 1, "2003/01/22", 15, 50025);
INSERT INTO user_authority (USER_ID, AUTHORITY_ID) VALUES (10025, 2);
INSERT INTO programme(programme_id, date_debut, user_id) VALUES (10050, '2018-04-30', 10025);
INSERT INTO activity(activity_id, date, distance, estrealisee, programme_id, sport_id, CENTREINTERET_ID, timeframe_id) VALUES (10200, '2018-05-01', 11.323205895494194, 0, 10050, 1, 10000, 14);
INSERT INTO activity(activity_id, date, distance, estrealisee, programme_id, sport_id, CENTREINTERET_ID, timeframe_id) VALUES (10201, '2018-05-02', 10.514778443574606, 0, 10050, 1, 10000, 20);
INSERT INTO activity(activity_id, date, distance, estrealisee, programme_id, sport_id, CENTREINTERET_ID, timeframe_id) VALUES (10202, '2018-05-03', 9.489733169859168, 0, 10050, 1, 10000, 31);
INSERT INTO activity(activity_id, date, distance, estrealisee, programme_id, sport_id, CENTREINTERET_ID, timeframe_id) VALUES (10203, '2018-05-04', 9.96746225125499, 0, 10050, 1, 10000, 39);
INSERT INTO programme(programme_id, date_debut, user_id) VALUES (10051, '2018-04-23', 10025);
INSERT INTO activity(activity_id, date, distance, estrealisee, programme_id, sport_id, CENTREINTERET_ID, timeframe_id) VALUES (10204, '2018-04-17', 10.23060457902643, 1, 10051, 1, 10000, 13);
INSERT INTO realisation(realisation_id, date, distance, activity_id, programme_id, CENTREINTERET_ID, timeframe_id) VALUES (10100, '2018-04-17', 4, 10204, 10051, 10000, 13);
INSERT INTO activity(activity_id, date, distance, estrealisee, programme_id, sport_id, CENTREINTERET_ID, timeframe_id) VALUES (10205, '2018-04-18', 9.966260921971585, 1, 10051, 1, 10000, 28);
INSERT INTO realisation(realisation_id, date, distance, activity_id, programme_id, CENTREINTERET_ID, timeframe_id) VALUES (10101, '2018-04-18', 4, 10205, 10051, 10000, 28);
INSERT INTO activity(activity_id, date, distance, estrealisee, programme_id, sport_id, CENTREINTERET_ID, timeframe_id) VALUES (10206, '2018-04-19', 9.89407092333776, 1, 10051, 1, 10000, 10);
INSERT INTO realisation(realisation_id, date, distance, activity_id, programme_id, CENTREINTERET_ID, timeframe_id) VALUES (10102, '2018-04-19', 4, 10206, 10051, 10000, 10);
INSERT INTO activity(activity_id, date, distance, estrealisee, programme_id, sport_id, CENTREINTERET_ID, timeframe_id) VALUES (10207, '2018-04-20', 7.450873664803341, 1, 10051, 1, 10000, 46);
INSERT INTO realisation(realisation_id, date, distance, activity_id, programme_id, CENTREINTERET_ID, timeframe_id) VALUES (10103, '2018-04-20', 4, 10207, 10051, 10000, 46);

INSERT INTO point (ID, x, y) VALUES (50026, 45.79154020353585, 4.826716822897337);
INSERT INTO users (ID, USERNAME, PASSWORD, FIRSTNAME, LASTNAME, EMAIL, ENABLED, LASTPASSWORDRESETDATE, OBJECTIFHEBDO, Location_id) VALUES (10026, "user26", "$2a$08$UkVvwpULis18S19S5pZFn.YHPZt3oaqHZnDwqbCW9pft6uFtkXKDC", "user26", "user26", "user26@user.com", 1, "2003/01/22", 8, 50026);
INSERT INTO user_authority (USER_ID, AUTHORITY_ID) VALUES (10026, 2);
INSERT INTO programme(programme_id, date_debut, user_id) VALUES (10052, '2018-04-30', 10026);
INSERT INTO activity(activity_id, date, distance, estrealisee, programme_id, sport_id, CENTREINTERET_ID, timeframe_id) VALUES (10208, '2018-05-01', 8.129748176246908, 0, 10052, 1, 10000, 14);
INSERT INTO activity(activity_id, date, distance, estrealisee, programme_id, sport_id, CENTREINTERET_ID, timeframe_id) VALUES (10209, '2018-05-02', 11.318066607796174, 0, 10052, 1, 10000, 20);
INSERT INTO activity(activity_id, date, distance, estrealisee, programme_id, sport_id, CENTREINTERET_ID, timeframe_id) VALUES (10210, '2018-05-03', 8.134410316161329, 0, 10052, 1, 10000, 31);
INSERT INTO activity(activity_id, date, distance, estrealisee, programme_id, sport_id, CENTREINTERET_ID, timeframe_id) VALUES (10211, '2018-05-04', 9.037180043440632, 0, 10052, 1, 10000, 39);
INSERT INTO programme(programme_id, date_debut, user_id) VALUES (10053, '2018-04-23', 10026);
INSERT INTO activity(activity_id, date, distance, estrealisee, programme_id, sport_id, CENTREINTERET_ID, timeframe_id) VALUES (10212, '2018-04-17', 7.599867906897931, 1, 10053, 1, 10000, 29);
INSERT INTO realisation(realisation_id, date, distance, activity_id, programme_id, CENTREINTERET_ID, timeframe_id) VALUES (10104, '2018-04-17', 4, 10212, 10053, 10000, 29);
INSERT INTO activity(activity_id, date, distance, estrealisee, programme_id, sport_id, CENTREINTERET_ID, timeframe_id) VALUES (10213, '2018-04-18', 9.07733988499599, 1, 10053, 1, 10000, 1);
INSERT INTO realisation(realisation_id, date, distance, activity_id, programme_id, CENTREINTERET_ID, timeframe_id) VALUES (10105, '2018-04-18', 4, 10213, 10053, 10000, 1);
INSERT INTO activity(activity_id, date, distance, estrealisee, programme_id, sport_id, CENTREINTERET_ID, timeframe_id) VALUES (10214, '2018-04-19', 11.81067160602122, 1, 10053, 1, 10000, 21);
INSERT INTO realisation(realisation_id, date, distance, activity_id, programme_id, CENTREINTERET_ID, timeframe_id) VALUES (10106, '2018-04-19', 4, 10214, 10053, 10000, 21);
INSERT INTO activity(activity_id, date, distance, estrealisee, programme_id, sport_id, CENTREINTERET_ID, timeframe_id) VALUES (10215, '2018-04-20', 7.388654519741117, 1, 10053, 1, 10000, 5);
INSERT INTO realisation(realisation_id, date, distance, activity_id, programme_id, CENTREINTERET_ID, timeframe_id) VALUES (10107, '2018-04-20', 4, 10215, 10053, 10000, 5);

INSERT INTO point (ID, x, y) VALUES (50027, 45.7596998806896, 4.816704038033613);
INSERT INTO users (ID, USERNAME, PASSWORD, FIRSTNAME, LASTNAME, EMAIL, ENABLED, LASTPASSWORDRESETDATE, OBJECTIFHEBDO, Location_id) VALUES (10027, "user27", "$2a$08$UkVvwpULis18S19S5pZFn.YHPZt3oaqHZnDwqbCW9pft6uFtkXKDC", "user27", "user27", "user27@user.com", 1, "2003/01/22", 15, 50027);
INSERT INTO user_authority (USER_ID, AUTHORITY_ID) VALUES (10027, 2);
INSERT INTO programme(programme_id, date_debut, user_id) VALUES (10054, '2018-04-30', 10027);
INSERT INTO activity(activity_id, date, distance, estrealisee, programme_id, sport_id, CENTREINTERET_ID, timeframe_id) VALUES (10216, '2018-05-01', 9.839551077807847, 0, 10054, 1, 10000, 14);
INSERT INTO activity(activity_id, date, distance, estrealisee, programme_id, sport_id, CENTREINTERET_ID, timeframe_id) VALUES (10217, '2018-05-02', 11.432991938501797, 0, 10054, 1, 10000, 20);
INSERT INTO activity(activity_id, date, distance, estrealisee, programme_id, sport_id, CENTREINTERET_ID, timeframe_id) VALUES (10218, '2018-05-03', 7.820635086746979, 0, 10054, 1, 10000, 31);
INSERT INTO activity(activity_id, date, distance, estrealisee, programme_id, sport_id, CENTREINTERET_ID, timeframe_id) VALUES (10219, '2018-05-04', 10.134899402383898, 0, 10054, 1, 10000, 39);
INSERT INTO programme(programme_id, date_debut, user_id) VALUES (10055, '2018-04-23', 10027);
INSERT INTO activity(activity_id, date, distance, estrealisee, programme_id, sport_id, CENTREINTERET_ID, timeframe_id) VALUES (10220, '2018-04-17', 7.8680421920816155, 1, 10055, 1, 10000, 31);
INSERT INTO realisation(realisation_id, date, distance, activity_id, programme_id, CENTREINTERET_ID, timeframe_id) VALUES (10108, '2018-04-17', 4, 10220, 10055, 10000, 31);
INSERT INTO activity(activity_id, date, distance, estrealisee, programme_id, sport_id, CENTREINTERET_ID, timeframe_id) VALUES (10221, '2018-04-18', 9.793927747680383, 1, 10055, 1, 10000, 9);
INSERT INTO realisation(realisation_id, date, distance, activity_id, programme_id, CENTREINTERET_ID, timeframe_id) VALUES (10109, '2018-04-18', 4, 10221, 10055, 10000, 9);
INSERT INTO activity(activity_id, date, distance, estrealisee, programme_id, sport_id, CENTREINTERET_ID, timeframe_id) VALUES (10222, '2018-04-19', 9.810140841441626, 1, 10055, 1, 10000, 34);
INSERT INTO realisation(realisation_id, date, distance, activity_id, programme_id, CENTREINTERET_ID, timeframe_id) VALUES (10110, '2018-04-19', 4, 10222, 10055, 10000, 34);
INSERT INTO activity(activity_id, date, distance, estrealisee, programme_id, sport_id, CENTREINTERET_ID, timeframe_id) VALUES (10223, '2018-04-20', 8.176702133122216, 1, 10055, 1, 10000, 31);
INSERT INTO realisation(realisation_id, date, distance, activity_id, programme_id, CENTREINTERET_ID, timeframe_id) VALUES (10111, '2018-04-20', 4, 10223, 10055, 10000, 31);

INSERT INTO point (ID, x, y) VALUES (50028, 45.794886255564016, 4.851464051800261);
INSERT INTO users (ID, USERNAME, PASSWORD, FIRSTNAME, LASTNAME, EMAIL, ENABLED, LASTPASSWORDRESETDATE, OBJECTIFHEBDO, Location_id) VALUES (10028, "user28", "$2a$08$UkVvwpULis18S19S5pZFn.YHPZt3oaqHZnDwqbCW9pft6uFtkXKDC", "user28", "user28", "user28@user.com", 1, "2003/01/22", 19, 50028);
INSERT INTO user_authority (USER_ID, AUTHORITY_ID) VALUES (10028, 2);
INSERT INTO programme(programme_id, date_debut, user_id) VALUES (10056, '2018-04-30', 10028);
INSERT INTO activity(activity_id, date, distance, estrealisee, programme_id, sport_id, CENTREINTERET_ID, timeframe_id) VALUES (10224, '2018-05-01', 10.985308578863489, 0, 10056, 1, 10000, 14);
INSERT INTO activity(activity_id, date, distance, estrealisee, programme_id, sport_id, CENTREINTERET_ID, timeframe_id) VALUES (10225, '2018-05-02', 10.32435532666316, 0, 10056, 1, 10000, 20);
INSERT INTO activity(activity_id, date, distance, estrealisee, programme_id, sport_id, CENTREINTERET_ID, timeframe_id) VALUES (10226, '2018-05-03', 8.652027252938831, 0, 10056, 1, 10000, 31);
INSERT INTO activity(activity_id, date, distance, estrealisee, programme_id, sport_id, CENTREINTERET_ID, timeframe_id) VALUES (10227, '2018-05-04', 8.635315571502922, 0, 10056, 1, 10000, 39);
INSERT INTO programme(programme_id, date_debut, user_id) VALUES (10057, '2018-04-23', 10028);
INSERT INTO activity(activity_id, date, distance, estrealisee, programme_id, sport_id, CENTREINTERET_ID, timeframe_id) VALUES (10228, '2018-04-17', 8.212649074608478, 1, 10057, 1, 10000, 36);
INSERT INTO realisation(realisation_id, date, distance, activity_id, programme_id, CENTREINTERET_ID, timeframe_id) VALUES (10112, '2018-04-17', 4, 10228, 10057, 10000, 36);
INSERT INTO activity(activity_id, date, distance, estrealisee, programme_id, sport_id, CENTREINTERET_ID, timeframe_id) VALUES (10229, '2018-04-18', 7.258259236028543, 1, 10057, 1, 10000, 23);
INSERT INTO realisation(realisation_id, date, distance, activity_id, programme_id, CENTREINTERET_ID, timeframe_id) VALUES (10113, '2018-04-18', 4, 10229, 10057, 10000, 23);
INSERT INTO activity(activity_id, date, distance, estrealisee, programme_id, sport_id, CENTREINTERET_ID, timeframe_id) VALUES (10230, '2018-04-19', 7.334217747525862, 1, 10057, 1, 10000, 23);
INSERT INTO realisation(realisation_id, date, distance, activity_id, programme_id, CENTREINTERET_ID, timeframe_id) VALUES (10114, '2018-04-19', 4, 10230, 10057, 10000, 23);
INSERT INTO activity(activity_id, date, distance, estrealisee, programme_id, sport_id, CENTREINTERET_ID, timeframe_id) VALUES (10231, '2018-04-20', 8.710816613820732, 1, 10057, 1, 10000, 28);
INSERT INTO realisation(realisation_id, date, distance, activity_id, programme_id, CENTREINTERET_ID, timeframe_id) VALUES (10115, '2018-04-20', 4, 10231, 10057, 10000, 28);

INSERT INTO point (ID, x, y) VALUES (50029, 45.76161965169026, 4.871550147350452);
INSERT INTO users (ID, USERNAME, PASSWORD, FIRSTNAME, LASTNAME, EMAIL, ENABLED, LASTPASSWORDRESETDATE, OBJECTIFHEBDO, Location_id) VALUES (10029, "user29", "$2a$08$UkVvwpULis18S19S5pZFn.YHPZt3oaqHZnDwqbCW9pft6uFtkXKDC", "user29", "user29", "user29@user.com", 1, "2003/01/22", 12, 50029);
INSERT INTO user_authority (USER_ID, AUTHORITY_ID) VALUES (10029, 2);
INSERT INTO programme(programme_id, date_debut, user_id) VALUES (10058, '2018-04-30', 10029);
INSERT INTO activity(activity_id, date, distance, estrealisee, programme_id, sport_id, CENTREINTERET_ID, timeframe_id) VALUES (10232, '2018-05-01', 11.172805447354293, 0, 10058, 1, 10000, 14);
INSERT INTO activity(activity_id, date, distance, estrealisee, programme_id, sport_id, CENTREINTERET_ID, timeframe_id) VALUES (10233, '2018-05-02', 11.133859423606442, 0, 10058, 1, 10000, 20);
INSERT INTO activity(activity_id, date, distance, estrealisee, programme_id, sport_id, CENTREINTERET_ID, timeframe_id) VALUES (10234, '2018-05-03', 8.985190738972523, 0, 10058, 1, 10000, 31);
INSERT INTO activity(activity_id, date, distance, estrealisee, programme_id, sport_id, CENTREINTERET_ID, timeframe_id) VALUES (10235, '2018-05-04', 8.09120244560306, 0, 10058, 1, 10000, 39);
INSERT INTO programme(programme_id, date_debut, user_id) VALUES (10059, '2018-04-23', 10029);
INSERT INTO activity(activity_id, date, distance, estrealisee, programme_id, sport_id, CENTREINTERET_ID, timeframe_id) VALUES (10236, '2018-04-17', 9.706298241227131, 1, 10059, 1, 10000, 41);
INSERT INTO realisation(realisation_id, date, distance, activity_id, programme_id, CENTREINTERET_ID, timeframe_id) VALUES (10116, '2018-04-17', 4, 10236, 10059, 10000, 41);
INSERT INTO activity(activity_id, date, distance, estrealisee, programme_id, sport_id, CENTREINTERET_ID, timeframe_id) VALUES (10237, '2018-04-18', 7.34299782469379, 1, 10059, 1, 10000, 15);
INSERT INTO realisation(realisation_id, date, distance, activity_id, programme_id, CENTREINTERET_ID, timeframe_id) VALUES (10117, '2018-04-18', 4, 10237, 10059, 10000, 15);
INSERT INTO activity(activity_id, date, distance, estrealisee, programme_id, sport_id, CENTREINTERET_ID, timeframe_id) VALUES (10238, '2018-04-19', 8.523944682624572, 1, 10059, 1, 10000, 23);
INSERT INTO realisation(realisation_id, date, distance, activity_id, programme_id, CENTREINTERET_ID, timeframe_id) VALUES (10118, '2018-04-19', 4, 10238, 10059, 10000, 23);
INSERT INTO activity(activity_id, date, distance, estrealisee, programme_id, sport_id, CENTREINTERET_ID, timeframe_id) VALUES (10239, '2018-04-20', 7.447988532414239, 1, 10059, 1, 10000, 32);
INSERT INTO realisation(realisation_id, date, distance, activity_id, programme_id, CENTREINTERET_ID, timeframe_id) VALUES (10119, '2018-04-20', 4, 10239, 10059, 10000, 32);

INSERT INTO point (ID, x, y) VALUES (50030, 45.78104497806195, 4.8460468140879644);
INSERT INTO users (ID, USERNAME, PASSWORD, FIRSTNAME, LASTNAME, EMAIL, ENABLED, LASTPASSWORDRESETDATE, OBJECTIFHEBDO, Location_id) VALUES (10030, "user30", "$2a$08$UkVvwpULis18S19S5pZFn.YHPZt3oaqHZnDwqbCW9pft6uFtkXKDC", "user30", "user30", "user30@user.com", 1, "2003/01/22", 11, 50030);
INSERT INTO user_authority (USER_ID, AUTHORITY_ID) VALUES (10030, 2);
INSERT INTO programme(programme_id, date_debut, user_id) VALUES (10060, '2018-04-30', 10030);
INSERT INTO activity(activity_id, date, distance, estrealisee, programme_id, sport_id, CENTREINTERET_ID, timeframe_id) VALUES (10240, '2018-05-01', 8.484892482778887, 0, 10060, 1, 10000, 14);
INSERT INTO activity(activity_id, date, distance, estrealisee, programme_id, sport_id, CENTREINTERET_ID, timeframe_id) VALUES (10241, '2018-05-02', 8.557649326824702, 0, 10060, 1, 10000, 20);
INSERT INTO activity(activity_id, date, distance, estrealisee, programme_id, sport_id, CENTREINTERET_ID, timeframe_id) VALUES (10242, '2018-05-03', 7.533419458430243, 0, 10060, 1, 10000, 31);
INSERT INTO activity(activity_id, date, distance, estrealisee, programme_id, sport_id, CENTREINTERET_ID, timeframe_id) VALUES (10243, '2018-05-04', 11.864488082553475, 0, 10060, 1, 10000, 39);
INSERT INTO programme(programme_id, date_debut, user_id) VALUES (10061, '2018-04-23', 10030);
INSERT INTO activity(activity_id, date, distance, estrealisee, programme_id, sport_id, CENTREINTERET_ID, timeframe_id) VALUES (10244, '2018-04-17', 7.771378705013418, 1, 10061, 1, 10000, 20);
INSERT INTO realisation(realisation_id, date, distance, activity_id, programme_id, CENTREINTERET_ID, timeframe_id) VALUES (10120, '2018-04-17', 4, 10244, 10061, 10000, 20);
INSERT INTO activity(activity_id, date, distance, estrealisee, programme_id, sport_id, CENTREINTERET_ID, timeframe_id) VALUES (10245, '2018-04-18', 8.857541322997886, 1, 10061, 1, 10000, 29);
INSERT INTO realisation(realisation_id, date, distance, activity_id, programme_id, CENTREINTERET_ID, timeframe_id) VALUES (10121, '2018-04-18', 4, 10245, 10061, 10000, 29);
INSERT INTO activity(activity_id, date, distance, estrealisee, programme_id, sport_id, CENTREINTERET_ID, timeframe_id) VALUES (10246, '2018-04-19', 10.203028742146858, 1, 10061, 1, 10000, 54);
INSERT INTO realisation(realisation_id, date, distance, activity_id, programme_id, CENTREINTERET_ID, timeframe_id) VALUES (10122, '2018-04-19', 4, 10246, 10061, 10000, 54);
INSERT INTO activity(activity_id, date, distance, estrealisee, programme_id, sport_id, CENTREINTERET_ID, timeframe_id) VALUES (10247, '2018-04-20', 9.530066257525817, 1, 10061, 1, 10000, 15);
INSERT INTO realisation(realisation_id, date, distance, activity_id, programme_id, CENTREINTERET_ID, timeframe_id) VALUES (10123, '2018-04-20', 4, 10247, 10061, 10000, 15);

INSERT INTO point (ID, x, y) VALUES (50031, 45.79185658458292, 4.82901989726586);
INSERT INTO users (ID, USERNAME, PASSWORD, FIRSTNAME, LASTNAME, EMAIL, ENABLED, LASTPASSWORDRESETDATE, OBJECTIFHEBDO, Location_id) VALUES (10031, "user31", "$2a$08$UkVvwpULis18S19S5pZFn.YHPZt3oaqHZnDwqbCW9pft6uFtkXKDC", "user31", "user31", "user31@user.com", 1, "2003/01/22", 16, 50031);
INSERT INTO user_authority (USER_ID, AUTHORITY_ID) VALUES (10031, 2);
INSERT INTO programme(programme_id, date_debut, user_id) VALUES (10062, '2018-04-30', 10031);
INSERT INTO activity(activity_id, date, distance, estrealisee, programme_id, sport_id, CENTREINTERET_ID, timeframe_id) VALUES (10248, '2018-05-01', 11.848153475231033, 0, 10062, 1, 10000, 14);
INSERT INTO activity(activity_id, date, distance, estrealisee, programme_id, sport_id, CENTREINTERET_ID, timeframe_id) VALUES (10249, '2018-05-02', 7.323602025370945, 0, 10062, 1, 10000, 20);
INSERT INTO activity(activity_id, date, distance, estrealisee, programme_id, sport_id, CENTREINTERET_ID, timeframe_id) VALUES (10250, '2018-05-03', 11.618758725051908, 0, 10062, 1, 10000, 31);
INSERT INTO activity(activity_id, date, distance, estrealisee, programme_id, sport_id, CENTREINTERET_ID, timeframe_id) VALUES (10251, '2018-05-04', 11.686680133682382, 0, 10062, 1, 10000, 39);
INSERT INTO programme(programme_id, date_debut, user_id) VALUES (10063, '2018-04-23', 10031);
INSERT INTO activity(activity_id, date, distance, estrealisee, programme_id, sport_id, CENTREINTERET_ID, timeframe_id) VALUES (10252, '2018-04-17', 8.368489709157481, 1, 10063, 1, 10000, 14);
INSERT INTO realisation(realisation_id, date, distance, activity_id, programme_id, CENTREINTERET_ID, timeframe_id) VALUES (10124, '2018-04-17', 4, 10252, 10063, 10000, 14);
INSERT INTO activity(activity_id, date, distance, estrealisee, programme_id, sport_id, CENTREINTERET_ID, timeframe_id) VALUES (10253, '2018-04-18', 10.046825749184773, 1, 10063, 1, 10000, 13);
INSERT INTO realisation(realisation_id, date, distance, activity_id, programme_id, CENTREINTERET_ID, timeframe_id) VALUES (10125, '2018-04-18', 4, 10253, 10063, 10000, 13);
INSERT INTO activity(activity_id, date, distance, estrealisee, programme_id, sport_id, CENTREINTERET_ID, timeframe_id) VALUES (10254, '2018-04-19', 10.937348630992727, 1, 10063, 1, 10000, 26);
INSERT INTO realisation(realisation_id, date, distance, activity_id, programme_id, CENTREINTERET_ID, timeframe_id) VALUES (10126, '2018-04-19', 4, 10254, 10063, 10000, 26);
INSERT INTO activity(activity_id, date, distance, estrealisee, programme_id, sport_id, CENTREINTERET_ID, timeframe_id) VALUES (10255, '2018-04-20', 9.809038697138087, 1, 10063, 1, 10000, 54);
INSERT INTO realisation(realisation_id, date, distance, activity_id, programme_id, CENTREINTERET_ID, timeframe_id) VALUES (10127, '2018-04-20', 4, 10255, 10063, 10000, 54);

INSERT INTO point (ID, x, y) VALUES (50032, 45.71714548018867, 4.881098387480191);
INSERT INTO users (ID, USERNAME, PASSWORD, FIRSTNAME, LASTNAME, EMAIL, ENABLED, LASTPASSWORDRESETDATE, OBJECTIFHEBDO, Location_id) VALUES (10032, "user32", "$2a$08$UkVvwpULis18S19S5pZFn.YHPZt3oaqHZnDwqbCW9pft6uFtkXKDC", "user32", "user32", "user32@user.com", 1, "2003/01/22", 8, 50032);
INSERT INTO user_authority (USER_ID, AUTHORITY_ID) VALUES (10032, 2);
INSERT INTO programme(programme_id, date_debut, user_id) VALUES (10064, '2018-04-30', 10032);
INSERT INTO activity(activity_id, date, distance, estrealisee, programme_id, sport_id, CENTREINTERET_ID, timeframe_id) VALUES (10256, '2018-05-01', 9.876269387968634, 0, 10064, 1, 10000, 14);
INSERT INTO activity(activity_id, date, distance, estrealisee, programme_id, sport_id, CENTREINTERET_ID, timeframe_id) VALUES (10257, '2018-05-02', 10.401057235489073, 0, 10064, 1, 10000, 20);
INSERT INTO activity(activity_id, date, distance, estrealisee, programme_id, sport_id, CENTREINTERET_ID, timeframe_id) VALUES (10258, '2018-05-03', 9.534857311766189, 0, 10064, 1, 10000, 31);
INSERT INTO activity(activity_id, date, distance, estrealisee, programme_id, sport_id, CENTREINTERET_ID, timeframe_id) VALUES (10259, '2018-05-04', 8.56434378635118, 0, 10064, 1, 10000, 39);
INSERT INTO programme(programme_id, date_debut, user_id) VALUES (10065, '2018-04-23', 10032);
INSERT INTO activity(activity_id, date, distance, estrealisee, programme_id, sport_id, CENTREINTERET_ID, timeframe_id) VALUES (10260, '2018-04-17', 9.575091677638934, 1, 10065, 1, 10000, 6);
INSERT INTO realisation(realisation_id, date, distance, activity_id, programme_id, CENTREINTERET_ID, timeframe_id) VALUES (10128, '2018-04-17', 4, 10260, 10065, 10000, 6);
INSERT INTO activity(activity_id, date, distance, estrealisee, programme_id, sport_id, CENTREINTERET_ID, timeframe_id) VALUES (10261, '2018-04-18', 9.169405661131986, 1, 10065, 1, 10000, 45);
INSERT INTO realisation(realisation_id, date, distance, activity_id, programme_id, CENTREINTERET_ID, timeframe_id) VALUES (10129, '2018-04-18', 4, 10261, 10065, 10000, 45);
INSERT INTO activity(activity_id, date, distance, estrealisee, programme_id, sport_id, CENTREINTERET_ID, timeframe_id) VALUES (10262, '2018-04-19', 8.898223161972679, 1, 10065, 1, 10000, 50);
INSERT INTO realisation(realisation_id, date, distance, activity_id, programme_id, CENTREINTERET_ID, timeframe_id) VALUES (10130, '2018-04-19', 4, 10262, 10065, 10000, 50);
INSERT INTO activity(activity_id, date, distance, estrealisee, programme_id, sport_id, CENTREINTERET_ID, timeframe_id) VALUES (10263, '2018-04-20', 10.986712216442022, 1, 10065, 1, 10000, 1);
INSERT INTO realisation(realisation_id, date, distance, activity_id, programme_id, CENTREINTERET_ID, timeframe_id) VALUES (10131, '2018-04-20', 4, 10263, 10065, 10000, 1);

INSERT INTO point (ID, x, y) VALUES (50033, 45.76261373387188, 4.883526849438693);
INSERT INTO users (ID, USERNAME, PASSWORD, FIRSTNAME, LASTNAME, EMAIL, ENABLED, LASTPASSWORDRESETDATE, OBJECTIFHEBDO, Location_id) VALUES (10033, "user33", "$2a$08$UkVvwpULis18S19S5pZFn.YHPZt3oaqHZnDwqbCW9pft6uFtkXKDC", "user33", "user33", "user33@user.com", 1, "2003/01/22", 15, 50033);
INSERT INTO user_authority (USER_ID, AUTHORITY_ID) VALUES (10033, 2);
INSERT INTO programme(programme_id, date_debut, user_id) VALUES (10066, '2018-04-30', 10033);
INSERT INTO activity(activity_id, date, distance, estrealisee, programme_id, sport_id, CENTREINTERET_ID, timeframe_id) VALUES (10264, '2018-05-01', 9.011650709368244, 0, 10066, 1, 10000, 14);
INSERT INTO activity(activity_id, date, distance, estrealisee, programme_id, sport_id, CENTREINTERET_ID, timeframe_id) VALUES (10265, '2018-05-02', 11.063401096630425, 0, 10066, 1, 10000, 20);
INSERT INTO activity(activity_id, date, distance, estrealisee, programme_id, sport_id, CENTREINTERET_ID, timeframe_id) VALUES (10266, '2018-05-03', 8.560979913746511, 0, 10066, 1, 10000, 31);
INSERT INTO activity(activity_id, date, distance, estrealisee, programme_id, sport_id, CENTREINTERET_ID, timeframe_id) VALUES (10267, '2018-05-04', 10.538719654757877, 0, 10066, 1, 10000, 39);
INSERT INTO programme(programme_id, date_debut, user_id) VALUES (10067, '2018-04-23', 10033);
INSERT INTO activity(activity_id, date, distance, estrealisee, programme_id, sport_id, CENTREINTERET_ID, timeframe_id) VALUES (10268, '2018-04-17', 10.212977390483694, 1, 10067, 1, 10000, 15);
INSERT INTO realisation(realisation_id, date, distance, activity_id, programme_id, CENTREINTERET_ID, timeframe_id) VALUES (10132, '2018-04-17', 4, 10268, 10067, 10000, 15);
INSERT INTO activity(activity_id, date, distance, estrealisee, programme_id, sport_id, CENTREINTERET_ID, timeframe_id) VALUES (10269, '2018-04-18', 7.267158498257569, 1, 10067, 1, 10000, 31);
INSERT INTO realisation(realisation_id, date, distance, activity_id, programme_id, CENTREINTERET_ID, timeframe_id) VALUES (10133, '2018-04-18', 4, 10269, 10067, 10000, 31);
INSERT INTO activity(activity_id, date, distance, estrealisee, programme_id, sport_id, CENTREINTERET_ID, timeframe_id) VALUES (10270, '2018-04-19', 7.896160958202904, 1, 10067, 1, 10000, 1);
INSERT INTO realisation(realisation_id, date, distance, activity_id, programme_id, CENTREINTERET_ID, timeframe_id) VALUES (10134, '2018-04-19', 4, 10270, 10067, 10000, 1);
INSERT INTO activity(activity_id, date, distance, estrealisee, programme_id, sport_id, CENTREINTERET_ID, timeframe_id) VALUES (10271, '2018-04-20', 7.614295986136312, 1, 10067, 1, 10000, 46);
INSERT INTO realisation(realisation_id, date, distance, activity_id, programme_id, CENTREINTERET_ID, timeframe_id) VALUES (10135, '2018-04-20', 4, 10271, 10067, 10000, 46);

INSERT INTO point (ID, x, y) VALUES (50034, 45.71925395617196, 4.856512099068266);
INSERT INTO users (ID, USERNAME, PASSWORD, FIRSTNAME, LASTNAME, EMAIL, ENABLED, LASTPASSWORDRESETDATE, OBJECTIFHEBDO, Location_id) VALUES (10034, "user34", "$2a$08$UkVvwpULis18S19S5pZFn.YHPZt3oaqHZnDwqbCW9pft6uFtkXKDC", "user34", "user34", "user34@user.com", 1, "2003/01/22", 18, 50034);
INSERT INTO user_authority (USER_ID, AUTHORITY_ID) VALUES (10034, 2);
INSERT INTO programme(programme_id, date_debut, user_id) VALUES (10068, '2018-04-30', 10034);
INSERT INTO activity(activity_id, date, distance, estrealisee, programme_id, sport_id, CENTREINTERET_ID, timeframe_id) VALUES (10272, '2018-05-01', 8.561965893800776, 0, 10068, 1, 10000, 14);
INSERT INTO activity(activity_id, date, distance, estrealisee, programme_id, sport_id, CENTREINTERET_ID, timeframe_id) VALUES (10273, '2018-05-02', 10.765453497756269, 0, 10068, 1, 10000, 20);
INSERT INTO activity(activity_id, date, distance, estrealisee, programme_id, sport_id, CENTREINTERET_ID, timeframe_id) VALUES (10274, '2018-05-03', 7.6907550777300955, 0, 10068, 1, 10000, 31);
INSERT INTO activity(activity_id, date, distance, estrealisee, programme_id, sport_id, CENTREINTERET_ID, timeframe_id) VALUES (10275, '2018-05-04', 11.921912039807776, 0, 10068, 1, 10000, 39);
INSERT INTO programme(programme_id, date_debut, user_id) VALUES (10069, '2018-04-23', 10034);
INSERT INTO activity(activity_id, date, distance, estrealisee, programme_id, sport_id, CENTREINTERET_ID, timeframe_id) VALUES (10276, '2018-04-17', 11.414275728742417, 1, 10069, 1, 10000, 2);
INSERT INTO realisation(realisation_id, date, distance, activity_id, programme_id, CENTREINTERET_ID, timeframe_id) VALUES (10136, '2018-04-17', 4, 10276, 10069, 10000, 2);
INSERT INTO activity(activity_id, date, distance, estrealisee, programme_id, sport_id, CENTREINTERET_ID, timeframe_id) VALUES (10277, '2018-04-18', 9.686667836300863, 1, 10069, 1, 10000, 0);
INSERT INTO realisation(realisation_id, date, distance, activity_id, programme_id, CENTREINTERET_ID, timeframe_id) VALUES (10137, '2018-04-18', 4, 10277, 10069, 10000, 0);
INSERT INTO activity(activity_id, date, distance, estrealisee, programme_id, sport_id, CENTREINTERET_ID, timeframe_id) VALUES (10278, '2018-04-19', 10.415828228588826, 1, 10069, 1, 10000, 28);
INSERT INTO realisation(realisation_id, date, distance, activity_id, programme_id, CENTREINTERET_ID, timeframe_id) VALUES (10138, '2018-04-19', 4, 10278, 10069, 10000, 28);
INSERT INTO activity(activity_id, date, distance, estrealisee, programme_id, sport_id, CENTREINTERET_ID, timeframe_id) VALUES (10279, '2018-04-20', 8.385273079203289, 1, 10069, 1, 10000, 32);
INSERT INTO realisation(realisation_id, date, distance, activity_id, programme_id, CENTREINTERET_ID, timeframe_id) VALUES (10139, '2018-04-20', 4, 10279, 10069, 10000, 32);

INSERT INTO point (ID, x, y) VALUES (50035, 45.78578890940074, 4.88961549904432);
INSERT INTO users (ID, USERNAME, PASSWORD, FIRSTNAME, LASTNAME, EMAIL, ENABLED, LASTPASSWORDRESETDATE, OBJECTIFHEBDO, Location_id) VALUES (10035, "user35", "$2a$08$UkVvwpULis18S19S5pZFn.YHPZt3oaqHZnDwqbCW9pft6uFtkXKDC", "user35", "user35", "user35@user.com", 1, "2003/01/22", 8, 50035);
INSERT INTO user_authority (USER_ID, AUTHORITY_ID) VALUES (10035, 2);
INSERT INTO programme(programme_id, date_debut, user_id) VALUES (10070, '2018-04-30', 10035);
INSERT INTO activity(activity_id, date, distance, estrealisee, programme_id, sport_id, CENTREINTERET_ID, timeframe_id) VALUES (10280, '2018-05-01', 10.260910236411778, 0, 10070, 1, 10000, 14);
INSERT INTO activity(activity_id, date, distance, estrealisee, programme_id, sport_id, CENTREINTERET_ID, timeframe_id) VALUES (10281, '2018-05-02', 8.882361282742814, 0, 10070, 1, 10000, 20);
INSERT INTO activity(activity_id, date, distance, estrealisee, programme_id, sport_id, CENTREINTERET_ID, timeframe_id) VALUES (10282, '2018-05-03', 7.832094478250831, 0, 10070, 1, 10000, 31);
INSERT INTO activity(activity_id, date, distance, estrealisee, programme_id, sport_id, CENTREINTERET_ID, timeframe_id) VALUES (10283, '2018-05-04', 8.630629254170422, 0, 10070, 1, 10000, 39);
INSERT INTO programme(programme_id, date_debut, user_id) VALUES (10071, '2018-04-23', 10035);
INSERT INTO activity(activity_id, date, distance, estrealisee, programme_id, sport_id, CENTREINTERET_ID, timeframe_id) VALUES (10284, '2018-04-17', 11.082830023904695, 1, 10071, 1, 10000, 18);
INSERT INTO realisation(realisation_id, date, distance, activity_id, programme_id, CENTREINTERET_ID, timeframe_id) VALUES (10140, '2018-04-17', 4, 10284, 10071, 10000, 18);
INSERT INTO activity(activity_id, date, distance, estrealisee, programme_id, sport_id, CENTREINTERET_ID, timeframe_id) VALUES (10285, '2018-04-18', 9.86905209070964, 1, 10071, 1, 10000, 7);
INSERT INTO realisation(realisation_id, date, distance, activity_id, programme_id, CENTREINTERET_ID, timeframe_id) VALUES (10141, '2018-04-18', 4, 10285, 10071, 10000, 7);
INSERT INTO activity(activity_id, date, distance, estrealisee, programme_id, sport_id, CENTREINTERET_ID, timeframe_id) VALUES (10286, '2018-04-19', 8.247530453804305, 1, 10071, 1, 10000, 1);
INSERT INTO realisation(realisation_id, date, distance, activity_id, programme_id, CENTREINTERET_ID, timeframe_id) VALUES (10142, '2018-04-19', 4, 10286, 10071, 10000, 1);
INSERT INTO activity(activity_id, date, distance, estrealisee, programme_id, sport_id, CENTREINTERET_ID, timeframe_id) VALUES (10287, '2018-04-20', 8.053698544834651, 1, 10071, 1, 10000, 51);
INSERT INTO realisation(realisation_id, date, distance, activity_id, programme_id, CENTREINTERET_ID, timeframe_id) VALUES (10143, '2018-04-20', 4, 10287, 10071, 10000, 51);

INSERT INTO point (ID, x, y) VALUES (50036, 45.790566312916404, 4.856056140673148);
INSERT INTO users (ID, USERNAME, PASSWORD, FIRSTNAME, LASTNAME, EMAIL, ENABLED, LASTPASSWORDRESETDATE, OBJECTIFHEBDO, Location_id) VALUES (10036, "user36", "$2a$08$UkVvwpULis18S19S5pZFn.YHPZt3oaqHZnDwqbCW9pft6uFtkXKDC", "user36", "user36", "user36@user.com", 1, "2003/01/22", 12, 50036);
INSERT INTO user_authority (USER_ID, AUTHORITY_ID) VALUES (10036, 2);
INSERT INTO programme(programme_id, date_debut, user_id) VALUES (10072, '2018-04-30', 10036);
INSERT INTO activity(activity_id, date, distance, estrealisee, programme_id, sport_id, CENTREINTERET_ID, timeframe_id) VALUES (10288, '2018-05-01', 8.016281316252037, 0, 10072, 1, 10000, 14);
INSERT INTO activity(activity_id, date, distance, estrealisee, programme_id, sport_id, CENTREINTERET_ID, timeframe_id) VALUES (10289, '2018-05-02', 9.765926838374213, 0, 10072, 1, 10000, 20);
INSERT INTO activity(activity_id, date, distance, estrealisee, programme_id, sport_id, CENTREINTERET_ID, timeframe_id) VALUES (10290, '2018-05-03', 10.575368095191019, 0, 10072, 1, 10000, 31);
INSERT INTO activity(activity_id, date, distance, estrealisee, programme_id, sport_id, CENTREINTERET_ID, timeframe_id) VALUES (10291, '2018-05-04', 9.658090230991647, 0, 10072, 1, 10000, 39);
INSERT INTO programme(programme_id, date_debut, user_id) VALUES (10073, '2018-04-23', 10036);
INSERT INTO activity(activity_id, date, distance, estrealisee, programme_id, sport_id, CENTREINTERET_ID, timeframe_id) VALUES (10292, '2018-04-17', 7.9993558939045135, 1, 10073, 1, 10000, 7);
INSERT INTO realisation(realisation_id, date, distance, activity_id, programme_id, CENTREINTERET_ID, timeframe_id) VALUES (10144, '2018-04-17', 4, 10292, 10073, 10000, 7);
INSERT INTO activity(activity_id, date, distance, estrealisee, programme_id, sport_id, CENTREINTERET_ID, timeframe_id) VALUES (10293, '2018-04-18', 10.139234089921988, 1, 10073, 1, 10000, 29);
INSERT INTO realisation(realisation_id, date, distance, activity_id, programme_id, CENTREINTERET_ID, timeframe_id) VALUES (10145, '2018-04-18', 4, 10293, 10073, 10000, 29);
INSERT INTO activity(activity_id, date, distance, estrealisee, programme_id, sport_id, CENTREINTERET_ID, timeframe_id) VALUES (10294, '2018-04-19', 7.342675928536296, 1, 10073, 1, 10000, 23);
INSERT INTO realisation(realisation_id, date, distance, activity_id, programme_id, CENTREINTERET_ID, timeframe_id) VALUES (10146, '2018-04-19', 4, 10294, 10073, 10000, 23);
INSERT INTO activity(activity_id, date, distance, estrealisee, programme_id, sport_id, CENTREINTERET_ID, timeframe_id) VALUES (10295, '2018-04-20', 8.557204989776778, 1, 10073, 1, 10000, 20);
INSERT INTO realisation(realisation_id, date, distance, activity_id, programme_id, CENTREINTERET_ID, timeframe_id) VALUES (10147, '2018-04-20', 4, 10295, 10073, 10000, 20);

INSERT INTO point (ID, x, y) VALUES (50037, 45.734161086695224, 4.820952860453949);
INSERT INTO users (ID, USERNAME, PASSWORD, FIRSTNAME, LASTNAME, EMAIL, ENABLED, LASTPASSWORDRESETDATE, OBJECTIFHEBDO, Location_id) VALUES (10037, "user37", "$2a$08$UkVvwpULis18S19S5pZFn.YHPZt3oaqHZnDwqbCW9pft6uFtkXKDC", "user37", "user37", "user37@user.com", 1, "2003/01/22", 17, 50037);
INSERT INTO user_authority (USER_ID, AUTHORITY_ID) VALUES (10037, 2);
INSERT INTO programme(programme_id, date_debut, user_id) VALUES (10074, '2018-04-30', 10037);
INSERT INTO activity(activity_id, date, distance, estrealisee, programme_id, sport_id, CENTREINTERET_ID, timeframe_id) VALUES (10296, '2018-05-01', 8.127402453198753, 0, 10074, 1, 10000, 14);
INSERT INTO activity(activity_id, date, distance, estrealisee, programme_id, sport_id, CENTREINTERET_ID, timeframe_id) VALUES (10297, '2018-05-02', 9.646314735013195, 0, 10074, 1, 10000, 20);
INSERT INTO activity(activity_id, date, distance, estrealisee, programme_id, sport_id, CENTREINTERET_ID, timeframe_id) VALUES (10298, '2018-05-03', 9.596529349108533, 0, 10074, 1, 10000, 31);
INSERT INTO activity(activity_id, date, distance, estrealisee, programme_id, sport_id, CENTREINTERET_ID, timeframe_id) VALUES (10299, '2018-05-04', 8.18315241402056, 0, 10074, 1, 10000, 39);
INSERT INTO programme(programme_id, date_debut, user_id) VALUES (10075, '2018-04-23', 10037);
INSERT INTO activity(activity_id, date, distance, estrealisee, programme_id, sport_id, CENTREINTERET_ID, timeframe_id) VALUES (10300, '2018-04-17', 7.350897413997739, 1, 10075, 1, 10000, 44);
INSERT INTO realisation(realisation_id, date, distance, activity_id, programme_id, CENTREINTERET_ID, timeframe_id) VALUES (10148, '2018-04-17', 4, 10300, 10075, 10000, 44);
INSERT INTO activity(activity_id, date, distance, estrealisee, programme_id, sport_id, CENTREINTERET_ID, timeframe_id) VALUES (10301, '2018-04-18', 10.522094909999634, 1, 10075, 1, 10000, 35);
INSERT INTO realisation(realisation_id, date, distance, activity_id, programme_id, CENTREINTERET_ID, timeframe_id) VALUES (10149, '2018-04-18', 4, 10301, 10075, 10000, 35);
INSERT INTO activity(activity_id, date, distance, estrealisee, programme_id, sport_id, CENTREINTERET_ID, timeframe_id) VALUES (10302, '2018-04-19', 11.369889098913978, 1, 10075, 1, 10000, 10);
INSERT INTO realisation(realisation_id, date, distance, activity_id, programme_id, CENTREINTERET_ID, timeframe_id) VALUES (10150, '2018-04-19', 4, 10302, 10075, 10000, 10);
INSERT INTO activity(activity_id, date, distance, estrealisee, programme_id, sport_id, CENTREINTERET_ID, timeframe_id) VALUES (10303, '2018-04-20', 7.531239680798322, 1, 10075, 1, 10000, 12);
INSERT INTO realisation(realisation_id, date, distance, activity_id, programme_id, CENTREINTERET_ID, timeframe_id) VALUES (10151, '2018-04-20', 4, 10303, 10075, 10000, 12);

INSERT INTO point (ID, x, y) VALUES (50038, 45.74672983334699, 4.894334195190522);
INSERT INTO users (ID, USERNAME, PASSWORD, FIRSTNAME, LASTNAME, EMAIL, ENABLED, LASTPASSWORDRESETDATE, OBJECTIFHEBDO, Location_id) VALUES (10038, "user38", "$2a$08$UkVvwpULis18S19S5pZFn.YHPZt3oaqHZnDwqbCW9pft6uFtkXKDC", "user38", "user38", "user38@user.com", 1, "2003/01/22", 7, 50038);
INSERT INTO user_authority (USER_ID, AUTHORITY_ID) VALUES (10038, 2);
INSERT INTO programme(programme_id, date_debut, user_id) VALUES (10076, '2018-04-30', 10038);
INSERT INTO activity(activity_id, date, distance, estrealisee, programme_id, sport_id, CENTREINTERET_ID, timeframe_id) VALUES (10304, '2018-05-01', 9.481214467684067, 0, 10076, 1, 10000, 14);
INSERT INTO activity(activity_id, date, distance, estrealisee, programme_id, sport_id, CENTREINTERET_ID, timeframe_id) VALUES (10305, '2018-05-02', 8.84859280715404, 0, 10076, 1, 10000, 20);
INSERT INTO activity(activity_id, date, distance, estrealisee, programme_id, sport_id, CENTREINTERET_ID, timeframe_id) VALUES (10306, '2018-05-03', 9.403074869558813, 0, 10076, 1, 10000, 31);
INSERT INTO activity(activity_id, date, distance, estrealisee, programme_id, sport_id, CENTREINTERET_ID, timeframe_id) VALUES (10307, '2018-05-04', 10.7100666200112, 0, 10076, 1, 10000, 39);
INSERT INTO programme(programme_id, date_debut, user_id) VALUES (10077, '2018-04-23', 10038);
INSERT INTO activity(activity_id, date, distance, estrealisee, programme_id, sport_id, CENTREINTERET_ID, timeframe_id) VALUES (10308, '2018-04-17', 10.940506823473259, 1, 10077, 1, 10000, 41);
INSERT INTO realisation(realisation_id, date, distance, activity_id, programme_id, CENTREINTERET_ID, timeframe_id) VALUES (10152, '2018-04-17', 4, 10308, 10077, 10000, 41);
INSERT INTO activity(activity_id, date, distance, estrealisee, programme_id, sport_id, CENTREINTERET_ID, timeframe_id) VALUES (10309, '2018-04-18', 11.146204349960014, 1, 10077, 1, 10000, 41);
INSERT INTO realisation(realisation_id, date, distance, activity_id, programme_id, CENTREINTERET_ID, timeframe_id) VALUES (10153, '2018-04-18', 4, 10309, 10077, 10000, 41);
INSERT INTO activity(activity_id, date, distance, estrealisee, programme_id, sport_id, CENTREINTERET_ID, timeframe_id) VALUES (10310, '2018-04-19', 11.38544275292646, 1, 10077, 1, 10000, 31);
INSERT INTO realisation(realisation_id, date, distance, activity_id, programme_id, CENTREINTERET_ID, timeframe_id) VALUES (10154, '2018-04-19', 4, 10310, 10077, 10000, 31);
INSERT INTO activity(activity_id, date, distance, estrealisee, programme_id, sport_id, CENTREINTERET_ID, timeframe_id) VALUES (10311, '2018-04-20', 7.717918554885394, 1, 10077, 1, 10000, 3);
INSERT INTO realisation(realisation_id, date, distance, activity_id, programme_id, CENTREINTERET_ID, timeframe_id) VALUES (10155, '2018-04-20', 4, 10311, 10077, 10000, 3);

INSERT INTO point (ID, x, y) VALUES (50039, 45.781543817899426, 4.846029001691577);
INSERT INTO users (ID, USERNAME, PASSWORD, FIRSTNAME, LASTNAME, EMAIL, ENABLED, LASTPASSWORDRESETDATE, OBJECTIFHEBDO, Location_id) VALUES (10039, "user39", "$2a$08$UkVvwpULis18S19S5pZFn.YHPZt3oaqHZnDwqbCW9pft6uFtkXKDC", "user39", "user39", "user39@user.com", 1, "2003/01/22", 6, 50039);
INSERT INTO user_authority (USER_ID, AUTHORITY_ID) VALUES (10039, 2);
INSERT INTO programme(programme_id, date_debut, user_id) VALUES (10078, '2018-04-30', 10039);
INSERT INTO activity(activity_id, date, distance, estrealisee, programme_id, sport_id, CENTREINTERET_ID, timeframe_id) VALUES (10312, '2018-05-01', 10.994707075528494, 0, 10078, 1, 10000, 14);
INSERT INTO activity(activity_id, date, distance, estrealisee, programme_id, sport_id, CENTREINTERET_ID, timeframe_id) VALUES (10313, '2018-05-02', 11.032814109941839, 0, 10078, 1, 10000, 20);
INSERT INTO activity(activity_id, date, distance, estrealisee, programme_id, sport_id, CENTREINTERET_ID, timeframe_id) VALUES (10314, '2018-05-03', 10.405942518169747, 0, 10078, 1, 10000, 31);
INSERT INTO activity(activity_id, date, distance, estrealisee, programme_id, sport_id, CENTREINTERET_ID, timeframe_id) VALUES (10315, '2018-05-04', 9.736374498082423, 0, 10078, 1, 10000, 39);
INSERT INTO programme(programme_id, date_debut, user_id) VALUES (10079, '2018-04-23', 10039);
INSERT INTO activity(activity_id, date, distance, estrealisee, programme_id, sport_id, CENTREINTERET_ID, timeframe_id) VALUES (10316, '2018-04-17', 9.452813059843342, 1, 10079, 1, 10000, 36);
INSERT INTO realisation(realisation_id, date, distance, activity_id, programme_id, CENTREINTERET_ID, timeframe_id) VALUES (10156, '2018-04-17', 4, 10316, 10079, 10000, 36);
INSERT INTO activity(activity_id, date, distance, estrealisee, programme_id, sport_id, CENTREINTERET_ID, timeframe_id) VALUES (10317, '2018-04-18', 9.50502448188957, 1, 10079, 1, 10000, 35);
INSERT INTO realisation(realisation_id, date, distance, activity_id, programme_id, CENTREINTERET_ID, timeframe_id) VALUES (10157, '2018-04-18', 4, 10317, 10079, 10000, 35);
INSERT INTO activity(activity_id, date, distance, estrealisee, programme_id, sport_id, CENTREINTERET_ID, timeframe_id) VALUES (10318, '2018-04-19', 10.312656105610404, 1, 10079, 1, 10000, 46);
INSERT INTO realisation(realisation_id, date, distance, activity_id, programme_id, CENTREINTERET_ID, timeframe_id) VALUES (10158, '2018-04-19', 4, 10318, 10079, 10000, 46);
INSERT INTO activity(activity_id, date, distance, estrealisee, programme_id, sport_id, CENTREINTERET_ID, timeframe_id) VALUES (10319, '2018-04-20', 10.12918339704647, 1, 10079, 1, 10000, 55);
INSERT INTO realisation(realisation_id, date, distance, activity_id, programme_id, CENTREINTERET_ID, timeframe_id) VALUES (10159, '2018-04-20', 4, 10319, 10079, 10000, 55);

INSERT INTO point (ID, x, y) VALUES (50040, 45.743498582951354, 4.8558807356410725);
INSERT INTO users (ID, USERNAME, PASSWORD, FIRSTNAME, LASTNAME, EMAIL, ENABLED, LASTPASSWORDRESETDATE, OBJECTIFHEBDO, Location_id) VALUES (10040, "user40", "$2a$08$UkVvwpULis18S19S5pZFn.YHPZt3oaqHZnDwqbCW9pft6uFtkXKDC", "user40", "user40", "user40@user.com", 1, "2003/01/22", 6, 50040);
INSERT INTO user_authority (USER_ID, AUTHORITY_ID) VALUES (10040, 2);
INSERT INTO programme(programme_id, date_debut, user_id) VALUES (10080, '2018-04-30', 10040);
INSERT INTO activity(activity_id, date, distance, estrealisee, programme_id, sport_id, CENTREINTERET_ID, timeframe_id) VALUES (10320, '2018-05-01', 10.714635683433995, 0, 10080, 1, 10000, 14);
INSERT INTO activity(activity_id, date, distance, estrealisee, programme_id, sport_id, CENTREINTERET_ID, timeframe_id) VALUES (10321, '2018-05-02', 8.679731345612446, 0, 10080, 1, 10000, 20);
INSERT INTO activity(activity_id, date, distance, estrealisee, programme_id, sport_id, CENTREINTERET_ID, timeframe_id) VALUES (10322, '2018-05-03', 9.167026126591313, 0, 10080, 1, 10000, 31);
INSERT INTO activity(activity_id, date, distance, estrealisee, programme_id, sport_id, CENTREINTERET_ID, timeframe_id) VALUES (10323, '2018-05-04', 11.96431947339587, 0, 10080, 1, 10000, 39);
INSERT INTO programme(programme_id, date_debut, user_id) VALUES (10081, '2018-04-23', 10040);
INSERT INTO activity(activity_id, date, distance, estrealisee, programme_id, sport_id, CENTREINTERET_ID, timeframe_id) VALUES (10324, '2018-04-17', 9.072055394050885, 1, 10081, 1, 10000, 52);
INSERT INTO realisation(realisation_id, date, distance, activity_id, programme_id, CENTREINTERET_ID, timeframe_id) VALUES (10160, '2018-04-17', 4, 10324, 10081, 10000, 52);
INSERT INTO activity(activity_id, date, distance, estrealisee, programme_id, sport_id, CENTREINTERET_ID, timeframe_id) VALUES (10325, '2018-04-18', 9.149742830316203, 1, 10081, 1, 10000, 35);
INSERT INTO realisation(realisation_id, date, distance, activity_id, programme_id, CENTREINTERET_ID, timeframe_id) VALUES (10161, '2018-04-18', 4, 10325, 10081, 10000, 35);
INSERT INTO activity(activity_id, date, distance, estrealisee, programme_id, sport_id, CENTREINTERET_ID, timeframe_id) VALUES (10326, '2018-04-19', 8.228752124136502, 1, 10081, 1, 10000, 22);
INSERT INTO realisation(realisation_id, date, distance, activity_id, programme_id, CENTREINTERET_ID, timeframe_id) VALUES (10162, '2018-04-19', 4, 10326, 10081, 10000, 22);
INSERT INTO activity(activity_id, date, distance, estrealisee, programme_id, sport_id, CENTREINTERET_ID, timeframe_id) VALUES (10327, '2018-04-20', 11.039859520433405, 1, 10081, 1, 10000, 52);
INSERT INTO realisation(realisation_id, date, distance, activity_id, programme_id, CENTREINTERET_ID, timeframe_id) VALUES (10163, '2018-04-20', 4, 10327, 10081, 10000, 52);

INSERT INTO point (ID, x, y) VALUES (50041, 45.768400091956636, 4.845838568536755);
INSERT INTO users (ID, USERNAME, PASSWORD, FIRSTNAME, LASTNAME, EMAIL, ENABLED, LASTPASSWORDRESETDATE, OBJECTIFHEBDO, Location_id) VALUES (10041, "user41", "$2a$08$UkVvwpULis18S19S5pZFn.YHPZt3oaqHZnDwqbCW9pft6uFtkXKDC", "user41", "user41", "user41@user.com", 1, "2003/01/22", 17, 50041);
INSERT INTO user_authority (USER_ID, AUTHORITY_ID) VALUES (10041, 2);
INSERT INTO programme(programme_id, date_debut, user_id) VALUES (10082, '2018-04-30', 10041);
INSERT INTO activity(activity_id, date, distance, estrealisee, programme_id, sport_id, CENTREINTERET_ID, timeframe_id) VALUES (10328, '2018-05-01', 9.549506572639235, 0, 10082, 1, 10000, 14);
INSERT INTO activity(activity_id, date, distance, estrealisee, programme_id, sport_id, CENTREINTERET_ID, timeframe_id) VALUES (10329, '2018-05-02', 11.760997340401053, 0, 10082, 1, 10000, 20);
INSERT INTO activity(activity_id, date, distance, estrealisee, programme_id, sport_id, CENTREINTERET_ID, timeframe_id) VALUES (10330, '2018-05-03', 10.23871903342522, 0, 10082, 1, 10000, 31);
INSERT INTO activity(activity_id, date, distance, estrealisee, programme_id, sport_id, CENTREINTERET_ID, timeframe_id) VALUES (10331, '2018-05-04', 11.626020392026811, 0, 10082, 1, 10000, 39);
INSERT INTO programme(programme_id, date_debut, user_id) VALUES (10083, '2018-04-23', 10041);
INSERT INTO activity(activity_id, date, distance, estrealisee, programme_id, sport_id, CENTREINTERET_ID, timeframe_id) VALUES (10332, '2018-04-17', 9.978977027642717, 1, 10083, 1, 10000, 37);
INSERT INTO realisation(realisation_id, date, distance, activity_id, programme_id, CENTREINTERET_ID, timeframe_id) VALUES (10164, '2018-04-17', 4, 10332, 10083, 10000, 37);
INSERT INTO activity(activity_id, date, distance, estrealisee, programme_id, sport_id, CENTREINTERET_ID, timeframe_id) VALUES (10333, '2018-04-18', 11.676346272189814, 1, 10083, 1, 10000, 47);
INSERT INTO realisation(realisation_id, date, distance, activity_id, programme_id, CENTREINTERET_ID, timeframe_id) VALUES (10165, '2018-04-18', 4, 10333, 10083, 10000, 47);
INSERT INTO activity(activity_id, date, distance, estrealisee, programme_id, sport_id, CENTREINTERET_ID, timeframe_id) VALUES (10334, '2018-04-19', 8.98539882556051, 1, 10083, 1, 10000, 18);
INSERT INTO realisation(realisation_id, date, distance, activity_id, programme_id, CENTREINTERET_ID, timeframe_id) VALUES (10166, '2018-04-19', 4, 10334, 10083, 10000, 18);
INSERT INTO activity(activity_id, date, distance, estrealisee, programme_id, sport_id, CENTREINTERET_ID, timeframe_id) VALUES (10335, '2018-04-20', 11.973958919836932, 1, 10083, 1, 10000, 13);
INSERT INTO realisation(realisation_id, date, distance, activity_id, programme_id, CENTREINTERET_ID, timeframe_id) VALUES (10167, '2018-04-20', 4, 10335, 10083, 10000, 13);

INSERT INTO point (ID, x, y) VALUES (50042, 45.7219824097115, 4.848585623340661);
INSERT INTO users (ID, USERNAME, PASSWORD, FIRSTNAME, LASTNAME, EMAIL, ENABLED, LASTPASSWORDRESETDATE, OBJECTIFHEBDO, Location_id) VALUES (10042, "user42", "$2a$08$UkVvwpULis18S19S5pZFn.YHPZt3oaqHZnDwqbCW9pft6uFtkXKDC", "user42", "user42", "user42@user.com", 1, "2003/01/22", 16, 50042);
INSERT INTO user_authority (USER_ID, AUTHORITY_ID) VALUES (10042, 2);
INSERT INTO programme(programme_id, date_debut, user_id) VALUES (10084, '2018-04-30', 10042);
INSERT INTO activity(activity_id, date, distance, estrealisee, programme_id, sport_id, CENTREINTERET_ID, timeframe_id) VALUES (10336, '2018-05-01', 7.48052622790546, 0, 10084, 1, 10000, 14);
INSERT INTO activity(activity_id, date, distance, estrealisee, programme_id, sport_id, CENTREINTERET_ID, timeframe_id) VALUES (10337, '2018-05-02', 7.384504853195486, 0, 10084, 1, 10000, 20);
INSERT INTO activity(activity_id, date, distance, estrealisee, programme_id, sport_id, CENTREINTERET_ID, timeframe_id) VALUES (10338, '2018-05-03', 9.781393963912391, 0, 10084, 1, 10000, 31);
INSERT INTO activity(activity_id, date, distance, estrealisee, programme_id, sport_id, CENTREINTERET_ID, timeframe_id) VALUES (10339, '2018-05-04', 11.77800670309963, 0, 10084, 1, 10000, 39);
INSERT INTO programme(programme_id, date_debut, user_id) VALUES (10085, '2018-04-23', 10042);
INSERT INTO activity(activity_id, date, distance, estrealisee, programme_id, sport_id, CENTREINTERET_ID, timeframe_id) VALUES (10340, '2018-04-17', 11.341959833350613, 1, 10085, 1, 10000, 4);
INSERT INTO realisation(realisation_id, date, distance, activity_id, programme_id, CENTREINTERET_ID, timeframe_id) VALUES (10168, '2018-04-17', 4, 10340, 10085, 10000, 4);
INSERT INTO activity(activity_id, date, distance, estrealisee, programme_id, sport_id, CENTREINTERET_ID, timeframe_id) VALUES (10341, '2018-04-18', 10.391154132758174, 1, 10085, 1, 10000, 43);
INSERT INTO realisation(realisation_id, date, distance, activity_id, programme_id, CENTREINTERET_ID, timeframe_id) VALUES (10169, '2018-04-18', 4, 10341, 10085, 10000, 43);
INSERT INTO activity(activity_id, date, distance, estrealisee, programme_id, sport_id, CENTREINTERET_ID, timeframe_id) VALUES (10342, '2018-04-19', 7.428318984478288, 1, 10085, 1, 10000, 27);
INSERT INTO realisation(realisation_id, date, distance, activity_id, programme_id, CENTREINTERET_ID, timeframe_id) VALUES (10170, '2018-04-19', 4, 10342, 10085, 10000, 27);
INSERT INTO activity(activity_id, date, distance, estrealisee, programme_id, sport_id, CENTREINTERET_ID, timeframe_id) VALUES (10343, '2018-04-20', 11.926494606386452, 1, 10085, 1, 10000, 26);
INSERT INTO realisation(realisation_id, date, distance, activity_id, programme_id, CENTREINTERET_ID, timeframe_id) VALUES (10171, '2018-04-20', 4, 10343, 10085, 10000, 26);

INSERT INTO point (ID, x, y) VALUES (50043, 45.72833773782407, 4.8870559633077635);
INSERT INTO users (ID, USERNAME, PASSWORD, FIRSTNAME, LASTNAME, EMAIL, ENABLED, LASTPASSWORDRESETDATE, OBJECTIFHEBDO, Location_id) VALUES (10043, "user43", "$2a$08$UkVvwpULis18S19S5pZFn.YHPZt3oaqHZnDwqbCW9pft6uFtkXKDC", "user43", "user43", "user43@user.com", 1, "2003/01/22", 7, 50043);
INSERT INTO user_authority (USER_ID, AUTHORITY_ID) VALUES (10043, 2);
INSERT INTO programme(programme_id, date_debut, user_id) VALUES (10086, '2018-04-30', 10043);
INSERT INTO activity(activity_id, date, distance, estrealisee, programme_id, sport_id, CENTREINTERET_ID, timeframe_id) VALUES (10344, '2018-05-01', 7.706420191806185, 0, 10086, 1, 10000, 14);
INSERT INTO activity(activity_id, date, distance, estrealisee, programme_id, sport_id, CENTREINTERET_ID, timeframe_id) VALUES (10345, '2018-05-02', 7.652687220905915, 0, 10086, 1, 10000, 20);
INSERT INTO activity(activity_id, date, distance, estrealisee, programme_id, sport_id, CENTREINTERET_ID, timeframe_id) VALUES (10346, '2018-05-03', 9.771992129783607, 0, 10086, 1, 10000, 31);
INSERT INTO activity(activity_id, date, distance, estrealisee, programme_id, sport_id, CENTREINTERET_ID, timeframe_id) VALUES (10347, '2018-05-04', 8.45340347223054, 0, 10086, 1, 10000, 39);
INSERT INTO programme(programme_id, date_debut, user_id) VALUES (10087, '2018-04-23', 10043);
INSERT INTO activity(activity_id, date, distance, estrealisee, programme_id, sport_id, CENTREINTERET_ID, timeframe_id) VALUES (10348, '2018-04-17', 9.202783079760898, 1, 10087, 1, 10000, 54);
INSERT INTO realisation(realisation_id, date, distance, activity_id, programme_id, CENTREINTERET_ID, timeframe_id) VALUES (10172, '2018-04-17', 4, 10348, 10087, 10000, 54);
INSERT INTO activity(activity_id, date, distance, estrealisee, programme_id, sport_id, CENTREINTERET_ID, timeframe_id) VALUES (10349, '2018-04-18', 7.856295062679847, 1, 10087, 1, 10000, 50);
INSERT INTO realisation(realisation_id, date, distance, activity_id, programme_id, CENTREINTERET_ID, timeframe_id) VALUES (10173, '2018-04-18', 4, 10349, 10087, 10000, 50);
INSERT INTO activity(activity_id, date, distance, estrealisee, programme_id, sport_id, CENTREINTERET_ID, timeframe_id) VALUES (10350, '2018-04-19', 9.892057232114709, 1, 10087, 1, 10000, 14);
INSERT INTO realisation(realisation_id, date, distance, activity_id, programme_id, CENTREINTERET_ID, timeframe_id) VALUES (10174, '2018-04-19', 4, 10350, 10087, 10000, 14);
INSERT INTO activity(activity_id, date, distance, estrealisee, programme_id, sport_id, CENTREINTERET_ID, timeframe_id) VALUES (10351, '2018-04-20', 7.2314037887999545, 1, 10087, 1, 10000, 35);
INSERT INTO realisation(realisation_id, date, distance, activity_id, programme_id, CENTREINTERET_ID, timeframe_id) VALUES (10175, '2018-04-20', 4, 10351, 10087, 10000, 35);

INSERT INTO point (ID, x, y) VALUES (50044, 45.75092472031298, 4.868438776601723);
INSERT INTO users (ID, USERNAME, PASSWORD, FIRSTNAME, LASTNAME, EMAIL, ENABLED, LASTPASSWORDRESETDATE, OBJECTIFHEBDO, Location_id) VALUES (10044, "user44", "$2a$08$UkVvwpULis18S19S5pZFn.YHPZt3oaqHZnDwqbCW9pft6uFtkXKDC", "user44", "user44", "user44@user.com", 1, "2003/01/22", 6, 50044);
INSERT INTO user_authority (USER_ID, AUTHORITY_ID) VALUES (10044, 2);
INSERT INTO programme(programme_id, date_debut, user_id) VALUES (10088, '2018-04-30', 10044);
INSERT INTO activity(activity_id, date, distance, estrealisee, programme_id, sport_id, CENTREINTERET_ID, timeframe_id) VALUES (10352, '2018-05-01', 8.83363385258837, 0, 10088, 1, 10000, 14);
INSERT INTO activity(activity_id, date, distance, estrealisee, programme_id, sport_id, CENTREINTERET_ID, timeframe_id) VALUES (10353, '2018-05-02', 7.572761230060355, 0, 10088, 1, 10000, 20);
INSERT INTO activity(activity_id, date, distance, estrealisee, programme_id, sport_id, CENTREINTERET_ID, timeframe_id) VALUES (10354, '2018-05-03', 8.20294360200992, 0, 10088, 1, 10000, 31);
INSERT INTO activity(activity_id, date, distance, estrealisee, programme_id, sport_id, CENTREINTERET_ID, timeframe_id) VALUES (10355, '2018-05-04', 9.988188732114349, 0, 10088, 1, 10000, 39);
INSERT INTO programme(programme_id, date_debut, user_id) VALUES (10089, '2018-04-23', 10044);
INSERT INTO activity(activity_id, date, distance, estrealisee, programme_id, sport_id, CENTREINTERET_ID, timeframe_id) VALUES (10356, '2018-04-17', 7.8955148898233585, 1, 10089, 1, 10000, 38);
INSERT INTO realisation(realisation_id, date, distance, activity_id, programme_id, CENTREINTERET_ID, timeframe_id) VALUES (10176, '2018-04-17', 4, 10356, 10089, 10000, 38);
INSERT INTO activity(activity_id, date, distance, estrealisee, programme_id, sport_id, CENTREINTERET_ID, timeframe_id) VALUES (10357, '2018-04-18', 7.273254768854208, 1, 10089, 1, 10000, 29);
INSERT INTO realisation(realisation_id, date, distance, activity_id, programme_id, CENTREINTERET_ID, timeframe_id) VALUES (10177, '2018-04-18', 4, 10357, 10089, 10000, 29);
INSERT INTO activity(activity_id, date, distance, estrealisee, programme_id, sport_id, CENTREINTERET_ID, timeframe_id) VALUES (10358, '2018-04-19', 9.920359310926276, 1, 10089, 1, 10000, 18);
INSERT INTO realisation(realisation_id, date, distance, activity_id, programme_id, CENTREINTERET_ID, timeframe_id) VALUES (10178, '2018-04-19', 4, 10358, 10089, 10000, 18);
INSERT INTO activity(activity_id, date, distance, estrealisee, programme_id, sport_id, CENTREINTERET_ID, timeframe_id) VALUES (10359, '2018-04-20', 10.975534190167103, 1, 10089, 1, 10000, 11);
INSERT INTO realisation(realisation_id, date, distance, activity_id, programme_id, CENTREINTERET_ID, timeframe_id) VALUES (10179, '2018-04-20', 4, 10359, 10089, 10000, 11);

INSERT INTO point (ID, x, y) VALUES (50045, 45.73394284399116, 4.8132798374607955);
INSERT INTO users (ID, USERNAME, PASSWORD, FIRSTNAME, LASTNAME, EMAIL, ENABLED, LASTPASSWORDRESETDATE, OBJECTIFHEBDO, Location_id) VALUES (10045, "user45", "$2a$08$UkVvwpULis18S19S5pZFn.YHPZt3oaqHZnDwqbCW9pft6uFtkXKDC", "user45", "user45", "user45@user.com", 1, "2003/01/22", 19, 50045);
INSERT INTO user_authority (USER_ID, AUTHORITY_ID) VALUES (10045, 2);
INSERT INTO programme(programme_id, date_debut, user_id) VALUES (10090, '2018-04-30', 10045);
INSERT INTO activity(activity_id, date, distance, estrealisee, programme_id, sport_id, CENTREINTERET_ID, timeframe_id) VALUES (10360, '2018-05-01', 10.326388524079547, 0, 10090, 1, 10000, 14);
INSERT INTO activity(activity_id, date, distance, estrealisee, programme_id, sport_id, CENTREINTERET_ID, timeframe_id) VALUES (10361, '2018-05-02', 10.454380872488638, 0, 10090, 1, 10000, 20);
INSERT INTO activity(activity_id, date, distance, estrealisee, programme_id, sport_id, CENTREINTERET_ID, timeframe_id) VALUES (10362, '2018-05-03', 9.34400567656473, 0, 10090, 1, 10000, 31);
INSERT INTO activity(activity_id, date, distance, estrealisee, programme_id, sport_id, CENTREINTERET_ID, timeframe_id) VALUES (10363, '2018-05-04', 11.077537217072955, 0, 10090, 1, 10000, 39);
INSERT INTO programme(programme_id, date_debut, user_id) VALUES (10091, '2018-04-23', 10045);
INSERT INTO activity(activity_id, date, distance, estrealisee, programme_id, sport_id, CENTREINTERET_ID, timeframe_id) VALUES (10364, '2018-04-17', 11.587742120926714, 1, 10091, 1, 10000, 22);
INSERT INTO realisation(realisation_id, date, distance, activity_id, programme_id, CENTREINTERET_ID, timeframe_id) VALUES (10180, '2018-04-17', 4, 10364, 10091, 10000, 22);
INSERT INTO activity(activity_id, date, distance, estrealisee, programme_id, sport_id, CENTREINTERET_ID, timeframe_id) VALUES (10365, '2018-04-18', 11.850407267100113, 1, 10091, 1, 10000, 55);
INSERT INTO realisation(realisation_id, date, distance, activity_id, programme_id, CENTREINTERET_ID, timeframe_id) VALUES (10181, '2018-04-18', 4, 10365, 10091, 10000, 55);
INSERT INTO activity(activity_id, date, distance, estrealisee, programme_id, sport_id, CENTREINTERET_ID, timeframe_id) VALUES (10366, '2018-04-19', 11.814968677515962, 1, 10091, 1, 10000, 34);
INSERT INTO realisation(realisation_id, date, distance, activity_id, programme_id, CENTREINTERET_ID, timeframe_id) VALUES (10182, '2018-04-19', 4, 10366, 10091, 10000, 34);
INSERT INTO activity(activity_id, date, distance, estrealisee, programme_id, sport_id, CENTREINTERET_ID, timeframe_id) VALUES (10367, '2018-04-20', 7.534055701563696, 1, 10091, 1, 10000, 30);
INSERT INTO realisation(realisation_id, date, distance, activity_id, programme_id, CENTREINTERET_ID, timeframe_id) VALUES (10183, '2018-04-20', 4, 10367, 10091, 10000, 30);

INSERT INTO point (ID, x, y) VALUES (50046, 45.71935957569032, 4.8536762566397895);
INSERT INTO users (ID, USERNAME, PASSWORD, FIRSTNAME, LASTNAME, EMAIL, ENABLED, LASTPASSWORDRESETDATE, OBJECTIFHEBDO, Location_id) VALUES (10046, "user46", "$2a$08$UkVvwpULis18S19S5pZFn.YHPZt3oaqHZnDwqbCW9pft6uFtkXKDC", "user46", "user46", "user46@user.com", 1, "2003/01/22", 18, 50046);
INSERT INTO user_authority (USER_ID, AUTHORITY_ID) VALUES (10046, 2);
INSERT INTO programme(programme_id, date_debut, user_id) VALUES (10092, '2018-04-30', 10046);
INSERT INTO activity(activity_id, date, distance, estrealisee, programme_id, sport_id, CENTREINTERET_ID, timeframe_id) VALUES (10368, '2018-05-01', 8.666565604831675, 0, 10092, 1, 10000, 14);
INSERT INTO activity(activity_id, date, distance, estrealisee, programme_id, sport_id, CENTREINTERET_ID, timeframe_id) VALUES (10369, '2018-05-02', 10.112451621468551, 0, 10092, 1, 10000, 20);
INSERT INTO activity(activity_id, date, distance, estrealisee, programme_id, sport_id, CENTREINTERET_ID, timeframe_id) VALUES (10370, '2018-05-03', 9.019387901242194, 0, 10092, 1, 10000, 31);
INSERT INTO activity(activity_id, date, distance, estrealisee, programme_id, sport_id, CENTREINTERET_ID, timeframe_id) VALUES (10371, '2018-05-04', 10.767037803463289, 0, 10092, 1, 10000, 39);
INSERT INTO programme(programme_id, date_debut, user_id) VALUES (10093, '2018-04-23', 10046);
INSERT INTO activity(activity_id, date, distance, estrealisee, programme_id, sport_id, CENTREINTERET_ID, timeframe_id) VALUES (10372, '2018-04-17', 9.205701730344195, 1, 10093, 1, 10000, 8);
INSERT INTO realisation(realisation_id, date, distance, activity_id, programme_id, CENTREINTERET_ID, timeframe_id) VALUES (10184, '2018-04-17', 4, 10372, 10093, 10000, 8);
INSERT INTO activity(activity_id, date, distance, estrealisee, programme_id, sport_id, CENTREINTERET_ID, timeframe_id) VALUES (10373, '2018-04-18', 7.9105846178576975, 1, 10093, 1, 10000, 29);
INSERT INTO realisation(realisation_id, date, distance, activity_id, programme_id, CENTREINTERET_ID, timeframe_id) VALUES (10185, '2018-04-18', 4, 10373, 10093, 10000, 29);
INSERT INTO activity(activity_id, date, distance, estrealisee, programme_id, sport_id, CENTREINTERET_ID, timeframe_id) VALUES (10374, '2018-04-19', 7.044149344950105, 1, 10093, 1, 10000, 29);
INSERT INTO realisation(realisation_id, date, distance, activity_id, programme_id, CENTREINTERET_ID, timeframe_id) VALUES (10186, '2018-04-19', 4, 10374, 10093, 10000, 29);
INSERT INTO activity(activity_id, date, distance, estrealisee, programme_id, sport_id, CENTREINTERET_ID, timeframe_id) VALUES (10375, '2018-04-20', 8.848031348662557, 1, 10093, 1, 10000, 4);
INSERT INTO realisation(realisation_id, date, distance, activity_id, programme_id, CENTREINTERET_ID, timeframe_id) VALUES (10187, '2018-04-20', 4, 10375, 10093, 10000, 4);

INSERT INTO point (ID, x, y) VALUES (50047, 45.76061487091653, 4.83384601989694);
INSERT INTO users (ID, USERNAME, PASSWORD, FIRSTNAME, LASTNAME, EMAIL, ENABLED, LASTPASSWORDRESETDATE, OBJECTIFHEBDO, Location_id) VALUES (10047, "user47", "$2a$08$UkVvwpULis18S19S5pZFn.YHPZt3oaqHZnDwqbCW9pft6uFtkXKDC", "user47", "user47", "user47@user.com", 1, "2003/01/22", 14, 50047);
INSERT INTO user_authority (USER_ID, AUTHORITY_ID) VALUES (10047, 2);
INSERT INTO programme(programme_id, date_debut, user_id) VALUES (10094, '2018-04-30', 10047);
INSERT INTO activity(activity_id, date, distance, estrealisee, programme_id, sport_id, CENTREINTERET_ID, timeframe_id) VALUES (10376, '2018-05-01', 11.74253905829054, 0, 10094, 1, 10000, 14);
INSERT INTO activity(activity_id, date, distance, estrealisee, programme_id, sport_id, CENTREINTERET_ID, timeframe_id) VALUES (10377, '2018-05-02', 8.487430713767548, 0, 10094, 1, 10000, 20);
INSERT INTO activity(activity_id, date, distance, estrealisee, programme_id, sport_id, CENTREINTERET_ID, timeframe_id) VALUES (10378, '2018-05-03', 10.089332200219548, 0, 10094, 1, 10000, 31);
INSERT INTO activity(activity_id, date, distance, estrealisee, programme_id, sport_id, CENTREINTERET_ID, timeframe_id) VALUES (10379, '2018-05-04', 8.201990935789834, 0, 10094, 1, 10000, 39);
INSERT INTO programme(programme_id, date_debut, user_id) VALUES (10095, '2018-04-23', 10047);
INSERT INTO activity(activity_id, date, distance, estrealisee, programme_id, sport_id, CENTREINTERET_ID, timeframe_id) VALUES (10380, '2018-04-17', 11.85667343883235, 1, 10095, 1, 10000, 38);
INSERT INTO realisation(realisation_id, date, distance, activity_id, programme_id, CENTREINTERET_ID, timeframe_id) VALUES (10188, '2018-04-17', 4, 10380, 10095, 10000, 38);
INSERT INTO activity(activity_id, date, distance, estrealisee, programme_id, sport_id, CENTREINTERET_ID, timeframe_id) VALUES (10381, '2018-04-18', 8.78616069584648, 1, 10095, 1, 10000, 18);
INSERT INTO realisation(realisation_id, date, distance, activity_id, programme_id, CENTREINTERET_ID, timeframe_id) VALUES (10189, '2018-04-18', 4, 10381, 10095, 10000, 18);
INSERT INTO activity(activity_id, date, distance, estrealisee, programme_id, sport_id, CENTREINTERET_ID, timeframe_id) VALUES (10382, '2018-04-19', 8.397702283102735, 1, 10095, 1, 10000, 21);
INSERT INTO realisation(realisation_id, date, distance, activity_id, programme_id, CENTREINTERET_ID, timeframe_id) VALUES (10190, '2018-04-19', 4, 10382, 10095, 10000, 21);
INSERT INTO activity(activity_id, date, distance, estrealisee, programme_id, sport_id, CENTREINTERET_ID, timeframe_id) VALUES (10383, '2018-04-20', 11.910797404245221, 1, 10095, 1, 10000, 44);
INSERT INTO realisation(realisation_id, date, distance, activity_id, programme_id, CENTREINTERET_ID, timeframe_id) VALUES (10191, '2018-04-20', 4, 10383, 10095, 10000, 44);

INSERT INTO point (ID, x, y) VALUES (50048, 45.74579550895092, 4.839392363153287);
INSERT INTO users (ID, USERNAME, PASSWORD, FIRSTNAME, LASTNAME, EMAIL, ENABLED, LASTPASSWORDRESETDATE, OBJECTIFHEBDO, Location_id) VALUES (10048, "user48", "$2a$08$UkVvwpULis18S19S5pZFn.YHPZt3oaqHZnDwqbCW9pft6uFtkXKDC", "user48", "user48", "user48@user.com", 1, "2003/01/22", 14, 50048);
INSERT INTO user_authority (USER_ID, AUTHORITY_ID) VALUES (10048, 2);
INSERT INTO programme(programme_id, date_debut, user_id) VALUES (10096, '2018-04-30', 10048);
INSERT INTO activity(activity_id, date, distance, estrealisee, programme_id, sport_id, CENTREINTERET_ID, timeframe_id) VALUES (10384, '2018-05-01', 8.871978820174395, 0, 10096, 1, 10000, 14);
INSERT INTO activity(activity_id, date, distance, estrealisee, programme_id, sport_id, CENTREINTERET_ID, timeframe_id) VALUES (10385, '2018-05-02', 9.042059958409004, 0, 10096, 1, 10000, 20);
INSERT INTO activity(activity_id, date, distance, estrealisee, programme_id, sport_id, CENTREINTERET_ID, timeframe_id) VALUES (10386, '2018-05-03', 9.72985423840701, 0, 10096, 1, 10000, 31);
INSERT INTO activity(activity_id, date, distance, estrealisee, programme_id, sport_id, CENTREINTERET_ID, timeframe_id) VALUES (10387, '2018-05-04', 10.611452146461282, 0, 10096, 1, 10000, 39);
INSERT INTO programme(programme_id, date_debut, user_id) VALUES (10097, '2018-04-23', 10048);
INSERT INTO activity(activity_id, date, distance, estrealisee, programme_id, sport_id, CENTREINTERET_ID, timeframe_id) VALUES (10388, '2018-04-17', 8.846609872398252, 1, 10097, 1, 10000, 50);
INSERT INTO realisation(realisation_id, date, distance, activity_id, programme_id, CENTREINTERET_ID, timeframe_id) VALUES (10192, '2018-04-17', 4, 10388, 10097, 10000, 50);
INSERT INTO activity(activity_id, date, distance, estrealisee, programme_id, sport_id, CENTREINTERET_ID, timeframe_id) VALUES (10389, '2018-04-18', 9.475222368407767, 1, 10097, 1, 10000, 29);
INSERT INTO realisation(realisation_id, date, distance, activity_id, programme_id, CENTREINTERET_ID, timeframe_id) VALUES (10193, '2018-04-18', 4, 10389, 10097, 10000, 29);
INSERT INTO activity(activity_id, date, distance, estrealisee, programme_id, sport_id, CENTREINTERET_ID, timeframe_id) VALUES (10390, '2018-04-19', 11.214194523221897, 1, 10097, 1, 10000, 2);
INSERT INTO realisation(realisation_id, date, distance, activity_id, programme_id, CENTREINTERET_ID, timeframe_id) VALUES (10194, '2018-04-19', 4, 10390, 10097, 10000, 2);
INSERT INTO activity(activity_id, date, distance, estrealisee, programme_id, sport_id, CENTREINTERET_ID, timeframe_id) VALUES (10391, '2018-04-20', 11.869520230058741, 1, 10097, 1, 10000, 39);
INSERT INTO realisation(realisation_id, date, distance, activity_id, programme_id, CENTREINTERET_ID, timeframe_id) VALUES (10195, '2018-04-20', 4, 10391, 10097, 10000, 39);

INSERT INTO point (ID, x, y) VALUES (50049, 45.71346025798099, 4.890328916428108);
INSERT INTO users (ID, USERNAME, PASSWORD, FIRSTNAME, LASTNAME, EMAIL, ENABLED, LASTPASSWORDRESETDATE, OBJECTIFHEBDO, Location_id) VALUES (10049, "user49", "$2a$08$UkVvwpULis18S19S5pZFn.YHPZt3oaqHZnDwqbCW9pft6uFtkXKDC", "user49", "user49", "user49@user.com", 1, "2003/01/22", 16, 50049);
INSERT INTO user_authority (USER_ID, AUTHORITY_ID) VALUES (10049, 2);
INSERT INTO programme(programme_id, date_debut, user_id) VALUES (10098, '2018-04-30', 10049);
INSERT INTO activity(activity_id, date, distance, estrealisee, programme_id, sport_id, CENTREINTERET_ID, timeframe_id) VALUES (10392, '2018-05-01', 8.26616347686766, 0, 10098, 1, 10000, 14);
INSERT INTO activity(activity_id, date, distance, estrealisee, programme_id, sport_id, CENTREINTERET_ID, timeframe_id) VALUES (10393, '2018-05-02', 8.930127974874226, 0, 10098, 1, 10000, 20);
INSERT INTO activity(activity_id, date, distance, estrealisee, programme_id, sport_id, CENTREINTERET_ID, timeframe_id) VALUES (10394, '2018-05-03', 9.076600551557437, 0, 10098, 1, 10000, 31);
INSERT INTO activity(activity_id, date, distance, estrealisee, programme_id, sport_id, CENTREINTERET_ID, timeframe_id) VALUES (10395, '2018-05-04', 9.60043611943372, 0, 10098, 1, 10000, 39);
INSERT INTO programme(programme_id, date_debut, user_id) VALUES (10099, '2018-04-23', 10049);
INSERT INTO activity(activity_id, date, distance, estrealisee, programme_id, sport_id, CENTREINTERET_ID, timeframe_id) VALUES (10396, '2018-04-17', 7.796319321015294, 1, 10099, 1, 10000, 39);
INSERT INTO realisation(realisation_id, date, distance, activity_id, programme_id, CENTREINTERET_ID, timeframe_id) VALUES (10196, '2018-04-17', 4, 10396, 10099, 10000, 39);
INSERT INTO activity(activity_id, date, distance, estrealisee, programme_id, sport_id, CENTREINTERET_ID, timeframe_id) VALUES (10397, '2018-04-18', 9.962918318317168, 1, 10099, 1, 10000, 56);
INSERT INTO realisation(realisation_id, date, distance, activity_id, programme_id, CENTREINTERET_ID, timeframe_id) VALUES (10197, '2018-04-18', 4, 10397, 10099, 10000, 56);
INSERT INTO activity(activity_id, date, distance, estrealisee, programme_id, sport_id, CENTREINTERET_ID, timeframe_id) VALUES (10398, '2018-04-19', 10.924297329970226, 1, 10099, 1, 10000, 23);
INSERT INTO realisation(realisation_id, date, distance, activity_id, programme_id, CENTREINTERET_ID, timeframe_id) VALUES (10198, '2018-04-19', 4, 10398, 10099, 10000, 23);
INSERT INTO activity(activity_id, date, distance, estrealisee, programme_id, sport_id, CENTREINTERET_ID, timeframe_id) VALUES (10399, '2018-04-20', 8.157243573747252, 1, 10099, 1, 10000, 3);
INSERT INTO realisation(realisation_id, date, distance, activity_id, programme_id, CENTREINTERET_ID, timeframe_id) VALUES (10199, '2018-04-20', 4, 10399, 10099, 10000, 3);



