INSERT INTO authority (ID, NAME) VALUES (1, 'ROLE_USER');
INSERT INTO authority (ID, NAME) VALUES (2, 'ROLE_ADMIN');

INSERT INTO timeframe (ID, HEUREDEBUT, HEUREFIN, NOMJOUR, EVALUATION) VALUES (1, 0, 3, 'LUNDI', -1);
INSERT INTO timeframe (ID, HEUREDEBUT, HEUREFIN, NOMJOUR, EVALUATION) VALUES (2, 3, 6, 'LUNDI', -1);
INSERT INTO timeframe (ID, HEUREDEBUT, HEUREFIN, NOMJOUR, EVALUATION) VALUES (3, 6, 9, 'LUNDI', -1);
INSERT INTO timeframe (ID, HEUREDEBUT, HEUREFIN, NOMJOUR, EVALUATION) VALUES (4, 9, 12, 'LUNDI', -1);
INSERT INTO timeframe (ID, HEUREDEBUT, HEUREFIN, NOMJOUR, EVALUATION) VALUES (5, 12, 15, 'LUNDI', -1);
INSERT INTO timeframe (ID, HEUREDEBUT, HEUREFIN, NOMJOUR, EVALUATION) VALUES (6, 15, 18, 'LUNDI', -1);
INSERT INTO timeframe (ID, HEUREDEBUT, HEUREFIN, NOMJOUR, EVALUATION) VALUES (7, 18, 21, 'LUNDI', -1);
INSERT INTO timeframe (ID, HEUREDEBUT, HEUREFIN, NOMJOUR, EVALUATION) VALUES (8, 21, 24, 'LUNDI', -1);
INSERT INTO timeframe (ID, HEUREDEBUT, HEUREFIN, NOMJOUR, EVALUATION) VALUES (9, 0, 3, 'MARDI', -1);
INSERT INTO timeframe (ID, HEUREDEBUT, HEUREFIN, NOMJOUR, EVALUATION) VALUES (10, 3, 6, 'MARDI', -1);
INSERT INTO timeframe (ID, HEUREDEBUT, HEUREFIN, NOMJOUR, EVALUATION) VALUES (11, 6, 9, 'MARDI', -1);
INSERT INTO timeframe (ID, HEUREDEBUT, HEUREFIN, NOMJOUR, EVALUATION) VALUES (12, 9, 12, 'MARDI', -1);
INSERT INTO timeframe (ID, HEUREDEBUT, HEUREFIN, NOMJOUR, EVALUATION) VALUES (13, 12, 15, 'MARDI', -1);
INSERT INTO timeframe (ID, HEUREDEBUT, HEUREFIN, NOMJOUR, EVALUATION) VALUES (14, 15, 18, 'MARDI', -1);
INSERT INTO timeframe (ID, HEUREDEBUT, HEUREFIN, NOMJOUR, EVALUATION) VALUES (15, 18, 21, 'MARDI', -1);
INSERT INTO timeframe (ID, HEUREDEBUT, HEUREFIN, NOMJOUR, EVALUATION) VALUES (16, 21, 24, 'MARDI', -1);
INSERT INTO timeframe (ID, HEUREDEBUT, HEUREFIN, NOMJOUR, EVALUATION) VALUES (17, 0, 3, 'MERCREDI', -1);
INSERT INTO timeframe (ID, HEUREDEBUT, HEUREFIN, NOMJOUR, EVALUATION) VALUES (18, 3, 6, 'MERCREDI', -1);
INSERT INTO timeframe (ID, HEUREDEBUT, HEUREFIN, NOMJOUR, EVALUATION) VALUES (19, 6, 9, 'MERCREDI', -1);
INSERT INTO timeframe (ID, HEUREDEBUT, HEUREFIN, NOMJOUR, EVALUATION) VALUES (20, 9, 12, 'MERCREDI', -1);
INSERT INTO timeframe (ID, HEUREDEBUT, HEUREFIN, NOMJOUR, EVALUATION) VALUES (21, 12, 15, 'MERCREDI', -1);
INSERT INTO timeframe (ID, HEUREDEBUT, HEUREFIN, NOMJOUR, EVALUATION) VALUES (22, 15, 18, 'MERCREDI', -1);
INSERT INTO timeframe (ID, HEUREDEBUT, HEUREFIN, NOMJOUR, EVALUATION) VALUES (23, 18, 21, 'MERCREDI', -1);
INSERT INTO timeframe (ID, HEUREDEBUT, HEUREFIN, NOMJOUR, EVALUATION) VALUES (24, 21, 24, 'MERCREDI', -1);
INSERT INTO timeframe (ID, HEUREDEBUT, HEUREFIN, NOMJOUR, EVALUATION) VALUES (25, 0, 3, 'JEUDI', -1);
INSERT INTO timeframe (ID, HEUREDEBUT, HEUREFIN, NOMJOUR, EVALUATION) VALUES (26, 3, 6, 'JEUDI', -1);
INSERT INTO timeframe (ID, HEUREDEBUT, HEUREFIN, NOMJOUR, EVALUATION) VALUES (27, 6, 9, 'JEUDI', -1);
INSERT INTO timeframe (ID, HEUREDEBUT, HEUREFIN, NOMJOUR, EVALUATION) VALUES (28, 9, 12, 'JEUDI', -1);
INSERT INTO timeframe (ID, HEUREDEBUT, HEUREFIN, NOMJOUR, EVALUATION) VALUES (29, 12, 15, 'JEUDI', -1);
INSERT INTO timeframe (ID, HEUREDEBUT, HEUREFIN, NOMJOUR, EVALUATION) VALUES (30, 15, 18, 'JEUDI', -1);
INSERT INTO timeframe (ID, HEUREDEBUT, HEUREFIN, NOMJOUR, EVALUATION) VALUES (31, 18, 21, 'JEUDI', -1);
INSERT INTO timeframe (ID, HEUREDEBUT, HEUREFIN, NOMJOUR, EVALUATION) VALUES (32, 21, 24, 'JEUDI', -1);
INSERT INTO timeframe (ID, HEUREDEBUT, HEUREFIN, NOMJOUR, EVALUATION) VALUES (33, 0, 3, 'VENDREDI', -1);
INSERT INTO timeframe (ID, HEUREDEBUT, HEUREFIN, NOMJOUR, EVALUATION) VALUES (34, 3, 6, 'VENDREDI', -1);
INSERT INTO timeframe (ID, HEUREDEBUT, HEUREFIN, NOMJOUR, EVALUATION) VALUES (35, 6, 9, 'VENDREDI', -1);
INSERT INTO timeframe (ID, HEUREDEBUT, HEUREFIN, NOMJOUR, EVALUATION) VALUES (36, 9, 12, 'VENDREDI', -1);
INSERT INTO timeframe (ID, HEUREDEBUT, HEUREFIN, NOMJOUR, EVALUATION) VALUES (37, 12, 15, 'VENDREDI', -1);
INSERT INTO timeframe (ID, HEUREDEBUT, HEUREFIN, NOMJOUR, EVALUATION) VALUES (38, 15, 18, 'VENDREDI', -1);
INSERT INTO timeframe (ID, HEUREDEBUT, HEUREFIN, NOMJOUR, EVALUATION) VALUES (39, 18, 21, 'VENDREDI', -1);
INSERT INTO timeframe (ID, HEUREDEBUT, HEUREFIN, NOMJOUR, EVALUATION) VALUES (40, 21, 24, 'VENDREDI', -1);
INSERT INTO timeframe (ID, HEUREDEBUT, HEUREFIN, NOMJOUR, EVALUATION) VALUES (41, 0, 3, 'SAMEDI', -1);
INSERT INTO timeframe (ID, HEUREDEBUT, HEUREFIN, NOMJOUR, EVALUATION) VALUES (42, 3, 6, 'SAMEDI', -1);
INSERT INTO timeframe (ID, HEUREDEBUT, HEUREFIN, NOMJOUR, EVALUATION) VALUES (43, 6, 9, 'SAMEDI', -1);
INSERT INTO timeframe (ID, HEUREDEBUT, HEUREFIN, NOMJOUR, EVALUATION) VALUES (44, 9, 12, 'SAMEDI', -1);
INSERT INTO timeframe (ID, HEUREDEBUT, HEUREFIN, NOMJOUR, EVALUATION) VALUES (45, 12, 15, 'SAMEDI', -1);
INSERT INTO timeframe (ID, HEUREDEBUT, HEUREFIN, NOMJOUR, EVALUATION) VALUES (46, 15, 18, 'SAMEDI', -1);
INSERT INTO timeframe (ID, HEUREDEBUT, HEUREFIN, NOMJOUR, EVALUATION) VALUES (47, 18, 21, 'SAMEDI', -1);
INSERT INTO timeframe (ID, HEUREDEBUT, HEUREFIN, NOMJOUR, EVALUATION) VALUES (48, 21, 24, 'SAMEDI', -1);
INSERT INTO timeframe (ID, HEUREDEBUT, HEUREFIN, NOMJOUR, EVALUATION) VALUES (49, 0, 3, 'DIMANCHE', -1);
INSERT INTO timeframe (ID, HEUREDEBUT, HEUREFIN, NOMJOUR, EVALUATION) VALUES (50, 3, 6, 'DIMANCHE', -1);
INSERT INTO timeframe (ID, HEUREDEBUT, HEUREFIN, NOMJOUR, EVALUATION) VALUES (51, 6, 9, 'DIMANCHE', -1);
INSERT INTO timeframe (ID, HEUREDEBUT, HEUREFIN, NOMJOUR, EVALUATION) VALUES (52, 9, 12, 'DIMANCHE', -1);
INSERT INTO timeframe (ID, HEUREDEBUT, HEUREFIN, NOMJOUR, EVALUATION) VALUES (53, 12, 15, 'DIMANCHE', -1);
INSERT INTO timeframe (ID, HEUREDEBUT, HEUREFIN, NOMJOUR, EVALUATION) VALUES (54, 15, 18, 'DIMANCHE', -1);
INSERT INTO timeframe (ID, HEUREDEBUT, HEUREFIN, NOMJOUR, EVALUATION) VALUES (55, 18, 21, 'DIMANCHE', -1);
INSERT INTO timeframe (ID, HEUREDEBUT, HEUREFIN, NOMJOUR, EVALUATION) VALUES (56, 21, 24, 'DIMANCHE', -1);

INSERT INTO sport(ID, NOM, KMH, KCALH) VALUES (1, 'Course', 12, 880);
INSERT INTO sport(ID, NOM, KMH, KCALH) VALUES (2, 'Marche', 4, 245);
INSERT INTO sport(ID, NOM, KMH, KCALH) VALUES (3, 'Cyclisme', 20, 690);

INSERT INTO programme(programme_id, date_debut, user_id) VALUES (100, '2018-04-16', 200);
INSERT INTO programme(programme_id, date_debut, user_id) VALUES (200, '2018-04-23', 200);
INSERT INTO programme(programme_id, date_debut, user_id) VALUES (300, '2018-04-09', 200);
INSERT INTO programme(programme_id, date_debut, user_id) VALUES (400, '2018-04-02', 200);
INSERT INTO programme(programme_id, date_debut, user_id) VALUES (500, '2018-04-16', 100);
INSERT INTO programme(programme_id, date_debut, user_id) VALUES (600, '2018-04-23', 100);

INSERT INTO activity(activity_id, date, distance, estrealisee, programme_id, sport_id, centreinteret_id, timeframe_id) VALUES (100, '2018-04-29', 6, 0, 200, 1, 10000, 51);
INSERT INTO activity(activity_id, date, distance, estrealisee, programme_id, sport_id, centreinteret_id, timeframe_id) VALUES (300, '2018-04-27', 8, 0, 200, 2, 10000, 35);
INSERT INTO activity(activity_id, date, distance, estrealisee, programme_id, sport_id, centreinteret_id, timeframe_id) VALUES (200, '2018-04-28', 10, 1, 200, 1, 10000, 44);
INSERT INTO activity(activity_id, date, distance, estrealisee, programme_id, sport_id, centreinteret_id, timeframe_id) VALUES (400, '2018-04-29', 10, 0, 200, 1, 10000, 55);
INSERT INTO activity(activity_id, date, distance, estrealisee, programme_id, sport_id, centreinteret_id, timeframe_id) VALUES (500, '2018-04-25', 12, 0, 200, 2, 10000, 23);
INSERT INTO activity(activity_id, date, distance, estrealisee, programme_id, sport_id, centreinteret_id, timeframe_id) VALUES (600, '2018-04-28', 5, 1, 200, 1, 10000, 47);

INSERT INTO realisation(realisation_id, date, distance, activity_id, programme_id, centreinteret_id) VALUES (100, '2018-04-23', 11, 200, 200, 10000);


INSERT INTO point (ID, x, y) VALUES (10000, 45.77846429629631, 4.852797629629627);
INSERT INTO centreinteret (ID, NAME, POINT_ID) VALUES (10000, "Parc de la Tête d'Or", 10000);
INSERT INTO point (ID, x, y) VALUES (10001, 45.77868958333333, 4.853984940476191);
INSERT INTO centreinteret (ID, NAME, POINT_ID) VALUES (10001, "Tour Parc de la Tête d'Or", 10001);
INSERT INTO point (ID, x, y) VALUES (10002, 45.76518764705882, 4.823596470588235);
INSERT INTO centreinteret (ID, NAME, POINT_ID) VALUES (10002, "Escaliers Nicolas de Lange", 10002);
INSERT INTO point (ID, x, y) VALUES (10003, 45.77069710144926, 4.841091594202898);
INSERT INTO centreinteret (ID, NAME, POINT_ID) VALUES (10003, "Pt Lafayette-Tete or par les quais", 10003);
INSERT INTO point (ID, x, y) VALUES (10004, 45.72979947368422, 4.812275789473685);
INSERT INTO centreinteret (ID, NAME, POINT_ID) VALUES (10004, "descente escalier mulatiere", 10004);
INSERT INTO point (ID, x, y) VALUES (10005, 45.739675, 4.8260112903225805);
INSERT INTO centreinteret (ID, NAME, POINT_ID) VALUES (10005, "Pont a pont", 10005);
INSERT INTO point (ID, x, y) VALUES (10006, 45.74327516129033, 4.829121612903227);
INSERT INTO centreinteret (ID, NAME, POINT_ID) VALUES (10006, "Gwen2kA", 10006);
INSERT INTO point (ID, x, y) VALUES (10007, 45.704891739130424, 4.755103478260869);
INSERT INTO centreinteret (ID, NAME, POINT_ID) VALUES (10007, "Rue Favre Garin Climb", 10007);
INSERT INTO point (ID, x, y) VALUES (10008, 45.789565, 4.754929117647059);
INSERT INTO centreinteret (ID, NAME, POINT_ID) VALUES (10008, "Chemin Du Petit Bois Climb", 10008);
INSERT INTO point (ID, x, y) VALUES (10009, 45.71834150000001, 4.8964025);
INSERT INTO centreinteret (ID, NAME, POINT_ID) VALUES (10009, "Tour de Piste_1 Parilly", 10009);
INSERT INTO point (ID, x, y) VALUES (10010, 45.772916756756764, 4.815414864864865);
INSERT INTO centreinteret (ID, NAME, POINT_ID) VALUES (10010, "Montée des Esses", 10010);
INSERT INTO point (ID, x, y) VALUES (10011, 45.79343764044942, 4.912938314606743);
INSERT INTO centreinteret (ID, NAME, POINT_ID) VALUES (10011, "Piste cyclable vers Miribel-Jonage", 10011);
INSERT INTO point (ID, x, y) VALUES (10012, 45.798205454545446, 4.841378909090911);
INSERT INTO centreinteret (ID, NAME, POINT_ID) VALUES (10012, "Montée Castellane", 10012);
INSERT INTO point (ID, x, y) VALUES (10013, 45.76642445544555, 4.840650792079208);
INSERT INTO centreinteret (ID, NAME, POINT_ID) VALUES (10013, "Berge du Rhône (pont Wilson > Lattre)", 10013);
INSERT INTO point (ID, x, y) VALUES (10014, 45.793744285714304, 4.912491071428572);
INSERT INTO centreinteret (ID, NAME, POINT_ID) VALUES (10014, "voie cyclable vers Parc M. Jonage", 10014);
INSERT INTO point (ID, x, y) VALUES (10015, 45.723371875, 4.76817484375);
INSERT INTO centreinteret (ID, NAME, POINT_ID) VALUES (10015, "Route des Aqueducs", 10015);
INSERT INTO point (ID, x, y) VALUES (10016, 45.751369999999994, 4.763712727272727);
INSERT INTO centreinteret (ID, NAME, POINT_ID) VALUES (10016, "Côte d'Alaï", 10016);
INSERT INTO point (ID, x, y) VALUES (10017, 45.742725555555566, 4.813963703703704);
INSERT INTO centreinteret (ID, NAME, POINT_ID) VALUES (10017, "Quai JJ Rousseau", 10017);


INSERT INTO point (ID, x, y) VALUES (50000, 45.78595742222826, 4.823736805360007);
INSERT INTO users (ID, USERNAME, PASSWORD, FIRSTNAME, LASTNAME, EMAIL, ENABLED, LASTPASSWORDRESETDATE, Location_id) VALUES (10000, "user0", "$2a$08$UkVvwpULis18S19S5pZFn.YHPZt3oaqHZnDwqbCW9pft6uFtkXKDC", "user0", "user0", "user0@user.com", 1, "2003/01/22", 50000);
INSERT INTO user_authority (USER_ID, AUTHORITY_ID) VALUES (10000, 2);
INSERT INTO objectif (id, objectif, sport_id) VALUES (100, 10, 1);
INSERT INTO users_objectifs (user_id, objectifs_id) VALUES (10000, 10000);
INSERT INTO programme(programme_id, date_debut, user_id) VALUES (10000, '2018-04-30', 10000);
INSERT INTO objectif(id, objectif, sport_id) VALUES (101, 10, 1);
INSERT INTO programme_objectifs(programme_programme_id, objectifs_id) VALUES (10000, 1);
INSERT INTO activity(activity_id, date_prevue, distance_prevue, distance_realisee, estrealisee, programme_id, sport_id, CENTREINTERET_ID, timeframe_id) VALUES (10000, '2018-05-01', 9.222830283198178, 0, 0, 10000, 1, 10000, 14);
INSERT INTO activity(activity_id, date_prevue, distance_prevue, distance_realisee, estrealisee, programme_id, sport_id, CENTREINTERET_ID, timeframe_id) VALUES (10001, '2018-05-02', 10.200064498667157, 0, 0, 10000, 1, 10000, 20);
INSERT INTO activity(activity_id, date_prevue, distance_prevue, distance_realisee, estrealisee, programme_id, sport_id, CENTREINTERET_ID, timeframe_id) VALUES (10002, '2018-05-03', 10.245190092598865, 0, 0, 10000, 1, 10000, 31);
INSERT INTO activity(activity_id, date_prevue, distance_prevue, distance_realisee, estrealisee, programme_id, sport_id, CENTREINTERET_ID, timeframe_id) VALUES (10003, '2018-05-04', 10.94886434643378, 0, 0, 10000, 1, 10000, 39);
INSERT INTO programme(programme_id, date_debut, user_id) VALUES (10001, '2018-04-23', 10000);
INSERT INTO objectif(id, objectif, sport_id) VALUES (102, 10, 1);
INSERT INTO programme_objectifs(programme_programme_id, objectifs_id) VALUES (10001, 1);
INSERT INTO activity(activity_id, date_prevue, date_realisee, distance_prevue, distance_realisee, estrealisee, programme_id, sport_id, CENTREINTERET_ID, timeframe_id) VALUES (10004, '2018-04-17', '2018-04-17', 8.892916312204225, 8.892916312204225, 1, 10001, 1, 10000, 18);
INSERT INTO activity(activity_id, date_prevue, date_realisee, distance_prevue, distance_realisee, estrealisee, programme_id, sport_id, CENTREINTERET_ID, timeframe_id) VALUES (10005, '2018-04-18', '2018-04-18', 8.727921603673177, 8.727921603673177, 1, 10001, 1, 10000, 31);
INSERT INTO activity(activity_id, date_prevue, date_realisee, distance_prevue, distance_realisee, estrealisee, programme_id, sport_id, CENTREINTERET_ID, timeframe_id) VALUES (10006, '2018-04-19', '2018-04-19', 10.70141286136966, 10.70141286136966, 1, 10001, 1, 10000, 18);
INSERT INTO activity(activity_id, date_prevue, date_realisee, distance_prevue, distance_realisee, estrealisee, programme_id, sport_id, CENTREINTERET_ID, timeframe_id) VALUES (10007, '2018-04-20', '2018-04-20', 9.900788174365182, 9.900788174365182, 1, 10001, 1, 10000, 6);

INSERT INTO point (ID, x, y) VALUES (50001, 45.7827259500787, 4.817321404462904);
INSERT INTO users (ID, USERNAME, PASSWORD, FIRSTNAME, LASTNAME, EMAIL, ENABLED, LASTPASSWORDRESETDATE, Location_id) VALUES (10001, "user1", "$2a$08$UkVvwpULis18S19S5pZFn.YHPZt3oaqHZnDwqbCW9pft6uFtkXKDC", "user1", "user1", "user1@user.com", 1, "2003/01/22", 50001);
INSERT INTO user_authority (USER_ID, AUTHORITY_ID) VALUES (10001, 2);
INSERT INTO objectif (id, objectif, sport_id) VALUES (103, 10, 1);
INSERT INTO users_objectifs (user_id, objectifs_id) VALUES (10001, 10001);
INSERT INTO programme(programme_id, date_debut, user_id) VALUES (10002, '2018-04-30', 10001);
INSERT INTO objectif(id, objectif, sport_id) VALUES (104, 10, 1);
INSERT INTO programme_objectifs(programme_programme_id, objectifs_id) VALUES (10002, 1);
INSERT INTO activity(activity_id, date_prevue, distance_prevue, distance_realisee, estrealisee, programme_id, sport_id, CENTREINTERET_ID, timeframe_id) VALUES (10008, '2018-05-01', 8.528365768592177, 0, 0, 10002, 1, 10000, 14);
INSERT INTO activity(activity_id, date_prevue, distance_prevue, distance_realisee, estrealisee, programme_id, sport_id, CENTREINTERET_ID, timeframe_id) VALUES (10009, '2018-05-02', 9.861476855374189, 0, 0, 10002, 1, 10000, 20);
INSERT INTO activity(activity_id, date_prevue, distance_prevue, distance_realisee, estrealisee, programme_id, sport_id, CENTREINTERET_ID, timeframe_id) VALUES (10010, '2018-05-03', 11.045185927466578, 0, 0, 10002, 1, 10000, 31);
INSERT INTO activity(activity_id, date_prevue, distance_prevue, distance_realisee, estrealisee, programme_id, sport_id, CENTREINTERET_ID, timeframe_id) VALUES (10011, '2018-05-04', 10.757783667493728, 0, 0, 10002, 1, 10000, 39);
INSERT INTO programme(programme_id, date_debut, user_id) VALUES (10003, '2018-04-23', 10001);
INSERT INTO objectif(id, objectif, sport_id) VALUES (105, 10, 1);
INSERT INTO programme_objectifs(programme_programme_id, objectifs_id) VALUES (10003, 1);
INSERT INTO activity(activity_id, date_prevue, date_realisee, distance_prevue, distance_realisee, estrealisee, programme_id, sport_id, CENTREINTERET_ID, timeframe_id) VALUES (10012, '2018-04-17', '2018-04-17', 10.950728480629193, 10.950728480629193, 1, 10003, 1, 10000, 25);
INSERT INTO activity(activity_id, date_prevue, date_realisee, distance_prevue, distance_realisee, estrealisee, programme_id, sport_id, CENTREINTERET_ID, timeframe_id) VALUES (10013, '2018-04-18', '2018-04-18', 7.602127629399448, 7.602127629399448, 1, 10003, 1, 10000, 46);
INSERT INTO activity(activity_id, date_prevue, date_realisee, distance_prevue, distance_realisee, estrealisee, programme_id, sport_id, CENTREINTERET_ID, timeframe_id) VALUES (10014, '2018-04-19', '2018-04-19', 10.374097949655624, 10.374097949655624, 1, 10003, 1, 10000, 21);
INSERT INTO activity(activity_id, date_prevue, date_realisee, distance_prevue, distance_realisee, estrealisee, programme_id, sport_id, CENTREINTERET_ID, timeframe_id) VALUES (10015, '2018-04-20', '2018-04-20', 10.36236761507253, 10.36236761507253, 1, 10003, 1, 10000, 23);

INSERT INTO point (ID, x, y) VALUES (50002, 45.78083833760283, 4.830154746927175);
INSERT INTO users (ID, USERNAME, PASSWORD, FIRSTNAME, LASTNAME, EMAIL, ENABLED, LASTPASSWORDRESETDATE, Location_id) VALUES (10002, "user2", "$2a$08$UkVvwpULis18S19S5pZFn.YHPZt3oaqHZnDwqbCW9pft6uFtkXKDC", "user2", "user2", "user2@user.com", 1, "2003/01/22", 50002);
INSERT INTO user_authority (USER_ID, AUTHORITY_ID) VALUES (10002, 2);
INSERT INTO objectif (id, objectif, sport_id) VALUES (106, 10, 1);
INSERT INTO users_objectifs (user_id, objectifs_id) VALUES (10002, 10002);
INSERT INTO programme(programme_id, date_debut, user_id) VALUES (10004, '2018-04-30', 10002);
INSERT INTO objectif(id, objectif, sport_id) VALUES (107, 10, 1);
INSERT INTO programme_objectifs(programme_programme_id, objectifs_id) VALUES (10004, 1);
INSERT INTO activity(activity_id, date_prevue, distance_prevue, distance_realisee, estrealisee, programme_id, sport_id, CENTREINTERET_ID, timeframe_id) VALUES (10016, '2018-05-01', 8.244053696671422, 0, 0, 10004, 1, 10000, 14);
INSERT INTO activity(activity_id, date_prevue, distance_prevue, distance_realisee, estrealisee, programme_id, sport_id, CENTREINTERET_ID, timeframe_id) VALUES (10017, '2018-05-02', 8.340899255147761, 0, 0, 10004, 1, 10000, 20);
INSERT INTO activity(activity_id, date_prevue, distance_prevue, distance_realisee, estrealisee, programme_id, sport_id, CENTREINTERET_ID, timeframe_id) VALUES (10018, '2018-05-03', 11.808627822268914, 0, 0, 10004, 1, 10000, 31);
INSERT INTO activity(activity_id, date_prevue, distance_prevue, distance_realisee, estrealisee, programme_id, sport_id, CENTREINTERET_ID, timeframe_id) VALUES (10019, '2018-05-04', 10.954380123986375, 0, 0, 10004, 1, 10000, 39);
INSERT INTO programme(programme_id, date_debut, user_id) VALUES (10005, '2018-04-23', 10002);
INSERT INTO objectif(id, objectif, sport_id) VALUES (108, 10, 1);
INSERT INTO programme_objectifs(programme_programme_id, objectifs_id) VALUES (10005, 1);
INSERT INTO activity(activity_id, date_prevue, date_realisee, distance_prevue, distance_realisee, estrealisee, programme_id, sport_id, CENTREINTERET_ID, timeframe_id) VALUES (10020, '2018-04-17', '2018-04-17', 9.678245890488279, 9.678245890488279, 1, 10005, 1, 10000, 37);
INSERT INTO activity(activity_id, date_prevue, date_realisee, distance_prevue, distance_realisee, estrealisee, programme_id, sport_id, CENTREINTERET_ID, timeframe_id) VALUES (10021, '2018-04-18', '2018-04-18', 10.711279152057841, 10.711279152057841, 1, 10005, 1, 10000, 17);
INSERT INTO activity(activity_id, date_prevue, date_realisee, distance_prevue, distance_realisee, estrealisee, programme_id, sport_id, CENTREINTERET_ID, timeframe_id) VALUES (10022, '2018-04-19', '2018-04-19', 7.393395730666843, 7.393395730666843, 1, 10005, 1, 10000, 34);
INSERT INTO activity(activity_id, date_prevue, date_realisee, distance_prevue, distance_realisee, estrealisee, programme_id, sport_id, CENTREINTERET_ID, timeframe_id) VALUES (10023, '2018-04-20', '2018-04-20', 10.953306959450376, 10.953306959450376, 1, 10005, 1, 10000, 51);

INSERT INTO point (ID, x, y) VALUES (50003, 45.743110235322995, 4.853348458537614);
INSERT INTO users (ID, USERNAME, PASSWORD, FIRSTNAME, LASTNAME, EMAIL, ENABLED, LASTPASSWORDRESETDATE, Location_id) VALUES (10003, "user3", "$2a$08$UkVvwpULis18S19S5pZFn.YHPZt3oaqHZnDwqbCW9pft6uFtkXKDC", "user3", "user3", "user3@user.com", 1, "2003/01/22", 50003);
INSERT INTO user_authority (USER_ID, AUTHORITY_ID) VALUES (10003, 2);
INSERT INTO objectif (id, objectif, sport_id) VALUES (109, 10, 1);
INSERT INTO users_objectifs (user_id, objectifs_id) VALUES (10003, 10003);
INSERT INTO programme(programme_id, date_debut, user_id) VALUES (10006, '2018-04-30', 10003);
INSERT INTO objectif(id, objectif, sport_id) VALUES (110, 10, 1);
INSERT INTO programme_objectifs(programme_programme_id, objectifs_id) VALUES (10006, 1);
INSERT INTO activity(activity_id, date_prevue, distance_prevue, distance_realisee, estrealisee, programme_id, sport_id, CENTREINTERET_ID, timeframe_id) VALUES (10024, '2018-05-01', 11.18591701404585, 0, 0, 10006, 1, 10000, 14);
INSERT INTO activity(activity_id, date_prevue, distance_prevue, distance_realisee, estrealisee, programme_id, sport_id, CENTREINTERET_ID, timeframe_id) VALUES (10025, '2018-05-02', 9.129277806471304, 0, 0, 10006, 1, 10000, 20);
INSERT INTO activity(activity_id, date_prevue, distance_prevue, distance_realisee, estrealisee, programme_id, sport_id, CENTREINTERET_ID, timeframe_id) VALUES (10026, '2018-05-03', 8.564343835747609, 0, 0, 10006, 1, 10000, 31);
INSERT INTO activity(activity_id, date_prevue, distance_prevue, distance_realisee, estrealisee, programme_id, sport_id, CENTREINTERET_ID, timeframe_id) VALUES (10027, '2018-05-04', 7.615642036889507, 0, 0, 10006, 1, 10000, 39);
INSERT INTO programme(programme_id, date_debut, user_id) VALUES (10007, '2018-04-23', 10003);
INSERT INTO objectif(id, objectif, sport_id) VALUES (111, 10, 1);
INSERT INTO programme_objectifs(programme_programme_id, objectifs_id) VALUES (10007, 1);
INSERT INTO activity(activity_id, date_prevue, date_realisee, distance_prevue, distance_realisee, estrealisee, programme_id, sport_id, CENTREINTERET_ID, timeframe_id) VALUES (10028, '2018-04-17', '2018-04-17', 9.493530769286316, 9.493530769286316, 1, 10007, 1, 10000, 5);
INSERT INTO activity(activity_id, date_prevue, date_realisee, distance_prevue, distance_realisee, estrealisee, programme_id, sport_id, CENTREINTERET_ID, timeframe_id) VALUES (10029, '2018-04-18', '2018-04-18', 8.694515467034309, 8.694515467034309, 1, 10007, 1, 10000, 18);
INSERT INTO activity(activity_id, date_prevue, date_realisee, distance_prevue, distance_realisee, estrealisee, programme_id, sport_id, CENTREINTERET_ID, timeframe_id) VALUES (10030, '2018-04-19', '2018-04-19', 10.251673491687903, 10.251673491687903, 1, 10007, 1, 10000, 25);
INSERT INTO activity(activity_id, date_prevue, date_realisee, distance_prevue, distance_realisee, estrealisee, programme_id, sport_id, CENTREINTERET_ID, timeframe_id) VALUES (10031, '2018-04-20', '2018-04-20', 10.56276104588316, 10.56276104588316, 1, 10007, 1, 10000, 6);

INSERT INTO point (ID, x, y) VALUES (50004, 45.76203365525962, 4.851700140104183);
INSERT INTO users (ID, USERNAME, PASSWORD, FIRSTNAME, LASTNAME, EMAIL, ENABLED, LASTPASSWORDRESETDATE, Location_id) VALUES (10004, "user4", "$2a$08$UkVvwpULis18S19S5pZFn.YHPZt3oaqHZnDwqbCW9pft6uFtkXKDC", "user4", "user4", "user4@user.com", 1, "2003/01/22", 50004);
INSERT INTO user_authority (USER_ID, AUTHORITY_ID) VALUES (10004, 2);
INSERT INTO objectif (id, objectif, sport_id) VALUES (112, 10, 1);
INSERT INTO users_objectifs (user_id, objectifs_id) VALUES (10004, 10004);
INSERT INTO programme(programme_id, date_debut, user_id) VALUES (10008, '2018-04-30', 10004);
INSERT INTO objectif(id, objectif, sport_id) VALUES (113, 10, 1);
INSERT INTO programme_objectifs(programme_programme_id, objectifs_id) VALUES (10008, 1);
INSERT INTO activity(activity_id, date_prevue, distance_prevue, distance_realisee, estrealisee, programme_id, sport_id, CENTREINTERET_ID, timeframe_id) VALUES (10032, '2018-05-01', 8.30601736799069, 0, 0, 10008, 1, 10000, 14);
INSERT INTO activity(activity_id, date_prevue, distance_prevue, distance_realisee, estrealisee, programme_id, sport_id, CENTREINTERET_ID, timeframe_id) VALUES (10033, '2018-05-02', 9.995180794934694, 0, 0, 10008, 1, 10000, 20);
INSERT INTO activity(activity_id, date_prevue, distance_prevue, distance_realisee, estrealisee, programme_id, sport_id, CENTREINTERET_ID, timeframe_id) VALUES (10034, '2018-05-03', 10.753521304879612, 0, 0, 10008, 1, 10000, 31);
INSERT INTO activity(activity_id, date_prevue, distance_prevue, distance_realisee, estrealisee, programme_id, sport_id, CENTREINTERET_ID, timeframe_id) VALUES (10035, '2018-05-04', 8.087954893128071, 0, 0, 10008, 1, 10000, 39);
INSERT INTO programme(programme_id, date_debut, user_id) VALUES (10009, '2018-04-23', 10004);
INSERT INTO objectif(id, objectif, sport_id) VALUES (114, 10, 1);
INSERT INTO programme_objectifs(programme_programme_id, objectifs_id) VALUES (10009, 1);
INSERT INTO activity(activity_id, date_prevue, date_realisee, distance_prevue, distance_realisee, estrealisee, programme_id, sport_id, CENTREINTERET_ID, timeframe_id) VALUES (10036, '2018-04-17', '2018-04-17', 10.634882349634417, 10.634882349634417, 1, 10009, 1, 10000, 48);
INSERT INTO activity(activity_id, date_prevue, date_realisee, distance_prevue, distance_realisee, estrealisee, programme_id, sport_id, CENTREINTERET_ID, timeframe_id) VALUES (10037, '2018-04-18', '2018-04-18', 7.896092016594693, 7.896092016594693, 1, 10009, 1, 10000, 27);
INSERT INTO activity(activity_id, date_prevue, date_realisee, distance_prevue, distance_realisee, estrealisee, programme_id, sport_id, CENTREINTERET_ID, timeframe_id) VALUES (10038, '2018-04-19', '2018-04-19', 8.116522564716911, 8.116522564716911, 1, 10009, 1, 10000, 6);
INSERT INTO activity(activity_id, date_prevue, date_realisee, distance_prevue, distance_realisee, estrealisee, programme_id, sport_id, CENTREINTERET_ID, timeframe_id) VALUES (10039, '2018-04-20', '2018-04-20', 8.979308424932281, 8.979308424932281, 1, 10009, 1, 10000, 24);

INSERT INTO point (ID, x, y) VALUES (50005, 45.737890704062856, 4.8331048344102765);
INSERT INTO users (ID, USERNAME, PASSWORD, FIRSTNAME, LASTNAME, EMAIL, ENABLED, LASTPASSWORDRESETDATE, Location_id) VALUES (10005, "user5", "$2a$08$UkVvwpULis18S19S5pZFn.YHPZt3oaqHZnDwqbCW9pft6uFtkXKDC", "user5", "user5", "user5@user.com", 1, "2003/01/22", 50005);
INSERT INTO user_authority (USER_ID, AUTHORITY_ID) VALUES (10005, 2);
INSERT INTO objectif (id, objectif, sport_id) VALUES (115, 10, 1);
INSERT INTO users_objectifs (user_id, objectifs_id) VALUES (10005, 10005);
INSERT INTO programme(programme_id, date_debut, user_id) VALUES (10010, '2018-04-30', 10005);
INSERT INTO objectif(id, objectif, sport_id) VALUES (116, 10, 1);
INSERT INTO programme_objectifs(programme_programme_id, objectifs_id) VALUES (10010, 1);
INSERT INTO activity(activity_id, date_prevue, distance_prevue, distance_realisee, estrealisee, programme_id, sport_id, CENTREINTERET_ID, timeframe_id) VALUES (10040, '2018-05-01', 11.407812020009793, 0, 0, 10010, 1, 10000, 14);
INSERT INTO activity(activity_id, date_prevue, distance_prevue, distance_realisee, estrealisee, programme_id, sport_id, CENTREINTERET_ID, timeframe_id) VALUES (10041, '2018-05-02', 10.351024300616437, 0, 0, 10010, 1, 10000, 20);
INSERT INTO activity(activity_id, date_prevue, distance_prevue, distance_realisee, estrealisee, programme_id, sport_id, CENTREINTERET_ID, timeframe_id) VALUES (10042, '2018-05-03', 8.79232615705451, 0, 0, 10010, 1, 10000, 31);
INSERT INTO activity(activity_id, date_prevue, distance_prevue, distance_realisee, estrealisee, programme_id, sport_id, CENTREINTERET_ID, timeframe_id) VALUES (10043, '2018-05-04', 9.9382822686669, 0, 0, 10010, 1, 10000, 39);
INSERT INTO programme(programme_id, date_debut, user_id) VALUES (10011, '2018-04-23', 10005);
INSERT INTO objectif(id, objectif, sport_id) VALUES (117, 10, 1);
INSERT INTO programme_objectifs(programme_programme_id, objectifs_id) VALUES (10011, 1);
INSERT INTO activity(activity_id, date_prevue, date_realisee, distance_prevue, distance_realisee, estrealisee, programme_id, sport_id, CENTREINTERET_ID, timeframe_id) VALUES (10044, '2018-04-17', '2018-04-17', 8.433474330771126, 8.433474330771126, 1, 10011, 1, 10000, 46);
INSERT INTO activity(activity_id, date_prevue, date_realisee, distance_prevue, distance_realisee, estrealisee, programme_id, sport_id, CENTREINTERET_ID, timeframe_id) VALUES (10045, '2018-04-18', '2018-04-18', 8.464010036866288, 8.464010036866288, 1, 10011, 1, 10000, 10);
INSERT INTO activity(activity_id, date_prevue, date_realisee, distance_prevue, distance_realisee, estrealisee, programme_id, sport_id, CENTREINTERET_ID, timeframe_id) VALUES (10046, '2018-04-19', '2018-04-19', 8.633135924767592, 8.633135924767592, 1, 10011, 1, 10000, 6);
INSERT INTO activity(activity_id, date_prevue, date_realisee, distance_prevue, distance_realisee, estrealisee, programme_id, sport_id, CENTREINTERET_ID, timeframe_id) VALUES (10047, '2018-04-20', '2018-04-20', 8.511367200059347, 8.511367200059347, 1, 10011, 1, 10000, 42);

INSERT INTO point (ID, x, y) VALUES (50006, 45.75290536951836, 4.868780463975754);
INSERT INTO users (ID, USERNAME, PASSWORD, FIRSTNAME, LASTNAME, EMAIL, ENABLED, LASTPASSWORDRESETDATE, Location_id) VALUES (10006, "user6", "$2a$08$UkVvwpULis18S19S5pZFn.YHPZt3oaqHZnDwqbCW9pft6uFtkXKDC", "user6", "user6", "user6@user.com", 1, "2003/01/22", 50006);
INSERT INTO user_authority (USER_ID, AUTHORITY_ID) VALUES (10006, 2);
INSERT INTO objectif (id, objectif, sport_id) VALUES (118, 10, 1);
INSERT INTO users_objectifs (user_id, objectifs_id) VALUES (10006, 10006);
INSERT INTO programme(programme_id, date_debut, user_id) VALUES (10012, '2018-04-30', 10006);
INSERT INTO objectif(id, objectif, sport_id) VALUES (119, 10, 1);
INSERT INTO programme_objectifs(programme_programme_id, objectifs_id) VALUES (10012, 1);
INSERT INTO activity(activity_id, date_prevue, distance_prevue, distance_realisee, estrealisee, programme_id, sport_id, CENTREINTERET_ID, timeframe_id) VALUES (10048, '2018-05-01', 8.873407871595397, 0, 0, 10012, 1, 10000, 14);
INSERT INTO activity(activity_id, date_prevue, distance_prevue, distance_realisee, estrealisee, programme_id, sport_id, CENTREINTERET_ID, timeframe_id) VALUES (10049, '2018-05-02', 7.880891634822378, 0, 0, 10012, 1, 10000, 20);
INSERT INTO activity(activity_id, date_prevue, distance_prevue, distance_realisee, estrealisee, programme_id, sport_id, CENTREINTERET_ID, timeframe_id) VALUES (10050, '2018-05-03', 7.529457965089234, 0, 0, 10012, 1, 10000, 31);
INSERT INTO activity(activity_id, date_prevue, distance_prevue, distance_realisee, estrealisee, programme_id, sport_id, CENTREINTERET_ID, timeframe_id) VALUES (10051, '2018-05-04', 9.132085887849346, 0, 0, 10012, 1, 10000, 39);
INSERT INTO programme(programme_id, date_debut, user_id) VALUES (10013, '2018-04-23', 10006);
INSERT INTO objectif(id, objectif, sport_id) VALUES (120, 10, 1);
INSERT INTO programme_objectifs(programme_programme_id, objectifs_id) VALUES (10013, 1);
INSERT INTO activity(activity_id, date_prevue, date_realisee, distance_prevue, distance_realisee, estrealisee, programme_id, sport_id, CENTREINTERET_ID, timeframe_id) VALUES (10052, '2018-04-17', '2018-04-17', 7.481091393484397, 7.481091393484397, 1, 10013, 1, 10000, 19);
INSERT INTO activity(activity_id, date_prevue, date_realisee, distance_prevue, distance_realisee, estrealisee, programme_id, sport_id, CENTREINTERET_ID, timeframe_id) VALUES (10053, '2018-04-18', '2018-04-18', 11.001729798203328, 11.001729798203328, 1, 10013, 1, 10000, 44);
INSERT INTO activity(activity_id, date_prevue, date_realisee, distance_prevue, distance_realisee, estrealisee, programme_id, sport_id, CENTREINTERET_ID, timeframe_id) VALUES (10054, '2018-04-19', '2018-04-19', 7.665878301430244, 7.665878301430244, 1, 10013, 1, 10000, 2);
INSERT INTO activity(activity_id, date_prevue, date_realisee, distance_prevue, distance_realisee, estrealisee, programme_id, sport_id, CENTREINTERET_ID, timeframe_id) VALUES (10055, '2018-04-20', '2018-04-20', 8.252338072257563, 8.252338072257563, 1, 10013, 1, 10000, 11);

INSERT INTO point (ID, x, y) VALUES (50007, 45.78842059337995, 4.853776238154425);
INSERT INTO users (ID, USERNAME, PASSWORD, FIRSTNAME, LASTNAME, EMAIL, ENABLED, LASTPASSWORDRESETDATE, Location_id) VALUES (10007, "user7", "$2a$08$UkVvwpULis18S19S5pZFn.YHPZt3oaqHZnDwqbCW9pft6uFtkXKDC", "user7", "user7", "user7@user.com", 1, "2003/01/22", 50007);
INSERT INTO user_authority (USER_ID, AUTHORITY_ID) VALUES (10007, 2);
INSERT INTO objectif (id, objectif, sport_id) VALUES (121, 10, 1);
INSERT INTO users_objectifs (user_id, objectifs_id) VALUES (10007, 10007);
INSERT INTO programme(programme_id, date_debut, user_id) VALUES (10014, '2018-04-30', 10007);
INSERT INTO objectif(id, objectif, sport_id) VALUES (122, 10, 1);
INSERT INTO programme_objectifs(programme_programme_id, objectifs_id) VALUES (10014, 1);
INSERT INTO activity(activity_id, date_prevue, distance_prevue, distance_realisee, estrealisee, programme_id, sport_id, CENTREINTERET_ID, timeframe_id) VALUES (10056, '2018-05-01', 10.782540873832463, 0, 0, 10014, 1, 10000, 14);
INSERT INTO activity(activity_id, date_prevue, distance_prevue, distance_realisee, estrealisee, programme_id, sport_id, CENTREINTERET_ID, timeframe_id) VALUES (10057, '2018-05-02', 11.382373551812048, 0, 0, 10014, 1, 10000, 20);
INSERT INTO activity(activity_id, date_prevue, distance_prevue, distance_realisee, estrealisee, programme_id, sport_id, CENTREINTERET_ID, timeframe_id) VALUES (10058, '2018-05-03', 8.034558493282667, 0, 0, 10014, 1, 10000, 31);
INSERT INTO activity(activity_id, date_prevue, distance_prevue, distance_realisee, estrealisee, programme_id, sport_id, CENTREINTERET_ID, timeframe_id) VALUES (10059, '2018-05-04', 9.863095797542549, 0, 0, 10014, 1, 10000, 39);
INSERT INTO programme(programme_id, date_debut, user_id) VALUES (10015, '2018-04-23', 10007);
INSERT INTO objectif(id, objectif, sport_id) VALUES (123, 10, 1);
INSERT INTO programme_objectifs(programme_programme_id, objectifs_id) VALUES (10015, 1);
INSERT INTO activity(activity_id, date_prevue, date_realisee, distance_prevue, distance_realisee, estrealisee, programme_id, sport_id, CENTREINTERET_ID, timeframe_id) VALUES (10060, '2018-04-17', '2018-04-17', 11.180052369572902, 11.180052369572902, 1, 10015, 1, 10000, 47);
INSERT INTO activity(activity_id, date_prevue, date_realisee, distance_prevue, distance_realisee, estrealisee, programme_id, sport_id, CENTREINTERET_ID, timeframe_id) VALUES (10061, '2018-04-18', '2018-04-18', 8.27284780662365, 8.27284780662365, 1, 10015, 1, 10000, 6);
INSERT INTO activity(activity_id, date_prevue, date_realisee, distance_prevue, distance_realisee, estrealisee, programme_id, sport_id, CENTREINTERET_ID, timeframe_id) VALUES (10062, '2018-04-19', '2018-04-19', 8.65304975925093, 8.65304975925093, 1, 10015, 1, 10000, 46);
INSERT INTO activity(activity_id, date_prevue, date_realisee, distance_prevue, distance_realisee, estrealisee, programme_id, sport_id, CENTREINTERET_ID, timeframe_id) VALUES (10063, '2018-04-20', '2018-04-20', 7.043866911705871, 7.043866911705871, 1, 10015, 1, 10000, 1);

INSERT INTO point (ID, x, y) VALUES (50008, 45.71408805128169, 4.838726409033045);
INSERT INTO users (ID, USERNAME, PASSWORD, FIRSTNAME, LASTNAME, EMAIL, ENABLED, LASTPASSWORDRESETDATE, Location_id) VALUES (10008, "user8", "$2a$08$UkVvwpULis18S19S5pZFn.YHPZt3oaqHZnDwqbCW9pft6uFtkXKDC", "user8", "user8", "user8@user.com", 1, "2003/01/22", 50008);
INSERT INTO user_authority (USER_ID, AUTHORITY_ID) VALUES (10008, 2);
INSERT INTO objectif (id, objectif, sport_id) VALUES (124, 10, 1);
INSERT INTO users_objectifs (user_id, objectifs_id) VALUES (10008, 10008);
INSERT INTO programme(programme_id, date_debut, user_id) VALUES (10016, '2018-04-30', 10008);
INSERT INTO objectif(id, objectif, sport_id) VALUES (125, 10, 1);
INSERT INTO programme_objectifs(programme_programme_id, objectifs_id) VALUES (10016, 1);
INSERT INTO activity(activity_id, date_prevue, distance_prevue, distance_realisee, estrealisee, programme_id, sport_id, CENTREINTERET_ID, timeframe_id) VALUES (10064, '2018-05-01', 10.927897559193996, 0, 0, 10016, 1, 10000, 14);
INSERT INTO activity(activity_id, date_prevue, distance_prevue, distance_realisee, estrealisee, programme_id, sport_id, CENTREINTERET_ID, timeframe_id) VALUES (10065, '2018-05-02', 9.07556919896913, 0, 0, 10016, 1, 10000, 20);
INSERT INTO activity(activity_id, date_prevue, distance_prevue, distance_realisee, estrealisee, programme_id, sport_id, CENTREINTERET_ID, timeframe_id) VALUES (10066, '2018-05-03', 8.631795885516645, 0, 0, 10016, 1, 10000, 31);
INSERT INTO activity(activity_id, date_prevue, distance_prevue, distance_realisee, estrealisee, programme_id, sport_id, CENTREINTERET_ID, timeframe_id) VALUES (10067, '2018-05-04', 9.404807198692499, 0, 0, 10016, 1, 10000, 39);
INSERT INTO programme(programme_id, date_debut, user_id) VALUES (10017, '2018-04-23', 10008);
INSERT INTO objectif(id, objectif, sport_id) VALUES (126, 10, 1);
INSERT INTO programme_objectifs(programme_programme_id, objectifs_id) VALUES (10017, 1);
INSERT INTO activity(activity_id, date_prevue, date_realisee, distance_prevue, distance_realisee, estrealisee, programme_id, sport_id, CENTREINTERET_ID, timeframe_id) VALUES (10068, '2018-04-17', '2018-04-17', 9.170536663483173, 9.170536663483173, 1, 10017, 1, 10000, 53);
INSERT INTO activity(activity_id, date_prevue, date_realisee, distance_prevue, distance_realisee, estrealisee, programme_id, sport_id, CENTREINTERET_ID, timeframe_id) VALUES (10069, '2018-04-18', '2018-04-18', 7.781504146680905, 7.781504146680905, 1, 10017, 1, 10000, 50);
INSERT INTO activity(activity_id, date_prevue, date_realisee, distance_prevue, distance_realisee, estrealisee, programme_id, sport_id, CENTREINTERET_ID, timeframe_id) VALUES (10070, '2018-04-19', '2018-04-19', 9.450990954647272, 9.450990954647272, 1, 10017, 1, 10000, 20);
INSERT INTO activity(activity_id, date_prevue, date_realisee, distance_prevue, distance_realisee, estrealisee, programme_id, sport_id, CENTREINTERET_ID, timeframe_id) VALUES (10071, '2018-04-20', '2018-04-20', 10.360519707769901, 10.360519707769901, 1, 10017, 1, 10000, 2);

INSERT INTO point (ID, x, y) VALUES (50009, 45.73776276455545, 4.884531801003555);
INSERT INTO users (ID, USERNAME, PASSWORD, FIRSTNAME, LASTNAME, EMAIL, ENABLED, LASTPASSWORDRESETDATE, Location_id) VALUES (10009, "user9", "$2a$08$UkVvwpULis18S19S5pZFn.YHPZt3oaqHZnDwqbCW9pft6uFtkXKDC", "user9", "user9", "user9@user.com", 1, "2003/01/22", 50009);
INSERT INTO user_authority (USER_ID, AUTHORITY_ID) VALUES (10009, 2);
INSERT INTO objectif (id, objectif, sport_id) VALUES (127, 10, 1);
INSERT INTO users_objectifs (user_id, objectifs_id) VALUES (10009, 10009);
INSERT INTO programme(programme_id, date_debut, user_id) VALUES (10018, '2018-04-30', 10009);
INSERT INTO objectif(id, objectif, sport_id) VALUES (128, 10, 1);
INSERT INTO programme_objectifs(programme_programme_id, objectifs_id) VALUES (10018, 1);
INSERT INTO activity(activity_id, date_prevue, distance_prevue, distance_realisee, estrealisee, programme_id, sport_id, CENTREINTERET_ID, timeframe_id) VALUES (10072, '2018-05-01', 9.469075865844244, 0, 0, 10018, 1, 10000, 14);
INSERT INTO activity(activity_id, date_prevue, distance_prevue, distance_realisee, estrealisee, programme_id, sport_id, CENTREINTERET_ID, timeframe_id) VALUES (10073, '2018-05-02', 10.30986099463588, 0, 0, 10018, 1, 10000, 20);
INSERT INTO activity(activity_id, date_prevue, distance_prevue, distance_realisee, estrealisee, programme_id, sport_id, CENTREINTERET_ID, timeframe_id) VALUES (10074, '2018-05-03', 8.173274916655535, 0, 0, 10018, 1, 10000, 31);
INSERT INTO activity(activity_id, date_prevue, distance_prevue, distance_realisee, estrealisee, programme_id, sport_id, CENTREINTERET_ID, timeframe_id) VALUES (10075, '2018-05-04', 10.745111561879407, 0, 0, 10018, 1, 10000, 39);
INSERT INTO programme(programme_id, date_debut, user_id) VALUES (10019, '2018-04-23', 10009);
INSERT INTO objectif(id, objectif, sport_id) VALUES (129, 10, 1);
INSERT INTO programme_objectifs(programme_programme_id, objectifs_id) VALUES (10019, 1);
INSERT INTO activity(activity_id, date_prevue, date_realisee, distance_prevue, distance_realisee, estrealisee, programme_id, sport_id, CENTREINTERET_ID, timeframe_id) VALUES (10076, '2018-04-17', '2018-04-17', 8.145242552331126, 8.145242552331126, 1, 10019, 1, 10000, 24);
INSERT INTO activity(activity_id, date_prevue, date_realisee, distance_prevue, distance_realisee, estrealisee, programme_id, sport_id, CENTREINTERET_ID, timeframe_id) VALUES (10077, '2018-04-18', '2018-04-18', 9.397167261165771, 9.397167261165771, 1, 10019, 1, 10000, 55);
INSERT INTO activity(activity_id, date_prevue, date_realisee, distance_prevue, distance_realisee, estrealisee, programme_id, sport_id, CENTREINTERET_ID, timeframe_id) VALUES (10078, '2018-04-19', '2018-04-19', 11.346212950448422, 11.346212950448422, 1, 10019, 1, 10000, 14);
INSERT INTO activity(activity_id, date_prevue, date_realisee, distance_prevue, distance_realisee, estrealisee, programme_id, sport_id, CENTREINTERET_ID, timeframe_id) VALUES (10079, '2018-04-20', '2018-04-20', 9.028968927121626, 9.028968927121626, 1, 10019, 1, 10000, 14);

INSERT INTO point (ID, x, y) VALUES (50010, 45.73606883101441, 4.869275588252794);
INSERT INTO users (ID, USERNAME, PASSWORD, FIRSTNAME, LASTNAME, EMAIL, ENABLED, LASTPASSWORDRESETDATE, Location_id) VALUES (10010, "user10", "$2a$08$UkVvwpULis18S19S5pZFn.YHPZt3oaqHZnDwqbCW9pft6uFtkXKDC", "user10", "user10", "user10@user.com", 1, "2003/01/22", 50010);
INSERT INTO user_authority (USER_ID, AUTHORITY_ID) VALUES (10010, 2);
INSERT INTO objectif (id, objectif, sport_id) VALUES (130, 10, 1);
INSERT INTO users_objectifs (user_id, objectifs_id) VALUES (10010, 10010);
INSERT INTO programme(programme_id, date_debut, user_id) VALUES (10020, '2018-04-30', 10010);
INSERT INTO objectif(id, objectif, sport_id) VALUES (131, 10, 1);
INSERT INTO programme_objectifs(programme_programme_id, objectifs_id) VALUES (10020, 1);
INSERT INTO activity(activity_id, date_prevue, distance_prevue, distance_realisee, estrealisee, programme_id, sport_id, CENTREINTERET_ID, timeframe_id) VALUES (10080, '2018-05-01', 7.198958005053333, 0, 0, 10020, 1, 10000, 14);
INSERT INTO activity(activity_id, date_prevue, distance_prevue, distance_realisee, estrealisee, programme_id, sport_id, CENTREINTERET_ID, timeframe_id) VALUES (10081, '2018-05-02', 10.788724503880772, 0, 0, 10020, 1, 10000, 20);
INSERT INTO activity(activity_id, date_prevue, distance_prevue, distance_realisee, estrealisee, programme_id, sport_id, CENTREINTERET_ID, timeframe_id) VALUES (10082, '2018-05-03', 7.860062628670222, 0, 0, 10020, 1, 10000, 31);
INSERT INTO activity(activity_id, date_prevue, distance_prevue, distance_realisee, estrealisee, programme_id, sport_id, CENTREINTERET_ID, timeframe_id) VALUES (10083, '2018-05-04', 7.300743906214259, 0, 0, 10020, 1, 10000, 39);
INSERT INTO programme(programme_id, date_debut, user_id) VALUES (10021, '2018-04-23', 10010);
INSERT INTO objectif(id, objectif, sport_id) VALUES (132, 10, 1);
INSERT INTO programme_objectifs(programme_programme_id, objectifs_id) VALUES (10021, 1);
INSERT INTO activity(activity_id, date_prevue, date_realisee, distance_prevue, distance_realisee, estrealisee, programme_id, sport_id, CENTREINTERET_ID, timeframe_id) VALUES (10084, '2018-04-17', '2018-04-17', 7.144272409047121, 7.144272409047121, 1, 10021, 1, 10000, 28);
INSERT INTO activity(activity_id, date_prevue, date_realisee, distance_prevue, distance_realisee, estrealisee, programme_id, sport_id, CENTREINTERET_ID, timeframe_id) VALUES (10085, '2018-04-18', '2018-04-18', 8.070072201342436, 8.070072201342436, 1, 10021, 1, 10000, 45);
INSERT INTO activity(activity_id, date_prevue, date_realisee, distance_prevue, distance_realisee, estrealisee, programme_id, sport_id, CENTREINTERET_ID, timeframe_id) VALUES (10086, '2018-04-19', '2018-04-19', 7.622294870612303, 7.622294870612303, 1, 10021, 1, 10000, 33);
INSERT INTO activity(activity_id, date_prevue, date_realisee, distance_prevue, distance_realisee, estrealisee, programme_id, sport_id, CENTREINTERET_ID, timeframe_id) VALUES (10087, '2018-04-20', '2018-04-20', 11.448733273067791, 11.448733273067791, 1, 10021, 1, 10000, 8);

INSERT INTO point (ID, x, y) VALUES (50011, 45.72984090053373, 4.846023476071386);
INSERT INTO users (ID, USERNAME, PASSWORD, FIRSTNAME, LASTNAME, EMAIL, ENABLED, LASTPASSWORDRESETDATE, Location_id) VALUES (10011, "user11", "$2a$08$UkVvwpULis18S19S5pZFn.YHPZt3oaqHZnDwqbCW9pft6uFtkXKDC", "user11", "user11", "user11@user.com", 1, "2003/01/22", 50011);
INSERT INTO user_authority (USER_ID, AUTHORITY_ID) VALUES (10011, 2);
INSERT INTO objectif (id, objectif, sport_id) VALUES (133, 10, 1);
INSERT INTO users_objectifs (user_id, objectifs_id) VALUES (10011, 10011);
INSERT INTO programme(programme_id, date_debut, user_id) VALUES (10022, '2018-04-30', 10011);
INSERT INTO objectif(id, objectif, sport_id) VALUES (134, 10, 1);
INSERT INTO programme_objectifs(programme_programme_id, objectifs_id) VALUES (10022, 1);
INSERT INTO activity(activity_id, date_prevue, distance_prevue, distance_realisee, estrealisee, programme_id, sport_id, CENTREINTERET_ID, timeframe_id) VALUES (10088, '2018-05-01', 7.185032571638865, 0, 0, 10022, 1, 10000, 14);
INSERT INTO activity(activity_id, date_prevue, distance_prevue, distance_realisee, estrealisee, programme_id, sport_id, CENTREINTERET_ID, timeframe_id) VALUES (10089, '2018-05-02', 7.759264805181562, 0, 0, 10022, 1, 10000, 20);
INSERT INTO activity(activity_id, date_prevue, distance_prevue, distance_realisee, estrealisee, programme_id, sport_id, CENTREINTERET_ID, timeframe_id) VALUES (10090, '2018-05-03', 9.450068428330031, 0, 0, 10022, 1, 10000, 31);
INSERT INTO activity(activity_id, date_prevue, distance_prevue, distance_realisee, estrealisee, programme_id, sport_id, CENTREINTERET_ID, timeframe_id) VALUES (10091, '2018-05-04', 9.003055013996681, 0, 0, 10022, 1, 10000, 39);
INSERT INTO programme(programme_id, date_debut, user_id) VALUES (10023, '2018-04-23', 10011);
INSERT INTO objectif(id, objectif, sport_id) VALUES (135, 10, 1);
INSERT INTO programme_objectifs(programme_programme_id, objectifs_id) VALUES (10023, 1);
INSERT INTO activity(activity_id, date_prevue, date_realisee, distance_prevue, distance_realisee, estrealisee, programme_id, sport_id, CENTREINTERET_ID, timeframe_id) VALUES (10092, '2018-04-17', '2018-04-17', 9.766543874437762, 9.766543874437762, 1, 10023, 1, 10000, 21);
INSERT INTO activity(activity_id, date_prevue, date_realisee, distance_prevue, distance_realisee, estrealisee, programme_id, sport_id, CENTREINTERET_ID, timeframe_id) VALUES (10093, '2018-04-18', '2018-04-18', 11.684965992125626, 11.684965992125626, 1, 10023, 1, 10000, 46);
INSERT INTO activity(activity_id, date_prevue, date_realisee, distance_prevue, distance_realisee, estrealisee, programme_id, sport_id, CENTREINTERET_ID, timeframe_id) VALUES (10094, '2018-04-19', '2018-04-19', 11.242480151445195, 11.242480151445195, 1, 10023, 1, 10000, 21);
INSERT INTO activity(activity_id, date_prevue, date_realisee, distance_prevue, distance_realisee, estrealisee, programme_id, sport_id, CENTREINTERET_ID, timeframe_id) VALUES (10095, '2018-04-20', '2018-04-20', 9.41118434013584, 9.41118434013584, 1, 10023, 1, 10000, 51);

INSERT INTO point (ID, x, y) VALUES (50012, 45.73934649051673, 4.8782819039803975);
INSERT INTO users (ID, USERNAME, PASSWORD, FIRSTNAME, LASTNAME, EMAIL, ENABLED, LASTPASSWORDRESETDATE, Location_id) VALUES (10012, "user12", "$2a$08$UkVvwpULis18S19S5pZFn.YHPZt3oaqHZnDwqbCW9pft6uFtkXKDC", "user12", "user12", "user12@user.com", 1, "2003/01/22", 50012);
INSERT INTO user_authority (USER_ID, AUTHORITY_ID) VALUES (10012, 2);
INSERT INTO objectif (id, objectif, sport_id) VALUES (136, 10, 1);
INSERT INTO users_objectifs (user_id, objectifs_id) VALUES (10012, 10012);
INSERT INTO programme(programme_id, date_debut, user_id) VALUES (10024, '2018-04-30', 10012);
INSERT INTO objectif(id, objectif, sport_id) VALUES (137, 10, 1);
INSERT INTO programme_objectifs(programme_programme_id, objectifs_id) VALUES (10024, 1);
INSERT INTO activity(activity_id, date_prevue, distance_prevue, distance_realisee, estrealisee, programme_id, sport_id, CENTREINTERET_ID, timeframe_id) VALUES (10096, '2018-05-01', 7.352438795186547, 0, 0, 10024, 1, 10000, 14);
INSERT INTO activity(activity_id, date_prevue, distance_prevue, distance_realisee, estrealisee, programme_id, sport_id, CENTREINTERET_ID, timeframe_id) VALUES (10097, '2018-05-02', 8.852902349661568, 0, 0, 10024, 1, 10000, 20);
INSERT INTO activity(activity_id, date_prevue, distance_prevue, distance_realisee, estrealisee, programme_id, sport_id, CENTREINTERET_ID, timeframe_id) VALUES (10098, '2018-05-03', 9.87686243648372, 0, 0, 10024, 1, 10000, 31);
INSERT INTO activity(activity_id, date_prevue, distance_prevue, distance_realisee, estrealisee, programme_id, sport_id, CENTREINTERET_ID, timeframe_id) VALUES (10099, '2018-05-04', 11.807150719201838, 0, 0, 10024, 1, 10000, 39);
INSERT INTO programme(programme_id, date_debut, user_id) VALUES (10025, '2018-04-23', 10012);
INSERT INTO objectif(id, objectif, sport_id) VALUES (138, 10, 1);
INSERT INTO programme_objectifs(programme_programme_id, objectifs_id) VALUES (10025, 1);
INSERT INTO activity(activity_id, date_prevue, date_realisee, distance_prevue, distance_realisee, estrealisee, programme_id, sport_id, CENTREINTERET_ID, timeframe_id) VALUES (10100, '2018-04-17', '2018-04-17', 10.483058579379037, 10.483058579379037, 1, 10025, 1, 10000, 10);
INSERT INTO activity(activity_id, date_prevue, date_realisee, distance_prevue, distance_realisee, estrealisee, programme_id, sport_id, CENTREINTERET_ID, timeframe_id) VALUES (10101, '2018-04-18', '2018-04-18', 9.709802976660415, 9.709802976660415, 1, 10025, 1, 10000, 29);
INSERT INTO activity(activity_id, date_prevue, date_realisee, distance_prevue, distance_realisee, estrealisee, programme_id, sport_id, CENTREINTERET_ID, timeframe_id) VALUES (10102, '2018-04-19', '2018-04-19', 10.373498493623703, 10.373498493623703, 1, 10025, 1, 10000, 42);
INSERT INTO activity(activity_id, date_prevue, date_realisee, distance_prevue, distance_realisee, estrealisee, programme_id, sport_id, CENTREINTERET_ID, timeframe_id) VALUES (10103, '2018-04-20', '2018-04-20', 7.389837030768021, 7.389837030768021, 1, 10025, 1, 10000, 32);

INSERT INTO point (ID, x, y) VALUES (50013, 45.74149357126018, 4.833044271672876);
INSERT INTO users (ID, USERNAME, PASSWORD, FIRSTNAME, LASTNAME, EMAIL, ENABLED, LASTPASSWORDRESETDATE, Location_id) VALUES (10013, "user13", "$2a$08$UkVvwpULis18S19S5pZFn.YHPZt3oaqHZnDwqbCW9pft6uFtkXKDC", "user13", "user13", "user13@user.com", 1, "2003/01/22", 50013);
INSERT INTO user_authority (USER_ID, AUTHORITY_ID) VALUES (10013, 2);
INSERT INTO objectif (id, objectif, sport_id) VALUES (139, 10, 1);
INSERT INTO users_objectifs (user_id, objectifs_id) VALUES (10013, 10013);
INSERT INTO programme(programme_id, date_debut, user_id) VALUES (10026, '2018-04-30', 10013);
INSERT INTO objectif(id, objectif, sport_id) VALUES (140, 10, 1);
INSERT INTO programme_objectifs(programme_programme_id, objectifs_id) VALUES (10026, 1);
INSERT INTO activity(activity_id, date_prevue, distance_prevue, distance_realisee, estrealisee, programme_id, sport_id, CENTREINTERET_ID, timeframe_id) VALUES (10104, '2018-05-01', 10.191102724170767, 0, 0, 10026, 1, 10000, 14);
INSERT INTO activity(activity_id, date_prevue, distance_prevue, distance_realisee, estrealisee, programme_id, sport_id, CENTREINTERET_ID, timeframe_id) VALUES (10105, '2018-05-02', 11.37780541543296, 0, 0, 10026, 1, 10000, 20);
INSERT INTO activity(activity_id, date_prevue, distance_prevue, distance_realisee, estrealisee, programme_id, sport_id, CENTREINTERET_ID, timeframe_id) VALUES (10106, '2018-05-03', 9.906362281898058, 0, 0, 10026, 1, 10000, 31);
INSERT INTO activity(activity_id, date_prevue, distance_prevue, distance_realisee, estrealisee, programme_id, sport_id, CENTREINTERET_ID, timeframe_id) VALUES (10107, '2018-05-04', 11.911222651627615, 0, 0, 10026, 1, 10000, 39);
INSERT INTO programme(programme_id, date_debut, user_id) VALUES (10027, '2018-04-23', 10013);
INSERT INTO objectif(id, objectif, sport_id) VALUES (141, 10, 1);
INSERT INTO programme_objectifs(programme_programme_id, objectifs_id) VALUES (10027, 1);
INSERT INTO activity(activity_id, date_prevue, date_realisee, distance_prevue, distance_realisee, estrealisee, programme_id, sport_id, CENTREINTERET_ID, timeframe_id) VALUES (10108, '2018-04-17', '2018-04-17', 9.527154819883892, 9.527154819883892, 1, 10027, 1, 10000, 8);
INSERT INTO activity(activity_id, date_prevue, date_realisee, distance_prevue, distance_realisee, estrealisee, programme_id, sport_id, CENTREINTERET_ID, timeframe_id) VALUES (10109, '2018-04-18', '2018-04-18', 10.838934680729896, 10.838934680729896, 1, 10027, 1, 10000, 5);
INSERT INTO activity(activity_id, date_prevue, date_realisee, distance_prevue, distance_realisee, estrealisee, programme_id, sport_id, CENTREINTERET_ID, timeframe_id) VALUES (10110, '2018-04-19', '2018-04-19', 9.380665048089554, 9.380665048089554, 1, 10027, 1, 10000, 18);
INSERT INTO activity(activity_id, date_prevue, date_realisee, distance_prevue, distance_realisee, estrealisee, programme_id, sport_id, CENTREINTERET_ID, timeframe_id) VALUES (10111, '2018-04-20', '2018-04-20', 7.547933142369168, 7.547933142369168, 1, 10027, 1, 10000, 9);

INSERT INTO point (ID, x, y) VALUES (50014, 45.78246504061218, 4.819502843131315);
INSERT INTO users (ID, USERNAME, PASSWORD, FIRSTNAME, LASTNAME, EMAIL, ENABLED, LASTPASSWORDRESETDATE, Location_id) VALUES (10014, "user14", "$2a$08$UkVvwpULis18S19S5pZFn.YHPZt3oaqHZnDwqbCW9pft6uFtkXKDC", "user14", "user14", "user14@user.com", 1, "2003/01/22", 50014);
INSERT INTO user_authority (USER_ID, AUTHORITY_ID) VALUES (10014, 2);
INSERT INTO objectif (id, objectif, sport_id) VALUES (142, 10, 1);
INSERT INTO users_objectifs (user_id, objectifs_id) VALUES (10014, 10014);
INSERT INTO programme(programme_id, date_debut, user_id) VALUES (10028, '2018-04-30', 10014);
INSERT INTO objectif(id, objectif, sport_id) VALUES (143, 10, 1);
INSERT INTO programme_objectifs(programme_programme_id, objectifs_id) VALUES (10028, 1);
INSERT INTO activity(activity_id, date_prevue, distance_prevue, distance_realisee, estrealisee, programme_id, sport_id, CENTREINTERET_ID, timeframe_id) VALUES (10112, '2018-05-01', 11.139227092642844, 0, 0, 10028, 1, 10000, 14);
INSERT INTO activity(activity_id, date_prevue, distance_prevue, distance_realisee, estrealisee, programme_id, sport_id, CENTREINTERET_ID, timeframe_id) VALUES (10113, '2018-05-02', 9.908059384505403, 0, 0, 10028, 1, 10000, 20);
INSERT INTO activity(activity_id, date_prevue, distance_prevue, distance_realisee, estrealisee, programme_id, sport_id, CENTREINTERET_ID, timeframe_id) VALUES (10114, '2018-05-03', 11.402731157393742, 0, 0, 10028, 1, 10000, 31);
INSERT INTO activity(activity_id, date_prevue, distance_prevue, distance_realisee, estrealisee, programme_id, sport_id, CENTREINTERET_ID, timeframe_id) VALUES (10115, '2018-05-04', 9.667826928370356, 0, 0, 10028, 1, 10000, 39);
INSERT INTO programme(programme_id, date_debut, user_id) VALUES (10029, '2018-04-23', 10014);
INSERT INTO objectif(id, objectif, sport_id) VALUES (144, 10, 1);
INSERT INTO programme_objectifs(programme_programme_id, objectifs_id) VALUES (10029, 1);
INSERT INTO activity(activity_id, date_prevue, date_realisee, distance_prevue, distance_realisee, estrealisee, programme_id, sport_id, CENTREINTERET_ID, timeframe_id) VALUES (10116, '2018-04-17', '2018-04-17', 9.4262338333768, 9.4262338333768, 1, 10029, 1, 10000, 15);
INSERT INTO activity(activity_id, date_prevue, date_realisee, distance_prevue, distance_realisee, estrealisee, programme_id, sport_id, CENTREINTERET_ID, timeframe_id) VALUES (10117, '2018-04-18', '2018-04-18', 8.005564670630253, 8.005564670630253, 1, 10029, 1, 10000, 49);
INSERT INTO activity(activity_id, date_prevue, date_realisee, distance_prevue, distance_realisee, estrealisee, programme_id, sport_id, CENTREINTERET_ID, timeframe_id) VALUES (10118, '2018-04-19', '2018-04-19', 8.402400739624527, 8.402400739624527, 1, 10029, 1, 10000, 47);
INSERT INTO activity(activity_id, date_prevue, date_realisee, distance_prevue, distance_realisee, estrealisee, programme_id, sport_id, CENTREINTERET_ID, timeframe_id) VALUES (10119, '2018-04-20', '2018-04-20', 11.12422972918367, 11.12422972918367, 1, 10029, 1, 10000, 27);

INSERT INTO point (ID, x, y) VALUES (50015, 45.79315955981954, 4.85309472181128);
INSERT INTO users (ID, USERNAME, PASSWORD, FIRSTNAME, LASTNAME, EMAIL, ENABLED, LASTPASSWORDRESETDATE, Location_id) VALUES (10015, "user15", "$2a$08$UkVvwpULis18S19S5pZFn.YHPZt3oaqHZnDwqbCW9pft6uFtkXKDC", "user15", "user15", "user15@user.com", 1, "2003/01/22", 50015);
INSERT INTO user_authority (USER_ID, AUTHORITY_ID) VALUES (10015, 2);
INSERT INTO objectif (id, objectif, sport_id) VALUES (145, 10, 1);
INSERT INTO users_objectifs (user_id, objectifs_id) VALUES (10015, 10015);
INSERT INTO programme(programme_id, date_debut, user_id) VALUES (10030, '2018-04-30', 10015);
INSERT INTO objectif(id, objectif, sport_id) VALUES (146, 10, 1);
INSERT INTO programme_objectifs(programme_programme_id, objectifs_id) VALUES (10030, 1);
INSERT INTO activity(activity_id, date_prevue, distance_prevue, distance_realisee, estrealisee, programme_id, sport_id, CENTREINTERET_ID, timeframe_id) VALUES (10120, '2018-05-01', 11.914898404775053, 0, 0, 10030, 1, 10000, 14);
INSERT INTO activity(activity_id, date_prevue, distance_prevue, distance_realisee, estrealisee, programme_id, sport_id, CENTREINTERET_ID, timeframe_id) VALUES (10121, '2018-05-02', 9.863159736479998, 0, 0, 10030, 1, 10000, 20);
INSERT INTO activity(activity_id, date_prevue, distance_prevue, distance_realisee, estrealisee, programme_id, sport_id, CENTREINTERET_ID, timeframe_id) VALUES (10122, '2018-05-03', 8.000280782898074, 0, 0, 10030, 1, 10000, 31);
INSERT INTO activity(activity_id, date_prevue, distance_prevue, distance_realisee, estrealisee, programme_id, sport_id, CENTREINTERET_ID, timeframe_id) VALUES (10123, '2018-05-04', 8.756603413756636, 0, 0, 10030, 1, 10000, 39);
INSERT INTO programme(programme_id, date_debut, user_id) VALUES (10031, '2018-04-23', 10015);
INSERT INTO objectif(id, objectif, sport_id) VALUES (147, 10, 1);
INSERT INTO programme_objectifs(programme_programme_id, objectifs_id) VALUES (10031, 1);
INSERT INTO activity(activity_id, date_prevue, date_realisee, distance_prevue, distance_realisee, estrealisee, programme_id, sport_id, CENTREINTERET_ID, timeframe_id) VALUES (10124, '2018-04-17', '2018-04-17', 7.196934958463164, 7.196934958463164, 1, 10031, 1, 10000, 2);
INSERT INTO activity(activity_id, date_prevue, date_realisee, distance_prevue, distance_realisee, estrealisee, programme_id, sport_id, CENTREINTERET_ID, timeframe_id) VALUES (10125, '2018-04-18', '2018-04-18', 9.645614464168196, 9.645614464168196, 1, 10031, 1, 10000, 27);
INSERT INTO activity(activity_id, date_prevue, date_realisee, distance_prevue, distance_realisee, estrealisee, programme_id, sport_id, CENTREINTERET_ID, timeframe_id) VALUES (10126, '2018-04-19', '2018-04-19', 10.79705738383112, 10.79705738383112, 1, 10031, 1, 10000, 21);
INSERT INTO activity(activity_id, date_prevue, date_realisee, distance_prevue, distance_realisee, estrealisee, programme_id, sport_id, CENTREINTERET_ID, timeframe_id) VALUES (10127, '2018-04-20', '2018-04-20', 9.127333386568884, 9.127333386568884, 1, 10031, 1, 10000, 10);

INSERT INTO point (ID, x, y) VALUES (50016, 45.773258512609445, 4.878847606049093);
INSERT INTO users (ID, USERNAME, PASSWORD, FIRSTNAME, LASTNAME, EMAIL, ENABLED, LASTPASSWORDRESETDATE, Location_id) VALUES (10016, "user16", "$2a$08$UkVvwpULis18S19S5pZFn.YHPZt3oaqHZnDwqbCW9pft6uFtkXKDC", "user16", "user16", "user16@user.com", 1, "2003/01/22", 50016);
INSERT INTO user_authority (USER_ID, AUTHORITY_ID) VALUES (10016, 2);
INSERT INTO objectif (id, objectif, sport_id) VALUES (148, 10, 1);
INSERT INTO users_objectifs (user_id, objectifs_id) VALUES (10016, 10016);
INSERT INTO programme(programme_id, date_debut, user_id) VALUES (10032, '2018-04-30', 10016);
INSERT INTO objectif(id, objectif, sport_id) VALUES (149, 10, 1);
INSERT INTO programme_objectifs(programme_programme_id, objectifs_id) VALUES (10032, 1);
INSERT INTO activity(activity_id, date_prevue, distance_prevue, distance_realisee, estrealisee, programme_id, sport_id, CENTREINTERET_ID, timeframe_id) VALUES (10128, '2018-05-01', 9.468108365093737, 0, 0, 10032, 1, 10000, 14);
INSERT INTO activity(activity_id, date_prevue, distance_prevue, distance_realisee, estrealisee, programme_id, sport_id, CENTREINTERET_ID, timeframe_id) VALUES (10129, '2018-05-02', 7.841319020478971, 0, 0, 10032, 1, 10000, 20);
INSERT INTO activity(activity_id, date_prevue, distance_prevue, distance_realisee, estrealisee, programme_id, sport_id, CENTREINTERET_ID, timeframe_id) VALUES (10130, '2018-05-03', 9.243953188730789, 0, 0, 10032, 1, 10000, 31);
INSERT INTO activity(activity_id, date_prevue, distance_prevue, distance_realisee, estrealisee, programme_id, sport_id, CENTREINTERET_ID, timeframe_id) VALUES (10131, '2018-05-04', 11.928152070018182, 0, 0, 10032, 1, 10000, 39);
INSERT INTO programme(programme_id, date_debut, user_id) VALUES (10033, '2018-04-23', 10016);
INSERT INTO objectif(id, objectif, sport_id) VALUES (150, 10, 1);
INSERT INTO programme_objectifs(programme_programme_id, objectifs_id) VALUES (10033, 1);
INSERT INTO activity(activity_id, date_prevue, date_realisee, distance_prevue, distance_realisee, estrealisee, programme_id, sport_id, CENTREINTERET_ID, timeframe_id) VALUES (10132, '2018-04-17', '2018-04-17', 8.409162024985775, 8.409162024985775, 1, 10033, 1, 10000, 15);
INSERT INTO activity(activity_id, date_prevue, date_realisee, distance_prevue, distance_realisee, estrealisee, programme_id, sport_id, CENTREINTERET_ID, timeframe_id) VALUES (10133, '2018-04-18', '2018-04-18', 7.360051728094152, 7.360051728094152, 1, 10033, 1, 10000, 55);
INSERT INTO activity(activity_id, date_prevue, date_realisee, distance_prevue, distance_realisee, estrealisee, programme_id, sport_id, CENTREINTERET_ID, timeframe_id) VALUES (10134, '2018-04-19', '2018-04-19', 11.60109292370185, 11.60109292370185, 1, 10033, 1, 10000, 50);
INSERT INTO activity(activity_id, date_prevue, date_realisee, distance_prevue, distance_realisee, estrealisee, programme_id, sport_id, CENTREINTERET_ID, timeframe_id) VALUES (10135, '2018-04-20', '2018-04-20', 8.327993455890224, 8.327993455890224, 1, 10033, 1, 10000, 26);

INSERT INTO point (ID, x, y) VALUES (50017, 45.765530983756065, 4.817219470254549);
INSERT INTO users (ID, USERNAME, PASSWORD, FIRSTNAME, LASTNAME, EMAIL, ENABLED, LASTPASSWORDRESETDATE, Location_id) VALUES (10017, "user17", "$2a$08$UkVvwpULis18S19S5pZFn.YHPZt3oaqHZnDwqbCW9pft6uFtkXKDC", "user17", "user17", "user17@user.com", 1, "2003/01/22", 50017);
INSERT INTO user_authority (USER_ID, AUTHORITY_ID) VALUES (10017, 2);
INSERT INTO objectif (id, objectif, sport_id) VALUES (151, 10, 1);
INSERT INTO users_objectifs (user_id, objectifs_id) VALUES (10017, 10017);
INSERT INTO programme(programme_id, date_debut, user_id) VALUES (10034, '2018-04-30', 10017);
INSERT INTO objectif(id, objectif, sport_id) VALUES (152, 10, 1);
INSERT INTO programme_objectifs(programme_programme_id, objectifs_id) VALUES (10034, 1);
INSERT INTO activity(activity_id, date_prevue, distance_prevue, distance_realisee, estrealisee, programme_id, sport_id, CENTREINTERET_ID, timeframe_id) VALUES (10136, '2018-05-01', 10.865084534733239, 0, 0, 10034, 1, 10000, 14);
INSERT INTO activity(activity_id, date_prevue, distance_prevue, distance_realisee, estrealisee, programme_id, sport_id, CENTREINTERET_ID, timeframe_id) VALUES (10137, '2018-05-02', 8.057387720686195, 0, 0, 10034, 1, 10000, 20);
INSERT INTO activity(activity_id, date_prevue, distance_prevue, distance_realisee, estrealisee, programme_id, sport_id, CENTREINTERET_ID, timeframe_id) VALUES (10138, '2018-05-03', 9.864145256886374, 0, 0, 10034, 1, 10000, 31);
INSERT INTO activity(activity_id, date_prevue, distance_prevue, distance_realisee, estrealisee, programme_id, sport_id, CENTREINTERET_ID, timeframe_id) VALUES (10139, '2018-05-04', 9.647099157080337, 0, 0, 10034, 1, 10000, 39);
INSERT INTO programme(programme_id, date_debut, user_id) VALUES (10035, '2018-04-23', 10017);
INSERT INTO objectif(id, objectif, sport_id) VALUES (153, 10, 1);
INSERT INTO programme_objectifs(programme_programme_id, objectifs_id) VALUES (10035, 1);
INSERT INTO activity(activity_id, date_prevue, date_realisee, distance_prevue, distance_realisee, estrealisee, programme_id, sport_id, CENTREINTERET_ID, timeframe_id) VALUES (10140, '2018-04-17', '2018-04-17', 8.007671928347573, 8.007671928347573, 1, 10035, 1, 10000, 22);
INSERT INTO activity(activity_id, date_prevue, date_realisee, distance_prevue, distance_realisee, estrealisee, programme_id, sport_id, CENTREINTERET_ID, timeframe_id) VALUES (10141, '2018-04-18', '2018-04-18', 10.68487703880989, 10.68487703880989, 1, 10035, 1, 10000, 44);
INSERT INTO activity(activity_id, date_prevue, date_realisee, distance_prevue, distance_realisee, estrealisee, programme_id, sport_id, CENTREINTERET_ID, timeframe_id) VALUES (10142, '2018-04-19', '2018-04-19', 10.867264189960139, 10.867264189960139, 1, 10035, 1, 10000, 50);
INSERT INTO activity(activity_id, date_prevue, date_realisee, distance_prevue, distance_realisee, estrealisee, programme_id, sport_id, CENTREINTERET_ID, timeframe_id) VALUES (10143, '2018-04-20', '2018-04-20', 10.793117760643403, 10.793117760643403, 1, 10035, 1, 10000, 4);

INSERT INTO point (ID, x, y) VALUES (50018, 45.737771558524976, 4.856755664136083);
INSERT INTO users (ID, USERNAME, PASSWORD, FIRSTNAME, LASTNAME, EMAIL, ENABLED, LASTPASSWORDRESETDATE, Location_id) VALUES (10018, "user18", "$2a$08$UkVvwpULis18S19S5pZFn.YHPZt3oaqHZnDwqbCW9pft6uFtkXKDC", "user18", "user18", "user18@user.com", 1, "2003/01/22", 50018);
INSERT INTO user_authority (USER_ID, AUTHORITY_ID) VALUES (10018, 2);
INSERT INTO objectif (id, objectif, sport_id) VALUES (154, 10, 1);
INSERT INTO users_objectifs (user_id, objectifs_id) VALUES (10018, 10018);
INSERT INTO programme(programme_id, date_debut, user_id) VALUES (10036, '2018-04-30', 10018);
INSERT INTO objectif(id, objectif, sport_id) VALUES (155, 10, 1);
INSERT INTO programme_objectifs(programme_programme_id, objectifs_id) VALUES (10036, 1);
INSERT INTO activity(activity_id, date_prevue, distance_prevue, distance_realisee, estrealisee, programme_id, sport_id, CENTREINTERET_ID, timeframe_id) VALUES (10144, '2018-05-01', 11.986826905557407, 0, 0, 10036, 1, 10000, 14);
INSERT INTO activity(activity_id, date_prevue, distance_prevue, distance_realisee, estrealisee, programme_id, sport_id, CENTREINTERET_ID, timeframe_id) VALUES (10145, '2018-05-02', 11.262550755292892, 0, 0, 10036, 1, 10000, 20);
INSERT INTO activity(activity_id, date_prevue, distance_prevue, distance_realisee, estrealisee, programme_id, sport_id, CENTREINTERET_ID, timeframe_id) VALUES (10146, '2018-05-03', 10.735216970513743, 0, 0, 10036, 1, 10000, 31);
INSERT INTO activity(activity_id, date_prevue, distance_prevue, distance_realisee, estrealisee, programme_id, sport_id, CENTREINTERET_ID, timeframe_id) VALUES (10147, '2018-05-04', 8.035157048151511, 0, 0, 10036, 1, 10000, 39);
INSERT INTO programme(programme_id, date_debut, user_id) VALUES (10037, '2018-04-23', 10018);
INSERT INTO objectif(id, objectif, sport_id) VALUES (156, 10, 1);
INSERT INTO programme_objectifs(programme_programme_id, objectifs_id) VALUES (10037, 1);
INSERT INTO activity(activity_id, date_prevue, date_realisee, distance_prevue, distance_realisee, estrealisee, programme_id, sport_id, CENTREINTERET_ID, timeframe_id) VALUES (10148, '2018-04-17', '2018-04-17', 8.713653721734351, 8.713653721734351, 1, 10037, 1, 10000, 36);
INSERT INTO activity(activity_id, date_prevue, date_realisee, distance_prevue, distance_realisee, estrealisee, programme_id, sport_id, CENTREINTERET_ID, timeframe_id) VALUES (10149, '2018-04-18', '2018-04-18', 11.873499370848108, 11.873499370848108, 1, 10037, 1, 10000, 36);
INSERT INTO activity(activity_id, date_prevue, date_realisee, distance_prevue, distance_realisee, estrealisee, programme_id, sport_id, CENTREINTERET_ID, timeframe_id) VALUES (10150, '2018-04-19', '2018-04-19', 11.945631271576877, 11.945631271576877, 1, 10037, 1, 10000, 12);
INSERT INTO activity(activity_id, date_prevue, date_realisee, distance_prevue, distance_realisee, estrealisee, programme_id, sport_id, CENTREINTERET_ID, timeframe_id) VALUES (10151, '2018-04-20', '2018-04-20', 9.348084606872265, 9.348084606872265, 1, 10037, 1, 10000, 41);

INSERT INTO point (ID, x, y) VALUES (50019, 45.76472400492864, 4.853831243241522);
INSERT INTO users (ID, USERNAME, PASSWORD, FIRSTNAME, LASTNAME, EMAIL, ENABLED, LASTPASSWORDRESETDATE, Location_id) VALUES (10019, "user19", "$2a$08$UkVvwpULis18S19S5pZFn.YHPZt3oaqHZnDwqbCW9pft6uFtkXKDC", "user19", "user19", "user19@user.com", 1, "2003/01/22", 50019);
INSERT INTO user_authority (USER_ID, AUTHORITY_ID) VALUES (10019, 2);
INSERT INTO objectif (id, objectif, sport_id) VALUES (157, 10, 1);
INSERT INTO users_objectifs (user_id, objectifs_id) VALUES (10019, 10019);
INSERT INTO programme(programme_id, date_debut, user_id) VALUES (10038, '2018-04-30', 10019);
INSERT INTO objectif(id, objectif, sport_id) VALUES (158, 10, 1);
INSERT INTO programme_objectifs(programme_programme_id, objectifs_id) VALUES (10038, 1);
INSERT INTO activity(activity_id, date_prevue, distance_prevue, distance_realisee, estrealisee, programme_id, sport_id, CENTREINTERET_ID, timeframe_id) VALUES (10152, '2018-05-01', 11.664515261089244, 0, 0, 10038, 1, 10000, 14);
INSERT INTO activity(activity_id, date_prevue, distance_prevue, distance_realisee, estrealisee, programme_id, sport_id, CENTREINTERET_ID, timeframe_id) VALUES (10153, '2018-05-02', 8.428497325070476, 0, 0, 10038, 1, 10000, 20);
INSERT INTO activity(activity_id, date_prevue, distance_prevue, distance_realisee, estrealisee, programme_id, sport_id, CENTREINTERET_ID, timeframe_id) VALUES (10154, '2018-05-03', 11.687472970342785, 0, 0, 10038, 1, 10000, 31);
INSERT INTO activity(activity_id, date_prevue, distance_prevue, distance_realisee, estrealisee, programme_id, sport_id, CENTREINTERET_ID, timeframe_id) VALUES (10155, '2018-05-04', 7.520541934234191, 0, 0, 10038, 1, 10000, 39);
INSERT INTO programme(programme_id, date_debut, user_id) VALUES (10039, '2018-04-23', 10019);
INSERT INTO objectif(id, objectif, sport_id) VALUES (159, 10, 1);
INSERT INTO programme_objectifs(programme_programme_id, objectifs_id) VALUES (10039, 1);
INSERT INTO activity(activity_id, date_prevue, date_realisee, distance_prevue, distance_realisee, estrealisee, programme_id, sport_id, CENTREINTERET_ID, timeframe_id) VALUES (10156, '2018-04-17', '2018-04-17', 8.909369477709848, 8.909369477709848, 1, 10039, 1, 10000, 36);
INSERT INTO activity(activity_id, date_prevue, date_realisee, distance_prevue, distance_realisee, estrealisee, programme_id, sport_id, CENTREINTERET_ID, timeframe_id) VALUES (10157, '2018-04-18', '2018-04-18', 8.144708418990174, 8.144708418990174, 1, 10039, 1, 10000, 22);
INSERT INTO activity(activity_id, date_prevue, date_realisee, distance_prevue, distance_realisee, estrealisee, programme_id, sport_id, CENTREINTERET_ID, timeframe_id) VALUES (10158, '2018-04-19', '2018-04-19', 8.75090303401218, 8.75090303401218, 1, 10039, 1, 10000, 27);
INSERT INTO activity(activity_id, date_prevue, date_realisee, distance_prevue, distance_realisee, estrealisee, programme_id, sport_id, CENTREINTERET_ID, timeframe_id) VALUES (10159, '2018-04-20', '2018-04-20', 10.54248428760392, 10.54248428760392, 1, 10039, 1, 10000, 26);

INSERT INTO point (ID, x, y) VALUES (50020, 45.72224949848012, 4.85157501301842);
INSERT INTO users (ID, USERNAME, PASSWORD, FIRSTNAME, LASTNAME, EMAIL, ENABLED, LASTPASSWORDRESETDATE, Location_id) VALUES (10020, "user20", "$2a$08$UkVvwpULis18S19S5pZFn.YHPZt3oaqHZnDwqbCW9pft6uFtkXKDC", "user20", "user20", "user20@user.com", 1, "2003/01/22", 50020);
INSERT INTO user_authority (USER_ID, AUTHORITY_ID) VALUES (10020, 2);
INSERT INTO objectif (id, objectif, sport_id) VALUES (160, 10, 1);
INSERT INTO users_objectifs (user_id, objectifs_id) VALUES (10020, 10020);
INSERT INTO programme(programme_id, date_debut, user_id) VALUES (10040, '2018-04-30', 10020);
INSERT INTO objectif(id, objectif, sport_id) VALUES (161, 10, 1);
INSERT INTO programme_objectifs(programme_programme_id, objectifs_id) VALUES (10040, 1);
INSERT INTO activity(activity_id, date_prevue, distance_prevue, distance_realisee, estrealisee, programme_id, sport_id, CENTREINTERET_ID, timeframe_id) VALUES (10160, '2018-05-01', 7.166330496837546, 0, 0, 10040, 1, 10000, 14);
INSERT INTO activity(activity_id, date_prevue, distance_prevue, distance_realisee, estrealisee, programme_id, sport_id, CENTREINTERET_ID, timeframe_id) VALUES (10161, '2018-05-02', 8.44697144481964, 0, 0, 10040, 1, 10000, 20);
INSERT INTO activity(activity_id, date_prevue, distance_prevue, distance_realisee, estrealisee, programme_id, sport_id, CENTREINTERET_ID, timeframe_id) VALUES (10162, '2018-05-03', 11.128467704379952, 0, 0, 10040, 1, 10000, 31);
INSERT INTO activity(activity_id, date_prevue, distance_prevue, distance_realisee, estrealisee, programme_id, sport_id, CENTREINTERET_ID, timeframe_id) VALUES (10163, '2018-05-04', 11.729490459849455, 0, 0, 10040, 1, 10000, 39);
INSERT INTO programme(programme_id, date_debut, user_id) VALUES (10041, '2018-04-23', 10020);
INSERT INTO objectif(id, objectif, sport_id) VALUES (162, 10, 1);
INSERT INTO programme_objectifs(programme_programme_id, objectifs_id) VALUES (10041, 1);
INSERT INTO activity(activity_id, date_prevue, date_realisee, distance_prevue, distance_realisee, estrealisee, programme_id, sport_id, CENTREINTERET_ID, timeframe_id) VALUES (10164, '2018-04-17', '2018-04-17', 10.069944699186033, 10.069944699186033, 1, 10041, 1, 10000, 39);
INSERT INTO activity(activity_id, date_prevue, date_realisee, distance_prevue, distance_realisee, estrealisee, programme_id, sport_id, CENTREINTERET_ID, timeframe_id) VALUES (10165, '2018-04-18', '2018-04-18', 11.008205743366336, 11.008205743366336, 1, 10041, 1, 10000, 34);
INSERT INTO activity(activity_id, date_prevue, date_realisee, distance_prevue, distance_realisee, estrealisee, programme_id, sport_id, CENTREINTERET_ID, timeframe_id) VALUES (10166, '2018-04-19', '2018-04-19', 10.10821478166443, 10.10821478166443, 1, 10041, 1, 10000, 12);
INSERT INTO activity(activity_id, date_prevue, date_realisee, distance_prevue, distance_realisee, estrealisee, programme_id, sport_id, CENTREINTERET_ID, timeframe_id) VALUES (10167, '2018-04-20', '2018-04-20', 10.94664454904922, 10.94664454904922, 1, 10041, 1, 10000, 14);

INSERT INTO point (ID, x, y) VALUES (50021, 45.756009128116666, 4.82855747466449);
INSERT INTO users (ID, USERNAME, PASSWORD, FIRSTNAME, LASTNAME, EMAIL, ENABLED, LASTPASSWORDRESETDATE, Location_id) VALUES (10021, "user21", "$2a$08$UkVvwpULis18S19S5pZFn.YHPZt3oaqHZnDwqbCW9pft6uFtkXKDC", "user21", "user21", "user21@user.com", 1, "2003/01/22", 50021);
INSERT INTO user_authority (USER_ID, AUTHORITY_ID) VALUES (10021, 2);
INSERT INTO objectif (id, objectif, sport_id) VALUES (163, 10, 1);
INSERT INTO users_objectifs (user_id, objectifs_id) VALUES (10021, 10021);
INSERT INTO programme(programme_id, date_debut, user_id) VALUES (10042, '2018-04-30', 10021);
INSERT INTO objectif(id, objectif, sport_id) VALUES (164, 10, 1);
INSERT INTO programme_objectifs(programme_programme_id, objectifs_id) VALUES (10042, 1);
INSERT INTO activity(activity_id, date_prevue, distance_prevue, distance_realisee, estrealisee, programme_id, sport_id, CENTREINTERET_ID, timeframe_id) VALUES (10168, '2018-05-01', 11.544040355895373, 0, 0, 10042, 1, 10000, 14);
INSERT INTO activity(activity_id, date_prevue, distance_prevue, distance_realisee, estrealisee, programme_id, sport_id, CENTREINTERET_ID, timeframe_id) VALUES (10169, '2018-05-02', 8.128044717858701, 0, 0, 10042, 1, 10000, 20);
INSERT INTO activity(activity_id, date_prevue, distance_prevue, distance_realisee, estrealisee, programme_id, sport_id, CENTREINTERET_ID, timeframe_id) VALUES (10170, '2018-05-03', 8.621905519441874, 0, 0, 10042, 1, 10000, 31);
INSERT INTO activity(activity_id, date_prevue, distance_prevue, distance_realisee, estrealisee, programme_id, sport_id, CENTREINTERET_ID, timeframe_id) VALUES (10171, '2018-05-04', 8.905229322181206, 0, 0, 10042, 1, 10000, 39);
INSERT INTO programme(programme_id, date_debut, user_id) VALUES (10043, '2018-04-23', 10021);
INSERT INTO objectif(id, objectif, sport_id) VALUES (165, 10, 1);
INSERT INTO programme_objectifs(programme_programme_id, objectifs_id) VALUES (10043, 1);
INSERT INTO activity(activity_id, date_prevue, date_realisee, distance_prevue, distance_realisee, estrealisee, programme_id, sport_id, CENTREINTERET_ID, timeframe_id) VALUES (10172, '2018-04-17', '2018-04-17', 10.481619272745975, 10.481619272745975, 1, 10043, 1, 10000, 21);
INSERT INTO activity(activity_id, date_prevue, date_realisee, distance_prevue, distance_realisee, estrealisee, programme_id, sport_id, CENTREINTERET_ID, timeframe_id) VALUES (10173, '2018-04-18', '2018-04-18', 7.794722760525099, 7.794722760525099, 1, 10043, 1, 10000, 14);
INSERT INTO activity(activity_id, date_prevue, date_realisee, distance_prevue, distance_realisee, estrealisee, programme_id, sport_id, CENTREINTERET_ID, timeframe_id) VALUES (10174, '2018-04-19', '2018-04-19', 10.253376744670588, 10.253376744670588, 1, 10043, 1, 10000, 32);
INSERT INTO activity(activity_id, date_prevue, date_realisee, distance_prevue, distance_realisee, estrealisee, programme_id, sport_id, CENTREINTERET_ID, timeframe_id) VALUES (10175, '2018-04-20', '2018-04-20', 7.2983873125294085, 7.2983873125294085, 1, 10043, 1, 10000, 33);

INSERT INTO point (ID, x, y) VALUES (50022, 45.71884410025731, 4.837127671702717);
INSERT INTO users (ID, USERNAME, PASSWORD, FIRSTNAME, LASTNAME, EMAIL, ENABLED, LASTPASSWORDRESETDATE, Location_id) VALUES (10022, "user22", "$2a$08$UkVvwpULis18S19S5pZFn.YHPZt3oaqHZnDwqbCW9pft6uFtkXKDC", "user22", "user22", "user22@user.com", 1, "2003/01/22", 50022);
INSERT INTO user_authority (USER_ID, AUTHORITY_ID) VALUES (10022, 2);
INSERT INTO objectif (id, objectif, sport_id) VALUES (166, 10, 1);
INSERT INTO users_objectifs (user_id, objectifs_id) VALUES (10022, 10022);
INSERT INTO programme(programme_id, date_debut, user_id) VALUES (10044, '2018-04-30', 10022);
INSERT INTO objectif(id, objectif, sport_id) VALUES (167, 10, 1);
INSERT INTO programme_objectifs(programme_programme_id, objectifs_id) VALUES (10044, 1);
INSERT INTO activity(activity_id, date_prevue, distance_prevue, distance_realisee, estrealisee, programme_id, sport_id, CENTREINTERET_ID, timeframe_id) VALUES (10176, '2018-05-01', 7.047461782265096, 0, 0, 10044, 1, 10000, 14);
INSERT INTO activity(activity_id, date_prevue, distance_prevue, distance_realisee, estrealisee, programme_id, sport_id, CENTREINTERET_ID, timeframe_id) VALUES (10177, '2018-05-02', 10.703878486070693, 0, 0, 10044, 1, 10000, 20);
INSERT INTO activity(activity_id, date_prevue, distance_prevue, distance_realisee, estrealisee, programme_id, sport_id, CENTREINTERET_ID, timeframe_id) VALUES (10178, '2018-05-03', 11.005343273971686, 0, 0, 10044, 1, 10000, 31);
INSERT INTO activity(activity_id, date_prevue, distance_prevue, distance_realisee, estrealisee, programme_id, sport_id, CENTREINTERET_ID, timeframe_id) VALUES (10179, '2018-05-04', 10.835604487133704, 0, 0, 10044, 1, 10000, 39);
INSERT INTO programme(programme_id, date_debut, user_id) VALUES (10045, '2018-04-23', 10022);
INSERT INTO objectif(id, objectif, sport_id) VALUES (168, 10, 1);
INSERT INTO programme_objectifs(programme_programme_id, objectifs_id) VALUES (10045, 1);
INSERT INTO activity(activity_id, date_prevue, date_realisee, distance_prevue, distance_realisee, estrealisee, programme_id, sport_id, CENTREINTERET_ID, timeframe_id) VALUES (10180, '2018-04-17', '2018-04-17', 9.103392129173692, 9.103392129173692, 1, 10045, 1, 10000, 16);
INSERT INTO activity(activity_id, date_prevue, date_realisee, distance_prevue, distance_realisee, estrealisee, programme_id, sport_id, CENTREINTERET_ID, timeframe_id) VALUES (10181, '2018-04-18', '2018-04-18', 8.57225104789171, 8.57225104789171, 1, 10045, 1, 10000, 32);
INSERT INTO activity(activity_id, date_prevue, date_realisee, distance_prevue, distance_realisee, estrealisee, programme_id, sport_id, CENTREINTERET_ID, timeframe_id) VALUES (10182, '2018-04-19', '2018-04-19', 10.477596461101314, 10.477596461101314, 1, 10045, 1, 10000, 42);
INSERT INTO activity(activity_id, date_prevue, date_realisee, distance_prevue, distance_realisee, estrealisee, programme_id, sport_id, CENTREINTERET_ID, timeframe_id) VALUES (10183, '2018-04-20', '2018-04-20', 10.094799192873776, 10.094799192873776, 1, 10045, 1, 10000, 8);

INSERT INTO point (ID, x, y) VALUES (50023, 45.76009652359416, 4.892118663586467);
INSERT INTO users (ID, USERNAME, PASSWORD, FIRSTNAME, LASTNAME, EMAIL, ENABLED, LASTPASSWORDRESETDATE, Location_id) VALUES (10023, "user23", "$2a$08$UkVvwpULis18S19S5pZFn.YHPZt3oaqHZnDwqbCW9pft6uFtkXKDC", "user23", "user23", "user23@user.com", 1, "2003/01/22", 50023);
INSERT INTO user_authority (USER_ID, AUTHORITY_ID) VALUES (10023, 2);
INSERT INTO objectif (id, objectif, sport_id) VALUES (169, 10, 1);
INSERT INTO users_objectifs (user_id, objectifs_id) VALUES (10023, 10023);
INSERT INTO programme(programme_id, date_debut, user_id) VALUES (10046, '2018-04-30', 10023);
INSERT INTO objectif(id, objectif, sport_id) VALUES (170, 10, 1);
INSERT INTO programme_objectifs(programme_programme_id, objectifs_id) VALUES (10046, 1);
INSERT INTO activity(activity_id, date_prevue, distance_prevue, distance_realisee, estrealisee, programme_id, sport_id, CENTREINTERET_ID, timeframe_id) VALUES (10184, '2018-05-01', 10.172927624428219, 0, 0, 10046, 1, 10000, 14);
INSERT INTO activity(activity_id, date_prevue, distance_prevue, distance_realisee, estrealisee, programme_id, sport_id, CENTREINTERET_ID, timeframe_id) VALUES (10185, '2018-05-02', 10.326632340227462, 0, 0, 10046, 1, 10000, 20);
INSERT INTO activity(activity_id, date_prevue, distance_prevue, distance_realisee, estrealisee, programme_id, sport_id, CENTREINTERET_ID, timeframe_id) VALUES (10186, '2018-05-03', 11.606888954288646, 0, 0, 10046, 1, 10000, 31);
INSERT INTO activity(activity_id, date_prevue, distance_prevue, distance_realisee, estrealisee, programme_id, sport_id, CENTREINTERET_ID, timeframe_id) VALUES (10187, '2018-05-04', 11.501611940722983, 0, 0, 10046, 1, 10000, 39);
INSERT INTO programme(programme_id, date_debut, user_id) VALUES (10047, '2018-04-23', 10023);
INSERT INTO objectif(id, objectif, sport_id) VALUES (171, 10, 1);
INSERT INTO programme_objectifs(programme_programme_id, objectifs_id) VALUES (10047, 1);
INSERT INTO activity(activity_id, date_prevue, date_realisee, distance_prevue, distance_realisee, estrealisee, programme_id, sport_id, CENTREINTERET_ID, timeframe_id) VALUES (10188, '2018-04-17', '2018-04-17', 10.198558587482086, 10.198558587482086, 1, 10047, 1, 10000, 19);
INSERT INTO activity(activity_id, date_prevue, date_realisee, distance_prevue, distance_realisee, estrealisee, programme_id, sport_id, CENTREINTERET_ID, timeframe_id) VALUES (10189, '2018-04-18', '2018-04-18', 9.109262180399982, 9.109262180399982, 1, 10047, 1, 10000, 37);
INSERT INTO activity(activity_id, date_prevue, date_realisee, distance_prevue, distance_realisee, estrealisee, programme_id, sport_id, CENTREINTERET_ID, timeframe_id) VALUES (10190, '2018-04-19', '2018-04-19', 11.745706139598813, 11.745706139598813, 1, 10047, 1, 10000, 11);
INSERT INTO activity(activity_id, date_prevue, date_realisee, distance_prevue, distance_realisee, estrealisee, programme_id, sport_id, CENTREINTERET_ID, timeframe_id) VALUES (10191, '2018-04-20', '2018-04-20', 10.256871982732823, 10.256871982732823, 1, 10047, 1, 10000, 26);

INSERT INTO point (ID, x, y) VALUES (50024, 45.77845008250248, 4.849745167808267);
INSERT INTO users (ID, USERNAME, PASSWORD, FIRSTNAME, LASTNAME, EMAIL, ENABLED, LASTPASSWORDRESETDATE, Location_id) VALUES (10024, "user24", "$2a$08$UkVvwpULis18S19S5pZFn.YHPZt3oaqHZnDwqbCW9pft6uFtkXKDC", "user24", "user24", "user24@user.com", 1, "2003/01/22", 50024);
INSERT INTO user_authority (USER_ID, AUTHORITY_ID) VALUES (10024, 2);
INSERT INTO objectif (id, objectif, sport_id) VALUES (172, 10, 1);
INSERT INTO users_objectifs (user_id, objectifs_id) VALUES (10024, 10024);
INSERT INTO programme(programme_id, date_debut, user_id) VALUES (10048, '2018-04-30', 10024);
INSERT INTO objectif(id, objectif, sport_id) VALUES (173, 10, 1);
INSERT INTO programme_objectifs(programme_programme_id, objectifs_id) VALUES (10048, 1);
INSERT INTO activity(activity_id, date_prevue, distance_prevue, distance_realisee, estrealisee, programme_id, sport_id, CENTREINTERET_ID, timeframe_id) VALUES (10192, '2018-05-01', 8.43025625293516, 0, 0, 10048, 1, 10000, 14);
INSERT INTO activity(activity_id, date_prevue, distance_prevue, distance_realisee, estrealisee, programme_id, sport_id, CENTREINTERET_ID, timeframe_id) VALUES (10193, '2018-05-02', 8.219723335936184, 0, 0, 10048, 1, 10000, 20);
INSERT INTO activity(activity_id, date_prevue, distance_prevue, distance_realisee, estrealisee, programme_id, sport_id, CENTREINTERET_ID, timeframe_id) VALUES (10194, '2018-05-03', 11.545839267615595, 0, 0, 10048, 1, 10000, 31);
INSERT INTO activity(activity_id, date_prevue, distance_prevue, distance_realisee, estrealisee, programme_id, sport_id, CENTREINTERET_ID, timeframe_id) VALUES (10195, '2018-05-04', 10.307937417270914, 0, 0, 10048, 1, 10000, 39);
INSERT INTO programme(programme_id, date_debut, user_id) VALUES (10049, '2018-04-23', 10024);
INSERT INTO objectif(id, objectif, sport_id) VALUES (174, 10, 1);
INSERT INTO programme_objectifs(programme_programme_id, objectifs_id) VALUES (10049, 1);
INSERT INTO activity(activity_id, date_prevue, date_realisee, distance_prevue, distance_realisee, estrealisee, programme_id, sport_id, CENTREINTERET_ID, timeframe_id) VALUES (10196, '2018-04-17', '2018-04-17', 7.990533006476461, 7.990533006476461, 1, 10049, 1, 10000, 47);
INSERT INTO activity(activity_id, date_prevue, date_realisee, distance_prevue, distance_realisee, estrealisee, programme_id, sport_id, CENTREINTERET_ID, timeframe_id) VALUES (10197, '2018-04-18', '2018-04-18', 7.76831788640217, 7.76831788640217, 1, 10049, 1, 10000, 10);
INSERT INTO activity(activity_id, date_prevue, date_realisee, distance_prevue, distance_realisee, estrealisee, programme_id, sport_id, CENTREINTERET_ID, timeframe_id) VALUES (10198, '2018-04-19', '2018-04-19', 9.899337752887936, 9.899337752887936, 1, 10049, 1, 10000, 52);
INSERT INTO activity(activity_id, date_prevue, date_realisee, distance_prevue, distance_realisee, estrealisee, programme_id, sport_id, CENTREINTERET_ID, timeframe_id) VALUES (10199, '2018-04-20', '2018-04-20', 7.030906333474723, 7.030906333474723, 1, 10049, 1, 10000, 9);

INSERT INTO point (ID, x, y) VALUES (50025, 45.738929584703826, 4.837392532294269);
INSERT INTO users (ID, USERNAME, PASSWORD, FIRSTNAME, LASTNAME, EMAIL, ENABLED, LASTPASSWORDRESETDATE, Location_id) VALUES (10025, "user25", "$2a$08$UkVvwpULis18S19S5pZFn.YHPZt3oaqHZnDwqbCW9pft6uFtkXKDC", "user25", "user25", "user25@user.com", 1, "2003/01/22", 50025);
INSERT INTO user_authority (USER_ID, AUTHORITY_ID) VALUES (10025, 2);
INSERT INTO objectif (id, objectif, sport_id) VALUES (175, 10, 1);
INSERT INTO users_objectifs (user_id, objectifs_id) VALUES (10025, 10025);
INSERT INTO programme(programme_id, date_debut, user_id) VALUES (10050, '2018-04-30', 10025);
INSERT INTO objectif(id, objectif, sport_id) VALUES (176, 10, 1);
INSERT INTO programme_objectifs(programme_programme_id, objectifs_id) VALUES (10050, 1);
INSERT INTO activity(activity_id, date_prevue, distance_prevue, distance_realisee, estrealisee, programme_id, sport_id, CENTREINTERET_ID, timeframe_id) VALUES (10200, '2018-05-01', 7.959726832404131, 0, 0, 10050, 1, 10000, 14);
INSERT INTO activity(activity_id, date_prevue, distance_prevue, distance_realisee, estrealisee, programme_id, sport_id, CENTREINTERET_ID, timeframe_id) VALUES (10201, '2018-05-02', 7.455822595601685, 0, 0, 10050, 1, 10000, 20);
INSERT INTO activity(activity_id, date_prevue, distance_prevue, distance_realisee, estrealisee, programme_id, sport_id, CENTREINTERET_ID, timeframe_id) VALUES (10202, '2018-05-03', 9.073130935840444, 0, 0, 10050, 1, 10000, 31);
INSERT INTO activity(activity_id, date_prevue, distance_prevue, distance_realisee, estrealisee, programme_id, sport_id, CENTREINTERET_ID, timeframe_id) VALUES (10203, '2018-05-04', 7.048664775708691, 0, 0, 10050, 1, 10000, 39);
INSERT INTO programme(programme_id, date_debut, user_id) VALUES (10051, '2018-04-23', 10025);
INSERT INTO objectif(id, objectif, sport_id) VALUES (177, 10, 1);
INSERT INTO programme_objectifs(programme_programme_id, objectifs_id) VALUES (10051, 1);
INSERT INTO activity(activity_id, date_prevue, date_realisee, distance_prevue, distance_realisee, estrealisee, programme_id, sport_id, CENTREINTERET_ID, timeframe_id) VALUES (10204, '2018-04-17', '2018-04-17', 10.135143162581244, 10.135143162581244, 1, 10051, 1, 10000, 5);
INSERT INTO activity(activity_id, date_prevue, date_realisee, distance_prevue, distance_realisee, estrealisee, programme_id, sport_id, CENTREINTERET_ID, timeframe_id) VALUES (10205, '2018-04-18', '2018-04-18', 7.8418731754558575, 7.8418731754558575, 1, 10051, 1, 10000, 51);
INSERT INTO activity(activity_id, date_prevue, date_realisee, distance_prevue, distance_realisee, estrealisee, programme_id, sport_id, CENTREINTERET_ID, timeframe_id) VALUES (10206, '2018-04-19', '2018-04-19', 9.732138064674038, 9.732138064674038, 1, 10051, 1, 10000, 9);
INSERT INTO activity(activity_id, date_prevue, date_realisee, distance_prevue, distance_realisee, estrealisee, programme_id, sport_id, CENTREINTERET_ID, timeframe_id) VALUES (10207, '2018-04-20', '2018-04-20', 8.25649444192189, 8.25649444192189, 1, 10051, 1, 10000, 50);

INSERT INTO point (ID, x, y) VALUES (50026, 45.726592175117425, 4.813960537757676);
INSERT INTO users (ID, USERNAME, PASSWORD, FIRSTNAME, LASTNAME, EMAIL, ENABLED, LASTPASSWORDRESETDATE, Location_id) VALUES (10026, "user26", "$2a$08$UkVvwpULis18S19S5pZFn.YHPZt3oaqHZnDwqbCW9pft6uFtkXKDC", "user26", "user26", "user26@user.com", 1, "2003/01/22", 50026);
INSERT INTO user_authority (USER_ID, AUTHORITY_ID) VALUES (10026, 2);
INSERT INTO objectif (id, objectif, sport_id) VALUES (178, 10, 1);
INSERT INTO users_objectifs (user_id, objectifs_id) VALUES (10026, 10026);
INSERT INTO programme(programme_id, date_debut, user_id) VALUES (10052, '2018-04-30', 10026);
INSERT INTO objectif(id, objectif, sport_id) VALUES (179, 10, 1);
INSERT INTO programme_objectifs(programme_programme_id, objectifs_id) VALUES (10052, 1);
INSERT INTO activity(activity_id, date_prevue, distance_prevue, distance_realisee, estrealisee, programme_id, sport_id, CENTREINTERET_ID, timeframe_id) VALUES (10208, '2018-05-01', 11.926549213416287, 0, 0, 10052, 1, 10000, 14);
INSERT INTO activity(activity_id, date_prevue, distance_prevue, distance_realisee, estrealisee, programme_id, sport_id, CENTREINTERET_ID, timeframe_id) VALUES (10209, '2018-05-02', 9.117878917965689, 0, 0, 10052, 1, 10000, 20);
INSERT INTO activity(activity_id, date_prevue, distance_prevue, distance_realisee, estrealisee, programme_id, sport_id, CENTREINTERET_ID, timeframe_id) VALUES (10210, '2018-05-03', 9.882537415074719, 0, 0, 10052, 1, 10000, 31);
INSERT INTO activity(activity_id, date_prevue, distance_prevue, distance_realisee, estrealisee, programme_id, sport_id, CENTREINTERET_ID, timeframe_id) VALUES (10211, '2018-05-04', 10.098102789153263, 0, 0, 10052, 1, 10000, 39);
INSERT INTO programme(programme_id, date_debut, user_id) VALUES (10053, '2018-04-23', 10026);
INSERT INTO objectif(id, objectif, sport_id) VALUES (180, 10, 1);
INSERT INTO programme_objectifs(programme_programme_id, objectifs_id) VALUES (10053, 1);
INSERT INTO activity(activity_id, date_prevue, date_realisee, distance_prevue, distance_realisee, estrealisee, programme_id, sport_id, CENTREINTERET_ID, timeframe_id) VALUES (10212, '2018-04-17', '2018-04-17', 8.536990086663998, 8.536990086663998, 1, 10053, 1, 10000, 7);
INSERT INTO activity(activity_id, date_prevue, date_realisee, distance_prevue, distance_realisee, estrealisee, programme_id, sport_id, CENTREINTERET_ID, timeframe_id) VALUES (10213, '2018-04-18', '2018-04-18', 9.430075001123408, 9.430075001123408, 1, 10053, 1, 10000, 42);
INSERT INTO activity(activity_id, date_prevue, date_realisee, distance_prevue, distance_realisee, estrealisee, programme_id, sport_id, CENTREINTERET_ID, timeframe_id) VALUES (10214, '2018-04-19', '2018-04-19', 9.935075262635536, 9.935075262635536, 1, 10053, 1, 10000, 47);
INSERT INTO activity(activity_id, date_prevue, date_realisee, distance_prevue, distance_realisee, estrealisee, programme_id, sport_id, CENTREINTERET_ID, timeframe_id) VALUES (10215, '2018-04-20', '2018-04-20', 8.619647190058188, 8.619647190058188, 1, 10053, 1, 10000, 13);

INSERT INTO point (ID, x, y) VALUES (50027, 45.73317985136442, 4.824231527139283);
INSERT INTO users (ID, USERNAME, PASSWORD, FIRSTNAME, LASTNAME, EMAIL, ENABLED, LASTPASSWORDRESETDATE, Location_id) VALUES (10027, "user27", "$2a$08$UkVvwpULis18S19S5pZFn.YHPZt3oaqHZnDwqbCW9pft6uFtkXKDC", "user27", "user27", "user27@user.com", 1, "2003/01/22", 50027);
INSERT INTO user_authority (USER_ID, AUTHORITY_ID) VALUES (10027, 2);
INSERT INTO objectif (id, objectif, sport_id) VALUES (181, 10, 1);
INSERT INTO users_objectifs (user_id, objectifs_id) VALUES (10027, 10027);
INSERT INTO programme(programme_id, date_debut, user_id) VALUES (10054, '2018-04-30', 10027);
INSERT INTO objectif(id, objectif, sport_id) VALUES (182, 10, 1);
INSERT INTO programme_objectifs(programme_programme_id, objectifs_id) VALUES (10054, 1);
INSERT INTO activity(activity_id, date_prevue, distance_prevue, distance_realisee, estrealisee, programme_id, sport_id, CENTREINTERET_ID, timeframe_id) VALUES (10216, '2018-05-01', 8.590418552489005, 0, 0, 10054, 1, 10000, 14);
INSERT INTO activity(activity_id, date_prevue, distance_prevue, distance_realisee, estrealisee, programme_id, sport_id, CENTREINTERET_ID, timeframe_id) VALUES (10217, '2018-05-02', 7.072032746286212, 0, 0, 10054, 1, 10000, 20);
INSERT INTO activity(activity_id, date_prevue, distance_prevue, distance_realisee, estrealisee, programme_id, sport_id, CENTREINTERET_ID, timeframe_id) VALUES (10218, '2018-05-03', 9.143170106485881, 0, 0, 10054, 1, 10000, 31);
INSERT INTO activity(activity_id, date_prevue, distance_prevue, distance_realisee, estrealisee, programme_id, sport_id, CENTREINTERET_ID, timeframe_id) VALUES (10219, '2018-05-04', 7.896572933815573, 0, 0, 10054, 1, 10000, 39);
INSERT INTO programme(programme_id, date_debut, user_id) VALUES (10055, '2018-04-23', 10027);
INSERT INTO objectif(id, objectif, sport_id) VALUES (183, 10, 1);
INSERT INTO programme_objectifs(programme_programme_id, objectifs_id) VALUES (10055, 1);
INSERT INTO activity(activity_id, date_prevue, date_realisee, distance_prevue, distance_realisee, estrealisee, programme_id, sport_id, CENTREINTERET_ID, timeframe_id) VALUES (10220, '2018-04-17', '2018-04-17', 10.164451193240499, 10.164451193240499, 1, 10055, 1, 10000, 15);
INSERT INTO activity(activity_id, date_prevue, date_realisee, distance_prevue, distance_realisee, estrealisee, programme_id, sport_id, CENTREINTERET_ID, timeframe_id) VALUES (10221, '2018-04-18', '2018-04-18', 10.391225579320317, 10.391225579320317, 1, 10055, 1, 10000, 31);
INSERT INTO activity(activity_id, date_prevue, date_realisee, distance_prevue, distance_realisee, estrealisee, programme_id, sport_id, CENTREINTERET_ID, timeframe_id) VALUES (10222, '2018-04-19', '2018-04-19', 10.241619894133175, 10.241619894133175, 1, 10055, 1, 10000, 23);
INSERT INTO activity(activity_id, date_prevue, date_realisee, distance_prevue, distance_realisee, estrealisee, programme_id, sport_id, CENTREINTERET_ID, timeframe_id) VALUES (10223, '2018-04-20', '2018-04-20', 9.421894886128573, 9.421894886128573, 1, 10055, 1, 10000, 1);

INSERT INTO point (ID, x, y) VALUES (50028, 45.714171396866504, 4.886528454994585);
INSERT INTO users (ID, USERNAME, PASSWORD, FIRSTNAME, LASTNAME, EMAIL, ENABLED, LASTPASSWORDRESETDATE, Location_id) VALUES (10028, "user28", "$2a$08$UkVvwpULis18S19S5pZFn.YHPZt3oaqHZnDwqbCW9pft6uFtkXKDC", "user28", "user28", "user28@user.com", 1, "2003/01/22", 50028);
INSERT INTO user_authority (USER_ID, AUTHORITY_ID) VALUES (10028, 2);
INSERT INTO objectif (id, objectif, sport_id) VALUES (184, 10, 1);
INSERT INTO users_objectifs (user_id, objectifs_id) VALUES (10028, 10028);
INSERT INTO programme(programme_id, date_debut, user_id) VALUES (10056, '2018-04-30', 10028);
INSERT INTO objectif(id, objectif, sport_id) VALUES (185, 10, 1);
INSERT INTO programme_objectifs(programme_programme_id, objectifs_id) VALUES (10056, 1);
INSERT INTO activity(activity_id, date_prevue, distance_prevue, distance_realisee, estrealisee, programme_id, sport_id, CENTREINTERET_ID, timeframe_id) VALUES (10224, '2018-05-01', 8.967532262301983, 0, 0, 10056, 1, 10000, 14);
INSERT INTO activity(activity_id, date_prevue, distance_prevue, distance_realisee, estrealisee, programme_id, sport_id, CENTREINTERET_ID, timeframe_id) VALUES (10225, '2018-05-02', 8.80628253450527, 0, 0, 10056, 1, 10000, 20);
INSERT INTO activity(activity_id, date_prevue, distance_prevue, distance_realisee, estrealisee, programme_id, sport_id, CENTREINTERET_ID, timeframe_id) VALUES (10226, '2018-05-03', 8.67905649123913, 0, 0, 10056, 1, 10000, 31);
INSERT INTO activity(activity_id, date_prevue, distance_prevue, distance_realisee, estrealisee, programme_id, sport_id, CENTREINTERET_ID, timeframe_id) VALUES (10227, '2018-05-04', 9.097946200618722, 0, 0, 10056, 1, 10000, 39);
INSERT INTO programme(programme_id, date_debut, user_id) VALUES (10057, '2018-04-23', 10028);
INSERT INTO objectif(id, objectif, sport_id) VALUES (186, 10, 1);
INSERT INTO programme_objectifs(programme_programme_id, objectifs_id) VALUES (10057, 1);
INSERT INTO activity(activity_id, date_prevue, date_realisee, distance_prevue, distance_realisee, estrealisee, programme_id, sport_id, CENTREINTERET_ID, timeframe_id) VALUES (10228, '2018-04-17', '2018-04-17', 8.026691730900438, 8.026691730900438, 1, 10057, 1, 10000, 2);
INSERT INTO activity(activity_id, date_prevue, date_realisee, distance_prevue, distance_realisee, estrealisee, programme_id, sport_id, CENTREINTERET_ID, timeframe_id) VALUES (10229, '2018-04-18', '2018-04-18', 9.633753534137977, 9.633753534137977, 1, 10057, 1, 10000, 12);
INSERT INTO activity(activity_id, date_prevue, date_realisee, distance_prevue, distance_realisee, estrealisee, programme_id, sport_id, CENTREINTERET_ID, timeframe_id) VALUES (10230, '2018-04-19', '2018-04-19', 9.726173766215739, 9.726173766215739, 1, 10057, 1, 10000, 5);
INSERT INTO activity(activity_id, date_prevue, date_realisee, distance_prevue, distance_realisee, estrealisee, programme_id, sport_id, CENTREINTERET_ID, timeframe_id) VALUES (10231, '2018-04-20', '2018-04-20', 9.64125823978019, 9.64125823978019, 1, 10057, 1, 10000, 44);

INSERT INTO point (ID, x, y) VALUES (50029, 45.74033701376115, 4.872139498792012);
INSERT INTO users (ID, USERNAME, PASSWORD, FIRSTNAME, LASTNAME, EMAIL, ENABLED, LASTPASSWORDRESETDATE, Location_id) VALUES (10029, "user29", "$2a$08$UkVvwpULis18S19S5pZFn.YHPZt3oaqHZnDwqbCW9pft6uFtkXKDC", "user29", "user29", "user29@user.com", 1, "2003/01/22", 50029);
INSERT INTO user_authority (USER_ID, AUTHORITY_ID) VALUES (10029, 2);
INSERT INTO objectif (id, objectif, sport_id) VALUES (187, 10, 1);
INSERT INTO users_objectifs (user_id, objectifs_id) VALUES (10029, 10029);
INSERT INTO programme(programme_id, date_debut, user_id) VALUES (10058, '2018-04-30', 10029);
INSERT INTO objectif(id, objectif, sport_id) VALUES (188, 10, 1);
INSERT INTO programme_objectifs(programme_programme_id, objectifs_id) VALUES (10058, 1);
INSERT INTO activity(activity_id, date_prevue, distance_prevue, distance_realisee, estrealisee, programme_id, sport_id, CENTREINTERET_ID, timeframe_id) VALUES (10232, '2018-05-01', 9.89740197757978, 0, 0, 10058, 1, 10000, 14);
INSERT INTO activity(activity_id, date_prevue, distance_prevue, distance_realisee, estrealisee, programme_id, sport_id, CENTREINTERET_ID, timeframe_id) VALUES (10233, '2018-05-02', 10.986040699984343, 0, 0, 10058, 1, 10000, 20);
INSERT INTO activity(activity_id, date_prevue, distance_prevue, distance_realisee, estrealisee, programme_id, sport_id, CENTREINTERET_ID, timeframe_id) VALUES (10234, '2018-05-03', 8.85020836846741, 0, 0, 10058, 1, 10000, 31);
INSERT INTO activity(activity_id, date_prevue, distance_prevue, distance_realisee, estrealisee, programme_id, sport_id, CENTREINTERET_ID, timeframe_id) VALUES (10235, '2018-05-04', 11.800320961167614, 0, 0, 10058, 1, 10000, 39);
INSERT INTO programme(programme_id, date_debut, user_id) VALUES (10059, '2018-04-23', 10029);
INSERT INTO objectif(id, objectif, sport_id) VALUES (189, 10, 1);
INSERT INTO programme_objectifs(programme_programme_id, objectifs_id) VALUES (10059, 1);
INSERT INTO activity(activity_id, date_prevue, date_realisee, distance_prevue, distance_realisee, estrealisee, programme_id, sport_id, CENTREINTERET_ID, timeframe_id) VALUES (10236, '2018-04-17', '2018-04-17', 10.65732035991314, 10.65732035991314, 1, 10059, 1, 10000, 13);
INSERT INTO activity(activity_id, date_prevue, date_realisee, distance_prevue, distance_realisee, estrealisee, programme_id, sport_id, CENTREINTERET_ID, timeframe_id) VALUES (10237, '2018-04-18', '2018-04-18', 9.836241972862606, 9.836241972862606, 1, 10059, 1, 10000, 31);
INSERT INTO activity(activity_id, date_prevue, date_realisee, distance_prevue, distance_realisee, estrealisee, programme_id, sport_id, CENTREINTERET_ID, timeframe_id) VALUES (10238, '2018-04-19', '2018-04-19', 7.743258110057231, 7.743258110057231, 1, 10059, 1, 10000, 4);
INSERT INTO activity(activity_id, date_prevue, date_realisee, distance_prevue, distance_realisee, estrealisee, programme_id, sport_id, CENTREINTERET_ID, timeframe_id) VALUES (10239, '2018-04-20', '2018-04-20', 11.176794983165447, 11.176794983165447, 1, 10059, 1, 10000, 12);

INSERT INTO point (ID, x, y) VALUES (50030, 45.72993442426022, 4.828243467928448);
INSERT INTO users (ID, USERNAME, PASSWORD, FIRSTNAME, LASTNAME, EMAIL, ENABLED, LASTPASSWORDRESETDATE, Location_id) VALUES (10030, "user30", "$2a$08$UkVvwpULis18S19S5pZFn.YHPZt3oaqHZnDwqbCW9pft6uFtkXKDC", "user30", "user30", "user30@user.com", 1, "2003/01/22", 50030);
INSERT INTO user_authority (USER_ID, AUTHORITY_ID) VALUES (10030, 2);
INSERT INTO objectif (id, objectif, sport_id) VALUES (190, 10, 1);
INSERT INTO users_objectifs (user_id, objectifs_id) VALUES (10030, 10030);
INSERT INTO programme(programme_id, date_debut, user_id) VALUES (10060, '2018-04-30', 10030);
INSERT INTO objectif(id, objectif, sport_id) VALUES (191, 10, 1);
INSERT INTO programme_objectifs(programme_programme_id, objectifs_id) VALUES (10060, 1);
INSERT INTO activity(activity_id, date_prevue, distance_prevue, distance_realisee, estrealisee, programme_id, sport_id, CENTREINTERET_ID, timeframe_id) VALUES (10240, '2018-05-01', 8.5305079976575, 0, 0, 10060, 1, 10000, 14);
INSERT INTO activity(activity_id, date_prevue, distance_prevue, distance_realisee, estrealisee, programme_id, sport_id, CENTREINTERET_ID, timeframe_id) VALUES (10241, '2018-05-02', 9.01095278531289, 0, 0, 10060, 1, 10000, 20);
INSERT INTO activity(activity_id, date_prevue, distance_prevue, distance_realisee, estrealisee, programme_id, sport_id, CENTREINTERET_ID, timeframe_id) VALUES (10242, '2018-05-03', 7.49158299838194, 0, 0, 10060, 1, 10000, 31);
INSERT INTO activity(activity_id, date_prevue, distance_prevue, distance_realisee, estrealisee, programme_id, sport_id, CENTREINTERET_ID, timeframe_id) VALUES (10243, '2018-05-04', 7.086084038523948, 0, 0, 10060, 1, 10000, 39);
INSERT INTO programme(programme_id, date_debut, user_id) VALUES (10061, '2018-04-23', 10030);
INSERT INTO objectif(id, objectif, sport_id) VALUES (192, 10, 1);
INSERT INTO programme_objectifs(programme_programme_id, objectifs_id) VALUES (10061, 1);
INSERT INTO activity(activity_id, date_prevue, date_realisee, distance_prevue, distance_realisee, estrealisee, programme_id, sport_id, CENTREINTERET_ID, timeframe_id) VALUES (10244, '2018-04-17', '2018-04-17', 9.783024748307593, 9.783024748307593, 1, 10061, 1, 10000, 55);
INSERT INTO activity(activity_id, date_prevue, date_realisee, distance_prevue, distance_realisee, estrealisee, programme_id, sport_id, CENTREINTERET_ID, timeframe_id) VALUES (10245, '2018-04-18', '2018-04-18', 7.598975604373604, 7.598975604373604, 1, 10061, 1, 10000, 15);
INSERT INTO activity(activity_id, date_prevue, date_realisee, distance_prevue, distance_realisee, estrealisee, programme_id, sport_id, CENTREINTERET_ID, timeframe_id) VALUES (10246, '2018-04-19', '2018-04-19', 10.889523946861388, 10.889523946861388, 1, 10061, 1, 10000, 10);
INSERT INTO activity(activity_id, date_prevue, date_realisee, distance_prevue, distance_realisee, estrealisee, programme_id, sport_id, CENTREINTERET_ID, timeframe_id) VALUES (10247, '2018-04-20', '2018-04-20', 9.275954814344372, 9.275954814344372, 1, 10061, 1, 10000, 22);

INSERT INTO point (ID, x, y) VALUES (50031, 45.786037332648284, 4.869018044322095);
INSERT INTO users (ID, USERNAME, PASSWORD, FIRSTNAME, LASTNAME, EMAIL, ENABLED, LASTPASSWORDRESETDATE, Location_id) VALUES (10031, "user31", "$2a$08$UkVvwpULis18S19S5pZFn.YHPZt3oaqHZnDwqbCW9pft6uFtkXKDC", "user31", "user31", "user31@user.com", 1, "2003/01/22", 50031);
INSERT INTO user_authority (USER_ID, AUTHORITY_ID) VALUES (10031, 2);
INSERT INTO objectif (id, objectif, sport_id) VALUES (193, 10, 1);
INSERT INTO users_objectifs (user_id, objectifs_id) VALUES (10031, 10031);
INSERT INTO programme(programme_id, date_debut, user_id) VALUES (10062, '2018-04-30', 10031);
INSERT INTO objectif(id, objectif, sport_id) VALUES (194, 10, 1);
INSERT INTO programme_objectifs(programme_programme_id, objectifs_id) VALUES (10062, 1);
INSERT INTO activity(activity_id, date_prevue, distance_prevue, distance_realisee, estrealisee, programme_id, sport_id, CENTREINTERET_ID, timeframe_id) VALUES (10248, '2018-05-01', 11.198524307194972, 0, 0, 10062, 1, 10000, 14);
INSERT INTO activity(activity_id, date_prevue, distance_prevue, distance_realisee, estrealisee, programme_id, sport_id, CENTREINTERET_ID, timeframe_id) VALUES (10249, '2018-05-02', 9.57776976225768, 0, 0, 10062, 1, 10000, 20);
INSERT INTO activity(activity_id, date_prevue, distance_prevue, distance_realisee, estrealisee, programme_id, sport_id, CENTREINTERET_ID, timeframe_id) VALUES (10250, '2018-05-03', 7.9723836354550555, 0, 0, 10062, 1, 10000, 31);
INSERT INTO activity(activity_id, date_prevue, distance_prevue, distance_realisee, estrealisee, programme_id, sport_id, CENTREINTERET_ID, timeframe_id) VALUES (10251, '2018-05-04', 10.822091053952741, 0, 0, 10062, 1, 10000, 39);
INSERT INTO programme(programme_id, date_debut, user_id) VALUES (10063, '2018-04-23', 10031);
INSERT INTO objectif(id, objectif, sport_id) VALUES (195, 10, 1);
INSERT INTO programme_objectifs(programme_programme_id, objectifs_id) VALUES (10063, 1);
INSERT INTO activity(activity_id, date_prevue, date_realisee, distance_prevue, distance_realisee, estrealisee, programme_id, sport_id, CENTREINTERET_ID, timeframe_id) VALUES (10252, '2018-04-17', '2018-04-17', 10.122042519502987, 10.122042519502987, 1, 10063, 1, 10000, 53);
INSERT INTO activity(activity_id, date_prevue, date_realisee, distance_prevue, distance_realisee, estrealisee, programme_id, sport_id, CENTREINTERET_ID, timeframe_id) VALUES (10253, '2018-04-18', '2018-04-18', 10.616135476442235, 10.616135476442235, 1, 10063, 1, 10000, 50);
INSERT INTO activity(activity_id, date_prevue, date_realisee, distance_prevue, distance_realisee, estrealisee, programme_id, sport_id, CENTREINTERET_ID, timeframe_id) VALUES (10254, '2018-04-19', '2018-04-19', 10.664538675451855, 10.664538675451855, 1, 10063, 1, 10000, 17);
INSERT INTO activity(activity_id, date_prevue, date_realisee, distance_prevue, distance_realisee, estrealisee, programme_id, sport_id, CENTREINTERET_ID, timeframe_id) VALUES (10255, '2018-04-20', '2018-04-20', 10.14318839473014, 10.14318839473014, 1, 10063, 1, 10000, 55);

INSERT INTO point (ID, x, y) VALUES (50032, 45.71122201431346, 4.855769423764031);
INSERT INTO users (ID, USERNAME, PASSWORD, FIRSTNAME, LASTNAME, EMAIL, ENABLED, LASTPASSWORDRESETDATE, Location_id) VALUES (10032, "user32", "$2a$08$UkVvwpULis18S19S5pZFn.YHPZt3oaqHZnDwqbCW9pft6uFtkXKDC", "user32", "user32", "user32@user.com", 1, "2003/01/22", 50032);
INSERT INTO user_authority (USER_ID, AUTHORITY_ID) VALUES (10032, 2);
INSERT INTO objectif (id, objectif, sport_id) VALUES (196, 10, 1);
INSERT INTO users_objectifs (user_id, objectifs_id) VALUES (10032, 10032);
INSERT INTO programme(programme_id, date_debut, user_id) VALUES (10064, '2018-04-30', 10032);
INSERT INTO objectif(id, objectif, sport_id) VALUES (197, 10, 1);
INSERT INTO programme_objectifs(programme_programme_id, objectifs_id) VALUES (10064, 1);
INSERT INTO activity(activity_id, date_prevue, distance_prevue, distance_realisee, estrealisee, programme_id, sport_id, CENTREINTERET_ID, timeframe_id) VALUES (10256, '2018-05-01', 10.573087835301086, 0, 0, 10064, 1, 10000, 14);
INSERT INTO activity(activity_id, date_prevue, distance_prevue, distance_realisee, estrealisee, programme_id, sport_id, CENTREINTERET_ID, timeframe_id) VALUES (10257, '2018-05-02', 8.893606767447888, 0, 0, 10064, 1, 10000, 20);
INSERT INTO activity(activity_id, date_prevue, distance_prevue, distance_realisee, estrealisee, programme_id, sport_id, CENTREINTERET_ID, timeframe_id) VALUES (10258, '2018-05-03', 8.652543217439874, 0, 0, 10064, 1, 10000, 31);
INSERT INTO activity(activity_id, date_prevue, distance_prevue, distance_realisee, estrealisee, programme_id, sport_id, CENTREINTERET_ID, timeframe_id) VALUES (10259, '2018-05-04', 9.147774298813623, 0, 0, 10064, 1, 10000, 39);
INSERT INTO programme(programme_id, date_debut, user_id) VALUES (10065, '2018-04-23', 10032);
INSERT INTO objectif(id, objectif, sport_id) VALUES (198, 10, 1);
INSERT INTO programme_objectifs(programme_programme_id, objectifs_id) VALUES (10065, 1);
INSERT INTO activity(activity_id, date_prevue, date_realisee, distance_prevue, distance_realisee, estrealisee, programme_id, sport_id, CENTREINTERET_ID, timeframe_id) VALUES (10260, '2018-04-17', '2018-04-17', 7.502090888899625, 7.502090888899625, 1, 10065, 1, 10000, 18);
INSERT INTO activity(activity_id, date_prevue, date_realisee, distance_prevue, distance_realisee, estrealisee, programme_id, sport_id, CENTREINTERET_ID, timeframe_id) VALUES (10261, '2018-04-18', '2018-04-18', 7.534624995124963, 7.534624995124963, 1, 10065, 1, 10000, 17);
INSERT INTO activity(activity_id, date_prevue, date_realisee, distance_prevue, distance_realisee, estrealisee, programme_id, sport_id, CENTREINTERET_ID, timeframe_id) VALUES (10262, '2018-04-19', '2018-04-19', 8.60210021713018, 8.60210021713018, 1, 10065, 1, 10000, 27);
INSERT INTO activity(activity_id, date_prevue, date_realisee, distance_prevue, distance_realisee, estrealisee, programme_id, sport_id, CENTREINTERET_ID, timeframe_id) VALUES (10263, '2018-04-20', '2018-04-20', 10.965314838602405, 10.965314838602405, 1, 10065, 1, 10000, 42);

INSERT INTO point (ID, x, y) VALUES (50033, 45.731626349874254, 4.822097266692977);
INSERT INTO users (ID, USERNAME, PASSWORD, FIRSTNAME, LASTNAME, EMAIL, ENABLED, LASTPASSWORDRESETDATE, Location_id) VALUES (10033, "user33", "$2a$08$UkVvwpULis18S19S5pZFn.YHPZt3oaqHZnDwqbCW9pft6uFtkXKDC", "user33", "user33", "user33@user.com", 1, "2003/01/22", 50033);
INSERT INTO user_authority (USER_ID, AUTHORITY_ID) VALUES (10033, 2);
INSERT INTO objectif (id, objectif, sport_id) VALUES (199, 10, 1);
INSERT INTO users_objectifs (user_id, objectifs_id) VALUES (10033, 10033);
INSERT INTO programme(programme_id, date_debut, user_id) VALUES (10066, '2018-04-30', 10033);
INSERT INTO objectif(id, objectif, sport_id) VALUES (200, 10, 1);
INSERT INTO programme_objectifs(programme_programme_id, objectifs_id) VALUES (10066, 1);
INSERT INTO activity(activity_id, date_prevue, distance_prevue, distance_realisee, estrealisee, programme_id, sport_id, CENTREINTERET_ID, timeframe_id) VALUES (10264, '2018-05-01', 11.863683260748939, 0, 0, 10066, 1, 10000, 14);
INSERT INTO activity(activity_id, date_prevue, distance_prevue, distance_realisee, estrealisee, programme_id, sport_id, CENTREINTERET_ID, timeframe_id) VALUES (10265, '2018-05-02', 9.405679043724032, 0, 0, 10066, 1, 10000, 20);
INSERT INTO activity(activity_id, date_prevue, distance_prevue, distance_realisee, estrealisee, programme_id, sport_id, CENTREINTERET_ID, timeframe_id) VALUES (10266, '2018-05-03', 11.749261047274345, 0, 0, 10066, 1, 10000, 31);
INSERT INTO activity(activity_id, date_prevue, distance_prevue, distance_realisee, estrealisee, programme_id, sport_id, CENTREINTERET_ID, timeframe_id) VALUES (10267, '2018-05-04', 11.657035897234081, 0, 0, 10066, 1, 10000, 39);
INSERT INTO programme(programme_id, date_debut, user_id) VALUES (10067, '2018-04-23', 10033);
INSERT INTO objectif(id, objectif, sport_id) VALUES (201, 10, 1);
INSERT INTO programme_objectifs(programme_programme_id, objectifs_id) VALUES (10067, 1);
INSERT INTO activity(activity_id, date_prevue, date_realisee, distance_prevue, distance_realisee, estrealisee, programme_id, sport_id, CENTREINTERET_ID, timeframe_id) VALUES (10268, '2018-04-17', '2018-04-17', 10.534495691641059, 10.534495691641059, 1, 10067, 1, 10000, 17);
INSERT INTO activity(activity_id, date_prevue, date_realisee, distance_prevue, distance_realisee, estrealisee, programme_id, sport_id, CENTREINTERET_ID, timeframe_id) VALUES (10269, '2018-04-18', '2018-04-18', 9.11224709881949, 9.11224709881949, 1, 10067, 1, 10000, 6);
INSERT INTO activity(activity_id, date_prevue, date_realisee, distance_prevue, distance_realisee, estrealisee, programme_id, sport_id, CENTREINTERET_ID, timeframe_id) VALUES (10270, '2018-04-19', '2018-04-19', 9.429829326798357, 9.429829326798357, 1, 10067, 1, 10000, 17);
INSERT INTO activity(activity_id, date_prevue, date_realisee, distance_prevue, distance_realisee, estrealisee, programme_id, sport_id, CENTREINTERET_ID, timeframe_id) VALUES (10271, '2018-04-20', '2018-04-20', 9.229612090526317, 9.229612090526317, 1, 10067, 1, 10000, 42);

INSERT INTO point (ID, x, y) VALUES (50034, 45.748183904783694, 4.861981472419019);
INSERT INTO users (ID, USERNAME, PASSWORD, FIRSTNAME, LASTNAME, EMAIL, ENABLED, LASTPASSWORDRESETDATE, Location_id) VALUES (10034, "user34", "$2a$08$UkVvwpULis18S19S5pZFn.YHPZt3oaqHZnDwqbCW9pft6uFtkXKDC", "user34", "user34", "user34@user.com", 1, "2003/01/22", 50034);
INSERT INTO user_authority (USER_ID, AUTHORITY_ID) VALUES (10034, 2);
INSERT INTO objectif (id, objectif, sport_id) VALUES (202, 10, 1);
INSERT INTO users_objectifs (user_id, objectifs_id) VALUES (10034, 10034);
INSERT INTO programme(programme_id, date_debut, user_id) VALUES (10068, '2018-04-30', 10034);
INSERT INTO objectif(id, objectif, sport_id) VALUES (203, 10, 1);
INSERT INTO programme_objectifs(programme_programme_id, objectifs_id) VALUES (10068, 1);
INSERT INTO activity(activity_id, date_prevue, distance_prevue, distance_realisee, estrealisee, programme_id, sport_id, CENTREINTERET_ID, timeframe_id) VALUES (10272, '2018-05-01', 9.798894610792868, 0, 0, 10068, 1, 10000, 14);
INSERT INTO activity(activity_id, date_prevue, distance_prevue, distance_realisee, estrealisee, programme_id, sport_id, CENTREINTERET_ID, timeframe_id) VALUES (10273, '2018-05-02', 7.4537600014854934, 0, 0, 10068, 1, 10000, 20);
INSERT INTO activity(activity_id, date_prevue, distance_prevue, distance_realisee, estrealisee, programme_id, sport_id, CENTREINTERET_ID, timeframe_id) VALUES (10274, '2018-05-03', 9.826050666811254, 0, 0, 10068, 1, 10000, 31);
INSERT INTO activity(activity_id, date_prevue, distance_prevue, distance_realisee, estrealisee, programme_id, sport_id, CENTREINTERET_ID, timeframe_id) VALUES (10275, '2018-05-04', 7.598253241563348, 0, 0, 10068, 1, 10000, 39);
INSERT INTO programme(programme_id, date_debut, user_id) VALUES (10069, '2018-04-23', 10034);
INSERT INTO objectif(id, objectif, sport_id) VALUES (204, 10, 1);
INSERT INTO programme_objectifs(programme_programme_id, objectifs_id) VALUES (10069, 1);
INSERT INTO activity(activity_id, date_prevue, date_realisee, distance_prevue, distance_realisee, estrealisee, programme_id, sport_id, CENTREINTERET_ID, timeframe_id) VALUES (10276, '2018-04-17', '2018-04-17', 10.315528972715274, 10.315528972715274, 1, 10069, 1, 10000, 17);
INSERT INTO activity(activity_id, date_prevue, date_realisee, distance_prevue, distance_realisee, estrealisee, programme_id, sport_id, CENTREINTERET_ID, timeframe_id) VALUES (10277, '2018-04-18', '2018-04-18', 10.650251616316154, 10.650251616316154, 1, 10069, 1, 10000, 8);
INSERT INTO activity(activity_id, date_prevue, date_realisee, distance_prevue, distance_realisee, estrealisee, programme_id, sport_id, CENTREINTERET_ID, timeframe_id) VALUES (10278, '2018-04-19', '2018-04-19', 10.934935548736473, 10.934935548736473, 1, 10069, 1, 10000, 29);
INSERT INTO activity(activity_id, date_prevue, date_realisee, distance_prevue, distance_realisee, estrealisee, programme_id, sport_id, CENTREINTERET_ID, timeframe_id) VALUES (10279, '2018-04-20', '2018-04-20', 8.978546180913309, 8.978546180913309, 1, 10069, 1, 10000, 12);

INSERT INTO point (ID, x, y) VALUES (50035, 45.75535494357314, 4.885491730259759);
INSERT INTO users (ID, USERNAME, PASSWORD, FIRSTNAME, LASTNAME, EMAIL, ENABLED, LASTPASSWORDRESETDATE, Location_id) VALUES (10035, "user35", "$2a$08$UkVvwpULis18S19S5pZFn.YHPZt3oaqHZnDwqbCW9pft6uFtkXKDC", "user35", "user35", "user35@user.com", 1, "2003/01/22", 50035);
INSERT INTO user_authority (USER_ID, AUTHORITY_ID) VALUES (10035, 2);
INSERT INTO objectif (id, objectif, sport_id) VALUES (205, 10, 1);
INSERT INTO users_objectifs (user_id, objectifs_id) VALUES (10035, 10035);
INSERT INTO programme(programme_id, date_debut, user_id) VALUES (10070, '2018-04-30', 10035);
INSERT INTO objectif(id, objectif, sport_id) VALUES (206, 10, 1);
INSERT INTO programme_objectifs(programme_programme_id, objectifs_id) VALUES (10070, 1);
INSERT INTO activity(activity_id, date_prevue, distance_prevue, distance_realisee, estrealisee, programme_id, sport_id, CENTREINTERET_ID, timeframe_id) VALUES (10280, '2018-05-01', 8.097610356117084, 0, 0, 10070, 1, 10000, 14);
INSERT INTO activity(activity_id, date_prevue, distance_prevue, distance_realisee, estrealisee, programme_id, sport_id, CENTREINTERET_ID, timeframe_id) VALUES (10281, '2018-05-02', 10.893422557385598, 0, 0, 10070, 1, 10000, 20);
INSERT INTO activity(activity_id, date_prevue, distance_prevue, distance_realisee, estrealisee, programme_id, sport_id, CENTREINTERET_ID, timeframe_id) VALUES (10282, '2018-05-03', 9.185372617112282, 0, 0, 10070, 1, 10000, 31);
INSERT INTO activity(activity_id, date_prevue, distance_prevue, distance_realisee, estrealisee, programme_id, sport_id, CENTREINTERET_ID, timeframe_id) VALUES (10283, '2018-05-04', 7.241994054497237, 0, 0, 10070, 1, 10000, 39);
INSERT INTO programme(programme_id, date_debut, user_id) VALUES (10071, '2018-04-23', 10035);
INSERT INTO objectif(id, objectif, sport_id) VALUES (207, 10, 1);
INSERT INTO programme_objectifs(programme_programme_id, objectifs_id) VALUES (10071, 1);
INSERT INTO activity(activity_id, date_prevue, date_realisee, distance_prevue, distance_realisee, estrealisee, programme_id, sport_id, CENTREINTERET_ID, timeframe_id) VALUES (10284, '2018-04-17', '2018-04-17', 9.15400209726112, 9.15400209726112, 1, 10071, 1, 10000, 38);
INSERT INTO activity(activity_id, date_prevue, date_realisee, distance_prevue, distance_realisee, estrealisee, programme_id, sport_id, CENTREINTERET_ID, timeframe_id) VALUES (10285, '2018-04-18', '2018-04-18', 8.017953121521106, 8.017953121521106, 1, 10071, 1, 10000, 28);
INSERT INTO activity(activity_id, date_prevue, date_realisee, distance_prevue, distance_realisee, estrealisee, programme_id, sport_id, CENTREINTERET_ID, timeframe_id) VALUES (10286, '2018-04-19', '2018-04-19', 11.746284083524747, 11.746284083524747, 1, 10071, 1, 10000, 55);
INSERT INTO activity(activity_id, date_prevue, date_realisee, distance_prevue, distance_realisee, estrealisee, programme_id, sport_id, CENTREINTERET_ID, timeframe_id) VALUES (10287, '2018-04-20', '2018-04-20', 10.382575741177737, 10.382575741177737, 1, 10071, 1, 10000, 41);

INSERT INTO point (ID, x, y) VALUES (50036, 45.73424021624943, 4.867573123883386);
INSERT INTO users (ID, USERNAME, PASSWORD, FIRSTNAME, LASTNAME, EMAIL, ENABLED, LASTPASSWORDRESETDATE, Location_id) VALUES (10036, "user36", "$2a$08$UkVvwpULis18S19S5pZFn.YHPZt3oaqHZnDwqbCW9pft6uFtkXKDC", "user36", "user36", "user36@user.com", 1, "2003/01/22", 50036);
INSERT INTO user_authority (USER_ID, AUTHORITY_ID) VALUES (10036, 2);
INSERT INTO objectif (id, objectif, sport_id) VALUES (208, 10, 1);
INSERT INTO users_objectifs (user_id, objectifs_id) VALUES (10036, 10036);
INSERT INTO programme(programme_id, date_debut, user_id) VALUES (10072, '2018-04-30', 10036);
INSERT INTO objectif(id, objectif, sport_id) VALUES (209, 10, 1);
INSERT INTO programme_objectifs(programme_programme_id, objectifs_id) VALUES (10072, 1);
INSERT INTO activity(activity_id, date_prevue, distance_prevue, distance_realisee, estrealisee, programme_id, sport_id, CENTREINTERET_ID, timeframe_id) VALUES (10288, '2018-05-01', 11.790071175897651, 0, 0, 10072, 1, 10000, 14);
INSERT INTO activity(activity_id, date_prevue, distance_prevue, distance_realisee, estrealisee, programme_id, sport_id, CENTREINTERET_ID, timeframe_id) VALUES (10289, '2018-05-02', 9.765424646669786, 0, 0, 10072, 1, 10000, 20);
INSERT INTO activity(activity_id, date_prevue, distance_prevue, distance_realisee, estrealisee, programme_id, sport_id, CENTREINTERET_ID, timeframe_id) VALUES (10290, '2018-05-03', 10.978675574386957, 0, 0, 10072, 1, 10000, 31);
INSERT INTO activity(activity_id, date_prevue, distance_prevue, distance_realisee, estrealisee, programme_id, sport_id, CENTREINTERET_ID, timeframe_id) VALUES (10291, '2018-05-04', 9.149465758584096, 0, 0, 10072, 1, 10000, 39);
INSERT INTO programme(programme_id, date_debut, user_id) VALUES (10073, '2018-04-23', 10036);
INSERT INTO objectif(id, objectif, sport_id) VALUES (210, 10, 1);
INSERT INTO programme_objectifs(programme_programme_id, objectifs_id) VALUES (10073, 1);
INSERT INTO activity(activity_id, date_prevue, date_realisee, distance_prevue, distance_realisee, estrealisee, programme_id, sport_id, CENTREINTERET_ID, timeframe_id) VALUES (10292, '2018-04-17', '2018-04-17', 7.116204195853234, 7.116204195853234, 1, 10073, 1, 10000, 45);
INSERT INTO activity(activity_id, date_prevue, date_realisee, distance_prevue, distance_realisee, estrealisee, programme_id, sport_id, CENTREINTERET_ID, timeframe_id) VALUES (10293, '2018-04-18', '2018-04-18', 10.127874497624724, 10.127874497624724, 1, 10073, 1, 10000, 46);
INSERT INTO activity(activity_id, date_prevue, date_realisee, distance_prevue, distance_realisee, estrealisee, programme_id, sport_id, CENTREINTERET_ID, timeframe_id) VALUES (10294, '2018-04-19', '2018-04-19', 7.059161598769265, 7.059161598769265, 1, 10073, 1, 10000, 50);
INSERT INTO activity(activity_id, date_prevue, date_realisee, distance_prevue, distance_realisee, estrealisee, programme_id, sport_id, CENTREINTERET_ID, timeframe_id) VALUES (10295, '2018-04-20', '2018-04-20', 7.088808627859862, 7.088808627859862, 1, 10073, 1, 10000, 33);

INSERT INTO point (ID, x, y) VALUES (50037, 45.795765038408184, 4.880289074219825);
INSERT INTO users (ID, USERNAME, PASSWORD, FIRSTNAME, LASTNAME, EMAIL, ENABLED, LASTPASSWORDRESETDATE, Location_id) VALUES (10037, "user37", "$2a$08$UkVvwpULis18S19S5pZFn.YHPZt3oaqHZnDwqbCW9pft6uFtkXKDC", "user37", "user37", "user37@user.com", 1, "2003/01/22", 50037);
INSERT INTO user_authority (USER_ID, AUTHORITY_ID) VALUES (10037, 2);
INSERT INTO objectif (id, objectif, sport_id) VALUES (211, 10, 1);
INSERT INTO users_objectifs (user_id, objectifs_id) VALUES (10037, 10037);
INSERT INTO programme(programme_id, date_debut, user_id) VALUES (10074, '2018-04-30', 10037);
INSERT INTO objectif(id, objectif, sport_id) VALUES (212, 10, 1);
INSERT INTO programme_objectifs(programme_programme_id, objectifs_id) VALUES (10074, 1);
INSERT INTO activity(activity_id, date_prevue, distance_prevue, distance_realisee, estrealisee, programme_id, sport_id, CENTREINTERET_ID, timeframe_id) VALUES (10296, '2018-05-01', 10.528504990457645, 0, 0, 10074, 1, 10000, 14);
INSERT INTO activity(activity_id, date_prevue, distance_prevue, distance_realisee, estrealisee, programme_id, sport_id, CENTREINTERET_ID, timeframe_id) VALUES (10297, '2018-05-02', 9.89021247369298, 0, 0, 10074, 1, 10000, 20);
INSERT INTO activity(activity_id, date_prevue, distance_prevue, distance_realisee, estrealisee, programme_id, sport_id, CENTREINTERET_ID, timeframe_id) VALUES (10298, '2018-05-03', 7.554895521373584, 0, 0, 10074, 1, 10000, 31);
INSERT INTO activity(activity_id, date_prevue, distance_prevue, distance_realisee, estrealisee, programme_id, sport_id, CENTREINTERET_ID, timeframe_id) VALUES (10299, '2018-05-04', 9.35596503705655, 0, 0, 10074, 1, 10000, 39);
INSERT INTO programme(programme_id, date_debut, user_id) VALUES (10075, '2018-04-23', 10037);
INSERT INTO objectif(id, objectif, sport_id) VALUES (213, 10, 1);
INSERT INTO programme_objectifs(programme_programme_id, objectifs_id) VALUES (10075, 1);
INSERT INTO activity(activity_id, date_prevue, date_realisee, distance_prevue, distance_realisee, estrealisee, programme_id, sport_id, CENTREINTERET_ID, timeframe_id) VALUES (10300, '2018-04-17', '2018-04-17', 10.668190312705473, 10.668190312705473, 1, 10075, 1, 10000, 26);
INSERT INTO activity(activity_id, date_prevue, date_realisee, distance_prevue, distance_realisee, estrealisee, programme_id, sport_id, CENTREINTERET_ID, timeframe_id) VALUES (10301, '2018-04-18', '2018-04-18', 7.725407925857694, 7.725407925857694, 1, 10075, 1, 10000, 12);
INSERT INTO activity(activity_id, date_prevue, date_realisee, distance_prevue, distance_realisee, estrealisee, programme_id, sport_id, CENTREINTERET_ID, timeframe_id) VALUES (10302, '2018-04-19', '2018-04-19', 9.030238577291854, 9.030238577291854, 1, 10075, 1, 10000, 48);
INSERT INTO activity(activity_id, date_prevue, date_realisee, distance_prevue, distance_realisee, estrealisee, programme_id, sport_id, CENTREINTERET_ID, timeframe_id) VALUES (10303, '2018-04-20', '2018-04-20', 7.892850632239416, 7.892850632239416, 1, 10075, 1, 10000, 45);

INSERT INTO point (ID, x, y) VALUES (50038, 45.72000450853658, 4.846002756625188);
INSERT INTO users (ID, USERNAME, PASSWORD, FIRSTNAME, LASTNAME, EMAIL, ENABLED, LASTPASSWORDRESETDATE, Location_id) VALUES (10038, "user38", "$2a$08$UkVvwpULis18S19S5pZFn.YHPZt3oaqHZnDwqbCW9pft6uFtkXKDC", "user38", "user38", "user38@user.com", 1, "2003/01/22", 50038);
INSERT INTO user_authority (USER_ID, AUTHORITY_ID) VALUES (10038, 2);
INSERT INTO objectif (id, objectif, sport_id) VALUES (214, 10, 1);
INSERT INTO users_objectifs (user_id, objectifs_id) VALUES (10038, 10038);
INSERT INTO programme(programme_id, date_debut, user_id) VALUES (10076, '2018-04-30', 10038);
INSERT INTO objectif(id, objectif, sport_id) VALUES (215, 10, 1);
INSERT INTO programme_objectifs(programme_programme_id, objectifs_id) VALUES (10076, 1);
INSERT INTO activity(activity_id, date_prevue, distance_prevue, distance_realisee, estrealisee, programme_id, sport_id, CENTREINTERET_ID, timeframe_id) VALUES (10304, '2018-05-01', 11.211270139248787, 0, 0, 10076, 1, 10000, 14);
INSERT INTO activity(activity_id, date_prevue, distance_prevue, distance_realisee, estrealisee, programme_id, sport_id, CENTREINTERET_ID, timeframe_id) VALUES (10305, '2018-05-02', 9.473872153996023, 0, 0, 10076, 1, 10000, 20);
INSERT INTO activity(activity_id, date_prevue, distance_prevue, distance_realisee, estrealisee, programme_id, sport_id, CENTREINTERET_ID, timeframe_id) VALUES (10306, '2018-05-03', 10.406024882031101, 0, 0, 10076, 1, 10000, 31);
INSERT INTO activity(activity_id, date_prevue, distance_prevue, distance_realisee, estrealisee, programme_id, sport_id, CENTREINTERET_ID, timeframe_id) VALUES (10307, '2018-05-04', 9.779041526940844, 0, 0, 10076, 1, 10000, 39);
INSERT INTO programme(programme_id, date_debut, user_id) VALUES (10077, '2018-04-23', 10038);
INSERT INTO objectif(id, objectif, sport_id) VALUES (216, 10, 1);
INSERT INTO programme_objectifs(programme_programme_id, objectifs_id) VALUES (10077, 1);
INSERT INTO activity(activity_id, date_prevue, date_realisee, distance_prevue, distance_realisee, estrealisee, programme_id, sport_id, CENTREINTERET_ID, timeframe_id) VALUES (10308, '2018-04-17', '2018-04-17', 9.666139314695037, 9.666139314695037, 1, 10077, 1, 10000, 40);
INSERT INTO activity(activity_id, date_prevue, date_realisee, distance_prevue, distance_realisee, estrealisee, programme_id, sport_id, CENTREINTERET_ID, timeframe_id) VALUES (10309, '2018-04-18', '2018-04-18', 8.54956480801846, 8.54956480801846, 1, 10077, 1, 10000, 56);
INSERT INTO activity(activity_id, date_prevue, date_realisee, distance_prevue, distance_realisee, estrealisee, programme_id, sport_id, CENTREINTERET_ID, timeframe_id) VALUES (10310, '2018-04-19', '2018-04-19', 11.88960371755072, 11.88960371755072, 1, 10077, 1, 10000, 20);
INSERT INTO activity(activity_id, date_prevue, date_realisee, distance_prevue, distance_realisee, estrealisee, programme_id, sport_id, CENTREINTERET_ID, timeframe_id) VALUES (10311, '2018-04-20', '2018-04-20', 11.939116596395928, 11.939116596395928, 1, 10077, 1, 10000, 47);

INSERT INTO point (ID, x, y) VALUES (50039, 45.71689754291178, 4.881045525942364);
INSERT INTO users (ID, USERNAME, PASSWORD, FIRSTNAME, LASTNAME, EMAIL, ENABLED, LASTPASSWORDRESETDATE, Location_id) VALUES (10039, "user39", "$2a$08$UkVvwpULis18S19S5pZFn.YHPZt3oaqHZnDwqbCW9pft6uFtkXKDC", "user39", "user39", "user39@user.com", 1, "2003/01/22", 50039);
INSERT INTO user_authority (USER_ID, AUTHORITY_ID) VALUES (10039, 2);
INSERT INTO objectif (id, objectif, sport_id) VALUES (217, 10, 1);
INSERT INTO users_objectifs (user_id, objectifs_id) VALUES (10039, 10039);
INSERT INTO programme(programme_id, date_debut, user_id) VALUES (10078, '2018-04-30', 10039);
INSERT INTO objectif(id, objectif, sport_id) VALUES (218, 10, 1);
INSERT INTO programme_objectifs(programme_programme_id, objectifs_id) VALUES (10078, 1);
INSERT INTO activity(activity_id, date_prevue, distance_prevue, distance_realisee, estrealisee, programme_id, sport_id, CENTREINTERET_ID, timeframe_id) VALUES (10312, '2018-05-01', 9.631851146986413, 0, 0, 10078, 1, 10000, 14);
INSERT INTO activity(activity_id, date_prevue, distance_prevue, distance_realisee, estrealisee, programme_id, sport_id, CENTREINTERET_ID, timeframe_id) VALUES (10313, '2018-05-02', 9.32001509949315, 0, 0, 10078, 1, 10000, 20);
INSERT INTO activity(activity_id, date_prevue, distance_prevue, distance_realisee, estrealisee, programme_id, sport_id, CENTREINTERET_ID, timeframe_id) VALUES (10314, '2018-05-03', 10.05976755334522, 0, 0, 10078, 1, 10000, 31);
INSERT INTO activity(activity_id, date_prevue, distance_prevue, distance_realisee, estrealisee, programme_id, sport_id, CENTREINTERET_ID, timeframe_id) VALUES (10315, '2018-05-04', 8.21359631408106, 0, 0, 10078, 1, 10000, 39);
INSERT INTO programme(programme_id, date_debut, user_id) VALUES (10079, '2018-04-23', 10039);
INSERT INTO objectif(id, objectif, sport_id) VALUES (219, 10, 1);
INSERT INTO programme_objectifs(programme_programme_id, objectifs_id) VALUES (10079, 1);
INSERT INTO activity(activity_id, date_prevue, date_realisee, distance_prevue, distance_realisee, estrealisee, programme_id, sport_id, CENTREINTERET_ID, timeframe_id) VALUES (10316, '2018-04-17', '2018-04-17', 7.083438891736938, 7.083438891736938, 1, 10079, 1, 10000, 19);
INSERT INTO activity(activity_id, date_prevue, date_realisee, distance_prevue, distance_realisee, estrealisee, programme_id, sport_id, CENTREINTERET_ID, timeframe_id) VALUES (10317, '2018-04-18', '2018-04-18', 11.246124933287927, 11.246124933287927, 1, 10079, 1, 10000, 49);
INSERT INTO activity(activity_id, date_prevue, date_realisee, distance_prevue, distance_realisee, estrealisee, programme_id, sport_id, CENTREINTERET_ID, timeframe_id) VALUES (10318, '2018-04-19', '2018-04-19', 8.015626540101511, 8.015626540101511, 1, 10079, 1, 10000, 15);
INSERT INTO activity(activity_id, date_prevue, date_realisee, distance_prevue, distance_realisee, estrealisee, programme_id, sport_id, CENTREINTERET_ID, timeframe_id) VALUES (10319, '2018-04-20', '2018-04-20', 10.342015090013717, 10.342015090013717, 1, 10079, 1, 10000, 30);

INSERT INTO point (ID, x, y) VALUES (50040, 45.777563479068526, 4.824964926795497);
INSERT INTO users (ID, USERNAME, PASSWORD, FIRSTNAME, LASTNAME, EMAIL, ENABLED, LASTPASSWORDRESETDATE, Location_id) VALUES (10040, "user40", "$2a$08$UkVvwpULis18S19S5pZFn.YHPZt3oaqHZnDwqbCW9pft6uFtkXKDC", "user40", "user40", "user40@user.com", 1, "2003/01/22", 50040);
INSERT INTO user_authority (USER_ID, AUTHORITY_ID) VALUES (10040, 2);
INSERT INTO objectif (id, objectif, sport_id) VALUES (220, 10, 1);
INSERT INTO users_objectifs (user_id, objectifs_id) VALUES (10040, 10040);
INSERT INTO programme(programme_id, date_debut, user_id) VALUES (10080, '2018-04-30', 10040);
INSERT INTO objectif(id, objectif, sport_id) VALUES (221, 10, 1);
INSERT INTO programme_objectifs(programme_programme_id, objectifs_id) VALUES (10080, 1);
INSERT INTO activity(activity_id, date_prevue, distance_prevue, distance_realisee, estrealisee, programme_id, sport_id, CENTREINTERET_ID, timeframe_id) VALUES (10320, '2018-05-01', 7.298410045623446, 0, 0, 10080, 1, 10000, 14);
INSERT INTO activity(activity_id, date_prevue, distance_prevue, distance_realisee, estrealisee, programme_id, sport_id, CENTREINTERET_ID, timeframe_id) VALUES (10321, '2018-05-02', 7.02058503740842, 0, 0, 10080, 1, 10000, 20);
INSERT INTO activity(activity_id, date_prevue, distance_prevue, distance_realisee, estrealisee, programme_id, sport_id, CENTREINTERET_ID, timeframe_id) VALUES (10322, '2018-05-03', 9.830433179119314, 0, 0, 10080, 1, 10000, 31);
INSERT INTO activity(activity_id, date_prevue, distance_prevue, distance_realisee, estrealisee, programme_id, sport_id, CENTREINTERET_ID, timeframe_id) VALUES (10323, '2018-05-04', 7.987385779760058, 0, 0, 10080, 1, 10000, 39);
INSERT INTO programme(programme_id, date_debut, user_id) VALUES (10081, '2018-04-23', 10040);
INSERT INTO objectif(id, objectif, sport_id) VALUES (222, 10, 1);
INSERT INTO programme_objectifs(programme_programme_id, objectifs_id) VALUES (10081, 1);
INSERT INTO activity(activity_id, date_prevue, date_realisee, distance_prevue, distance_realisee, estrealisee, programme_id, sport_id, CENTREINTERET_ID, timeframe_id) VALUES (10324, '2018-04-17', '2018-04-17', 11.727321551629185, 11.727321551629185, 1, 10081, 1, 10000, 31);
INSERT INTO activity(activity_id, date_prevue, date_realisee, distance_prevue, distance_realisee, estrealisee, programme_id, sport_id, CENTREINTERET_ID, timeframe_id) VALUES (10325, '2018-04-18', '2018-04-18', 9.067045491079286, 9.067045491079286, 1, 10081, 1, 10000, 53);
INSERT INTO activity(activity_id, date_prevue, date_realisee, distance_prevue, distance_realisee, estrealisee, programme_id, sport_id, CENTREINTERET_ID, timeframe_id) VALUES (10326, '2018-04-19', '2018-04-19', 10.069639092415207, 10.069639092415207, 1, 10081, 1, 10000, 34);
INSERT INTO activity(activity_id, date_prevue, date_realisee, distance_prevue, distance_realisee, estrealisee, programme_id, sport_id, CENTREINTERET_ID, timeframe_id) VALUES (10327, '2018-04-20', '2018-04-20', 11.098980915620619, 11.098980915620619, 1, 10081, 1, 10000, 19);

INSERT INTO point (ID, x, y) VALUES (50041, 45.75132767714105, 4.869644440074654);
INSERT INTO users (ID, USERNAME, PASSWORD, FIRSTNAME, LASTNAME, EMAIL, ENABLED, LASTPASSWORDRESETDATE, Location_id) VALUES (10041, "user41", "$2a$08$UkVvwpULis18S19S5pZFn.YHPZt3oaqHZnDwqbCW9pft6uFtkXKDC", "user41", "user41", "user41@user.com", 1, "2003/01/22", 50041);
INSERT INTO user_authority (USER_ID, AUTHORITY_ID) VALUES (10041, 2);
INSERT INTO objectif (id, objectif, sport_id) VALUES (223, 10, 1);
INSERT INTO users_objectifs (user_id, objectifs_id) VALUES (10041, 10041);
INSERT INTO programme(programme_id, date_debut, user_id) VALUES (10082, '2018-04-30', 10041);
INSERT INTO objectif(id, objectif, sport_id) VALUES (224, 10, 1);
INSERT INTO programme_objectifs(programme_programme_id, objectifs_id) VALUES (10082, 1);
INSERT INTO activity(activity_id, date_prevue, distance_prevue, distance_realisee, estrealisee, programme_id, sport_id, CENTREINTERET_ID, timeframe_id) VALUES (10328, '2018-05-01', 7.779277606012813, 0, 0, 10082, 1, 10000, 14);
INSERT INTO activity(activity_id, date_prevue, distance_prevue, distance_realisee, estrealisee, programme_id, sport_id, CENTREINTERET_ID, timeframe_id) VALUES (10329, '2018-05-02', 7.920964666484957, 0, 0, 10082, 1, 10000, 20);
INSERT INTO activity(activity_id, date_prevue, distance_prevue, distance_realisee, estrealisee, programme_id, sport_id, CENTREINTERET_ID, timeframe_id) VALUES (10330, '2018-05-03', 9.282192806144197, 0, 0, 10082, 1, 10000, 31);
INSERT INTO activity(activity_id, date_prevue, distance_prevue, distance_realisee, estrealisee, programme_id, sport_id, CENTREINTERET_ID, timeframe_id) VALUES (10331, '2018-05-04', 10.78149567494748, 0, 0, 10082, 1, 10000, 39);
INSERT INTO programme(programme_id, date_debut, user_id) VALUES (10083, '2018-04-23', 10041);
INSERT INTO objectif(id, objectif, sport_id) VALUES (225, 10, 1);
INSERT INTO programme_objectifs(programme_programme_id, objectifs_id) VALUES (10083, 1);
INSERT INTO activity(activity_id, date_prevue, date_realisee, distance_prevue, distance_realisee, estrealisee, programme_id, sport_id, CENTREINTERET_ID, timeframe_id) VALUES (10332, '2018-04-17', '2018-04-17', 9.118694182474279, 9.118694182474279, 1, 10083, 1, 10000, 20);
INSERT INTO activity(activity_id, date_prevue, date_realisee, distance_prevue, distance_realisee, estrealisee, programme_id, sport_id, CENTREINTERET_ID, timeframe_id) VALUES (10333, '2018-04-18', '2018-04-18', 11.978726468254544, 11.978726468254544, 1, 10083, 1, 10000, 50);
INSERT INTO activity(activity_id, date_prevue, date_realisee, distance_prevue, distance_realisee, estrealisee, programme_id, sport_id, CENTREINTERET_ID, timeframe_id) VALUES (10334, '2018-04-19', '2018-04-19', 10.069700737566542, 10.069700737566542, 1, 10083, 1, 10000, 48);
INSERT INTO activity(activity_id, date_prevue, date_realisee, distance_prevue, distance_realisee, estrealisee, programme_id, sport_id, CENTREINTERET_ID, timeframe_id) VALUES (10335, '2018-04-20', '2018-04-20', 11.046365735702052, 11.046365735702052, 1, 10083, 1, 10000, 51);

INSERT INTO point (ID, x, y) VALUES (50042, 45.77783393100826, 4.821052121863744);
INSERT INTO users (ID, USERNAME, PASSWORD, FIRSTNAME, LASTNAME, EMAIL, ENABLED, LASTPASSWORDRESETDATE, Location_id) VALUES (10042, "user42", "$2a$08$UkVvwpULis18S19S5pZFn.YHPZt3oaqHZnDwqbCW9pft6uFtkXKDC", "user42", "user42", "user42@user.com", 1, "2003/01/22", 50042);
INSERT INTO user_authority (USER_ID, AUTHORITY_ID) VALUES (10042, 2);
INSERT INTO objectif (id, objectif, sport_id) VALUES (226, 10, 1);
INSERT INTO users_objectifs (user_id, objectifs_id) VALUES (10042, 10042);
INSERT INTO programme(programme_id, date_debut, user_id) VALUES (10084, '2018-04-30', 10042);
INSERT INTO objectif(id, objectif, sport_id) VALUES (227, 10, 1);
INSERT INTO programme_objectifs(programme_programme_id, objectifs_id) VALUES (10084, 1);
INSERT INTO activity(activity_id, date_prevue, distance_prevue, distance_realisee, estrealisee, programme_id, sport_id, CENTREINTERET_ID, timeframe_id) VALUES (10336, '2018-05-01', 9.536954133910791, 0, 0, 10084, 1, 10000, 14);
INSERT INTO activity(activity_id, date_prevue, distance_prevue, distance_realisee, estrealisee, programme_id, sport_id, CENTREINTERET_ID, timeframe_id) VALUES (10337, '2018-05-02', 9.01399953238436, 0, 0, 10084, 1, 10000, 20);
INSERT INTO activity(activity_id, date_prevue, distance_prevue, distance_realisee, estrealisee, programme_id, sport_id, CENTREINTERET_ID, timeframe_id) VALUES (10338, '2018-05-03', 10.345702596612425, 0, 0, 10084, 1, 10000, 31);
INSERT INTO activity(activity_id, date_prevue, distance_prevue, distance_realisee, estrealisee, programme_id, sport_id, CENTREINTERET_ID, timeframe_id) VALUES (10339, '2018-05-04', 8.785858837188401, 0, 0, 10084, 1, 10000, 39);
INSERT INTO programme(programme_id, date_debut, user_id) VALUES (10085, '2018-04-23', 10042);
INSERT INTO objectif(id, objectif, sport_id) VALUES (228, 10, 1);
INSERT INTO programme_objectifs(programme_programme_id, objectifs_id) VALUES (10085, 1);
INSERT INTO activity(activity_id, date_prevue, date_realisee, distance_prevue, distance_realisee, estrealisee, programme_id, sport_id, CENTREINTERET_ID, timeframe_id) VALUES (10340, '2018-04-17', '2018-04-17', 11.784394651901156, 11.784394651901156, 1, 10085, 1, 10000, 26);
INSERT INTO activity(activity_id, date_prevue, date_realisee, distance_prevue, distance_realisee, estrealisee, programme_id, sport_id, CENTREINTERET_ID, timeframe_id) VALUES (10341, '2018-04-18', '2018-04-18', 10.551902610204353, 10.551902610204353, 1, 10085, 1, 10000, 49);
INSERT INTO activity(activity_id, date_prevue, date_realisee, distance_prevue, distance_realisee, estrealisee, programme_id, sport_id, CENTREINTERET_ID, timeframe_id) VALUES (10342, '2018-04-19', '2018-04-19', 10.834181213826863, 10.834181213826863, 1, 10085, 1, 10000, 36);
INSERT INTO activity(activity_id, date_prevue, date_realisee, distance_prevue, distance_realisee, estrealisee, programme_id, sport_id, CENTREINTERET_ID, timeframe_id) VALUES (10343, '2018-04-20', '2018-04-20', 8.4129134332452, 8.4129134332452, 1, 10085, 1, 10000, 5);

INSERT INTO point (ID, x, y) VALUES (50043, 45.75448006959732, 4.876312421601257);
INSERT INTO users (ID, USERNAME, PASSWORD, FIRSTNAME, LASTNAME, EMAIL, ENABLED, LASTPASSWORDRESETDATE, Location_id) VALUES (10043, "user43", "$2a$08$UkVvwpULis18S19S5pZFn.YHPZt3oaqHZnDwqbCW9pft6uFtkXKDC", "user43", "user43", "user43@user.com", 1, "2003/01/22", 50043);
INSERT INTO user_authority (USER_ID, AUTHORITY_ID) VALUES (10043, 2);
INSERT INTO objectif (id, objectif, sport_id) VALUES (229, 10, 1);
INSERT INTO users_objectifs (user_id, objectifs_id) VALUES (10043, 10043);
INSERT INTO programme(programme_id, date_debut, user_id) VALUES (10086, '2018-04-30', 10043);
INSERT INTO objectif(id, objectif, sport_id) VALUES (230, 10, 1);
INSERT INTO programme_objectifs(programme_programme_id, objectifs_id) VALUES (10086, 1);
INSERT INTO activity(activity_id, date_prevue, distance_prevue, distance_realisee, estrealisee, programme_id, sport_id, CENTREINTERET_ID, timeframe_id) VALUES (10344, '2018-05-01', 7.872722001269526, 0, 0, 10086, 1, 10000, 14);
INSERT INTO activity(activity_id, date_prevue, distance_prevue, distance_realisee, estrealisee, programme_id, sport_id, CENTREINTERET_ID, timeframe_id) VALUES (10345, '2018-05-02', 9.159217265163488, 0, 0, 10086, 1, 10000, 20);
INSERT INTO activity(activity_id, date_prevue, distance_prevue, distance_realisee, estrealisee, programme_id, sport_id, CENTREINTERET_ID, timeframe_id) VALUES (10346, '2018-05-03', 10.702698276251716, 0, 0, 10086, 1, 10000, 31);
INSERT INTO activity(activity_id, date_prevue, distance_prevue, distance_realisee, estrealisee, programme_id, sport_id, CENTREINTERET_ID, timeframe_id) VALUES (10347, '2018-05-04', 8.200858711626104, 0, 0, 10086, 1, 10000, 39);
INSERT INTO programme(programme_id, date_debut, user_id) VALUES (10087, '2018-04-23', 10043);
INSERT INTO objectif(id, objectif, sport_id) VALUES (231, 10, 1);
INSERT INTO programme_objectifs(programme_programme_id, objectifs_id) VALUES (10087, 1);
INSERT INTO activity(activity_id, date_prevue, date_realisee, distance_prevue, distance_realisee, estrealisee, programme_id, sport_id, CENTREINTERET_ID, timeframe_id) VALUES (10348, '2018-04-17', '2018-04-17', 7.205589748535347, 7.205589748535347, 1, 10087, 1, 10000, 50);
INSERT INTO activity(activity_id, date_prevue, date_realisee, distance_prevue, distance_realisee, estrealisee, programme_id, sport_id, CENTREINTERET_ID, timeframe_id) VALUES (10349, '2018-04-18', '2018-04-18', 7.4877366220399635, 7.4877366220399635, 1, 10087, 1, 10000, 34);
INSERT INTO activity(activity_id, date_prevue, date_realisee, distance_prevue, distance_realisee, estrealisee, programme_id, sport_id, CENTREINTERET_ID, timeframe_id) VALUES (10350, '2018-04-19', '2018-04-19', 8.14433361507216, 8.14433361507216, 1, 10087, 1, 10000, 33);
INSERT INTO activity(activity_id, date_prevue, date_realisee, distance_prevue, distance_realisee, estrealisee, programme_id, sport_id, CENTREINTERET_ID, timeframe_id) VALUES (10351, '2018-04-20', '2018-04-20', 8.687095755545522, 8.687095755545522, 1, 10087, 1, 10000, 49);

INSERT INTO point (ID, x, y) VALUES (50044, 45.719827026723976, 4.844037294470858);
INSERT INTO users (ID, USERNAME, PASSWORD, FIRSTNAME, LASTNAME, EMAIL, ENABLED, LASTPASSWORDRESETDATE, Location_id) VALUES (10044, "user44", "$2a$08$UkVvwpULis18S19S5pZFn.YHPZt3oaqHZnDwqbCW9pft6uFtkXKDC", "user44", "user44", "user44@user.com", 1, "2003/01/22", 50044);
INSERT INTO user_authority (USER_ID, AUTHORITY_ID) VALUES (10044, 2);
INSERT INTO objectif (id, objectif, sport_id) VALUES (232, 10, 1);
INSERT INTO users_objectifs (user_id, objectifs_id) VALUES (10044, 10044);
INSERT INTO programme(programme_id, date_debut, user_id) VALUES (10088, '2018-04-30', 10044);
INSERT INTO objectif(id, objectif, sport_id) VALUES (233, 10, 1);
INSERT INTO programme_objectifs(programme_programme_id, objectifs_id) VALUES (10088, 1);
INSERT INTO activity(activity_id, date_prevue, distance_prevue, distance_realisee, estrealisee, programme_id, sport_id, CENTREINTERET_ID, timeframe_id) VALUES (10352, '2018-05-01', 11.916245497542835, 0, 0, 10088, 1, 10000, 14);
INSERT INTO activity(activity_id, date_prevue, distance_prevue, distance_realisee, estrealisee, programme_id, sport_id, CENTREINTERET_ID, timeframe_id) VALUES (10353, '2018-05-02', 10.716731119344512, 0, 0, 10088, 1, 10000, 20);
INSERT INTO activity(activity_id, date_prevue, distance_prevue, distance_realisee, estrealisee, programme_id, sport_id, CENTREINTERET_ID, timeframe_id) VALUES (10354, '2018-05-03', 8.956207835715988, 0, 0, 10088, 1, 10000, 31);
INSERT INTO activity(activity_id, date_prevue, distance_prevue, distance_realisee, estrealisee, programme_id, sport_id, CENTREINTERET_ID, timeframe_id) VALUES (10355, '2018-05-04', 11.72933238533832, 0, 0, 10088, 1, 10000, 39);
INSERT INTO programme(programme_id, date_debut, user_id) VALUES (10089, '2018-04-23', 10044);
INSERT INTO objectif(id, objectif, sport_id) VALUES (234, 10, 1);
INSERT INTO programme_objectifs(programme_programme_id, objectifs_id) VALUES (10089, 1);
INSERT INTO activity(activity_id, date_prevue, date_realisee, distance_prevue, distance_realisee, estrealisee, programme_id, sport_id, CENTREINTERET_ID, timeframe_id) VALUES (10356, '2018-04-17', '2018-04-17', 9.898169165301287, 9.898169165301287, 1, 10089, 1, 10000, 13);
INSERT INTO activity(activity_id, date_prevue, date_realisee, distance_prevue, distance_realisee, estrealisee, programme_id, sport_id, CENTREINTERET_ID, timeframe_id) VALUES (10357, '2018-04-18', '2018-04-18', 7.224233599893609, 7.224233599893609, 1, 10089, 1, 10000, 7);
INSERT INTO activity(activity_id, date_prevue, date_realisee, distance_prevue, distance_realisee, estrealisee, programme_id, sport_id, CENTREINTERET_ID, timeframe_id) VALUES (10358, '2018-04-19', '2018-04-19', 7.860375277804711, 7.860375277804711, 1, 10089, 1, 10000, 18);
INSERT INTO activity(activity_id, date_prevue, date_realisee, distance_prevue, distance_realisee, estrealisee, programme_id, sport_id, CENTREINTERET_ID, timeframe_id) VALUES (10359, '2018-04-20', '2018-04-20', 11.3312028912785, 11.3312028912785, 1, 10089, 1, 10000, 41);

INSERT INTO point (ID, x, y) VALUES (50045, 45.71611839682867, 4.829133361453423);
INSERT INTO users (ID, USERNAME, PASSWORD, FIRSTNAME, LASTNAME, EMAIL, ENABLED, LASTPASSWORDRESETDATE, Location_id) VALUES (10045, "user45", "$2a$08$UkVvwpULis18S19S5pZFn.YHPZt3oaqHZnDwqbCW9pft6uFtkXKDC", "user45", "user45", "user45@user.com", 1, "2003/01/22", 50045);
INSERT INTO user_authority (USER_ID, AUTHORITY_ID) VALUES (10045, 2);
INSERT INTO objectif (id, objectif, sport_id) VALUES (235, 10, 1);
INSERT INTO users_objectifs (user_id, objectifs_id) VALUES (10045, 10045);
INSERT INTO programme(programme_id, date_debut, user_id) VALUES (10090, '2018-04-30', 10045);
INSERT INTO objectif(id, objectif, sport_id) VALUES (236, 10, 1);
INSERT INTO programme_objectifs(programme_programme_id, objectifs_id) VALUES (10090, 1);
INSERT INTO activity(activity_id, date_prevue, distance_prevue, distance_realisee, estrealisee, programme_id, sport_id, CENTREINTERET_ID, timeframe_id) VALUES (10360, '2018-05-01', 11.760796999390973, 0, 0, 10090, 1, 10000, 14);
INSERT INTO activity(activity_id, date_prevue, distance_prevue, distance_realisee, estrealisee, programme_id, sport_id, CENTREINTERET_ID, timeframe_id) VALUES (10361, '2018-05-02', 9.640766420976298, 0, 0, 10090, 1, 10000, 20);
INSERT INTO activity(activity_id, date_prevue, distance_prevue, distance_realisee, estrealisee, programme_id, sport_id, CENTREINTERET_ID, timeframe_id) VALUES (10362, '2018-05-03', 9.276806255183072, 0, 0, 10090, 1, 10000, 31);
INSERT INTO activity(activity_id, date_prevue, distance_prevue, distance_realisee, estrealisee, programme_id, sport_id, CENTREINTERET_ID, timeframe_id) VALUES (10363, '2018-05-04', 9.603211811031017, 0, 0, 10090, 1, 10000, 39);
INSERT INTO programme(programme_id, date_debut, user_id) VALUES (10091, '2018-04-23', 10045);
INSERT INTO objectif(id, objectif, sport_id) VALUES (237, 10, 1);
INSERT INTO programme_objectifs(programme_programme_id, objectifs_id) VALUES (10091, 1);
INSERT INTO activity(activity_id, date_prevue, date_realisee, distance_prevue, distance_realisee, estrealisee, programme_id, sport_id, CENTREINTERET_ID, timeframe_id) VALUES (10364, '2018-04-17', '2018-04-17', 10.972528397365965, 10.972528397365965, 1, 10091, 1, 10000, 0);
INSERT INTO activity(activity_id, date_prevue, date_realisee, distance_prevue, distance_realisee, estrealisee, programme_id, sport_id, CENTREINTERET_ID, timeframe_id) VALUES (10365, '2018-04-18', '2018-04-18', 11.044026374973438, 11.044026374973438, 1, 10091, 1, 10000, 24);
INSERT INTO activity(activity_id, date_prevue, date_realisee, distance_prevue, distance_realisee, estrealisee, programme_id, sport_id, CENTREINTERET_ID, timeframe_id) VALUES (10366, '2018-04-19', '2018-04-19', 7.718378620369205, 7.718378620369205, 1, 10091, 1, 10000, 23);
INSERT INTO activity(activity_id, date_prevue, date_realisee, distance_prevue, distance_realisee, estrealisee, programme_id, sport_id, CENTREINTERET_ID, timeframe_id) VALUES (10367, '2018-04-20', '2018-04-20', 8.277638089450893, 8.277638089450893, 1, 10091, 1, 10000, 37);

INSERT INTO point (ID, x, y) VALUES (50046, 45.751017521149706, 4.817868475487207);
INSERT INTO users (ID, USERNAME, PASSWORD, FIRSTNAME, LASTNAME, EMAIL, ENABLED, LASTPASSWORDRESETDATE, Location_id) VALUES (10046, "user46", "$2a$08$UkVvwpULis18S19S5pZFn.YHPZt3oaqHZnDwqbCW9pft6uFtkXKDC", "user46", "user46", "user46@user.com", 1, "2003/01/22", 50046);
INSERT INTO user_authority (USER_ID, AUTHORITY_ID) VALUES (10046, 2);
INSERT INTO objectif (id, objectif, sport_id) VALUES (238, 10, 1);
INSERT INTO users_objectifs (user_id, objectifs_id) VALUES (10046, 10046);
INSERT INTO programme(programme_id, date_debut, user_id) VALUES (10092, '2018-04-30', 10046);
INSERT INTO objectif(id, objectif, sport_id) VALUES (239, 10, 1);
INSERT INTO programme_objectifs(programme_programme_id, objectifs_id) VALUES (10092, 1);
INSERT INTO activity(activity_id, date_prevue, distance_prevue, distance_realisee, estrealisee, programme_id, sport_id, CENTREINTERET_ID, timeframe_id) VALUES (10368, '2018-05-01', 11.130104999798265, 0, 0, 10092, 1, 10000, 14);
INSERT INTO activity(activity_id, date_prevue, distance_prevue, distance_realisee, estrealisee, programme_id, sport_id, CENTREINTERET_ID, timeframe_id) VALUES (10369, '2018-05-02', 10.299378583653443, 0, 0, 10092, 1, 10000, 20);
INSERT INTO activity(activity_id, date_prevue, distance_prevue, distance_realisee, estrealisee, programme_id, sport_id, CENTREINTERET_ID, timeframe_id) VALUES (10370, '2018-05-03', 10.573300205008547, 0, 0, 10092, 1, 10000, 31);
INSERT INTO activity(activity_id, date_prevue, distance_prevue, distance_realisee, estrealisee, programme_id, sport_id, CENTREINTERET_ID, timeframe_id) VALUES (10371, '2018-05-04', 10.9546043619909, 0, 0, 10092, 1, 10000, 39);
INSERT INTO programme(programme_id, date_debut, user_id) VALUES (10093, '2018-04-23', 10046);
INSERT INTO objectif(id, objectif, sport_id) VALUES (240, 10, 1);
INSERT INTO programme_objectifs(programme_programme_id, objectifs_id) VALUES (10093, 1);
INSERT INTO activity(activity_id, date_prevue, date_realisee, distance_prevue, distance_realisee, estrealisee, programme_id, sport_id, CENTREINTERET_ID, timeframe_id) VALUES (10372, '2018-04-17', '2018-04-17', 7.000414817655368, 7.000414817655368, 1, 10093, 1, 10000, 7);
INSERT INTO activity(activity_id, date_prevue, date_realisee, distance_prevue, distance_realisee, estrealisee, programme_id, sport_id, CENTREINTERET_ID, timeframe_id) VALUES (10373, '2018-04-18', '2018-04-18', 10.044435546177588, 10.044435546177588, 1, 10093, 1, 10000, 36);
INSERT INTO activity(activity_id, date_prevue, date_realisee, distance_prevue, distance_realisee, estrealisee, programme_id, sport_id, CENTREINTERET_ID, timeframe_id) VALUES (10374, '2018-04-19', '2018-04-19', 7.415591546343172, 7.415591546343172, 1, 10093, 1, 10000, 35);
INSERT INTO activity(activity_id, date_prevue, date_realisee, distance_prevue, distance_realisee, estrealisee, programme_id, sport_id, CENTREINTERET_ID, timeframe_id) VALUES (10375, '2018-04-20', '2018-04-20', 7.223548102436492, 7.223548102436492, 1, 10093, 1, 10000, 11);

INSERT INTO point (ID, x, y) VALUES (50047, 45.732630616069784, 4.869291908179295);
INSERT INTO users (ID, USERNAME, PASSWORD, FIRSTNAME, LASTNAME, EMAIL, ENABLED, LASTPASSWORDRESETDATE, Location_id) VALUES (10047, "user47", "$2a$08$UkVvwpULis18S19S5pZFn.YHPZt3oaqHZnDwqbCW9pft6uFtkXKDC", "user47", "user47", "user47@user.com", 1, "2003/01/22", 50047);
INSERT INTO user_authority (USER_ID, AUTHORITY_ID) VALUES (10047, 2);
INSERT INTO objectif (id, objectif, sport_id) VALUES (241, 10, 1);
INSERT INTO users_objectifs (user_id, objectifs_id) VALUES (10047, 10047);
INSERT INTO programme(programme_id, date_debut, user_id) VALUES (10094, '2018-04-30', 10047);
INSERT INTO objectif(id, objectif, sport_id) VALUES (242, 10, 1);
INSERT INTO programme_objectifs(programme_programme_id, objectifs_id) VALUES (10094, 1);
INSERT INTO activity(activity_id, date_prevue, distance_prevue, distance_realisee, estrealisee, programme_id, sport_id, CENTREINTERET_ID, timeframe_id) VALUES (10376, '2018-05-01', 10.19093822926025, 0, 0, 10094, 1, 10000, 14);
INSERT INTO activity(activity_id, date_prevue, distance_prevue, distance_realisee, estrealisee, programme_id, sport_id, CENTREINTERET_ID, timeframe_id) VALUES (10377, '2018-05-02', 11.731040485998353, 0, 0, 10094, 1, 10000, 20);
INSERT INTO activity(activity_id, date_prevue, distance_prevue, distance_realisee, estrealisee, programme_id, sport_id, CENTREINTERET_ID, timeframe_id) VALUES (10378, '2018-05-03', 8.688356663056146, 0, 0, 10094, 1, 10000, 31);
INSERT INTO activity(activity_id, date_prevue, distance_prevue, distance_realisee, estrealisee, programme_id, sport_id, CENTREINTERET_ID, timeframe_id) VALUES (10379, '2018-05-04', 11.170297533148158, 0, 0, 10094, 1, 10000, 39);
INSERT INTO programme(programme_id, date_debut, user_id) VALUES (10095, '2018-04-23', 10047);
INSERT INTO objectif(id, objectif, sport_id) VALUES (243, 10, 1);
INSERT INTO programme_objectifs(programme_programme_id, objectifs_id) VALUES (10095, 1);
INSERT INTO activity(activity_id, date_prevue, date_realisee, distance_prevue, distance_realisee, estrealisee, programme_id, sport_id, CENTREINTERET_ID, timeframe_id) VALUES (10380, '2018-04-17', '2018-04-17', 7.803146465190503, 7.803146465190503, 1, 10095, 1, 10000, 23);
INSERT INTO activity(activity_id, date_prevue, date_realisee, distance_prevue, distance_realisee, estrealisee, programme_id, sport_id, CENTREINTERET_ID, timeframe_id) VALUES (10381, '2018-04-18', '2018-04-18', 11.527530753575741, 11.527530753575741, 1, 10095, 1, 10000, 49);
INSERT INTO activity(activity_id, date_prevue, date_realisee, distance_prevue, distance_realisee, estrealisee, programme_id, sport_id, CENTREINTERET_ID, timeframe_id) VALUES (10382, '2018-04-19', '2018-04-19', 7.29757658259281, 7.29757658259281, 1, 10095, 1, 10000, 52);
INSERT INTO activity(activity_id, date_prevue, date_realisee, distance_prevue, distance_realisee, estrealisee, programme_id, sport_id, CENTREINTERET_ID, timeframe_id) VALUES (10383, '2018-04-20', '2018-04-20', 11.282578833926326, 11.282578833926326, 1, 10095, 1, 10000, 32);

INSERT INTO point (ID, x, y) VALUES (50048, 45.79444176152208, 4.838568897106324);
INSERT INTO users (ID, USERNAME, PASSWORD, FIRSTNAME, LASTNAME, EMAIL, ENABLED, LASTPASSWORDRESETDATE, Location_id) VALUES (10048, "user48", "$2a$08$UkVvwpULis18S19S5pZFn.YHPZt3oaqHZnDwqbCW9pft6uFtkXKDC", "user48", "user48", "user48@user.com", 1, "2003/01/22", 50048);
INSERT INTO user_authority (USER_ID, AUTHORITY_ID) VALUES (10048, 2);
INSERT INTO objectif (id, objectif, sport_id) VALUES (244, 10, 1);
INSERT INTO users_objectifs (user_id, objectifs_id) VALUES (10048, 10048);
INSERT INTO programme(programme_id, date_debut, user_id) VALUES (10096, '2018-04-30', 10048);
INSERT INTO objectif(id, objectif, sport_id) VALUES (245, 10, 1);
INSERT INTO programme_objectifs(programme_programme_id, objectifs_id) VALUES (10096, 1);
INSERT INTO activity(activity_id, date_prevue, distance_prevue, distance_realisee, estrealisee, programme_id, sport_id, CENTREINTERET_ID, timeframe_id) VALUES (10384, '2018-05-01', 10.887779777623123, 0, 0, 10096, 1, 10000, 14);
INSERT INTO activity(activity_id, date_prevue, distance_prevue, distance_realisee, estrealisee, programme_id, sport_id, CENTREINTERET_ID, timeframe_id) VALUES (10385, '2018-05-02', 7.570960862597908, 0, 0, 10096, 1, 10000, 20);
INSERT INTO activity(activity_id, date_prevue, distance_prevue, distance_realisee, estrealisee, programme_id, sport_id, CENTREINTERET_ID, timeframe_id) VALUES (10386, '2018-05-03', 10.958807789404485, 0, 0, 10096, 1, 10000, 31);
INSERT INTO activity(activity_id, date_prevue, distance_prevue, distance_realisee, estrealisee, programme_id, sport_id, CENTREINTERET_ID, timeframe_id) VALUES (10387, '2018-05-04', 8.602838778398096, 0, 0, 10096, 1, 10000, 39);
INSERT INTO programme(programme_id, date_debut, user_id) VALUES (10097, '2018-04-23', 10048);
INSERT INTO objectif(id, objectif, sport_id) VALUES (246, 10, 1);
INSERT INTO programme_objectifs(programme_programme_id, objectifs_id) VALUES (10097, 1);
INSERT INTO activity(activity_id, date_prevue, date_realisee, distance_prevue, distance_realisee, estrealisee, programme_id, sport_id, CENTREINTERET_ID, timeframe_id) VALUES (10388, '2018-04-17', '2018-04-17', 8.804354005925614, 8.804354005925614, 1, 10097, 1, 10000, 36);
INSERT INTO activity(activity_id, date_prevue, date_realisee, distance_prevue, distance_realisee, estrealisee, programme_id, sport_id, CENTREINTERET_ID, timeframe_id) VALUES (10389, '2018-04-18', '2018-04-18', 11.21480145220135, 11.21480145220135, 1, 10097, 1, 10000, 4);
INSERT INTO activity(activity_id, date_prevue, date_realisee, distance_prevue, distance_realisee, estrealisee, programme_id, sport_id, CENTREINTERET_ID, timeframe_id) VALUES (10390, '2018-04-19', '2018-04-19', 9.156468820606262, 9.156468820606262, 1, 10097, 1, 10000, 44);
INSERT INTO activity(activity_id, date_prevue, date_realisee, distance_prevue, distance_realisee, estrealisee, programme_id, sport_id, CENTREINTERET_ID, timeframe_id) VALUES (10391, '2018-04-20', '2018-04-20', 11.542890751407826, 11.542890751407826, 1, 10097, 1, 10000, 5);

INSERT INTO point (ID, x, y) VALUES (50049, 45.7135283991431, 4.851888866928545);
INSERT INTO users (ID, USERNAME, PASSWORD, FIRSTNAME, LASTNAME, EMAIL, ENABLED, LASTPASSWORDRESETDATE, Location_id) VALUES (10049, "user49", "$2a$08$UkVvwpULis18S19S5pZFn.YHPZt3oaqHZnDwqbCW9pft6uFtkXKDC", "user49", "user49", "user49@user.com", 1, "2003/01/22", 50049);
INSERT INTO user_authority (USER_ID, AUTHORITY_ID) VALUES (10049, 2);
INSERT INTO objectif (id, objectif, sport_id) VALUES (247, 10, 1);
INSERT INTO users_objectifs (user_id, objectifs_id) VALUES (10049, 10049);
INSERT INTO programme(programme_id, date_debut, user_id) VALUES (10098, '2018-04-30', 10049);
INSERT INTO objectif(id, objectif, sport_id) VALUES (248, 10, 1);
INSERT INTO programme_objectifs(programme_programme_id, objectifs_id) VALUES (10098, 1);
INSERT INTO activity(activity_id, date_prevue, distance_prevue, distance_realisee, estrealisee, programme_id, sport_id, CENTREINTERET_ID, timeframe_id) VALUES (10392, '2018-05-01', 8.718582610939073, 0, 0, 10098, 1, 10000, 14);
INSERT INTO activity(activity_id, date_prevue, distance_prevue, distance_realisee, estrealisee, programme_id, sport_id, CENTREINTERET_ID, timeframe_id) VALUES (10393, '2018-05-02', 7.1246581585209245, 0, 0, 10098, 1, 10000, 20);
INSERT INTO activity(activity_id, date_prevue, distance_prevue, distance_realisee, estrealisee, programme_id, sport_id, CENTREINTERET_ID, timeframe_id) VALUES (10394, '2018-05-03', 10.224263780227076, 0, 0, 10098, 1, 10000, 31);
INSERT INTO activity(activity_id, date_prevue, distance_prevue, distance_realisee, estrealisee, programme_id, sport_id, CENTREINTERET_ID, timeframe_id) VALUES (10395, '2018-05-04', 10.424503684985169, 0, 0, 10098, 1, 10000, 39);
INSERT INTO programme(programme_id, date_debut, user_id) VALUES (10099, '2018-04-23', 10049);
INSERT INTO objectif(id, objectif, sport_id) VALUES (249, 10, 1);
INSERT INTO programme_objectifs(programme_programme_id, objectifs_id) VALUES (10099, 1);
INSERT INTO activity(activity_id, date_prevue, date_realisee, distance_prevue, distance_realisee, estrealisee, programme_id, sport_id, CENTREINTERET_ID, timeframe_id) VALUES (10396, '2018-04-17', '2018-04-17', 11.55373513129845, 11.55373513129845, 1, 10099, 1, 10000, 40);
INSERT INTO activity(activity_id, date_prevue, date_realisee, distance_prevue, distance_realisee, estrealisee, programme_id, sport_id, CENTREINTERET_ID, timeframe_id) VALUES (10397, '2018-04-18', '2018-04-18', 8.90872573366461, 8.90872573366461, 1, 10099, 1, 10000, 18);
INSERT INTO activity(activity_id, date_prevue, date_realisee, distance_prevue, distance_realisee, estrealisee, programme_id, sport_id, CENTREINTERET_ID, timeframe_id) VALUES (10398, '2018-04-19', '2018-04-19', 10.849906286740193, 10.849906286740193, 1, 10099, 1, 10000, 32);
INSERT INTO activity(activity_id, date_prevue, date_realisee, distance_prevue, distance_realisee, estrealisee, programme_id, sport_id, CENTREINTERET_ID, timeframe_id) VALUES (10399, '2018-04-20', '2018-04-20', 8.520121448317127, 8.520121448317127, 1, 10099, 1, 10000, 46);



