INSERT INTO authority (ID, NAME) VALUES (1, 'ROLE_USER');
INSERT INTO authority (ID, NAME) VALUES (2, 'ROLE_ADMIN');

INSERT INTO timeframe (ID, HEUREDEBUT, HEUREFIN, NOMJOUR, EVALUATION) VALUES (1, 0, 3, 'LUNDI', -1);
INSERT INTO timeframe (ID, HEUREDEBUT, HEUREFIN, NOMJOUR, EVALUATION) VALUES (2, 3, 6, 'LUNDI', -1);
INSERT INTO timeframe (ID, HEUREDEBUT, HEUREFIN, NOMJOUR, EVALUATION) VALUES (3, 6, 9, 'LUNDI', -1);
INSERT INTO timeframe (ID, HEUREDEBUT, HEUREFIN, NOMJOUR, EVALUATION) VALUES (4, 9, 12, 'LUNDI', -1);
INSERT INTO timeframe (ID, HEUREDEBUT, HEUREFIN, NOMJOUR, EVALUATION) VALUES (5, 12, 15, 'LUNDI', -1);
INSERT INTO timeframe (ID, HEUREDEBUT, HEUREFIN, NOMJOUR, EVALUATION) VALUES (6, 15, 18, 'LUNDI', -1);
INSERT INTO timeframe (ID, HEUREDEBUT, HEUREFIN, NOMJOUR, EVALUATION) VALUES (7, 18, 21, 'LUNDI', -1);
INSERT INTO timeframe (ID, HEUREDEBUT, HEUREFIN, NOMJOUR, EVALUATION) VALUES (8, 21, 24, 'LUNDI', -1);
INSERT INTO timeframe (ID, HEUREDEBUT, HEUREFIN, NOMJOUR, EVALUATION) VALUES (9, 0, 3, 'MARDI', -1);
INSERT INTO timeframe (ID, HEUREDEBUT, HEUREFIN, NOMJOUR, EVALUATION) VALUES (10, 3, 6, 'MARDI', -1);
INSERT INTO timeframe (ID, HEUREDEBUT, HEUREFIN, NOMJOUR, EVALUATION) VALUES (11, 6, 9, 'MARDI', -1);
INSERT INTO timeframe (ID, HEUREDEBUT, HEUREFIN, NOMJOUR, EVALUATION) VALUES (12, 9, 12, 'MARDI', -1);
INSERT INTO timeframe (ID, HEUREDEBUT, HEUREFIN, NOMJOUR, EVALUATION) VALUES (13, 12, 15, 'MARDI', -1);
INSERT INTO timeframe (ID, HEUREDEBUT, HEUREFIN, NOMJOUR, EVALUATION) VALUES (14, 15, 18, 'MARDI', -1);
INSERT INTO timeframe (ID, HEUREDEBUT, HEUREFIN, NOMJOUR, EVALUATION) VALUES (15, 18, 21, 'MARDI', -1);
INSERT INTO timeframe (ID, HEUREDEBUT, HEUREFIN, NOMJOUR, EVALUATION) VALUES (16, 21, 24, 'MARDI', -1);
INSERT INTO timeframe (ID, HEUREDEBUT, HEUREFIN, NOMJOUR, EVALUATION) VALUES (17, 0, 3, 'MERCREDI', -1);
INSERT INTO timeframe (ID, HEUREDEBUT, HEUREFIN, NOMJOUR, EVALUATION) VALUES (18, 3, 6, 'MERCREDI', -1);
INSERT INTO timeframe (ID, HEUREDEBUT, HEUREFIN, NOMJOUR, EVALUATION) VALUES (19, 6, 9, 'MERCREDI', -1);
INSERT INTO timeframe (ID, HEUREDEBUT, HEUREFIN, NOMJOUR, EVALUATION) VALUES (20, 9, 12, 'MERCREDI', -1);
INSERT INTO timeframe (ID, HEUREDEBUT, HEUREFIN, NOMJOUR, EVALUATION) VALUES (21, 12, 15, 'MERCREDI', -1);
INSERT INTO timeframe (ID, HEUREDEBUT, HEUREFIN, NOMJOUR, EVALUATION) VALUES (22, 15, 18, 'MERCREDI', -1);
INSERT INTO timeframe (ID, HEUREDEBUT, HEUREFIN, NOMJOUR, EVALUATION) VALUES (23, 18, 21, 'MERCREDI', -1);
INSERT INTO timeframe (ID, HEUREDEBUT, HEUREFIN, NOMJOUR, EVALUATION) VALUES (24, 21, 24, 'MERCREDI', -1);
INSERT INTO timeframe (ID, HEUREDEBUT, HEUREFIN, NOMJOUR, EVALUATION) VALUES (25, 0, 3, 'JEUDI', -1);
INSERT INTO timeframe (ID, HEUREDEBUT, HEUREFIN, NOMJOUR, EVALUATION) VALUES (26, 3, 6, 'JEUDI', -1);
INSERT INTO timeframe (ID, HEUREDEBUT, HEUREFIN, NOMJOUR, EVALUATION) VALUES (27, 6, 9, 'JEUDI', -1);
INSERT INTO timeframe (ID, HEUREDEBUT, HEUREFIN, NOMJOUR, EVALUATION) VALUES (28, 9, 12, 'JEUDI', -1);
INSERT INTO timeframe (ID, HEUREDEBUT, HEUREFIN, NOMJOUR, EVALUATION) VALUES (29, 12, 15, 'JEUDI', -1);
INSERT INTO timeframe (ID, HEUREDEBUT, HEUREFIN, NOMJOUR, EVALUATION) VALUES (30, 15, 18, 'JEUDI', -1);
INSERT INTO timeframe (ID, HEUREDEBUT, HEUREFIN, NOMJOUR, EVALUATION) VALUES (31, 18, 21, 'JEUDI', -1);
INSERT INTO timeframe (ID, HEUREDEBUT, HEUREFIN, NOMJOUR, EVALUATION) VALUES (32, 21, 24, 'JEUDI', -1);
INSERT INTO timeframe (ID, HEUREDEBUT, HEUREFIN, NOMJOUR, EVALUATION) VALUES (33, 0, 3, 'VENDREDI', -1);
INSERT INTO timeframe (ID, HEUREDEBUT, HEUREFIN, NOMJOUR, EVALUATION) VALUES (34, 3, 6, 'VENDREDI', -1);
INSERT INTO timeframe (ID, HEUREDEBUT, HEUREFIN, NOMJOUR, EVALUATION) VALUES (35, 6, 9, 'VENDREDI', -1);
INSERT INTO timeframe (ID, HEUREDEBUT, HEUREFIN, NOMJOUR, EVALUATION) VALUES (36, 9, 12, 'VENDREDI', -1);
INSERT INTO timeframe (ID, HEUREDEBUT, HEUREFIN, NOMJOUR, EVALUATION) VALUES (37, 12, 15, 'VENDREDI', -1);
INSERT INTO timeframe (ID, HEUREDEBUT, HEUREFIN, NOMJOUR, EVALUATION) VALUES (38, 15, 18, 'VENDREDI', -1);
INSERT INTO timeframe (ID, HEUREDEBUT, HEUREFIN, NOMJOUR, EVALUATION) VALUES (39, 18, 21, 'VENDREDI', -1);
INSERT INTO timeframe (ID, HEUREDEBUT, HEUREFIN, NOMJOUR, EVALUATION) VALUES (40, 21, 24, 'VENDREDI', -1);
INSERT INTO timeframe (ID, HEUREDEBUT, HEUREFIN, NOMJOUR, EVALUATION) VALUES (41, 0, 3, 'SAMEDI', -1);
INSERT INTO timeframe (ID, HEUREDEBUT, HEUREFIN, NOMJOUR, EVALUATION) VALUES (42, 3, 6, 'SAMEDI', -1);
INSERT INTO timeframe (ID, HEUREDEBUT, HEUREFIN, NOMJOUR, EVALUATION) VALUES (43, 6, 9, 'SAMEDI', -1);
INSERT INTO timeframe (ID, HEUREDEBUT, HEUREFIN, NOMJOUR, EVALUATION) VALUES (44, 9, 12, 'SAMEDI', -1);
INSERT INTO timeframe (ID, HEUREDEBUT, HEUREFIN, NOMJOUR, EVALUATION) VALUES (45, 12, 15, 'SAMEDI', -1);
INSERT INTO timeframe (ID, HEUREDEBUT, HEUREFIN, NOMJOUR, EVALUATION) VALUES (46, 15, 18, 'SAMEDI', -1);
INSERT INTO timeframe (ID, HEUREDEBUT, HEUREFIN, NOMJOUR, EVALUATION) VALUES (47, 18, 21, 'SAMEDI', -1);
INSERT INTO timeframe (ID, HEUREDEBUT, HEUREFIN, NOMJOUR, EVALUATION) VALUES (48, 21, 24, 'SAMEDI', -1);
INSERT INTO timeframe (ID, HEUREDEBUT, HEUREFIN, NOMJOUR, EVALUATION) VALUES (49, 0, 3, 'DIMANCHE', -1);
INSERT INTO timeframe (ID, HEUREDEBUT, HEUREFIN, NOMJOUR, EVALUATION) VALUES (50, 3, 6, 'DIMANCHE', -1);
INSERT INTO timeframe (ID, HEUREDEBUT, HEUREFIN, NOMJOUR, EVALUATION) VALUES (51, 6, 9, 'DIMANCHE', -1);
INSERT INTO timeframe (ID, HEUREDEBUT, HEUREFIN, NOMJOUR, EVALUATION) VALUES (52, 9, 12, 'DIMANCHE', -1);
INSERT INTO timeframe (ID, HEUREDEBUT, HEUREFIN, NOMJOUR, EVALUATION) VALUES (53, 12, 15, 'DIMANCHE', -1);
INSERT INTO timeframe (ID, HEUREDEBUT, HEUREFIN, NOMJOUR, EVALUATION) VALUES (54, 15, 18, 'DIMANCHE', -1);
INSERT INTO timeframe (ID, HEUREDEBUT, HEUREFIN, NOMJOUR, EVALUATION) VALUES (55, 18, 21, 'DIMANCHE', -1);
INSERT INTO timeframe (ID, HEUREDEBUT, HEUREFIN, NOMJOUR, EVALUATION) VALUES (56, 21, 24, 'DIMANCHE', -1);

INSERT INTO sport(SPORT_ID, NOM, KMH, KCALH) VALUES (1, 'Course', 12, 880);
INSERT INTO sport(SPORT_ID, NOM, KMH, KCALH) VALUES (2, 'Marche', 4, 245);
INSERT INTO sport(SPORT_ID, NOM, KMH, KCALH) VALUES (3, 'Cyclisme', 20, 690);

INSERT INTO point (ID, x, y) VALUES (10000, 45.77846429629631, 4.852797629629627);
INSERT INTO centreinteret (ID, NAME, POINT_ID, DIFFICULTY) VALUES (10000, "Parc de la Tête d'Or", 10000, 0);
INSERT INTO point (ID, x, y) VALUES (10001, 45.77868958333333, 4.853984940476191);
INSERT INTO centreinteret (ID, NAME, POINT_ID, DIFFICULTY) VALUES (10001, "Tour Parc de la Tête d'Or", 10001, 0);
INSERT INTO point (ID, x, y) VALUES (10002, 45.76518764705882, 4.823596470588235);
INSERT INTO centreinteret (ID, NAME, POINT_ID, DIFFICULTY) VALUES (10002, "Escaliers Nicolas de Lange", 10002, 1);
INSERT INTO point (ID, x, y) VALUES (10003, 45.77069710144926, 4.841091594202898);
INSERT INTO centreinteret (ID, NAME, POINT_ID, DIFFICULTY) VALUES (10003, "Pt Lafayette-Tete or par les quais", 10003, 0);
INSERT INTO point (ID, x, y) VALUES (10004, 45.72979947368422, 4.812275789473685);
INSERT INTO centreinteret (ID, NAME, POINT_ID, DIFFICULTY) VALUES (10004, "descente escalier mulatiere", 10004, 1);
INSERT INTO point (ID, x, y) VALUES (10005, 45.739675, 4.8260112903225805);
INSERT INTO centreinteret (ID, NAME, POINT_ID, DIFFICULTY) VALUES (10005, "Pont a pont", 10005, 0);
INSERT INTO point (ID, x, y) VALUES (10006, 45.74327516129033, 4.829121612903227);
INSERT INTO centreinteret (ID, NAME, POINT_ID, DIFFICULTY) VALUES (10006, "Gwen2kA", 10006, 0);
INSERT INTO point (ID, x, y) VALUES (10007, 45.704891739130424, 4.755103478260869);
INSERT INTO centreinteret (ID, NAME, POINT_ID, DIFFICULTY) VALUES (10007, "Rue Favre Garin Climb", 10007, 0);
INSERT INTO point (ID, x, y) VALUES (10008, 45.789565, 4.754929117647059);
INSERT INTO centreinteret (ID, NAME, POINT_ID, DIFFICULTY) VALUES (10008, "Chemin Du Petit Bois Climb", 10008, 0);
INSERT INTO point (ID, x, y) VALUES (10009, 45.71834150000001, 4.8964025);
INSERT INTO centreinteret (ID, NAME, POINT_ID, DIFFICULTY) VALUES (10009, "Tour de Piste_1 Parilly", 10009, 0);
INSERT INTO point (ID, x, y) VALUES (10010, 45.772916756756764, 4.815414864864865);
INSERT INTO centreinteret (ID, NAME, POINT_ID, DIFFICULTY) VALUES (10010, "Montée des Esses", 10010, 2);
INSERT INTO point (ID, x, y) VALUES (10011, 45.79343764044942, 4.912938314606743);
INSERT INTO centreinteret (ID, NAME, POINT_ID, DIFFICULTY) VALUES (10011, "Piste cyclable vers Miribel-Jonage", 10011, 0);
INSERT INTO point (ID, x, y) VALUES (10012, 45.798205454545446, 4.841378909090911);
INSERT INTO centreinteret (ID, NAME, POINT_ID, DIFFICULTY) VALUES (10012, "Montée Castellane", 10012, 2);
INSERT INTO point (ID, x, y) VALUES (10013, 45.76642445544555, 4.840650792079208);
INSERT INTO centreinteret (ID, NAME, POINT_ID, DIFFICULTY) VALUES (10013, "Berge du Rhône (pont Wilson > Lattre)", 10013, 2);
INSERT INTO point (ID, x, y) VALUES (10014, 45.793744285714304, 4.912491071428572);
INSERT INTO centreinteret (ID, NAME, POINT_ID, DIFFICULTY) VALUES (10014, "voie cyclable vers Parc M. Jonage", 10014, 0);
INSERT INTO point (ID, x, y) VALUES (10015, 45.723371875, 4.76817484375);
INSERT INTO centreinteret (ID, NAME, POINT_ID, DIFFICULTY) VALUES (10015, "Route des Aqueducs", 10015, 0);
INSERT INTO point (ID, x, y) VALUES (10016, 45.751369999999994, 4.763712727272727);
INSERT INTO centreinteret (ID, NAME, POINT_ID, DIFFICULTY) VALUES (10016, "Côte d'Alaï", 10016, 0);
INSERT INTO point (ID, x, y) VALUES (10017, 45.742725555555566, 4.813963703703704);
INSERT INTO centreinteret (ID, NAME, POINT_ID, DIFFICULTY) VALUES (10017, "Quai JJ Rousseau", 10017, 0);


INSERT INTO point (ID, x, y) VALUES (50000, 45.713838920484314, 4.83184830797613);
INSERT INTO users (ID, USERNAME, PASSWORD, FIRSTNAME, LASTNAME, EMAIL, ENABLED, LASTPASSWORDRESETDATE, Location_id, difficulty) VALUES (10000, "user0", "$2a$08$UkVvwpULis18S19S5pZFn.YHPZt3oaqHZnDwqbCW9pft6uFtkXKDC", "user0", "user0", "user0@user.com", 1, "2003/01/22", 50000, 1);
INSERT INTO user_authority (USER_ID, AUTHORITY_ID) VALUES (10000, 2);
INSERT INTO programme(programme_id, date_debut, user_id) VALUES (10000, '2018-04-30', 10000);
INSERT INTO activity(activity_id, date_prevue, distance_prevue, distance_realisee, estrealisee, programme_id, sport_id, CENTREINTERET_ID, timeframe_id) VALUES (10000, '2018-05-01', 11.618139602156077, 0, 0, 10000, 1, 10000, 14);
INSERT INTO activity(activity_id, date_prevue, distance_prevue, distance_realisee, estrealisee, programme_id, sport_id, CENTREINTERET_ID, timeframe_id) VALUES (10001, '2018-05-02', 7.924411253330199, 0, 0, 10000, 1, 10000, 20);
INSERT INTO activity(activity_id, date_prevue, distance_prevue, distance_realisee, estrealisee, programme_id, sport_id, CENTREINTERET_ID, timeframe_id) VALUES (10002, '2018-05-03', 11.259215127874214, 0, 0, 10000, 1, 10000, 31);
INSERT INTO activity(activity_id, date_prevue, distance_prevue, distance_realisee, estrealisee, programme_id, sport_id, CENTREINTERET_ID, timeframe_id) VALUES (10003, '2018-05-04', 9.866058426413188, 0, 0, 10000, 1, 10000, 39);
INSERT INTO programme(programme_id, date_debut, user_id) VALUES (10001, '2018-04-23', 10000);
INSERT INTO activity(activity_id, date_prevue, date_realisee, distance_prevue, distance_realisee, estrealisee, programme_id, sport_id, CENTREINTERET_ID, timeframe_id) VALUES (10004, '2018-04-17', '2018-04-17', 8.90742665283176, 8.90742665283176, 1, 10001, 1, 10000, 51);
INSERT INTO activity(activity_id, date_prevue, date_realisee, distance_prevue, distance_realisee, estrealisee, programme_id, sport_id, CENTREINTERET_ID, timeframe_id) VALUES (10005, '2018-04-18', '2018-04-18', 8.770162472830588, 8.770162472830588, 1, 10001, 1, 10000, 16);
INSERT INTO activity(activity_id, date_prevue, date_realisee, distance_prevue, distance_realisee, estrealisee, programme_id, sport_id, CENTREINTERET_ID, timeframe_id) VALUES (10006, '2018-04-19', '2018-04-19', 11.417723400313116, 11.417723400313116, 1, 10001, 1, 10000, 54);
INSERT INTO activity(activity_id, date_prevue, date_realisee, distance_prevue, distance_realisee, estrealisee, programme_id, sport_id, CENTREINTERET_ID, timeframe_id) VALUES (10007, '2018-04-20', '2018-04-20', 10.302154157597379, 10.302154157597379, 1, 10001, 1, 10000, 9);

INSERT INTO point (ID, x, y) VALUES (50001, 45.71706768894096, 4.822304298474011);
INSERT INTO users (ID, USERNAME, PASSWORD, FIRSTNAME, LASTNAME, EMAIL, ENABLED, LASTPASSWORDRESETDATE, Location_id, difficulty) VALUES (10001, "user1", "$2a$08$UkVvwpULis18S19S5pZFn.YHPZt3oaqHZnDwqbCW9pft6uFtkXKDC", "user1", "user1", "user1@user.com", 1, "2003/01/22", 50001, 2);
INSERT INTO user_authority (USER_ID, AUTHORITY_ID) VALUES (10001, 2);
INSERT INTO programme(programme_id, date_debut, user_id) VALUES (10002, '2018-04-30', 10001);
INSERT INTO activity(activity_id, date_prevue, distance_prevue, distance_realisee, estrealisee, programme_id, sport_id, CENTREINTERET_ID, timeframe_id) VALUES (10008, '2018-05-01', 10.410705822103214, 0, 0, 10002, 1, 10000, 14);
INSERT INTO activity(activity_id, date_prevue, distance_prevue, distance_realisee, estrealisee, programme_id, sport_id, CENTREINTERET_ID, timeframe_id) VALUES (10009, '2018-05-02', 10.017703464734709, 0, 0, 10002, 1, 10000, 20);
INSERT INTO activity(activity_id, date_prevue, distance_prevue, distance_realisee, estrealisee, programme_id, sport_id, CENTREINTERET_ID, timeframe_id) VALUES (10010, '2018-05-03', 9.84172816336347, 0, 0, 10002, 1, 10000, 31);
INSERT INTO activity(activity_id, date_prevue, distance_prevue, distance_realisee, estrealisee, programme_id, sport_id, CENTREINTERET_ID, timeframe_id) VALUES (10011, '2018-05-04', 11.794345477513868, 0, 0, 10002, 1, 10000, 39);
INSERT INTO programme(programme_id, date_debut, user_id) VALUES (10003, '2018-04-23', 10001);
INSERT INTO activity(activity_id, date_prevue, date_realisee, distance_prevue, distance_realisee, estrealisee, programme_id, sport_id, CENTREINTERET_ID, timeframe_id) VALUES (10012, '2018-04-17', '2018-04-17', 11.36526539193407, 11.36526539193407, 1, 10003, 1, 10000, 49);
INSERT INTO activity(activity_id, date_prevue, date_realisee, distance_prevue, distance_realisee, estrealisee, programme_id, sport_id, CENTREINTERET_ID, timeframe_id) VALUES (10013, '2018-04-18', '2018-04-18', 11.113560253127773, 11.113560253127773, 1, 10003, 1, 10000, 13);
INSERT INTO activity(activity_id, date_prevue, date_realisee, distance_prevue, distance_realisee, estrealisee, programme_id, sport_id, CENTREINTERET_ID, timeframe_id) VALUES (10014, '2018-04-19', '2018-04-19', 10.822790747575263, 10.822790747575263, 1, 10003, 1, 10000, 18);
INSERT INTO activity(activity_id, date_prevue, date_realisee, distance_prevue, distance_realisee, estrealisee, programme_id, sport_id, CENTREINTERET_ID, timeframe_id) VALUES (10015, '2018-04-20', '2018-04-20', 7.186167053361327, 7.186167053361327, 1, 10003, 1, 10000, 36);

INSERT INTO point (ID, x, y) VALUES (50002, 45.754078830669975, 4.863400613629265);
INSERT INTO users (ID, USERNAME, PASSWORD, FIRSTNAME, LASTNAME, EMAIL, ENABLED, LASTPASSWORDRESETDATE, Location_id, difficulty) VALUES (10002, "user2", "$2a$08$UkVvwpULis18S19S5pZFn.YHPZt3oaqHZnDwqbCW9pft6uFtkXKDC", "user2", "user2", "user2@user.com", 1, "2003/01/22", 50002, 2);
INSERT INTO user_authority (USER_ID, AUTHORITY_ID) VALUES (10002, 2);
INSERT INTO programme(programme_id, date_debut, user_id) VALUES (10004, '2018-04-30', 10002);
INSERT INTO activity(activity_id, date_prevue, distance_prevue, distance_realisee, estrealisee, programme_id, sport_id, CENTREINTERET_ID, timeframe_id) VALUES (10016, '2018-05-01', 9.63353328207683, 0, 0, 10004, 1, 10000, 14);
INSERT INTO activity(activity_id, date_prevue, distance_prevue, distance_realisee, estrealisee, programme_id, sport_id, CENTREINTERET_ID, timeframe_id) VALUES (10017, '2018-05-02', 11.30766442478432, 0, 0, 10004, 1, 10000, 20);
INSERT INTO activity(activity_id, date_prevue, distance_prevue, distance_realisee, estrealisee, programme_id, sport_id, CENTREINTERET_ID, timeframe_id) VALUES (10018, '2018-05-03', 9.496715827444593, 0, 0, 10004, 1, 10000, 31);
INSERT INTO activity(activity_id, date_prevue, distance_prevue, distance_realisee, estrealisee, programme_id, sport_id, CENTREINTERET_ID, timeframe_id) VALUES (10019, '2018-05-04', 7.780195472851368, 0, 0, 10004, 1, 10000, 39);
INSERT INTO programme(programme_id, date_debut, user_id) VALUES (10005, '2018-04-23', 10002);
INSERT INTO activity(activity_id, date_prevue, date_realisee, distance_prevue, distance_realisee, estrealisee, programme_id, sport_id, CENTREINTERET_ID, timeframe_id) VALUES (10020, '2018-04-17', '2018-04-17', 11.765266549611752, 11.765266549611752, 1, 10005, 1, 10000, 19);
INSERT INTO activity(activity_id, date_prevue, date_realisee, distance_prevue, distance_realisee, estrealisee, programme_id, sport_id, CENTREINTERET_ID, timeframe_id) VALUES (10021, '2018-04-18', '2018-04-18', 9.800929129373007, 9.800929129373007, 1, 10005, 1, 10000, 51);
INSERT INTO activity(activity_id, date_prevue, date_realisee, distance_prevue, distance_realisee, estrealisee, programme_id, sport_id, CENTREINTERET_ID, timeframe_id) VALUES (10022, '2018-04-19', '2018-04-19', 8.321318790656315, 8.321318790656315, 1, 10005, 1, 10000, 47);
INSERT INTO activity(activity_id, date_prevue, date_realisee, distance_prevue, distance_realisee, estrealisee, programme_id, sport_id, CENTREINTERET_ID, timeframe_id) VALUES (10023, '2018-04-20', '2018-04-20', 7.0115480394306555, 7.0115480394306555, 1, 10005, 1, 10000, 34);

INSERT INTO point (ID, x, y) VALUES (50003, 45.71726722965239, 4.876209753621764);
INSERT INTO users (ID, USERNAME, PASSWORD, FIRSTNAME, LASTNAME, EMAIL, ENABLED, LASTPASSWORDRESETDATE, Location_id, difficulty) VALUES (10003, "user3", "$2a$08$UkVvwpULis18S19S5pZFn.YHPZt3oaqHZnDwqbCW9pft6uFtkXKDC", "user3", "user3", "user3@user.com", 1, "2003/01/22", 50003, 1);
INSERT INTO user_authority (USER_ID, AUTHORITY_ID) VALUES (10003, 2);
INSERT INTO programme(programme_id, date_debut, user_id) VALUES (10006, '2018-04-30', 10003);
INSERT INTO activity(activity_id, date_prevue, distance_prevue, distance_realisee, estrealisee, programme_id, sport_id, CENTREINTERET_ID, timeframe_id) VALUES (10024, '2018-05-01', 7.520708659765246, 0, 0, 10006, 1, 10000, 14);
INSERT INTO activity(activity_id, date_prevue, distance_prevue, distance_realisee, estrealisee, programme_id, sport_id, CENTREINTERET_ID, timeframe_id) VALUES (10025, '2018-05-02', 11.036889307142168, 0, 0, 10006, 1, 10000, 20);
INSERT INTO activity(activity_id, date_prevue, distance_prevue, distance_realisee, estrealisee, programme_id, sport_id, CENTREINTERET_ID, timeframe_id) VALUES (10026, '2018-05-03', 11.97428852714415, 0, 0, 10006, 1, 10000, 31);
INSERT INTO activity(activity_id, date_prevue, distance_prevue, distance_realisee, estrealisee, programme_id, sport_id, CENTREINTERET_ID, timeframe_id) VALUES (10027, '2018-05-04', 9.418746741053942, 0, 0, 10006, 1, 10000, 39);
INSERT INTO programme(programme_id, date_debut, user_id) VALUES (10007, '2018-04-23', 10003);
INSERT INTO activity(activity_id, date_prevue, date_realisee, distance_prevue, distance_realisee, estrealisee, programme_id, sport_id, CENTREINTERET_ID, timeframe_id) VALUES (10028, '2018-04-17', '2018-04-17', 11.791566344304778, 11.791566344304778, 1, 10007, 1, 10000, 22);
INSERT INTO activity(activity_id, date_prevue, date_realisee, distance_prevue, distance_realisee, estrealisee, programme_id, sport_id, CENTREINTERET_ID, timeframe_id) VALUES (10029, '2018-04-18', '2018-04-18', 11.371279284880572, 11.371279284880572, 1, 10007, 1, 10000, 39);
INSERT INTO activity(activity_id, date_prevue, date_realisee, distance_prevue, distance_realisee, estrealisee, programme_id, sport_id, CENTREINTERET_ID, timeframe_id) VALUES (10030, '2018-04-19', '2018-04-19', 7.649287299647819, 7.649287299647819, 1, 10007, 1, 10000, 48);
INSERT INTO activity(activity_id, date_prevue, date_realisee, distance_prevue, distance_realisee, estrealisee, programme_id, sport_id, CENTREINTERET_ID, timeframe_id) VALUES (10031, '2018-04-20', '2018-04-20', 9.961374463746987, 9.961374463746987, 1, 10007, 1, 10000, 2);

INSERT INTO point (ID, x, y) VALUES (50004, 45.71739611386143, 4.845750270239704);
INSERT INTO users (ID, USERNAME, PASSWORD, FIRSTNAME, LASTNAME, EMAIL, ENABLED, LASTPASSWORDRESETDATE, Location_id, difficulty) VALUES (10004, "user4", "$2a$08$UkVvwpULis18S19S5pZFn.YHPZt3oaqHZnDwqbCW9pft6uFtkXKDC", "user4", "user4", "user4@user.com", 1, "2003/01/22", 50004, 2);
INSERT INTO user_authority (USER_ID, AUTHORITY_ID) VALUES (10004, 2);
INSERT INTO programme(programme_id, date_debut, user_id) VALUES (10008, '2018-04-30', 10004);
INSERT INTO activity(activity_id, date_prevue, distance_prevue, distance_realisee, estrealisee, programme_id, sport_id, CENTREINTERET_ID, timeframe_id) VALUES (10032, '2018-05-01', 7.174002897942117, 0, 0, 10008, 1, 10000, 14);
INSERT INTO activity(activity_id, date_prevue, distance_prevue, distance_realisee, estrealisee, programme_id, sport_id, CENTREINTERET_ID, timeframe_id) VALUES (10033, '2018-05-02', 11.457490514228528, 0, 0, 10008, 1, 10000, 20);
INSERT INTO activity(activity_id, date_prevue, distance_prevue, distance_realisee, estrealisee, programme_id, sport_id, CENTREINTERET_ID, timeframe_id) VALUES (10034, '2018-05-03', 10.52292350745563, 0, 0, 10008, 1, 10000, 31);
INSERT INTO activity(activity_id, date_prevue, distance_prevue, distance_realisee, estrealisee, programme_id, sport_id, CENTREINTERET_ID, timeframe_id) VALUES (10035, '2018-05-04', 11.912189674320356, 0, 0, 10008, 1, 10000, 39);
INSERT INTO programme(programme_id, date_debut, user_id) VALUES (10009, '2018-04-23', 10004);
INSERT INTO activity(activity_id, date_prevue, date_realisee, distance_prevue, distance_realisee, estrealisee, programme_id, sport_id, CENTREINTERET_ID, timeframe_id) VALUES (10036, '2018-04-17', '2018-04-17', 10.595663921537003, 10.595663921537003, 1, 10009, 1, 10000, 38);
INSERT INTO activity(activity_id, date_prevue, date_realisee, distance_prevue, distance_realisee, estrealisee, programme_id, sport_id, CENTREINTERET_ID, timeframe_id) VALUES (10037, '2018-04-18', '2018-04-18', 8.04383334369308, 8.04383334369308, 1, 10009, 1, 10000, 21);
INSERT INTO activity(activity_id, date_prevue, date_realisee, distance_prevue, distance_realisee, estrealisee, programme_id, sport_id, CENTREINTERET_ID, timeframe_id) VALUES (10038, '2018-04-19', '2018-04-19', 10.058623865397813, 10.058623865397813, 1, 10009, 1, 10000, 53);
INSERT INTO activity(activity_id, date_prevue, date_realisee, distance_prevue, distance_realisee, estrealisee, programme_id, sport_id, CENTREINTERET_ID, timeframe_id) VALUES (10039, '2018-04-20', '2018-04-20', 10.198398532510275, 10.198398532510275, 1, 10009, 1, 10000, 38);

INSERT INTO point (ID, x, y) VALUES (50005, 45.79040462587483, 4.883100525794735);
INSERT INTO users (ID, USERNAME, PASSWORD, FIRSTNAME, LASTNAME, EMAIL, ENABLED, LASTPASSWORDRESETDATE, Location_id, difficulty) VALUES (10005, "user5", "$2a$08$UkVvwpULis18S19S5pZFn.YHPZt3oaqHZnDwqbCW9pft6uFtkXKDC", "user5", "user5", "user5@user.com", 1, "2003/01/22", 50005, 2);
INSERT INTO user_authority (USER_ID, AUTHORITY_ID) VALUES (10005, 2);
INSERT INTO programme(programme_id, date_debut, user_id) VALUES (10010, '2018-04-30', 10005);
INSERT INTO activity(activity_id, date_prevue, distance_prevue, distance_realisee, estrealisee, programme_id, sport_id, CENTREINTERET_ID, timeframe_id) VALUES (10040, '2018-05-01', 11.390412900674857, 0, 0, 10010, 1, 10000, 14);
INSERT INTO activity(activity_id, date_prevue, distance_prevue, distance_realisee, estrealisee, programme_id, sport_id, CENTREINTERET_ID, timeframe_id) VALUES (10041, '2018-05-02', 11.329082220892133, 0, 0, 10010, 1, 10000, 20);
INSERT INTO activity(activity_id, date_prevue, distance_prevue, distance_realisee, estrealisee, programme_id, sport_id, CENTREINTERET_ID, timeframe_id) VALUES (10042, '2018-05-03', 10.72926543255256, 0, 0, 10010, 1, 10000, 31);
INSERT INTO activity(activity_id, date_prevue, distance_prevue, distance_realisee, estrealisee, programme_id, sport_id, CENTREINTERET_ID, timeframe_id) VALUES (10043, '2018-05-04', 7.006694891313255, 0, 0, 10010, 1, 10000, 39);
INSERT INTO programme(programme_id, date_debut, user_id) VALUES (10011, '2018-04-23', 10005);
INSERT INTO activity(activity_id, date_prevue, date_realisee, distance_prevue, distance_realisee, estrealisee, programme_id, sport_id, CENTREINTERET_ID, timeframe_id) VALUES (10044, '2018-04-17', '2018-04-17', 9.668249320964701, 9.668249320964701, 1, 10011, 1, 10000, 18);
INSERT INTO activity(activity_id, date_prevue, date_realisee, distance_prevue, distance_realisee, estrealisee, programme_id, sport_id, CENTREINTERET_ID, timeframe_id) VALUES (10045, '2018-04-18', '2018-04-18', 10.225045727991755, 10.225045727991755, 1, 10011, 1, 10000, 40);
INSERT INTO activity(activity_id, date_prevue, date_realisee, distance_prevue, distance_realisee, estrealisee, programme_id, sport_id, CENTREINTERET_ID, timeframe_id) VALUES (10046, '2018-04-19', '2018-04-19', 7.156786425555133, 7.156786425555133, 1, 10011, 1, 10000, 10);
INSERT INTO activity(activity_id, date_prevue, date_realisee, distance_prevue, distance_realisee, estrealisee, programme_id, sport_id, CENTREINTERET_ID, timeframe_id) VALUES (10047, '2018-04-20', '2018-04-20', 11.808354710132225, 11.808354710132225, 1, 10011, 1, 10000, 5);

INSERT INTO point (ID, x, y) VALUES (50006, 45.73797076387546, 4.8269720604808235);
INSERT INTO users (ID, USERNAME, PASSWORD, FIRSTNAME, LASTNAME, EMAIL, ENABLED, LASTPASSWORDRESETDATE, Location_id, difficulty) VALUES (10006, "user6", "$2a$08$UkVvwpULis18S19S5pZFn.YHPZt3oaqHZnDwqbCW9pft6uFtkXKDC", "user6", "user6", "user6@user.com", 1, "2003/01/22", 50006, 2);
INSERT INTO user_authority (USER_ID, AUTHORITY_ID) VALUES (10006, 2);
INSERT INTO programme(programme_id, date_debut, user_id) VALUES (10012, '2018-04-30', 10006);
INSERT INTO activity(activity_id, date_prevue, distance_prevue, distance_realisee, estrealisee, programme_id, sport_id, CENTREINTERET_ID, timeframe_id) VALUES (10048, '2018-05-01', 7.099363859743993, 0, 0, 10012, 1, 10000, 14);
INSERT INTO activity(activity_id, date_prevue, distance_prevue, distance_realisee, estrealisee, programme_id, sport_id, CENTREINTERET_ID, timeframe_id) VALUES (10049, '2018-05-02', 7.8317378459037075, 0, 0, 10012, 1, 10000, 20);
INSERT INTO activity(activity_id, date_prevue, distance_prevue, distance_realisee, estrealisee, programme_id, sport_id, CENTREINTERET_ID, timeframe_id) VALUES (10050, '2018-05-03', 11.073000850423686, 0, 0, 10012, 1, 10000, 31);
INSERT INTO activity(activity_id, date_prevue, distance_prevue, distance_realisee, estrealisee, programme_id, sport_id, CENTREINTERET_ID, timeframe_id) VALUES (10051, '2018-05-04', 9.750147405495266, 0, 0, 10012, 1, 10000, 39);
INSERT INTO programme(programme_id, date_debut, user_id) VALUES (10013, '2018-04-23', 10006);
INSERT INTO activity(activity_id, date_prevue, date_realisee, distance_prevue, distance_realisee, estrealisee, programme_id, sport_id, CENTREINTERET_ID, timeframe_id) VALUES (10052, '2018-04-17', '2018-04-17', 11.828604415416672, 11.828604415416672, 1, 10013, 1, 10000, 12);
INSERT INTO activity(activity_id, date_prevue, date_realisee, distance_prevue, distance_realisee, estrealisee, programme_id, sport_id, CENTREINTERET_ID, timeframe_id) VALUES (10053, '2018-04-18', '2018-04-18', 11.168542536721908, 11.168542536721908, 1, 10013, 1, 10000, 54);
INSERT INTO activity(activity_id, date_prevue, date_realisee, distance_prevue, distance_realisee, estrealisee, programme_id, sport_id, CENTREINTERET_ID, timeframe_id) VALUES (10054, '2018-04-19', '2018-04-19', 10.268034169029457, 10.268034169029457, 1, 10013, 1, 10000, 39);
INSERT INTO activity(activity_id, date_prevue, date_realisee, distance_prevue, distance_realisee, estrealisee, programme_id, sport_id, CENTREINTERET_ID, timeframe_id) VALUES (10055, '2018-04-20', '2018-04-20', 11.264667807299531, 11.264667807299531, 1, 10013, 1, 10000, 23);

INSERT INTO point (ID, x, y) VALUES (50007, 45.77595186473243, 4.8801724257047425);
INSERT INTO users (ID, USERNAME, PASSWORD, FIRSTNAME, LASTNAME, EMAIL, ENABLED, LASTPASSWORDRESETDATE, Location_id, difficulty) VALUES (10007, "user7", "$2a$08$UkVvwpULis18S19S5pZFn.YHPZt3oaqHZnDwqbCW9pft6uFtkXKDC", "user7", "user7", "user7@user.com", 1, "2003/01/22", 50007, 1);
INSERT INTO user_authority (USER_ID, AUTHORITY_ID) VALUES (10007, 2);
INSERT INTO programme(programme_id, date_debut, user_id) VALUES (10014, '2018-04-30', 10007);
INSERT INTO activity(activity_id, date_prevue, distance_prevue, distance_realisee, estrealisee, programme_id, sport_id, CENTREINTERET_ID, timeframe_id) VALUES (10056, '2018-05-01', 10.374671194479578, 0, 0, 10014, 1, 10000, 14);
INSERT INTO activity(activity_id, date_prevue, distance_prevue, distance_realisee, estrealisee, programme_id, sport_id, CENTREINTERET_ID, timeframe_id) VALUES (10057, '2018-05-02', 10.560543199534507, 0, 0, 10014, 1, 10000, 20);
INSERT INTO activity(activity_id, date_prevue, distance_prevue, distance_realisee, estrealisee, programme_id, sport_id, CENTREINTERET_ID, timeframe_id) VALUES (10058, '2018-05-03', 7.8167849965172955, 0, 0, 10014, 1, 10000, 31);
INSERT INTO activity(activity_id, date_prevue, distance_prevue, distance_realisee, estrealisee, programme_id, sport_id, CENTREINTERET_ID, timeframe_id) VALUES (10059, '2018-05-04', 8.863762923734265, 0, 0, 10014, 1, 10000, 39);
INSERT INTO programme(programme_id, date_debut, user_id) VALUES (10015, '2018-04-23', 10007);
INSERT INTO activity(activity_id, date_prevue, date_realisee, distance_prevue, distance_realisee, estrealisee, programme_id, sport_id, CENTREINTERET_ID, timeframe_id) VALUES (10060, '2018-04-17', '2018-04-17', 8.710255651565205, 8.710255651565205, 1, 10015, 1, 10000, 16);
INSERT INTO activity(activity_id, date_prevue, date_realisee, distance_prevue, distance_realisee, estrealisee, programme_id, sport_id, CENTREINTERET_ID, timeframe_id) VALUES (10061, '2018-04-18', '2018-04-18', 8.888004884659953, 8.888004884659953, 1, 10015, 1, 10000, 13);
INSERT INTO activity(activity_id, date_prevue, date_realisee, distance_prevue, distance_realisee, estrealisee, programme_id, sport_id, CENTREINTERET_ID, timeframe_id) VALUES (10062, '2018-04-19', '2018-04-19', 9.246982696122164, 9.246982696122164, 1, 10015, 1, 10000, 29);
INSERT INTO activity(activity_id, date_prevue, date_realisee, distance_prevue, distance_realisee, estrealisee, programme_id, sport_id, CENTREINTERET_ID, timeframe_id) VALUES (10063, '2018-04-20', '2018-04-20', 9.86716075222212, 9.86716075222212, 1, 10015, 1, 10000, 41);

INSERT INTO point (ID, x, y) VALUES (50008, 45.75363711981775, 4.860111693423957);
INSERT INTO users (ID, USERNAME, PASSWORD, FIRSTNAME, LASTNAME, EMAIL, ENABLED, LASTPASSWORDRESETDATE, Location_id, difficulty) VALUES (10008, "user8", "$2a$08$UkVvwpULis18S19S5pZFn.YHPZt3oaqHZnDwqbCW9pft6uFtkXKDC", "user8", "user8", "user8@user.com", 1, "2003/01/22", 50008, 1);
INSERT INTO user_authority (USER_ID, AUTHORITY_ID) VALUES (10008, 2);
INSERT INTO programme(programme_id, date_debut, user_id) VALUES (10016, '2018-04-30', 10008);
INSERT INTO activity(activity_id, date_prevue, distance_prevue, distance_realisee, estrealisee, programme_id, sport_id, CENTREINTERET_ID, timeframe_id) VALUES (10064, '2018-05-01', 11.996221242294258, 0, 0, 10016, 1, 10000, 14);
INSERT INTO activity(activity_id, date_prevue, distance_prevue, distance_realisee, estrealisee, programme_id, sport_id, CENTREINTERET_ID, timeframe_id) VALUES (10065, '2018-05-02', 10.253051864132795, 0, 0, 10016, 1, 10000, 20);
INSERT INTO activity(activity_id, date_prevue, distance_prevue, distance_realisee, estrealisee, programme_id, sport_id, CENTREINTERET_ID, timeframe_id) VALUES (10066, '2018-05-03', 8.250674855567857, 0, 0, 10016, 1, 10000, 31);
INSERT INTO activity(activity_id, date_prevue, distance_prevue, distance_realisee, estrealisee, programme_id, sport_id, CENTREINTERET_ID, timeframe_id) VALUES (10067, '2018-05-04', 9.614226947721322, 0, 0, 10016, 1, 10000, 39);
INSERT INTO programme(programme_id, date_debut, user_id) VALUES (10017, '2018-04-23', 10008);
INSERT INTO activity(activity_id, date_prevue, date_realisee, distance_prevue, distance_realisee, estrealisee, programme_id, sport_id, CENTREINTERET_ID, timeframe_id) VALUES (10068, '2018-04-17', '2018-04-17', 10.596251163644212, 10.596251163644212, 1, 10017, 1, 10000, 0);
INSERT INTO activity(activity_id, date_prevue, date_realisee, distance_prevue, distance_realisee, estrealisee, programme_id, sport_id, CENTREINTERET_ID, timeframe_id) VALUES (10069, '2018-04-18', '2018-04-18', 11.590428706433762, 11.590428706433762, 1, 10017, 1, 10000, 8);
INSERT INTO activity(activity_id, date_prevue, date_realisee, distance_prevue, distance_realisee, estrealisee, programme_id, sport_id, CENTREINTERET_ID, timeframe_id) VALUES (10070, '2018-04-19', '2018-04-19', 10.25396318298945, 10.25396318298945, 1, 10017, 1, 10000, 51);
INSERT INTO activity(activity_id, date_prevue, date_realisee, distance_prevue, distance_realisee, estrealisee, programme_id, sport_id, CENTREINTERET_ID, timeframe_id) VALUES (10071, '2018-04-20', '2018-04-20', 8.342679843005776, 8.342679843005776, 1, 10017, 1, 10000, 49);

INSERT INTO point (ID, x, y) VALUES (50009, 45.74300934873614, 4.876739393056383);
INSERT INTO users (ID, USERNAME, PASSWORD, FIRSTNAME, LASTNAME, EMAIL, ENABLED, LASTPASSWORDRESETDATE, Location_id, difficulty) VALUES (10009, "user9", "$2a$08$UkVvwpULis18S19S5pZFn.YHPZt3oaqHZnDwqbCW9pft6uFtkXKDC", "user9", "user9", "user9@user.com", 1, "2003/01/22", 50009, 2);
INSERT INTO user_authority (USER_ID, AUTHORITY_ID) VALUES (10009, 2);
INSERT INTO programme(programme_id, date_debut, user_id) VALUES (10018, '2018-04-30', 10009);
INSERT INTO activity(activity_id, date_prevue, distance_prevue, distance_realisee, estrealisee, programme_id, sport_id, CENTREINTERET_ID, timeframe_id) VALUES (10072, '2018-05-01', 10.64404993254406, 0, 0, 10018, 1, 10000, 14);
INSERT INTO activity(activity_id, date_prevue, distance_prevue, distance_realisee, estrealisee, programme_id, sport_id, CENTREINTERET_ID, timeframe_id) VALUES (10073, '2018-05-02', 7.434162577592363, 0, 0, 10018, 1, 10000, 20);
INSERT INTO activity(activity_id, date_prevue, distance_prevue, distance_realisee, estrealisee, programme_id, sport_id, CENTREINTERET_ID, timeframe_id) VALUES (10074, '2018-05-03', 10.288835177763309, 0, 0, 10018, 1, 10000, 31);
INSERT INTO activity(activity_id, date_prevue, distance_prevue, distance_realisee, estrealisee, programme_id, sport_id, CENTREINTERET_ID, timeframe_id) VALUES (10075, '2018-05-04', 11.979181798089359, 0, 0, 10018, 1, 10000, 39);
INSERT INTO programme(programme_id, date_debut, user_id) VALUES (10019, '2018-04-23', 10009);
INSERT INTO activity(activity_id, date_prevue, date_realisee, distance_prevue, distance_realisee, estrealisee, programme_id, sport_id, CENTREINTERET_ID, timeframe_id) VALUES (10076, '2018-04-17', '2018-04-17', 11.511892754924999, 11.511892754924999, 1, 10019, 1, 10000, 6);
INSERT INTO activity(activity_id, date_prevue, date_realisee, distance_prevue, distance_realisee, estrealisee, programme_id, sport_id, CENTREINTERET_ID, timeframe_id) VALUES (10077, '2018-04-18', '2018-04-18', 9.404918354488608, 9.404918354488608, 1, 10019, 1, 10000, 1);
INSERT INTO activity(activity_id, date_prevue, date_realisee, distance_prevue, distance_realisee, estrealisee, programme_id, sport_id, CENTREINTERET_ID, timeframe_id) VALUES (10078, '2018-04-19', '2018-04-19', 8.410759847594145, 8.410759847594145, 1, 10019, 1, 10000, 9);
INSERT INTO activity(activity_id, date_prevue, date_realisee, distance_prevue, distance_realisee, estrealisee, programme_id, sport_id, CENTREINTERET_ID, timeframe_id) VALUES (10079, '2018-04-20', '2018-04-20', 9.918479266345297, 9.918479266345297, 1, 10019, 1, 10000, 32);

INSERT INTO point (ID, x, y) VALUES (50010, 45.79010664159138, 4.818151172106166);
INSERT INTO users (ID, USERNAME, PASSWORD, FIRSTNAME, LASTNAME, EMAIL, ENABLED, LASTPASSWORDRESETDATE, Location_id, difficulty) VALUES (10010, "user10", "$2a$08$UkVvwpULis18S19S5pZFn.YHPZt3oaqHZnDwqbCW9pft6uFtkXKDC", "user10", "user10", "user10@user.com", 1, "2003/01/22", 50010, 2);
INSERT INTO user_authority (USER_ID, AUTHORITY_ID) VALUES (10010, 2);
INSERT INTO programme(programme_id, date_debut, user_id) VALUES (10020, '2018-04-30', 10010);
INSERT INTO activity(activity_id, date_prevue, distance_prevue, distance_realisee, estrealisee, programme_id, sport_id, CENTREINTERET_ID, timeframe_id) VALUES (10080, '2018-05-01', 9.230562324405946, 0, 0, 10020, 1, 10000, 14);
INSERT INTO activity(activity_id, date_prevue, distance_prevue, distance_realisee, estrealisee, programme_id, sport_id, CENTREINTERET_ID, timeframe_id) VALUES (10081, '2018-05-02', 7.389847069099256, 0, 0, 10020, 1, 10000, 20);
INSERT INTO activity(activity_id, date_prevue, distance_prevue, distance_realisee, estrealisee, programme_id, sport_id, CENTREINTERET_ID, timeframe_id) VALUES (10082, '2018-05-03', 7.681215720076597, 0, 0, 10020, 1, 10000, 31);
INSERT INTO activity(activity_id, date_prevue, distance_prevue, distance_realisee, estrealisee, programme_id, sport_id, CENTREINTERET_ID, timeframe_id) VALUES (10083, '2018-05-04', 7.933957142271686, 0, 0, 10020, 1, 10000, 39);
INSERT INTO programme(programme_id, date_debut, user_id) VALUES (10021, '2018-04-23', 10010);
INSERT INTO activity(activity_id, date_prevue, date_realisee, distance_prevue, distance_realisee, estrealisee, programme_id, sport_id, CENTREINTERET_ID, timeframe_id) VALUES (10084, '2018-04-17', '2018-04-17', 9.737539997798663, 9.737539997798663, 1, 10021, 1, 10000, 53);
INSERT INTO activity(activity_id, date_prevue, date_realisee, distance_prevue, distance_realisee, estrealisee, programme_id, sport_id, CENTREINTERET_ID, timeframe_id) VALUES (10085, '2018-04-18', '2018-04-18', 8.675146217158126, 8.675146217158126, 1, 10021, 1, 10000, 34);
INSERT INTO activity(activity_id, date_prevue, date_realisee, distance_prevue, distance_realisee, estrealisee, programme_id, sport_id, CENTREINTERET_ID, timeframe_id) VALUES (10086, '2018-04-19', '2018-04-19', 11.703314681796387, 11.703314681796387, 1, 10021, 1, 10000, 40);
INSERT INTO activity(activity_id, date_prevue, date_realisee, distance_prevue, distance_realisee, estrealisee, programme_id, sport_id, CENTREINTERET_ID, timeframe_id) VALUES (10087, '2018-04-20', '2018-04-20', 8.32105022787769, 8.32105022787769, 1, 10021, 1, 10000, 49);

INSERT INTO point (ID, x, y) VALUES (50011, 45.75984111396047, 4.880404556263856);
INSERT INTO users (ID, USERNAME, PASSWORD, FIRSTNAME, LASTNAME, EMAIL, ENABLED, LASTPASSWORDRESETDATE, Location_id, difficulty) VALUES (10011, "user11", "$2a$08$UkVvwpULis18S19S5pZFn.YHPZt3oaqHZnDwqbCW9pft6uFtkXKDC", "user11", "user11", "user11@user.com", 1, "2003/01/22", 50011, 2);
INSERT INTO user_authority (USER_ID, AUTHORITY_ID) VALUES (10011, 2);
INSERT INTO programme(programme_id, date_debut, user_id) VALUES (10022, '2018-04-30', 10011);
INSERT INTO activity(activity_id, date_prevue, distance_prevue, distance_realisee, estrealisee, programme_id, sport_id, CENTREINTERET_ID, timeframe_id) VALUES (10088, '2018-05-01', 11.834925562297844, 0, 0, 10022, 1, 10000, 14);
INSERT INTO activity(activity_id, date_prevue, distance_prevue, distance_realisee, estrealisee, programme_id, sport_id, CENTREINTERET_ID, timeframe_id) VALUES (10089, '2018-05-02', 10.13355145871039, 0, 0, 10022, 1, 10000, 20);
INSERT INTO activity(activity_id, date_prevue, distance_prevue, distance_realisee, estrealisee, programme_id, sport_id, CENTREINTERET_ID, timeframe_id) VALUES (10090, '2018-05-03', 9.63771847153432, 0, 0, 10022, 1, 10000, 31);
INSERT INTO activity(activity_id, date_prevue, distance_prevue, distance_realisee, estrealisee, programme_id, sport_id, CENTREINTERET_ID, timeframe_id) VALUES (10091, '2018-05-04', 8.290439361930186, 0, 0, 10022, 1, 10000, 39);
INSERT INTO programme(programme_id, date_debut, user_id) VALUES (10023, '2018-04-23', 10011);
INSERT INTO activity(activity_id, date_prevue, date_realisee, distance_prevue, distance_realisee, estrealisee, programme_id, sport_id, CENTREINTERET_ID, timeframe_id) VALUES (10092, '2018-04-17', '2018-04-17', 9.822269634167204, 9.822269634167204, 1, 10023, 1, 10000, 17);
INSERT INTO activity(activity_id, date_prevue, date_realisee, distance_prevue, distance_realisee, estrealisee, programme_id, sport_id, CENTREINTERET_ID, timeframe_id) VALUES (10093, '2018-04-18', '2018-04-18', 7.839040978740437, 7.839040978740437, 1, 10023, 1, 10000, 16);
INSERT INTO activity(activity_id, date_prevue, date_realisee, distance_prevue, distance_realisee, estrealisee, programme_id, sport_id, CENTREINTERET_ID, timeframe_id) VALUES (10094, '2018-04-19', '2018-04-19', 11.88234795682721, 11.88234795682721, 1, 10023, 1, 10000, 2);
INSERT INTO activity(activity_id, date_prevue, date_realisee, distance_prevue, distance_realisee, estrealisee, programme_id, sport_id, CENTREINTERET_ID, timeframe_id) VALUES (10095, '2018-04-20', '2018-04-20', 9.522396101214419, 9.522396101214419, 1, 10023, 1, 10000, 24);

INSERT INTO point (ID, x, y) VALUES (50012, 45.71432694599026, 4.879230743118876);
INSERT INTO users (ID, USERNAME, PASSWORD, FIRSTNAME, LASTNAME, EMAIL, ENABLED, LASTPASSWORDRESETDATE, Location_id, difficulty) VALUES (10012, "user12", "$2a$08$UkVvwpULis18S19S5pZFn.YHPZt3oaqHZnDwqbCW9pft6uFtkXKDC", "user12", "user12", "user12@user.com", 1, "2003/01/22", 50012, 0);
INSERT INTO user_authority (USER_ID, AUTHORITY_ID) VALUES (10012, 2);
INSERT INTO programme(programme_id, date_debut, user_id) VALUES (10024, '2018-04-30', 10012);
INSERT INTO activity(activity_id, date_prevue, distance_prevue, distance_realisee, estrealisee, programme_id, sport_id, CENTREINTERET_ID, timeframe_id) VALUES (10096, '2018-05-01', 7.566278836761221, 0, 0, 10024, 1, 10000, 14);
INSERT INTO activity(activity_id, date_prevue, distance_prevue, distance_realisee, estrealisee, programme_id, sport_id, CENTREINTERET_ID, timeframe_id) VALUES (10097, '2018-05-02', 10.657076089481599, 0, 0, 10024, 1, 10000, 20);
INSERT INTO activity(activity_id, date_prevue, distance_prevue, distance_realisee, estrealisee, programme_id, sport_id, CENTREINTERET_ID, timeframe_id) VALUES (10098, '2018-05-03', 7.789181484515482, 0, 0, 10024, 1, 10000, 31);
INSERT INTO activity(activity_id, date_prevue, distance_prevue, distance_realisee, estrealisee, programme_id, sport_id, CENTREINTERET_ID, timeframe_id) VALUES (10099, '2018-05-04', 9.437334132043247, 0, 0, 10024, 1, 10000, 39);
INSERT INTO programme(programme_id, date_debut, user_id) VALUES (10025, '2018-04-23', 10012);
INSERT INTO activity(activity_id, date_prevue, date_realisee, distance_prevue, distance_realisee, estrealisee, programme_id, sport_id, CENTREINTERET_ID, timeframe_id) VALUES (10100, '2018-04-17', '2018-04-17', 9.106694748418448, 9.106694748418448, 1, 10025, 1, 10000, 47);
INSERT INTO activity(activity_id, date_prevue, date_realisee, distance_prevue, distance_realisee, estrealisee, programme_id, sport_id, CENTREINTERET_ID, timeframe_id) VALUES (10101, '2018-04-18', '2018-04-18', 7.392850539675571, 7.392850539675571, 1, 10025, 1, 10000, 34);
INSERT INTO activity(activity_id, date_prevue, date_realisee, distance_prevue, distance_realisee, estrealisee, programme_id, sport_id, CENTREINTERET_ID, timeframe_id) VALUES (10102, '2018-04-19', '2018-04-19', 7.100057418618656, 7.100057418618656, 1, 10025, 1, 10000, 43);
INSERT INTO activity(activity_id, date_prevue, date_realisee, distance_prevue, distance_realisee, estrealisee, programme_id, sport_id, CENTREINTERET_ID, timeframe_id) VALUES (10103, '2018-04-20', '2018-04-20', 8.26199453636234, 8.26199453636234, 1, 10025, 1, 10000, 35);

INSERT INTO point (ID, x, y) VALUES (50013, 45.79171035531273, 4.884102645945449);
INSERT INTO users (ID, USERNAME, PASSWORD, FIRSTNAME, LASTNAME, EMAIL, ENABLED, LASTPASSWORDRESETDATE, Location_id, difficulty) VALUES (10013, "user13", "$2a$08$UkVvwpULis18S19S5pZFn.YHPZt3oaqHZnDwqbCW9pft6uFtkXKDC", "user13", "user13", "user13@user.com", 1, "2003/01/22", 50013, 2);
INSERT INTO user_authority (USER_ID, AUTHORITY_ID) VALUES (10013, 2);
INSERT INTO programme(programme_id, date_debut, user_id) VALUES (10026, '2018-04-30', 10013);
INSERT INTO activity(activity_id, date_prevue, distance_prevue, distance_realisee, estrealisee, programme_id, sport_id, CENTREINTERET_ID, timeframe_id) VALUES (10104, '2018-05-01', 10.890564189443623, 0, 0, 10026, 1, 10000, 14);
INSERT INTO activity(activity_id, date_prevue, distance_prevue, distance_realisee, estrealisee, programme_id, sport_id, CENTREINTERET_ID, timeframe_id) VALUES (10105, '2018-05-02', 10.943133719336958, 0, 0, 10026, 1, 10000, 20);
INSERT INTO activity(activity_id, date_prevue, distance_prevue, distance_realisee, estrealisee, programme_id, sport_id, CENTREINTERET_ID, timeframe_id) VALUES (10106, '2018-05-03', 8.582934699681791, 0, 0, 10026, 1, 10000, 31);
INSERT INTO activity(activity_id, date_prevue, distance_prevue, distance_realisee, estrealisee, programme_id, sport_id, CENTREINTERET_ID, timeframe_id) VALUES (10107, '2018-05-04', 9.424325973504793, 0, 0, 10026, 1, 10000, 39);
INSERT INTO programme(programme_id, date_debut, user_id) VALUES (10027, '2018-04-23', 10013);
INSERT INTO activity(activity_id, date_prevue, date_realisee, distance_prevue, distance_realisee, estrealisee, programme_id, sport_id, CENTREINTERET_ID, timeframe_id) VALUES (10108, '2018-04-17', '2018-04-17', 8.358239896616611, 8.358239896616611, 1, 10027, 1, 10000, 24);
INSERT INTO activity(activity_id, date_prevue, date_realisee, distance_prevue, distance_realisee, estrealisee, programme_id, sport_id, CENTREINTERET_ID, timeframe_id) VALUES (10109, '2018-04-18', '2018-04-18', 9.087334234819284, 9.087334234819284, 1, 10027, 1, 10000, 25);
INSERT INTO activity(activity_id, date_prevue, date_realisee, distance_prevue, distance_realisee, estrealisee, programme_id, sport_id, CENTREINTERET_ID, timeframe_id) VALUES (10110, '2018-04-19', '2018-04-19', 9.895694564030189, 9.895694564030189, 1, 10027, 1, 10000, 19);
INSERT INTO activity(activity_id, date_prevue, date_realisee, distance_prevue, distance_realisee, estrealisee, programme_id, sport_id, CENTREINTERET_ID, timeframe_id) VALUES (10111, '2018-04-20', '2018-04-20', 9.425156690521268, 9.425156690521268, 1, 10027, 1, 10000, 39);

INSERT INTO point (ID, x, y) VALUES (50014, 45.75144459320103, 4.868088465910149);
INSERT INTO users (ID, USERNAME, PASSWORD, FIRSTNAME, LASTNAME, EMAIL, ENABLED, LASTPASSWORDRESETDATE, Location_id, difficulty) VALUES (10014, "user14", "$2a$08$UkVvwpULis18S19S5pZFn.YHPZt3oaqHZnDwqbCW9pft6uFtkXKDC", "user14", "user14", "user14@user.com", 1, "2003/01/22", 50014, 2);
INSERT INTO user_authority (USER_ID, AUTHORITY_ID) VALUES (10014, 2);
INSERT INTO programme(programme_id, date_debut, user_id) VALUES (10028, '2018-04-30', 10014);
INSERT INTO activity(activity_id, date_prevue, distance_prevue, distance_realisee, estrealisee, programme_id, sport_id, CENTREINTERET_ID, timeframe_id) VALUES (10112, '2018-05-01', 9.556711505822603, 0, 0, 10028, 1, 10000, 14);
INSERT INTO activity(activity_id, date_prevue, distance_prevue, distance_realisee, estrealisee, programme_id, sport_id, CENTREINTERET_ID, timeframe_id) VALUES (10113, '2018-05-02', 11.49428247031127, 0, 0, 10028, 1, 10000, 20);
INSERT INTO activity(activity_id, date_prevue, distance_prevue, distance_realisee, estrealisee, programme_id, sport_id, CENTREINTERET_ID, timeframe_id) VALUES (10114, '2018-05-03', 11.755048025408541, 0, 0, 10028, 1, 10000, 31);
INSERT INTO activity(activity_id, date_prevue, distance_prevue, distance_realisee, estrealisee, programme_id, sport_id, CENTREINTERET_ID, timeframe_id) VALUES (10115, '2018-05-04', 8.509260394843485, 0, 0, 10028, 1, 10000, 39);
INSERT INTO programme(programme_id, date_debut, user_id) VALUES (10029, '2018-04-23', 10014);
INSERT INTO activity(activity_id, date_prevue, date_realisee, distance_prevue, distance_realisee, estrealisee, programme_id, sport_id, CENTREINTERET_ID, timeframe_id) VALUES (10116, '2018-04-17', '2018-04-17', 11.160484013919763, 11.160484013919763, 1, 10029, 1, 10000, 46);
INSERT INTO activity(activity_id, date_prevue, date_realisee, distance_prevue, distance_realisee, estrealisee, programme_id, sport_id, CENTREINTERET_ID, timeframe_id) VALUES (10117, '2018-04-18', '2018-04-18', 10.171454791382104, 10.171454791382104, 1, 10029, 1, 10000, 20);
INSERT INTO activity(activity_id, date_prevue, date_realisee, distance_prevue, distance_realisee, estrealisee, programme_id, sport_id, CENTREINTERET_ID, timeframe_id) VALUES (10118, '2018-04-19', '2018-04-19', 8.042300154318085, 8.042300154318085, 1, 10029, 1, 10000, 2);
INSERT INTO activity(activity_id, date_prevue, date_realisee, distance_prevue, distance_realisee, estrealisee, programme_id, sport_id, CENTREINTERET_ID, timeframe_id) VALUES (10119, '2018-04-20', '2018-04-20', 10.07485772345605, 10.07485772345605, 1, 10029, 1, 10000, 2);

INSERT INTO point (ID, x, y) VALUES (50015, 45.73065164099219, 4.86790939373974);
INSERT INTO users (ID, USERNAME, PASSWORD, FIRSTNAME, LASTNAME, EMAIL, ENABLED, LASTPASSWORDRESETDATE, Location_id, difficulty) VALUES (10015, "user15", "$2a$08$UkVvwpULis18S19S5pZFn.YHPZt3oaqHZnDwqbCW9pft6uFtkXKDC", "user15", "user15", "user15@user.com", 1, "2003/01/22", 50015, 0);
INSERT INTO user_authority (USER_ID, AUTHORITY_ID) VALUES (10015, 2);
INSERT INTO programme(programme_id, date_debut, user_id) VALUES (10030, '2018-04-30', 10015);
INSERT INTO activity(activity_id, date_prevue, distance_prevue, distance_realisee, estrealisee, programme_id, sport_id, CENTREINTERET_ID, timeframe_id) VALUES (10120, '2018-05-01', 10.910209394130622, 0, 0, 10030, 1, 10000, 14);
INSERT INTO activity(activity_id, date_prevue, distance_prevue, distance_realisee, estrealisee, programme_id, sport_id, CENTREINTERET_ID, timeframe_id) VALUES (10121, '2018-05-02', 8.94366246219282, 0, 0, 10030, 1, 10000, 20);
INSERT INTO activity(activity_id, date_prevue, distance_prevue, distance_realisee, estrealisee, programme_id, sport_id, CENTREINTERET_ID, timeframe_id) VALUES (10122, '2018-05-03', 10.785282229208338, 0, 0, 10030, 1, 10000, 31);
INSERT INTO activity(activity_id, date_prevue, distance_prevue, distance_realisee, estrealisee, programme_id, sport_id, CENTREINTERET_ID, timeframe_id) VALUES (10123, '2018-05-04', 10.61374429631158, 0, 0, 10030, 1, 10000, 39);
INSERT INTO programme(programme_id, date_debut, user_id) VALUES (10031, '2018-04-23', 10015);
INSERT INTO activity(activity_id, date_prevue, date_realisee, distance_prevue, distance_realisee, estrealisee, programme_id, sport_id, CENTREINTERET_ID, timeframe_id) VALUES (10124, '2018-04-17', '2018-04-17', 7.668889327290799, 7.668889327290799, 1, 10031, 1, 10000, 55);
INSERT INTO activity(activity_id, date_prevue, date_realisee, distance_prevue, distance_realisee, estrealisee, programme_id, sport_id, CENTREINTERET_ID, timeframe_id) VALUES (10125, '2018-04-18', '2018-04-18', 11.535228575547134, 11.535228575547134, 1, 10031, 1, 10000, 46);
INSERT INTO activity(activity_id, date_prevue, date_realisee, distance_prevue, distance_realisee, estrealisee, programme_id, sport_id, CENTREINTERET_ID, timeframe_id) VALUES (10126, '2018-04-19', '2018-04-19', 8.225371745555247, 8.225371745555247, 1, 10031, 1, 10000, 4);
INSERT INTO activity(activity_id, date_prevue, date_realisee, distance_prevue, distance_realisee, estrealisee, programme_id, sport_id, CENTREINTERET_ID, timeframe_id) VALUES (10127, '2018-04-20', '2018-04-20', 10.938051349961713, 10.938051349961713, 1, 10031, 1, 10000, 37);

INSERT INTO point (ID, x, y) VALUES (50016, 45.73439650193297, 4.879609030796292);
INSERT INTO users (ID, USERNAME, PASSWORD, FIRSTNAME, LASTNAME, EMAIL, ENABLED, LASTPASSWORDRESETDATE, Location_id, difficulty) VALUES (10016, "user16", "$2a$08$UkVvwpULis18S19S5pZFn.YHPZt3oaqHZnDwqbCW9pft6uFtkXKDC", "user16", "user16", "user16@user.com", 1, "2003/01/22", 50016, 1);
INSERT INTO user_authority (USER_ID, AUTHORITY_ID) VALUES (10016, 2);
INSERT INTO programme(programme_id, date_debut, user_id) VALUES (10032, '2018-04-30', 10016);
INSERT INTO activity(activity_id, date_prevue, distance_prevue, distance_realisee, estrealisee, programme_id, sport_id, CENTREINTERET_ID, timeframe_id) VALUES (10128, '2018-05-01', 9.846579580009733, 0, 0, 10032, 1, 10000, 14);
INSERT INTO activity(activity_id, date_prevue, distance_prevue, distance_realisee, estrealisee, programme_id, sport_id, CENTREINTERET_ID, timeframe_id) VALUES (10129, '2018-05-02', 9.094841144221142, 0, 0, 10032, 1, 10000, 20);
INSERT INTO activity(activity_id, date_prevue, distance_prevue, distance_realisee, estrealisee, programme_id, sport_id, CENTREINTERET_ID, timeframe_id) VALUES (10130, '2018-05-03', 11.527499162717167, 0, 0, 10032, 1, 10000, 31);
INSERT INTO activity(activity_id, date_prevue, distance_prevue, distance_realisee, estrealisee, programme_id, sport_id, CENTREINTERET_ID, timeframe_id) VALUES (10131, '2018-05-04', 9.48868121948381, 0, 0, 10032, 1, 10000, 39);
INSERT INTO programme(programme_id, date_debut, user_id) VALUES (10033, '2018-04-23', 10016);
INSERT INTO activity(activity_id, date_prevue, date_realisee, distance_prevue, distance_realisee, estrealisee, programme_id, sport_id, CENTREINTERET_ID, timeframe_id) VALUES (10132, '2018-04-17', '2018-04-17', 11.752588112927228, 11.752588112927228, 1, 10033, 1, 10000, 56);
INSERT INTO activity(activity_id, date_prevue, date_realisee, distance_prevue, distance_realisee, estrealisee, programme_id, sport_id, CENTREINTERET_ID, timeframe_id) VALUES (10133, '2018-04-18', '2018-04-18', 11.542498085305478, 11.542498085305478, 1, 10033, 1, 10000, 53);
INSERT INTO activity(activity_id, date_prevue, date_realisee, distance_prevue, distance_realisee, estrealisee, programme_id, sport_id, CENTREINTERET_ID, timeframe_id) VALUES (10134, '2018-04-19', '2018-04-19', 7.186340261253491, 7.186340261253491, 1, 10033, 1, 10000, 41);
INSERT INTO activity(activity_id, date_prevue, date_realisee, distance_prevue, distance_realisee, estrealisee, programme_id, sport_id, CENTREINTERET_ID, timeframe_id) VALUES (10135, '2018-04-20', '2018-04-20', 8.260857739828719, 8.260857739828719, 1, 10033, 1, 10000, 54);

INSERT INTO point (ID, x, y) VALUES (50017, 45.76953933446031, 4.892839852039986);
INSERT INTO users (ID, USERNAME, PASSWORD, FIRSTNAME, LASTNAME, EMAIL, ENABLED, LASTPASSWORDRESETDATE, Location_id, difficulty) VALUES (10017, "user17", "$2a$08$UkVvwpULis18S19S5pZFn.YHPZt3oaqHZnDwqbCW9pft6uFtkXKDC", "user17", "user17", "user17@user.com", 1, "2003/01/22", 50017, 2);
INSERT INTO user_authority (USER_ID, AUTHORITY_ID) VALUES (10017, 2);
INSERT INTO programme(programme_id, date_debut, user_id) VALUES (10034, '2018-04-30', 10017);
INSERT INTO activity(activity_id, date_prevue, distance_prevue, distance_realisee, estrealisee, programme_id, sport_id, CENTREINTERET_ID, timeframe_id) VALUES (10136, '2018-05-01', 10.960857573559814, 0, 0, 10034, 1, 10000, 14);
INSERT INTO activity(activity_id, date_prevue, distance_prevue, distance_realisee, estrealisee, programme_id, sport_id, CENTREINTERET_ID, timeframe_id) VALUES (10137, '2018-05-02', 7.39259305862678, 0, 0, 10034, 1, 10000, 20);
INSERT INTO activity(activity_id, date_prevue, distance_prevue, distance_realisee, estrealisee, programme_id, sport_id, CENTREINTERET_ID, timeframe_id) VALUES (10138, '2018-05-03', 11.400082321316967, 0, 0, 10034, 1, 10000, 31);
INSERT INTO activity(activity_id, date_prevue, distance_prevue, distance_realisee, estrealisee, programme_id, sport_id, CENTREINTERET_ID, timeframe_id) VALUES (10139, '2018-05-04', 7.172899850679879, 0, 0, 10034, 1, 10000, 39);
INSERT INTO programme(programme_id, date_debut, user_id) VALUES (10035, '2018-04-23', 10017);
INSERT INTO activity(activity_id, date_prevue, date_realisee, distance_prevue, distance_realisee, estrealisee, programme_id, sport_id, CENTREINTERET_ID, timeframe_id) VALUES (10140, '2018-04-17', '2018-04-17', 9.669257838054016, 9.669257838054016, 1, 10035, 1, 10000, 3);
INSERT INTO activity(activity_id, date_prevue, date_realisee, distance_prevue, distance_realisee, estrealisee, programme_id, sport_id, CENTREINTERET_ID, timeframe_id) VALUES (10141, '2018-04-18', '2018-04-18', 7.712915886837885, 7.712915886837885, 1, 10035, 1, 10000, 49);
INSERT INTO activity(activity_id, date_prevue, date_realisee, distance_prevue, distance_realisee, estrealisee, programme_id, sport_id, CENTREINTERET_ID, timeframe_id) VALUES (10142, '2018-04-19', '2018-04-19', 9.083015187188925, 9.083015187188925, 1, 10035, 1, 10000, 11);
INSERT INTO activity(activity_id, date_prevue, date_realisee, distance_prevue, distance_realisee, estrealisee, programme_id, sport_id, CENTREINTERET_ID, timeframe_id) VALUES (10143, '2018-04-20', '2018-04-20', 10.424485592911518, 10.424485592911518, 1, 10035, 1, 10000, 41);

INSERT INTO point (ID, x, y) VALUES (50018, 45.7849102468348, 4.8277019031883075);
INSERT INTO users (ID, USERNAME, PASSWORD, FIRSTNAME, LASTNAME, EMAIL, ENABLED, LASTPASSWORDRESETDATE, Location_id, difficulty) VALUES (10018, "user18", "$2a$08$UkVvwpULis18S19S5pZFn.YHPZt3oaqHZnDwqbCW9pft6uFtkXKDC", "user18", "user18", "user18@user.com", 1, "2003/01/22", 50018, 1);
INSERT INTO user_authority (USER_ID, AUTHORITY_ID) VALUES (10018, 2);
INSERT INTO programme(programme_id, date_debut, user_id) VALUES (10036, '2018-04-30', 10018);
INSERT INTO activity(activity_id, date_prevue, distance_prevue, distance_realisee, estrealisee, programme_id, sport_id, CENTREINTERET_ID, timeframe_id) VALUES (10144, '2018-05-01', 9.600040213043084, 0, 0, 10036, 1, 10000, 14);
INSERT INTO activity(activity_id, date_prevue, distance_prevue, distance_realisee, estrealisee, programme_id, sport_id, CENTREINTERET_ID, timeframe_id) VALUES (10145, '2018-05-02', 8.8072642059399, 0, 0, 10036, 1, 10000, 20);
INSERT INTO activity(activity_id, date_prevue, distance_prevue, distance_realisee, estrealisee, programme_id, sport_id, CENTREINTERET_ID, timeframe_id) VALUES (10146, '2018-05-03', 11.17751590829564, 0, 0, 10036, 1, 10000, 31);
INSERT INTO activity(activity_id, date_prevue, distance_prevue, distance_realisee, estrealisee, programme_id, sport_id, CENTREINTERET_ID, timeframe_id) VALUES (10147, '2018-05-04', 8.04048912732074, 0, 0, 10036, 1, 10000, 39);
INSERT INTO programme(programme_id, date_debut, user_id) VALUES (10037, '2018-04-23', 10018);
INSERT INTO activity(activity_id, date_prevue, date_realisee, distance_prevue, distance_realisee, estrealisee, programme_id, sport_id, CENTREINTERET_ID, timeframe_id) VALUES (10148, '2018-04-17', '2018-04-17', 10.722042207736067, 10.722042207736067, 1, 10037, 1, 10000, 3);
INSERT INTO activity(activity_id, date_prevue, date_realisee, distance_prevue, distance_realisee, estrealisee, programme_id, sport_id, CENTREINTERET_ID, timeframe_id) VALUES (10149, '2018-04-18', '2018-04-18', 10.140518996548415, 10.140518996548415, 1, 10037, 1, 10000, 14);
INSERT INTO activity(activity_id, date_prevue, date_realisee, distance_prevue, distance_realisee, estrealisee, programme_id, sport_id, CENTREINTERET_ID, timeframe_id) VALUES (10150, '2018-04-19', '2018-04-19', 7.824429666691752, 7.824429666691752, 1, 10037, 1, 10000, 18);
INSERT INTO activity(activity_id, date_prevue, date_realisee, distance_prevue, distance_realisee, estrealisee, programme_id, sport_id, CENTREINTERET_ID, timeframe_id) VALUES (10151, '2018-04-20', '2018-04-20', 7.621479093624567, 7.621479093624567, 1, 10037, 1, 10000, 30);

INSERT INTO point (ID, x, y) VALUES (50019, 45.753016922831826, 4.8771759587041945);
INSERT INTO users (ID, USERNAME, PASSWORD, FIRSTNAME, LASTNAME, EMAIL, ENABLED, LASTPASSWORDRESETDATE, Location_id, difficulty) VALUES (10019, "user19", "$2a$08$UkVvwpULis18S19S5pZFn.YHPZt3oaqHZnDwqbCW9pft6uFtkXKDC", "user19", "user19", "user19@user.com", 1, "2003/01/22", 50019, 1);
INSERT INTO user_authority (USER_ID, AUTHORITY_ID) VALUES (10019, 2);
INSERT INTO programme(programme_id, date_debut, user_id) VALUES (10038, '2018-04-30', 10019);
INSERT INTO activity(activity_id, date_prevue, distance_prevue, distance_realisee, estrealisee, programme_id, sport_id, CENTREINTERET_ID, timeframe_id) VALUES (10152, '2018-05-01', 11.713950005638157, 0, 0, 10038, 1, 10000, 14);
INSERT INTO activity(activity_id, date_prevue, distance_prevue, distance_realisee, estrealisee, programme_id, sport_id, CENTREINTERET_ID, timeframe_id) VALUES (10153, '2018-05-02', 11.431329188964597, 0, 0, 10038, 1, 10000, 20);
INSERT INTO activity(activity_id, date_prevue, distance_prevue, distance_realisee, estrealisee, programme_id, sport_id, CENTREINTERET_ID, timeframe_id) VALUES (10154, '2018-05-03', 8.356140609039997, 0, 0, 10038, 1, 10000, 31);
INSERT INTO activity(activity_id, date_prevue, distance_prevue, distance_realisee, estrealisee, programme_id, sport_id, CENTREINTERET_ID, timeframe_id) VALUES (10155, '2018-05-04', 8.634919181383504, 0, 0, 10038, 1, 10000, 39);
INSERT INTO programme(programme_id, date_debut, user_id) VALUES (10039, '2018-04-23', 10019);
INSERT INTO activity(activity_id, date_prevue, date_realisee, distance_prevue, distance_realisee, estrealisee, programme_id, sport_id, CENTREINTERET_ID, timeframe_id) VALUES (10156, '2018-04-17', '2018-04-17', 11.097518552045395, 11.097518552045395, 1, 10039, 1, 10000, 34);
INSERT INTO activity(activity_id, date_prevue, date_realisee, distance_prevue, distance_realisee, estrealisee, programme_id, sport_id, CENTREINTERET_ID, timeframe_id) VALUES (10157, '2018-04-18', '2018-04-18', 10.216774820028387, 10.216774820028387, 1, 10039, 1, 10000, 11);
INSERT INTO activity(activity_id, date_prevue, date_realisee, distance_prevue, distance_realisee, estrealisee, programme_id, sport_id, CENTREINTERET_ID, timeframe_id) VALUES (10158, '2018-04-19', '2018-04-19', 10.32698308513121, 10.32698308513121, 1, 10039, 1, 10000, 3);
INSERT INTO activity(activity_id, date_prevue, date_realisee, distance_prevue, distance_realisee, estrealisee, programme_id, sport_id, CENTREINTERET_ID, timeframe_id) VALUES (10159, '2018-04-20', '2018-04-20', 11.812602798004292, 11.812602798004292, 1, 10039, 1, 10000, 23);

INSERT INTO point (ID, x, y) VALUES (50020, 45.72805596294569, 4.889734422410264);
INSERT INTO users (ID, USERNAME, PASSWORD, FIRSTNAME, LASTNAME, EMAIL, ENABLED, LASTPASSWORDRESETDATE, Location_id, difficulty) VALUES (10020, "user20", "$2a$08$UkVvwpULis18S19S5pZFn.YHPZt3oaqHZnDwqbCW9pft6uFtkXKDC", "user20", "user20", "user20@user.com", 1, "2003/01/22", 50020, 0);
INSERT INTO user_authority (USER_ID, AUTHORITY_ID) VALUES (10020, 2);
INSERT INTO programme(programme_id, date_debut, user_id) VALUES (10040, '2018-04-30', 10020);
INSERT INTO activity(activity_id, date_prevue, distance_prevue, distance_realisee, estrealisee, programme_id, sport_id, CENTREINTERET_ID, timeframe_id) VALUES (10160, '2018-05-01', 8.071637502610121, 0, 0, 10040, 1, 10000, 14);
INSERT INTO activity(activity_id, date_prevue, distance_prevue, distance_realisee, estrealisee, programme_id, sport_id, CENTREINTERET_ID, timeframe_id) VALUES (10161, '2018-05-02', 9.142078626439707, 0, 0, 10040, 1, 10000, 20);
INSERT INTO activity(activity_id, date_prevue, distance_prevue, distance_realisee, estrealisee, programme_id, sport_id, CENTREINTERET_ID, timeframe_id) VALUES (10162, '2018-05-03', 8.65829438695933, 0, 0, 10040, 1, 10000, 31);
INSERT INTO activity(activity_id, date_prevue, distance_prevue, distance_realisee, estrealisee, programme_id, sport_id, CENTREINTERET_ID, timeframe_id) VALUES (10163, '2018-05-04', 8.876650054467415, 0, 0, 10040, 1, 10000, 39);
INSERT INTO programme(programme_id, date_debut, user_id) VALUES (10041, '2018-04-23', 10020);
INSERT INTO activity(activity_id, date_prevue, date_realisee, distance_prevue, distance_realisee, estrealisee, programme_id, sport_id, CENTREINTERET_ID, timeframe_id) VALUES (10164, '2018-04-17', '2018-04-17', 10.953958762989934, 10.953958762989934, 1, 10041, 1, 10000, 29);
INSERT INTO activity(activity_id, date_prevue, date_realisee, distance_prevue, distance_realisee, estrealisee, programme_id, sport_id, CENTREINTERET_ID, timeframe_id) VALUES (10165, '2018-04-18', '2018-04-18', 7.973213683801058, 7.973213683801058, 1, 10041, 1, 10000, 32);
INSERT INTO activity(activity_id, date_prevue, date_realisee, distance_prevue, distance_realisee, estrealisee, programme_id, sport_id, CENTREINTERET_ID, timeframe_id) VALUES (10166, '2018-04-19', '2018-04-19', 10.755709121324617, 10.755709121324617, 1, 10041, 1, 10000, 37);
INSERT INTO activity(activity_id, date_prevue, date_realisee, distance_prevue, distance_realisee, estrealisee, programme_id, sport_id, CENTREINTERET_ID, timeframe_id) VALUES (10167, '2018-04-20', '2018-04-20', 7.390852223981216, 7.390852223981216, 1, 10041, 1, 10000, 12);

INSERT INTO point (ID, x, y) VALUES (50021, 45.720821411731485, 4.8708137831000204);
INSERT INTO users (ID, USERNAME, PASSWORD, FIRSTNAME, LASTNAME, EMAIL, ENABLED, LASTPASSWORDRESETDATE, Location_id, difficulty) VALUES (10021, "user21", "$2a$08$UkVvwpULis18S19S5pZFn.YHPZt3oaqHZnDwqbCW9pft6uFtkXKDC", "user21", "user21", "user21@user.com", 1, "2003/01/22", 50021, 2);
INSERT INTO user_authority (USER_ID, AUTHORITY_ID) VALUES (10021, 2);
INSERT INTO programme(programme_id, date_debut, user_id) VALUES (10042, '2018-04-30', 10021);
INSERT INTO activity(activity_id, date_prevue, distance_prevue, distance_realisee, estrealisee, programme_id, sport_id, CENTREINTERET_ID, timeframe_id) VALUES (10168, '2018-05-01', 9.479463269753957, 0, 0, 10042, 1, 10000, 14);
INSERT INTO activity(activity_id, date_prevue, distance_prevue, distance_realisee, estrealisee, programme_id, sport_id, CENTREINTERET_ID, timeframe_id) VALUES (10169, '2018-05-02', 10.617846959846805, 0, 0, 10042, 1, 10000, 20);
INSERT INTO activity(activity_id, date_prevue, distance_prevue, distance_realisee, estrealisee, programme_id, sport_id, CENTREINTERET_ID, timeframe_id) VALUES (10170, '2018-05-03', 8.908063310227641, 0, 0, 10042, 1, 10000, 31);
INSERT INTO activity(activity_id, date_prevue, distance_prevue, distance_realisee, estrealisee, programme_id, sport_id, CENTREINTERET_ID, timeframe_id) VALUES (10171, '2018-05-04', 8.461070999388413, 0, 0, 10042, 1, 10000, 39);
INSERT INTO programme(programme_id, date_debut, user_id) VALUES (10043, '2018-04-23', 10021);
INSERT INTO activity(activity_id, date_prevue, date_realisee, distance_prevue, distance_realisee, estrealisee, programme_id, sport_id, CENTREINTERET_ID, timeframe_id) VALUES (10172, '2018-04-17', '2018-04-17', 10.208538280557644, 10.208538280557644, 1, 10043, 1, 10000, 9);
INSERT INTO activity(activity_id, date_prevue, date_realisee, distance_prevue, distance_realisee, estrealisee, programme_id, sport_id, CENTREINTERET_ID, timeframe_id) VALUES (10173, '2018-04-18', '2018-04-18', 10.286080438599939, 10.286080438599939, 1, 10043, 1, 10000, 5);
INSERT INTO activity(activity_id, date_prevue, date_realisee, distance_prevue, distance_realisee, estrealisee, programme_id, sport_id, CENTREINTERET_ID, timeframe_id) VALUES (10174, '2018-04-19', '2018-04-19', 8.339918276682258, 8.339918276682258, 1, 10043, 1, 10000, 38);
INSERT INTO activity(activity_id, date_prevue, date_realisee, distance_prevue, distance_realisee, estrealisee, programme_id, sport_id, CENTREINTERET_ID, timeframe_id) VALUES (10175, '2018-04-20', '2018-04-20', 10.918324483215944, 10.918324483215944, 1, 10043, 1, 10000, 6);

INSERT INTO point (ID, x, y) VALUES (50022, 45.76219909797542, 4.854215492979389);
INSERT INTO users (ID, USERNAME, PASSWORD, FIRSTNAME, LASTNAME, EMAIL, ENABLED, LASTPASSWORDRESETDATE, Location_id, difficulty) VALUES (10022, "user22", "$2a$08$UkVvwpULis18S19S5pZFn.YHPZt3oaqHZnDwqbCW9pft6uFtkXKDC", "user22", "user22", "user22@user.com", 1, "2003/01/22", 50022, 2);
INSERT INTO user_authority (USER_ID, AUTHORITY_ID) VALUES (10022, 2);
INSERT INTO programme(programme_id, date_debut, user_id) VALUES (10044, '2018-04-30', 10022);
INSERT INTO activity(activity_id, date_prevue, distance_prevue, distance_realisee, estrealisee, programme_id, sport_id, CENTREINTERET_ID, timeframe_id) VALUES (10176, '2018-05-01', 7.494212297315887, 0, 0, 10044, 1, 10000, 14);
INSERT INTO activity(activity_id, date_prevue, distance_prevue, distance_realisee, estrealisee, programme_id, sport_id, CENTREINTERET_ID, timeframe_id) VALUES (10177, '2018-05-02', 9.628531482525307, 0, 0, 10044, 1, 10000, 20);
INSERT INTO activity(activity_id, date_prevue, distance_prevue, distance_realisee, estrealisee, programme_id, sport_id, CENTREINTERET_ID, timeframe_id) VALUES (10178, '2018-05-03', 10.723816372041782, 0, 0, 10044, 1, 10000, 31);
INSERT INTO activity(activity_id, date_prevue, distance_prevue, distance_realisee, estrealisee, programme_id, sport_id, CENTREINTERET_ID, timeframe_id) VALUES (10179, '2018-05-04', 11.383732529091544, 0, 0, 10044, 1, 10000, 39);
INSERT INTO programme(programme_id, date_debut, user_id) VALUES (10045, '2018-04-23', 10022);
INSERT INTO activity(activity_id, date_prevue, date_realisee, distance_prevue, distance_realisee, estrealisee, programme_id, sport_id, CENTREINTERET_ID, timeframe_id) VALUES (10180, '2018-04-17', '2018-04-17', 7.286369047356562, 7.286369047356562, 1, 10045, 1, 10000, 34);
INSERT INTO activity(activity_id, date_prevue, date_realisee, distance_prevue, distance_realisee, estrealisee, programme_id, sport_id, CENTREINTERET_ID, timeframe_id) VALUES (10181, '2018-04-18', '2018-04-18', 10.282572109590273, 10.282572109590273, 1, 10045, 1, 10000, 45);
INSERT INTO activity(activity_id, date_prevue, date_realisee, distance_prevue, distance_realisee, estrealisee, programme_id, sport_id, CENTREINTERET_ID, timeframe_id) VALUES (10182, '2018-04-19', '2018-04-19', 10.883333150180816, 10.883333150180816, 1, 10045, 1, 10000, 54);
INSERT INTO activity(activity_id, date_prevue, date_realisee, distance_prevue, distance_realisee, estrealisee, programme_id, sport_id, CENTREINTERET_ID, timeframe_id) VALUES (10183, '2018-04-20', '2018-04-20', 11.277125857503956, 11.277125857503956, 1, 10045, 1, 10000, 54);

INSERT INTO point (ID, x, y) VALUES (50023, 45.711667552604524, 4.888407316601453);
INSERT INTO users (ID, USERNAME, PASSWORD, FIRSTNAME, LASTNAME, EMAIL, ENABLED, LASTPASSWORDRESETDATE, Location_id, difficulty) VALUES (10023, "user23", "$2a$08$UkVvwpULis18S19S5pZFn.YHPZt3oaqHZnDwqbCW9pft6uFtkXKDC", "user23", "user23", "user23@user.com", 1, "2003/01/22", 50023, 2);
INSERT INTO user_authority (USER_ID, AUTHORITY_ID) VALUES (10023, 2);
INSERT INTO programme(programme_id, date_debut, user_id) VALUES (10046, '2018-04-30', 10023);
INSERT INTO activity(activity_id, date_prevue, distance_prevue, distance_realisee, estrealisee, programme_id, sport_id, CENTREINTERET_ID, timeframe_id) VALUES (10184, '2018-05-01', 10.799588949954847, 0, 0, 10046, 1, 10000, 14);
INSERT INTO activity(activity_id, date_prevue, distance_prevue, distance_realisee, estrealisee, programme_id, sport_id, CENTREINTERET_ID, timeframe_id) VALUES (10185, '2018-05-02', 9.031388731965928, 0, 0, 10046, 1, 10000, 20);
INSERT INTO activity(activity_id, date_prevue, distance_prevue, distance_realisee, estrealisee, programme_id, sport_id, CENTREINTERET_ID, timeframe_id) VALUES (10186, '2018-05-03', 7.96997030020588, 0, 0, 10046, 1, 10000, 31);
INSERT INTO activity(activity_id, date_prevue, distance_prevue, distance_realisee, estrealisee, programme_id, sport_id, CENTREINTERET_ID, timeframe_id) VALUES (10187, '2018-05-04', 7.617545736655446, 0, 0, 10046, 1, 10000, 39);
INSERT INTO programme(programme_id, date_debut, user_id) VALUES (10047, '2018-04-23', 10023);
INSERT INTO activity(activity_id, date_prevue, date_realisee, distance_prevue, distance_realisee, estrealisee, programme_id, sport_id, CENTREINTERET_ID, timeframe_id) VALUES (10188, '2018-04-17', '2018-04-17', 9.336873472897851, 9.336873472897851, 1, 10047, 1, 10000, 15);
INSERT INTO activity(activity_id, date_prevue, date_realisee, distance_prevue, distance_realisee, estrealisee, programme_id, sport_id, CENTREINTERET_ID, timeframe_id) VALUES (10189, '2018-04-18', '2018-04-18', 11.476422606342313, 11.476422606342313, 1, 10047, 1, 10000, 34);
INSERT INTO activity(activity_id, date_prevue, date_realisee, distance_prevue, distance_realisee, estrealisee, programme_id, sport_id, CENTREINTERET_ID, timeframe_id) VALUES (10190, '2018-04-19', '2018-04-19', 7.341737170542931, 7.341737170542931, 1, 10047, 1, 10000, 37);
INSERT INTO activity(activity_id, date_prevue, date_realisee, distance_prevue, distance_realisee, estrealisee, programme_id, sport_id, CENTREINTERET_ID, timeframe_id) VALUES (10191, '2018-04-20', '2018-04-20', 9.399866351992094, 9.399866351992094, 1, 10047, 1, 10000, 22);

INSERT INTO point (ID, x, y) VALUES (50024, 45.71598495925952, 4.834948806649762);
INSERT INTO users (ID, USERNAME, PASSWORD, FIRSTNAME, LASTNAME, EMAIL, ENABLED, LASTPASSWORDRESETDATE, Location_id, difficulty) VALUES (10024, "user24", "$2a$08$UkVvwpULis18S19S5pZFn.YHPZt3oaqHZnDwqbCW9pft6uFtkXKDC", "user24", "user24", "user24@user.com", 1, "2003/01/22", 50024, 0);
INSERT INTO user_authority (USER_ID, AUTHORITY_ID) VALUES (10024, 2);
INSERT INTO programme(programme_id, date_debut, user_id) VALUES (10048, '2018-04-30', 10024);
INSERT INTO activity(activity_id, date_prevue, distance_prevue, distance_realisee, estrealisee, programme_id, sport_id, CENTREINTERET_ID, timeframe_id) VALUES (10192, '2018-05-01', 8.469021328606523, 0, 0, 10048, 1, 10000, 14);
INSERT INTO activity(activity_id, date_prevue, distance_prevue, distance_realisee, estrealisee, programme_id, sport_id, CENTREINTERET_ID, timeframe_id) VALUES (10193, '2018-05-02', 8.077673736257328, 0, 0, 10048, 1, 10000, 20);
INSERT INTO activity(activity_id, date_prevue, distance_prevue, distance_realisee, estrealisee, programme_id, sport_id, CENTREINTERET_ID, timeframe_id) VALUES (10194, '2018-05-03', 7.1317564268950076, 0, 0, 10048, 1, 10000, 31);
INSERT INTO activity(activity_id, date_prevue, distance_prevue, distance_realisee, estrealisee, programme_id, sport_id, CENTREINTERET_ID, timeframe_id) VALUES (10195, '2018-05-04', 8.913645245522131, 0, 0, 10048, 1, 10000, 39);
INSERT INTO programme(programme_id, date_debut, user_id) VALUES (10049, '2018-04-23', 10024);
INSERT INTO activity(activity_id, date_prevue, date_realisee, distance_prevue, distance_realisee, estrealisee, programme_id, sport_id, CENTREINTERET_ID, timeframe_id) VALUES (10196, '2018-04-17', '2018-04-17', 8.271536191660186, 8.271536191660186, 1, 10049, 1, 10000, 23);
INSERT INTO activity(activity_id, date_prevue, date_realisee, distance_prevue, distance_realisee, estrealisee, programme_id, sport_id, CENTREINTERET_ID, timeframe_id) VALUES (10197, '2018-04-18', '2018-04-18', 11.809006115209858, 11.809006115209858, 1, 10049, 1, 10000, 35);
INSERT INTO activity(activity_id, date_prevue, date_realisee, distance_prevue, distance_realisee, estrealisee, programme_id, sport_id, CENTREINTERET_ID, timeframe_id) VALUES (10198, '2018-04-19', '2018-04-19', 11.760528034172838, 11.760528034172838, 1, 10049, 1, 10000, 2);
INSERT INTO activity(activity_id, date_prevue, date_realisee, distance_prevue, distance_realisee, estrealisee, programme_id, sport_id, CENTREINTERET_ID, timeframe_id) VALUES (10199, '2018-04-20', '2018-04-20', 9.92651861802523, 9.92651861802523, 1, 10049, 1, 10000, 16);

INSERT INTO point (ID, x, y) VALUES (50025, 45.77543470546244, 4.838619181868926);
INSERT INTO users (ID, USERNAME, PASSWORD, FIRSTNAME, LASTNAME, EMAIL, ENABLED, LASTPASSWORDRESETDATE, Location_id, difficulty) VALUES (10025, "user25", "$2a$08$UkVvwpULis18S19S5pZFn.YHPZt3oaqHZnDwqbCW9pft6uFtkXKDC", "user25", "user25", "user25@user.com", 1, "2003/01/22", 50025, 1);
INSERT INTO user_authority (USER_ID, AUTHORITY_ID) VALUES (10025, 2);
INSERT INTO programme(programme_id, date_debut, user_id) VALUES (10050, '2018-04-30', 10025);
INSERT INTO activity(activity_id, date_prevue, distance_prevue, distance_realisee, estrealisee, programme_id, sport_id, CENTREINTERET_ID, timeframe_id) VALUES (10200, '2018-05-01', 11.140879704573184, 0, 0, 10050, 1, 10000, 14);
INSERT INTO activity(activity_id, date_prevue, distance_prevue, distance_realisee, estrealisee, programme_id, sport_id, CENTREINTERET_ID, timeframe_id) VALUES (10201, '2018-05-02', 9.615117606610854, 0, 0, 10050, 1, 10000, 20);
INSERT INTO activity(activity_id, date_prevue, distance_prevue, distance_realisee, estrealisee, programme_id, sport_id, CENTREINTERET_ID, timeframe_id) VALUES (10202, '2018-05-03', 10.05405065045436, 0, 0, 10050, 1, 10000, 31);
INSERT INTO activity(activity_id, date_prevue, distance_prevue, distance_realisee, estrealisee, programme_id, sport_id, CENTREINTERET_ID, timeframe_id) VALUES (10203, '2018-05-04', 11.563724428541342, 0, 0, 10050, 1, 10000, 39);
INSERT INTO programme(programme_id, date_debut, user_id) VALUES (10051, '2018-04-23', 10025);
INSERT INTO activity(activity_id, date_prevue, date_realisee, distance_prevue, distance_realisee, estrealisee, programme_id, sport_id, CENTREINTERET_ID, timeframe_id) VALUES (10204, '2018-04-17', '2018-04-17', 9.75911237722081, 9.75911237722081, 1, 10051, 1, 10000, 45);
INSERT INTO activity(activity_id, date_prevue, date_realisee, distance_prevue, distance_realisee, estrealisee, programme_id, sport_id, CENTREINTERET_ID, timeframe_id) VALUES (10205, '2018-04-18', '2018-04-18', 11.889455605495684, 11.889455605495684, 1, 10051, 1, 10000, 39);
INSERT INTO activity(activity_id, date_prevue, date_realisee, distance_prevue, distance_realisee, estrealisee, programme_id, sport_id, CENTREINTERET_ID, timeframe_id) VALUES (10206, '2018-04-19', '2018-04-19', 9.151963266923232, 9.151963266923232, 1, 10051, 1, 10000, 39);
INSERT INTO activity(activity_id, date_prevue, date_realisee, distance_prevue, distance_realisee, estrealisee, programme_id, sport_id, CENTREINTERET_ID, timeframe_id) VALUES (10207, '2018-04-20', '2018-04-20', 9.725250556806538, 9.725250556806538, 1, 10051, 1, 10000, 33);

INSERT INTO point (ID, x, y) VALUES (50026, 45.76032035140028, 4.819821220864798);
INSERT INTO users (ID, USERNAME, PASSWORD, FIRSTNAME, LASTNAME, EMAIL, ENABLED, LASTPASSWORDRESETDATE, Location_id, difficulty) VALUES (10026, "user26", "$2a$08$UkVvwpULis18S19S5pZFn.YHPZt3oaqHZnDwqbCW9pft6uFtkXKDC", "user26", "user26", "user26@user.com", 1, "2003/01/22", 50026, 1);
INSERT INTO user_authority (USER_ID, AUTHORITY_ID) VALUES (10026, 2);
INSERT INTO programme(programme_id, date_debut, user_id) VALUES (10052, '2018-04-30', 10026);
INSERT INTO activity(activity_id, date_prevue, distance_prevue, distance_realisee, estrealisee, programme_id, sport_id, CENTREINTERET_ID, timeframe_id) VALUES (10208, '2018-05-01', 11.022595016910417, 0, 0, 10052, 1, 10000, 14);
INSERT INTO activity(activity_id, date_prevue, distance_prevue, distance_realisee, estrealisee, programme_id, sport_id, CENTREINTERET_ID, timeframe_id) VALUES (10209, '2018-05-02', 8.490377904697738, 0, 0, 10052, 1, 10000, 20);
INSERT INTO activity(activity_id, date_prevue, distance_prevue, distance_realisee, estrealisee, programme_id, sport_id, CENTREINTERET_ID, timeframe_id) VALUES (10210, '2018-05-03', 11.669153077644907, 0, 0, 10052, 1, 10000, 31);
INSERT INTO activity(activity_id, date_prevue, distance_prevue, distance_realisee, estrealisee, programme_id, sport_id, CENTREINTERET_ID, timeframe_id) VALUES (10211, '2018-05-04', 11.178280211547824, 0, 0, 10052, 1, 10000, 39);
INSERT INTO programme(programme_id, date_debut, user_id) VALUES (10053, '2018-04-23', 10026);
INSERT INTO activity(activity_id, date_prevue, date_realisee, distance_prevue, distance_realisee, estrealisee, programme_id, sport_id, CENTREINTERET_ID, timeframe_id) VALUES (10212, '2018-04-17', '2018-04-17', 9.242584370408201, 9.242584370408201, 1, 10053, 1, 10000, 16);
INSERT INTO activity(activity_id, date_prevue, date_realisee, distance_prevue, distance_realisee, estrealisee, programme_id, sport_id, CENTREINTERET_ID, timeframe_id) VALUES (10213, '2018-04-18', '2018-04-18', 7.711831181441491, 7.711831181441491, 1, 10053, 1, 10000, 45);
INSERT INTO activity(activity_id, date_prevue, date_realisee, distance_prevue, distance_realisee, estrealisee, programme_id, sport_id, CENTREINTERET_ID, timeframe_id) VALUES (10214, '2018-04-19', '2018-04-19', 11.945115911464733, 11.945115911464733, 1, 10053, 1, 10000, 52);
INSERT INTO activity(activity_id, date_prevue, date_realisee, distance_prevue, distance_realisee, estrealisee, programme_id, sport_id, CENTREINTERET_ID, timeframe_id) VALUES (10215, '2018-04-20', '2018-04-20', 8.267640172427257, 8.267640172427257, 1, 10053, 1, 10000, 16);

INSERT INTO point (ID, x, y) VALUES (50027, 45.725709056330906, 4.819547828944863);
INSERT INTO users (ID, USERNAME, PASSWORD, FIRSTNAME, LASTNAME, EMAIL, ENABLED, LASTPASSWORDRESETDATE, Location_id, difficulty) VALUES (10027, "user27", "$2a$08$UkVvwpULis18S19S5pZFn.YHPZt3oaqHZnDwqbCW9pft6uFtkXKDC", "user27", "user27", "user27@user.com", 1, "2003/01/22", 50027, 1);
INSERT INTO user_authority (USER_ID, AUTHORITY_ID) VALUES (10027, 2);
INSERT INTO programme(programme_id, date_debut, user_id) VALUES (10054, '2018-04-30', 10027);
INSERT INTO activity(activity_id, date_prevue, distance_prevue, distance_realisee, estrealisee, programme_id, sport_id, CENTREINTERET_ID, timeframe_id) VALUES (10216, '2018-05-01', 7.501141363136836, 0, 0, 10054, 1, 10000, 14);
INSERT INTO activity(activity_id, date_prevue, distance_prevue, distance_realisee, estrealisee, programme_id, sport_id, CENTREINTERET_ID, timeframe_id) VALUES (10217, '2018-05-02', 10.832101413381631, 0, 0, 10054, 1, 10000, 20);
INSERT INTO activity(activity_id, date_prevue, distance_prevue, distance_realisee, estrealisee, programme_id, sport_id, CENTREINTERET_ID, timeframe_id) VALUES (10218, '2018-05-03', 10.13646210449198, 0, 0, 10054, 1, 10000, 31);
INSERT INTO activity(activity_id, date_prevue, distance_prevue, distance_realisee, estrealisee, programme_id, sport_id, CENTREINTERET_ID, timeframe_id) VALUES (10219, '2018-05-04', 9.601287897403362, 0, 0, 10054, 1, 10000, 39);
INSERT INTO programme(programme_id, date_debut, user_id) VALUES (10055, '2018-04-23', 10027);
INSERT INTO activity(activity_id, date_prevue, date_realisee, distance_prevue, distance_realisee, estrealisee, programme_id, sport_id, CENTREINTERET_ID, timeframe_id) VALUES (10220, '2018-04-17', '2018-04-17', 9.279812964777573, 9.279812964777573, 1, 10055, 1, 10000, 47);
INSERT INTO activity(activity_id, date_prevue, date_realisee, distance_prevue, distance_realisee, estrealisee, programme_id, sport_id, CENTREINTERET_ID, timeframe_id) VALUES (10221, '2018-04-18', '2018-04-18', 8.61729213266469, 8.61729213266469, 1, 10055, 1, 10000, 12);
INSERT INTO activity(activity_id, date_prevue, date_realisee, distance_prevue, distance_realisee, estrealisee, programme_id, sport_id, CENTREINTERET_ID, timeframe_id) VALUES (10222, '2018-04-19', '2018-04-19', 11.293189033548195, 11.293189033548195, 1, 10055, 1, 10000, 28);
INSERT INTO activity(activity_id, date_prevue, date_realisee, distance_prevue, distance_realisee, estrealisee, programme_id, sport_id, CENTREINTERET_ID, timeframe_id) VALUES (10223, '2018-04-20', '2018-04-20', 8.185848954573615, 8.185848954573615, 1, 10055, 1, 10000, 55);

INSERT INTO point (ID, x, y) VALUES (50028, 45.78038414677819, 4.82514113569019);
INSERT INTO users (ID, USERNAME, PASSWORD, FIRSTNAME, LASTNAME, EMAIL, ENABLED, LASTPASSWORDRESETDATE, Location_id, difficulty) VALUES (10028, "user28", "$2a$08$UkVvwpULis18S19S5pZFn.YHPZt3oaqHZnDwqbCW9pft6uFtkXKDC", "user28", "user28", "user28@user.com", 1, "2003/01/22", 50028, 2);
INSERT INTO user_authority (USER_ID, AUTHORITY_ID) VALUES (10028, 2);
INSERT INTO programme(programme_id, date_debut, user_id) VALUES (10056, '2018-04-30', 10028);
INSERT INTO activity(activity_id, date_prevue, distance_prevue, distance_realisee, estrealisee, programme_id, sport_id, CENTREINTERET_ID, timeframe_id) VALUES (10224, '2018-05-01', 9.43573326896695, 0, 0, 10056, 1, 10000, 14);
INSERT INTO activity(activity_id, date_prevue, distance_prevue, distance_realisee, estrealisee, programme_id, sport_id, CENTREINTERET_ID, timeframe_id) VALUES (10225, '2018-05-02', 7.59282081830786, 0, 0, 10056, 1, 10000, 20);
INSERT INTO activity(activity_id, date_prevue, distance_prevue, distance_realisee, estrealisee, programme_id, sport_id, CENTREINTERET_ID, timeframe_id) VALUES (10226, '2018-05-03', 10.053405419911748, 0, 0, 10056, 1, 10000, 31);
INSERT INTO activity(activity_id, date_prevue, distance_prevue, distance_realisee, estrealisee, programme_id, sport_id, CENTREINTERET_ID, timeframe_id) VALUES (10227, '2018-05-04', 11.156433869406811, 0, 0, 10056, 1, 10000, 39);
INSERT INTO programme(programme_id, date_debut, user_id) VALUES (10057, '2018-04-23', 10028);
INSERT INTO activity(activity_id, date_prevue, date_realisee, distance_prevue, distance_realisee, estrealisee, programme_id, sport_id, CENTREINTERET_ID, timeframe_id) VALUES (10228, '2018-04-17', '2018-04-17', 8.722862502003096, 8.722862502003096, 1, 10057, 1, 10000, 11);
INSERT INTO activity(activity_id, date_prevue, date_realisee, distance_prevue, distance_realisee, estrealisee, programme_id, sport_id, CENTREINTERET_ID, timeframe_id) VALUES (10229, '2018-04-18', '2018-04-18', 7.7144602220541945, 7.7144602220541945, 1, 10057, 1, 10000, 44);
INSERT INTO activity(activity_id, date_prevue, date_realisee, distance_prevue, distance_realisee, estrealisee, programme_id, sport_id, CENTREINTERET_ID, timeframe_id) VALUES (10230, '2018-04-19', '2018-04-19', 7.91627987872847, 7.91627987872847, 1, 10057, 1, 10000, 42);
INSERT INTO activity(activity_id, date_prevue, date_realisee, distance_prevue, distance_realisee, estrealisee, programme_id, sport_id, CENTREINTERET_ID, timeframe_id) VALUES (10231, '2018-04-20', '2018-04-20', 11.859422193925532, 11.859422193925532, 1, 10057, 1, 10000, 40);

INSERT INTO point (ID, x, y) VALUES (50029, 45.77285020296439, 4.855121371601389);
INSERT INTO users (ID, USERNAME, PASSWORD, FIRSTNAME, LASTNAME, EMAIL, ENABLED, LASTPASSWORDRESETDATE, Location_id, difficulty) VALUES (10029, "user29", "$2a$08$UkVvwpULis18S19S5pZFn.YHPZt3oaqHZnDwqbCW9pft6uFtkXKDC", "user29", "user29", "user29@user.com", 1, "2003/01/22", 50029, 2);
INSERT INTO user_authority (USER_ID, AUTHORITY_ID) VALUES (10029, 2);
INSERT INTO programme(programme_id, date_debut, user_id) VALUES (10058, '2018-04-30', 10029);
INSERT INTO activity(activity_id, date_prevue, distance_prevue, distance_realisee, estrealisee, programme_id, sport_id, CENTREINTERET_ID, timeframe_id) VALUES (10232, '2018-05-01', 7.797607251699354, 0, 0, 10058, 1, 10000, 14);
INSERT INTO activity(activity_id, date_prevue, distance_prevue, distance_realisee, estrealisee, programme_id, sport_id, CENTREINTERET_ID, timeframe_id) VALUES (10233, '2018-05-02', 8.377864987489286, 0, 0, 10058, 1, 10000, 20);
INSERT INTO activity(activity_id, date_prevue, distance_prevue, distance_realisee, estrealisee, programme_id, sport_id, CENTREINTERET_ID, timeframe_id) VALUES (10234, '2018-05-03', 8.137494290522518, 0, 0, 10058, 1, 10000, 31);
INSERT INTO activity(activity_id, date_prevue, distance_prevue, distance_realisee, estrealisee, programme_id, sport_id, CENTREINTERET_ID, timeframe_id) VALUES (10235, '2018-05-04', 11.248160090854476, 0, 0, 10058, 1, 10000, 39);
INSERT INTO programme(programme_id, date_debut, user_id) VALUES (10059, '2018-04-23', 10029);
INSERT INTO activity(activity_id, date_prevue, date_realisee, distance_prevue, distance_realisee, estrealisee, programme_id, sport_id, CENTREINTERET_ID, timeframe_id) VALUES (10236, '2018-04-17', '2018-04-17', 10.03855373248649, 10.03855373248649, 1, 10059, 1, 10000, 27);
INSERT INTO activity(activity_id, date_prevue, date_realisee, distance_prevue, distance_realisee, estrealisee, programme_id, sport_id, CENTREINTERET_ID, timeframe_id) VALUES (10237, '2018-04-18', '2018-04-18', 11.668658859704006, 11.668658859704006, 1, 10059, 1, 10000, 45);
INSERT INTO activity(activity_id, date_prevue, date_realisee, distance_prevue, distance_realisee, estrealisee, programme_id, sport_id, CENTREINTERET_ID, timeframe_id) VALUES (10238, '2018-04-19', '2018-04-19', 8.57747951111795, 8.57747951111795, 1, 10059, 1, 10000, 39);
INSERT INTO activity(activity_id, date_prevue, date_realisee, distance_prevue, distance_realisee, estrealisee, programme_id, sport_id, CENTREINTERET_ID, timeframe_id) VALUES (10239, '2018-04-20', '2018-04-20', 8.146717994973363, 8.146717994973363, 1, 10059, 1, 10000, 8);

INSERT INTO point (ID, x, y) VALUES (50030, 45.72592549510545, 4.84174493556889);
INSERT INTO users (ID, USERNAME, PASSWORD, FIRSTNAME, LASTNAME, EMAIL, ENABLED, LASTPASSWORDRESETDATE, Location_id, difficulty) VALUES (10030, "user30", "$2a$08$UkVvwpULis18S19S5pZFn.YHPZt3oaqHZnDwqbCW9pft6uFtkXKDC", "user30", "user30", "user30@user.com", 1, "2003/01/22", 50030, 2);
INSERT INTO user_authority (USER_ID, AUTHORITY_ID) VALUES (10030, 2);
INSERT INTO programme(programme_id, date_debut, user_id) VALUES (10060, '2018-04-30', 10030);
INSERT INTO activity(activity_id, date_prevue, distance_prevue, distance_realisee, estrealisee, programme_id, sport_id, CENTREINTERET_ID, timeframe_id) VALUES (10240, '2018-05-01', 7.713672079831143, 0, 0, 10060, 1, 10000, 14);
INSERT INTO activity(activity_id, date_prevue, distance_prevue, distance_realisee, estrealisee, programme_id, sport_id, CENTREINTERET_ID, timeframe_id) VALUES (10241, '2018-05-02', 7.372786693812179, 0, 0, 10060, 1, 10000, 20);
INSERT INTO activity(activity_id, date_prevue, distance_prevue, distance_realisee, estrealisee, programme_id, sport_id, CENTREINTERET_ID, timeframe_id) VALUES (10242, '2018-05-03', 9.916298853634354, 0, 0, 10060, 1, 10000, 31);
INSERT INTO activity(activity_id, date_prevue, distance_prevue, distance_realisee, estrealisee, programme_id, sport_id, CENTREINTERET_ID, timeframe_id) VALUES (10243, '2018-05-04', 11.639653537881157, 0, 0, 10060, 1, 10000, 39);
INSERT INTO programme(programme_id, date_debut, user_id) VALUES (10061, '2018-04-23', 10030);
INSERT INTO activity(activity_id, date_prevue, date_realisee, distance_prevue, distance_realisee, estrealisee, programme_id, sport_id, CENTREINTERET_ID, timeframe_id) VALUES (10244, '2018-04-17', '2018-04-17', 11.502882612771238, 11.502882612771238, 1, 10061, 1, 10000, 31);
INSERT INTO activity(activity_id, date_prevue, date_realisee, distance_prevue, distance_realisee, estrealisee, programme_id, sport_id, CENTREINTERET_ID, timeframe_id) VALUES (10245, '2018-04-18', '2018-04-18', 8.493710508589082, 8.493710508589082, 1, 10061, 1, 10000, 31);
INSERT INTO activity(activity_id, date_prevue, date_realisee, distance_prevue, distance_realisee, estrealisee, programme_id, sport_id, CENTREINTERET_ID, timeframe_id) VALUES (10246, '2018-04-19', '2018-04-19', 8.940648478054326, 8.940648478054326, 1, 10061, 1, 10000, 22);
INSERT INTO activity(activity_id, date_prevue, date_realisee, distance_prevue, distance_realisee, estrealisee, programme_id, sport_id, CENTREINTERET_ID, timeframe_id) VALUES (10247, '2018-04-20', '2018-04-20', 9.365105470741515, 9.365105470741515, 1, 10061, 1, 10000, 23);

INSERT INTO point (ID, x, y) VALUES (50031, 45.72769547712462, 4.847353707371898);
INSERT INTO users (ID, USERNAME, PASSWORD, FIRSTNAME, LASTNAME, EMAIL, ENABLED, LASTPASSWORDRESETDATE, Location_id, difficulty) VALUES (10031, "user31", "$2a$08$UkVvwpULis18S19S5pZFn.YHPZt3oaqHZnDwqbCW9pft6uFtkXKDC", "user31", "user31", "user31@user.com", 1, "2003/01/22", 50031, 2);
INSERT INTO user_authority (USER_ID, AUTHORITY_ID) VALUES (10031, 2);
INSERT INTO programme(programme_id, date_debut, user_id) VALUES (10062, '2018-04-30', 10031);
INSERT INTO activity(activity_id, date_prevue, distance_prevue, distance_realisee, estrealisee, programme_id, sport_id, CENTREINTERET_ID, timeframe_id) VALUES (10248, '2018-05-01', 7.616812775378489, 0, 0, 10062, 1, 10000, 14);
INSERT INTO activity(activity_id, date_prevue, distance_prevue, distance_realisee, estrealisee, programme_id, sport_id, CENTREINTERET_ID, timeframe_id) VALUES (10249, '2018-05-02', 8.812824154308592, 0, 0, 10062, 1, 10000, 20);
INSERT INTO activity(activity_id, date_prevue, distance_prevue, distance_realisee, estrealisee, programme_id, sport_id, CENTREINTERET_ID, timeframe_id) VALUES (10250, '2018-05-03', 10.50202945923417, 0, 0, 10062, 1, 10000, 31);
INSERT INTO activity(activity_id, date_prevue, distance_prevue, distance_realisee, estrealisee, programme_id, sport_id, CENTREINTERET_ID, timeframe_id) VALUES (10251, '2018-05-04', 11.440888179726883, 0, 0, 10062, 1, 10000, 39);
INSERT INTO programme(programme_id, date_debut, user_id) VALUES (10063, '2018-04-23', 10031);
INSERT INTO activity(activity_id, date_prevue, date_realisee, distance_prevue, distance_realisee, estrealisee, programme_id, sport_id, CENTREINTERET_ID, timeframe_id) VALUES (10252, '2018-04-17', '2018-04-17', 7.758501961348161, 7.758501961348161, 1, 10063, 1, 10000, 37);
INSERT INTO activity(activity_id, date_prevue, date_realisee, distance_prevue, distance_realisee, estrealisee, programme_id, sport_id, CENTREINTERET_ID, timeframe_id) VALUES (10253, '2018-04-18', '2018-04-18', 9.275732783009598, 9.275732783009598, 1, 10063, 1, 10000, 26);
INSERT INTO activity(activity_id, date_prevue, date_realisee, distance_prevue, distance_realisee, estrealisee, programme_id, sport_id, CENTREINTERET_ID, timeframe_id) VALUES (10254, '2018-04-19', '2018-04-19', 10.907200225126868, 10.907200225126868, 1, 10063, 1, 10000, 39);
INSERT INTO activity(activity_id, date_prevue, date_realisee, distance_prevue, distance_realisee, estrealisee, programme_id, sport_id, CENTREINTERET_ID, timeframe_id) VALUES (10255, '2018-04-20', '2018-04-20', 8.404034701593718, 8.404034701593718, 1, 10063, 1, 10000, 2);

INSERT INTO point (ID, x, y) VALUES (50032, 45.73705213416688, 4.8561268157055215);
INSERT INTO users (ID, USERNAME, PASSWORD, FIRSTNAME, LASTNAME, EMAIL, ENABLED, LASTPASSWORDRESETDATE, Location_id, difficulty) VALUES (10032, "user32", "$2a$08$UkVvwpULis18S19S5pZFn.YHPZt3oaqHZnDwqbCW9pft6uFtkXKDC", "user32", "user32", "user32@user.com", 1, "2003/01/22", 50032, 0);
INSERT INTO user_authority (USER_ID, AUTHORITY_ID) VALUES (10032, 2);
INSERT INTO programme(programme_id, date_debut, user_id) VALUES (10064, '2018-04-30', 10032);
INSERT INTO activity(activity_id, date_prevue, distance_prevue, distance_realisee, estrealisee, programme_id, sport_id, CENTREINTERET_ID, timeframe_id) VALUES (10256, '2018-05-01', 10.812063752442821, 0, 0, 10064, 1, 10000, 14);
INSERT INTO activity(activity_id, date_prevue, distance_prevue, distance_realisee, estrealisee, programme_id, sport_id, CENTREINTERET_ID, timeframe_id) VALUES (10257, '2018-05-02', 9.839523233975628, 0, 0, 10064, 1, 10000, 20);
INSERT INTO activity(activity_id, date_prevue, distance_prevue, distance_realisee, estrealisee, programme_id, sport_id, CENTREINTERET_ID, timeframe_id) VALUES (10258, '2018-05-03', 7.264689245231203, 0, 0, 10064, 1, 10000, 31);
INSERT INTO activity(activity_id, date_prevue, distance_prevue, distance_realisee, estrealisee, programme_id, sport_id, CENTREINTERET_ID, timeframe_id) VALUES (10259, '2018-05-04', 10.217990789609214, 0, 0, 10064, 1, 10000, 39);
INSERT INTO programme(programme_id, date_debut, user_id) VALUES (10065, '2018-04-23', 10032);
INSERT INTO activity(activity_id, date_prevue, date_realisee, distance_prevue, distance_realisee, estrealisee, programme_id, sport_id, CENTREINTERET_ID, timeframe_id) VALUES (10260, '2018-04-17', '2018-04-17', 8.058528337125274, 8.058528337125274, 1, 10065, 1, 10000, 55);
INSERT INTO activity(activity_id, date_prevue, date_realisee, distance_prevue, distance_realisee, estrealisee, programme_id, sport_id, CENTREINTERET_ID, timeframe_id) VALUES (10261, '2018-04-18', '2018-04-18', 8.786040938173086, 8.786040938173086, 1, 10065, 1, 10000, 22);
INSERT INTO activity(activity_id, date_prevue, date_realisee, distance_prevue, distance_realisee, estrealisee, programme_id, sport_id, CENTREINTERET_ID, timeframe_id) VALUES (10262, '2018-04-19', '2018-04-19', 8.431925730195314, 8.431925730195314, 1, 10065, 1, 10000, 38);
INSERT INTO activity(activity_id, date_prevue, date_realisee, distance_prevue, distance_realisee, estrealisee, programme_id, sport_id, CENTREINTERET_ID, timeframe_id) VALUES (10263, '2018-04-20', '2018-04-20', 10.066858471028771, 10.066858471028771, 1, 10065, 1, 10000, 24);

INSERT INTO point (ID, x, y) VALUES (50033, 45.749997241099216, 4.865493334923702);
INSERT INTO users (ID, USERNAME, PASSWORD, FIRSTNAME, LASTNAME, EMAIL, ENABLED, LASTPASSWORDRESETDATE, Location_id, difficulty) VALUES (10033, "user33", "$2a$08$UkVvwpULis18S19S5pZFn.YHPZt3oaqHZnDwqbCW9pft6uFtkXKDC", "user33", "user33", "user33@user.com", 1, "2003/01/22", 50033, 1);
INSERT INTO user_authority (USER_ID, AUTHORITY_ID) VALUES (10033, 2);
INSERT INTO programme(programme_id, date_debut, user_id) VALUES (10066, '2018-04-30', 10033);
INSERT INTO activity(activity_id, date_prevue, distance_prevue, distance_realisee, estrealisee, programme_id, sport_id, CENTREINTERET_ID, timeframe_id) VALUES (10264, '2018-05-01', 7.671515621170724, 0, 0, 10066, 1, 10000, 14);
INSERT INTO activity(activity_id, date_prevue, distance_prevue, distance_realisee, estrealisee, programme_id, sport_id, CENTREINTERET_ID, timeframe_id) VALUES (10265, '2018-05-02', 9.644628352686363, 0, 0, 10066, 1, 10000, 20);
INSERT INTO activity(activity_id, date_prevue, distance_prevue, distance_realisee, estrealisee, programme_id, sport_id, CENTREINTERET_ID, timeframe_id) VALUES (10266, '2018-05-03', 7.089580115849336, 0, 0, 10066, 1, 10000, 31);
INSERT INTO activity(activity_id, date_prevue, distance_prevue, distance_realisee, estrealisee, programme_id, sport_id, CENTREINTERET_ID, timeframe_id) VALUES (10267, '2018-05-04', 11.503170144579665, 0, 0, 10066, 1, 10000, 39);
INSERT INTO programme(programme_id, date_debut, user_id) VALUES (10067, '2018-04-23', 10033);
INSERT INTO activity(activity_id, date_prevue, date_realisee, distance_prevue, distance_realisee, estrealisee, programme_id, sport_id, CENTREINTERET_ID, timeframe_id) VALUES (10268, '2018-04-17', '2018-04-17', 10.374097395623519, 10.374097395623519, 1, 10067, 1, 10000, 35);
INSERT INTO activity(activity_id, date_prevue, date_realisee, distance_prevue, distance_realisee, estrealisee, programme_id, sport_id, CENTREINTERET_ID, timeframe_id) VALUES (10269, '2018-04-18', '2018-04-18', 11.416811943220097, 11.416811943220097, 1, 10067, 1, 10000, 45);
INSERT INTO activity(activity_id, date_prevue, date_realisee, distance_prevue, distance_realisee, estrealisee, programme_id, sport_id, CENTREINTERET_ID, timeframe_id) VALUES (10270, '2018-04-19', '2018-04-19', 9.705050226529355, 9.705050226529355, 1, 10067, 1, 10000, 43);
INSERT INTO activity(activity_id, date_prevue, date_realisee, distance_prevue, distance_realisee, estrealisee, programme_id, sport_id, CENTREINTERET_ID, timeframe_id) VALUES (10271, '2018-04-20', '2018-04-20', 9.309440523980356, 9.309440523980356, 1, 10067, 1, 10000, 10);

INSERT INTO point (ID, x, y) VALUES (50034, 45.75125329241536, 4.841633674536633);
INSERT INTO users (ID, USERNAME, PASSWORD, FIRSTNAME, LASTNAME, EMAIL, ENABLED, LASTPASSWORDRESETDATE, Location_id, difficulty) VALUES (10034, "user34", "$2a$08$UkVvwpULis18S19S5pZFn.YHPZt3oaqHZnDwqbCW9pft6uFtkXKDC", "user34", "user34", "user34@user.com", 1, "2003/01/22", 50034, 2);
INSERT INTO user_authority (USER_ID, AUTHORITY_ID) VALUES (10034, 2);
INSERT INTO programme(programme_id, date_debut, user_id) VALUES (10068, '2018-04-30', 10034);
INSERT INTO activity(activity_id, date_prevue, distance_prevue, distance_realisee, estrealisee, programme_id, sport_id, CENTREINTERET_ID, timeframe_id) VALUES (10272, '2018-05-01', 11.825863839533246, 0, 0, 10068, 1, 10000, 14);
INSERT INTO activity(activity_id, date_prevue, distance_prevue, distance_realisee, estrealisee, programme_id, sport_id, CENTREINTERET_ID, timeframe_id) VALUES (10273, '2018-05-02', 10.436430738559142, 0, 0, 10068, 1, 10000, 20);
INSERT INTO activity(activity_id, date_prevue, distance_prevue, distance_realisee, estrealisee, programme_id, sport_id, CENTREINTERET_ID, timeframe_id) VALUES (10274, '2018-05-03', 10.66882177407159, 0, 0, 10068, 1, 10000, 31);
INSERT INTO activity(activity_id, date_prevue, distance_prevue, distance_realisee, estrealisee, programme_id, sport_id, CENTREINTERET_ID, timeframe_id) VALUES (10275, '2018-05-04', 9.274074067477859, 0, 0, 10068, 1, 10000, 39);
INSERT INTO programme(programme_id, date_debut, user_id) VALUES (10069, '2018-04-23', 10034);
INSERT INTO activity(activity_id, date_prevue, date_realisee, distance_prevue, distance_realisee, estrealisee, programme_id, sport_id, CENTREINTERET_ID, timeframe_id) VALUES (10276, '2018-04-17', '2018-04-17', 8.315703162346036, 8.315703162346036, 1, 10069, 1, 10000, 8);
INSERT INTO activity(activity_id, date_prevue, date_realisee, distance_prevue, distance_realisee, estrealisee, programme_id, sport_id, CENTREINTERET_ID, timeframe_id) VALUES (10277, '2018-04-18', '2018-04-18', 8.47555673759779, 8.47555673759779, 1, 10069, 1, 10000, 9);
INSERT INTO activity(activity_id, date_prevue, date_realisee, distance_prevue, distance_realisee, estrealisee, programme_id, sport_id, CENTREINTERET_ID, timeframe_id) VALUES (10278, '2018-04-19', '2018-04-19', 10.090813608115859, 10.090813608115859, 1, 10069, 1, 10000, 47);
INSERT INTO activity(activity_id, date_prevue, date_realisee, distance_prevue, distance_realisee, estrealisee, programme_id, sport_id, CENTREINTERET_ID, timeframe_id) VALUES (10279, '2018-04-20', '2018-04-20', 7.877351118830849, 7.877351118830849, 1, 10069, 1, 10000, 34);

INSERT INTO point (ID, x, y) VALUES (50035, 45.74679022278919, 4.816090908592548);
INSERT INTO users (ID, USERNAME, PASSWORD, FIRSTNAME, LASTNAME, EMAIL, ENABLED, LASTPASSWORDRESETDATE, Location_id, difficulty) VALUES (10035, "user35", "$2a$08$UkVvwpULis18S19S5pZFn.YHPZt3oaqHZnDwqbCW9pft6uFtkXKDC", "user35", "user35", "user35@user.com", 1, "2003/01/22", 50035, 2);
INSERT INTO user_authority (USER_ID, AUTHORITY_ID) VALUES (10035, 2);
INSERT INTO programme(programme_id, date_debut, user_id) VALUES (10070, '2018-04-30', 10035);
INSERT INTO activity(activity_id, date_prevue, distance_prevue, distance_realisee, estrealisee, programme_id, sport_id, CENTREINTERET_ID, timeframe_id) VALUES (10280, '2018-05-01', 7.401589528527573, 0, 0, 10070, 1, 10000, 14);
INSERT INTO activity(activity_id, date_prevue, distance_prevue, distance_realisee, estrealisee, programme_id, sport_id, CENTREINTERET_ID, timeframe_id) VALUES (10281, '2018-05-02', 11.453355517320285, 0, 0, 10070, 1, 10000, 20);
INSERT INTO activity(activity_id, date_prevue, distance_prevue, distance_realisee, estrealisee, programme_id, sport_id, CENTREINTERET_ID, timeframe_id) VALUES (10282, '2018-05-03', 9.94069747969871, 0, 0, 10070, 1, 10000, 31);
INSERT INTO activity(activity_id, date_prevue, distance_prevue, distance_realisee, estrealisee, programme_id, sport_id, CENTREINTERET_ID, timeframe_id) VALUES (10283, '2018-05-04', 7.922235740346147, 0, 0, 10070, 1, 10000, 39);
INSERT INTO programme(programme_id, date_debut, user_id) VALUES (10071, '2018-04-23', 10035);
INSERT INTO activity(activity_id, date_prevue, date_realisee, distance_prevue, distance_realisee, estrealisee, programme_id, sport_id, CENTREINTERET_ID, timeframe_id) VALUES (10284, '2018-04-17', '2018-04-17', 10.533036174422453, 10.533036174422453, 1, 10071, 1, 10000, 9);
INSERT INTO activity(activity_id, date_prevue, date_realisee, distance_prevue, distance_realisee, estrealisee, programme_id, sport_id, CENTREINTERET_ID, timeframe_id) VALUES (10285, '2018-04-18', '2018-04-18', 7.64462976201428, 7.64462976201428, 1, 10071, 1, 10000, 9);
INSERT INTO activity(activity_id, date_prevue, date_realisee, distance_prevue, distance_realisee, estrealisee, programme_id, sport_id, CENTREINTERET_ID, timeframe_id) VALUES (10286, '2018-04-19', '2018-04-19', 9.981883615890442, 9.981883615890442, 1, 10071, 1, 10000, 1);
INSERT INTO activity(activity_id, date_prevue, date_realisee, distance_prevue, distance_realisee, estrealisee, programme_id, sport_id, CENTREINTERET_ID, timeframe_id) VALUES (10287, '2018-04-20', '2018-04-20', 9.871595417173886, 9.871595417173886, 1, 10071, 1, 10000, 53);

INSERT INTO point (ID, x, y) VALUES (50036, 45.78513188827369, 4.860165876962712);
INSERT INTO users (ID, USERNAME, PASSWORD, FIRSTNAME, LASTNAME, EMAIL, ENABLED, LASTPASSWORDRESETDATE, Location_id, difficulty) VALUES (10036, "user36", "$2a$08$UkVvwpULis18S19S5pZFn.YHPZt3oaqHZnDwqbCW9pft6uFtkXKDC", "user36", "user36", "user36@user.com", 1, "2003/01/22", 50036, 1);
INSERT INTO user_authority (USER_ID, AUTHORITY_ID) VALUES (10036, 2);
INSERT INTO programme(programme_id, date_debut, user_id) VALUES (10072, '2018-04-30', 10036);
INSERT INTO activity(activity_id, date_prevue, distance_prevue, distance_realisee, estrealisee, programme_id, sport_id, CENTREINTERET_ID, timeframe_id) VALUES (10288, '2018-05-01', 7.970990388780716, 0, 0, 10072, 1, 10000, 14);
INSERT INTO activity(activity_id, date_prevue, distance_prevue, distance_realisee, estrealisee, programme_id, sport_id, CENTREINTERET_ID, timeframe_id) VALUES (10289, '2018-05-02', 10.444692591382747, 0, 0, 10072, 1, 10000, 20);
INSERT INTO activity(activity_id, date_prevue, distance_prevue, distance_realisee, estrealisee, programme_id, sport_id, CENTREINTERET_ID, timeframe_id) VALUES (10290, '2018-05-03', 10.336972970044018, 0, 0, 10072, 1, 10000, 31);
INSERT INTO activity(activity_id, date_prevue, distance_prevue, distance_realisee, estrealisee, programme_id, sport_id, CENTREINTERET_ID, timeframe_id) VALUES (10291, '2018-05-04', 8.345275793258233, 0, 0, 10072, 1, 10000, 39);
INSERT INTO programme(programme_id, date_debut, user_id) VALUES (10073, '2018-04-23', 10036);
INSERT INTO activity(activity_id, date_prevue, date_realisee, distance_prevue, distance_realisee, estrealisee, programme_id, sport_id, CENTREINTERET_ID, timeframe_id) VALUES (10292, '2018-04-17', '2018-04-17', 10.100845758038224, 10.100845758038224, 1, 10073, 1, 10000, 22);
INSERT INTO activity(activity_id, date_prevue, date_realisee, distance_prevue, distance_realisee, estrealisee, programme_id, sport_id, CENTREINTERET_ID, timeframe_id) VALUES (10293, '2018-04-18', '2018-04-18', 8.143700764352966, 8.143700764352966, 1, 10073, 1, 10000, 32);
INSERT INTO activity(activity_id, date_prevue, date_realisee, distance_prevue, distance_realisee, estrealisee, programme_id, sport_id, CENTREINTERET_ID, timeframe_id) VALUES (10294, '2018-04-19', '2018-04-19', 7.804461204348024, 7.804461204348024, 1, 10073, 1, 10000, 36);
INSERT INTO activity(activity_id, date_prevue, date_realisee, distance_prevue, distance_realisee, estrealisee, programme_id, sport_id, CENTREINTERET_ID, timeframe_id) VALUES (10295, '2018-04-20', '2018-04-20', 8.010814469745748, 8.010814469745748, 1, 10073, 1, 10000, 51);

INSERT INTO point (ID, x, y) VALUES (50037, 45.777581277442884, 4.810285006180592);
INSERT INTO users (ID, USERNAME, PASSWORD, FIRSTNAME, LASTNAME, EMAIL, ENABLED, LASTPASSWORDRESETDATE, Location_id, difficulty) VALUES (10037, "user37", "$2a$08$UkVvwpULis18S19S5pZFn.YHPZt3oaqHZnDwqbCW9pft6uFtkXKDC", "user37", "user37", "user37@user.com", 1, "2003/01/22", 50037, 2);
INSERT INTO user_authority (USER_ID, AUTHORITY_ID) VALUES (10037, 2);
INSERT INTO programme(programme_id, date_debut, user_id) VALUES (10074, '2018-04-30', 10037);
INSERT INTO activity(activity_id, date_prevue, distance_prevue, distance_realisee, estrealisee, programme_id, sport_id, CENTREINTERET_ID, timeframe_id) VALUES (10296, '2018-05-01', 9.244188462842338, 0, 0, 10074, 1, 10000, 14);
INSERT INTO activity(activity_id, date_prevue, distance_prevue, distance_realisee, estrealisee, programme_id, sport_id, CENTREINTERET_ID, timeframe_id) VALUES (10297, '2018-05-02', 7.038630413816428, 0, 0, 10074, 1, 10000, 20);
INSERT INTO activity(activity_id, date_prevue, distance_prevue, distance_realisee, estrealisee, programme_id, sport_id, CENTREINTERET_ID, timeframe_id) VALUES (10298, '2018-05-03', 9.361316213023798, 0, 0, 10074, 1, 10000, 31);
INSERT INTO activity(activity_id, date_prevue, distance_prevue, distance_realisee, estrealisee, programme_id, sport_id, CENTREINTERET_ID, timeframe_id) VALUES (10299, '2018-05-04', 8.688397398816342, 0, 0, 10074, 1, 10000, 39);
INSERT INTO programme(programme_id, date_debut, user_id) VALUES (10075, '2018-04-23', 10037);
INSERT INTO activity(activity_id, date_prevue, date_realisee, distance_prevue, distance_realisee, estrealisee, programme_id, sport_id, CENTREINTERET_ID, timeframe_id) VALUES (10300, '2018-04-17', '2018-04-17', 10.594025563431273, 10.594025563431273, 1, 10075, 1, 10000, 4);
INSERT INTO activity(activity_id, date_prevue, date_realisee, distance_prevue, distance_realisee, estrealisee, programme_id, sport_id, CENTREINTERET_ID, timeframe_id) VALUES (10301, '2018-04-18', '2018-04-18', 11.318802057065316, 11.318802057065316, 1, 10075, 1, 10000, 50);
INSERT INTO activity(activity_id, date_prevue, date_realisee, distance_prevue, distance_realisee, estrealisee, programme_id, sport_id, CENTREINTERET_ID, timeframe_id) VALUES (10302, '2018-04-19', '2018-04-19', 9.768823234219125, 9.768823234219125, 1, 10075, 1, 10000, 50);
INSERT INTO activity(activity_id, date_prevue, date_realisee, distance_prevue, distance_realisee, estrealisee, programme_id, sport_id, CENTREINTERET_ID, timeframe_id) VALUES (10303, '2018-04-20', '2018-04-20', 7.625189485769575, 7.625189485769575, 1, 10075, 1, 10000, 49);

INSERT INTO point (ID, x, y) VALUES (50038, 45.75550086447569, 4.873157673149979);
INSERT INTO users (ID, USERNAME, PASSWORD, FIRSTNAME, LASTNAME, EMAIL, ENABLED, LASTPASSWORDRESETDATE, Location_id, difficulty) VALUES (10038, "user38", "$2a$08$UkVvwpULis18S19S5pZFn.YHPZt3oaqHZnDwqbCW9pft6uFtkXKDC", "user38", "user38", "user38@user.com", 1, "2003/01/22", 50038, 1);
INSERT INTO user_authority (USER_ID, AUTHORITY_ID) VALUES (10038, 2);
INSERT INTO programme(programme_id, date_debut, user_id) VALUES (10076, '2018-04-30', 10038);
INSERT INTO activity(activity_id, date_prevue, distance_prevue, distance_realisee, estrealisee, programme_id, sport_id, CENTREINTERET_ID, timeframe_id) VALUES (10304, '2018-05-01', 11.596328151093843, 0, 0, 10076, 1, 10000, 14);
INSERT INTO activity(activity_id, date_prevue, distance_prevue, distance_realisee, estrealisee, programme_id, sport_id, CENTREINTERET_ID, timeframe_id) VALUES (10305, '2018-05-02', 11.723542629313808, 0, 0, 10076, 1, 10000, 20);
INSERT INTO activity(activity_id, date_prevue, distance_prevue, distance_realisee, estrealisee, programme_id, sport_id, CENTREINTERET_ID, timeframe_id) VALUES (10306, '2018-05-03', 8.375599128537585, 0, 0, 10076, 1, 10000, 31);
INSERT INTO activity(activity_id, date_prevue, distance_prevue, distance_realisee, estrealisee, programme_id, sport_id, CENTREINTERET_ID, timeframe_id) VALUES (10307, '2018-05-04', 10.531484927793125, 0, 0, 10076, 1, 10000, 39);
INSERT INTO programme(programme_id, date_debut, user_id) VALUES (10077, '2018-04-23', 10038);
INSERT INTO activity(activity_id, date_prevue, date_realisee, distance_prevue, distance_realisee, estrealisee, programme_id, sport_id, CENTREINTERET_ID, timeframe_id) VALUES (10308, '2018-04-17', '2018-04-17', 9.299005112018326, 9.299005112018326, 1, 10077, 1, 10000, 10);
INSERT INTO activity(activity_id, date_prevue, date_realisee, distance_prevue, distance_realisee, estrealisee, programme_id, sport_id, CENTREINTERET_ID, timeframe_id) VALUES (10309, '2018-04-18', '2018-04-18', 7.1870382117331095, 7.1870382117331095, 1, 10077, 1, 10000, 14);
INSERT INTO activity(activity_id, date_prevue, date_realisee, distance_prevue, distance_realisee, estrealisee, programme_id, sport_id, CENTREINTERET_ID, timeframe_id) VALUES (10310, '2018-04-19', '2018-04-19', 8.115944976690255, 8.115944976690255, 1, 10077, 1, 10000, 33);
INSERT INTO activity(activity_id, date_prevue, date_realisee, distance_prevue, distance_realisee, estrealisee, programme_id, sport_id, CENTREINTERET_ID, timeframe_id) VALUES (10311, '2018-04-20', '2018-04-20', 10.59930612132373, 10.59930612132373, 1, 10077, 1, 10000, 25);

INSERT INTO point (ID, x, y) VALUES (50039, 45.71368610193296, 4.834564589310401);
INSERT INTO users (ID, USERNAME, PASSWORD, FIRSTNAME, LASTNAME, EMAIL, ENABLED, LASTPASSWORDRESETDATE, Location_id, difficulty) VALUES (10039, "user39", "$2a$08$UkVvwpULis18S19S5pZFn.YHPZt3oaqHZnDwqbCW9pft6uFtkXKDC", "user39", "user39", "user39@user.com", 1, "2003/01/22", 50039, 3);
INSERT INTO user_authority (USER_ID, AUTHORITY_ID) VALUES (10039, 2);
INSERT INTO programme(programme_id, date_debut, user_id) VALUES (10078, '2018-04-30', 10039);
INSERT INTO activity(activity_id, date_prevue, distance_prevue, distance_realisee, estrealisee, programme_id, sport_id, CENTREINTERET_ID, timeframe_id) VALUES (10312, '2018-05-01', 10.109884729348757, 0, 0, 10078, 1, 10000, 14);
INSERT INTO activity(activity_id, date_prevue, distance_prevue, distance_realisee, estrealisee, programme_id, sport_id, CENTREINTERET_ID, timeframe_id) VALUES (10313, '2018-05-02', 8.259493320588593, 0, 0, 10078, 1, 10000, 20);
INSERT INTO activity(activity_id, date_prevue, distance_prevue, distance_realisee, estrealisee, programme_id, sport_id, CENTREINTERET_ID, timeframe_id) VALUES (10314, '2018-05-03', 8.424659721580637, 0, 0, 10078, 1, 10000, 31);
INSERT INTO activity(activity_id, date_prevue, distance_prevue, distance_realisee, estrealisee, programme_id, sport_id, CENTREINTERET_ID, timeframe_id) VALUES (10315, '2018-05-04', 8.01213859912922, 0, 0, 10078, 1, 10000, 39);
INSERT INTO programme(programme_id, date_debut, user_id) VALUES (10079, '2018-04-23', 10039);
INSERT INTO activity(activity_id, date_prevue, date_realisee, distance_prevue, distance_realisee, estrealisee, programme_id, sport_id, CENTREINTERET_ID, timeframe_id) VALUES (10316, '2018-04-17', '2018-04-17', 8.884451359186873, 8.884451359186873, 1, 10079, 1, 10000, 8);
INSERT INTO activity(activity_id, date_prevue, date_realisee, distance_prevue, distance_realisee, estrealisee, programme_id, sport_id, CENTREINTERET_ID, timeframe_id) VALUES (10317, '2018-04-18', '2018-04-18', 7.967842678149954, 7.967842678149954, 1, 10079, 1, 10000, 38);
INSERT INTO activity(activity_id, date_prevue, date_realisee, distance_prevue, distance_realisee, estrealisee, programme_id, sport_id, CENTREINTERET_ID, timeframe_id) VALUES (10318, '2018-04-19', '2018-04-19', 7.617411963669225, 7.617411963669225, 1, 10079, 1, 10000, 56);
INSERT INTO activity(activity_id, date_prevue, date_realisee, distance_prevue, distance_realisee, estrealisee, programme_id, sport_id, CENTREINTERET_ID, timeframe_id) VALUES (10319, '2018-04-20', '2018-04-20', 9.932586832478886, 9.932586832478886, 1, 10079, 1, 10000, 2);

INSERT INTO point (ID, x, y) VALUES (50040, 45.75912717481017, 4.839717354959779);
INSERT INTO users (ID, USERNAME, PASSWORD, FIRSTNAME, LASTNAME, EMAIL, ENABLED, LASTPASSWORDRESETDATE, Location_id, difficulty) VALUES (10040, "user40", "$2a$08$UkVvwpULis18S19S5pZFn.YHPZt3oaqHZnDwqbCW9pft6uFtkXKDC", "user40", "user40", "user40@user.com", 1, "2003/01/22", 50040, 1);
INSERT INTO user_authority (USER_ID, AUTHORITY_ID) VALUES (10040, 2);
INSERT INTO programme(programme_id, date_debut, user_id) VALUES (10080, '2018-04-30', 10040);
INSERT INTO activity(activity_id, date_prevue, distance_prevue, distance_realisee, estrealisee, programme_id, sport_id, CENTREINTERET_ID, timeframe_id) VALUES (10320, '2018-05-01', 9.796141904842589, 0, 0, 10080, 1, 10000, 14);
INSERT INTO activity(activity_id, date_prevue, distance_prevue, distance_realisee, estrealisee, programme_id, sport_id, CENTREINTERET_ID, timeframe_id) VALUES (10321, '2018-05-02', 7.760069724791466, 0, 0, 10080, 1, 10000, 20);
INSERT INTO activity(activity_id, date_prevue, distance_prevue, distance_realisee, estrealisee, programme_id, sport_id, CENTREINTERET_ID, timeframe_id) VALUES (10322, '2018-05-03', 8.96531789801979, 0, 0, 10080, 1, 10000, 31);
INSERT INTO activity(activity_id, date_prevue, distance_prevue, distance_realisee, estrealisee, programme_id, sport_id, CENTREINTERET_ID, timeframe_id) VALUES (10323, '2018-05-04', 10.28740418783385, 0, 0, 10080, 1, 10000, 39);
INSERT INTO programme(programme_id, date_debut, user_id) VALUES (10081, '2018-04-23', 10040);
INSERT INTO activity(activity_id, date_prevue, date_realisee, distance_prevue, distance_realisee, estrealisee, programme_id, sport_id, CENTREINTERET_ID, timeframe_id) VALUES (10324, '2018-04-17', '2018-04-17', 11.282420927836778, 11.282420927836778, 1, 10081, 1, 10000, 23);
INSERT INTO activity(activity_id, date_prevue, date_realisee, distance_prevue, distance_realisee, estrealisee, programme_id, sport_id, CENTREINTERET_ID, timeframe_id) VALUES (10325, '2018-04-18', '2018-04-18', 11.887130653175696, 11.887130653175696, 1, 10081, 1, 10000, 49);
INSERT INTO activity(activity_id, date_prevue, date_realisee, distance_prevue, distance_realisee, estrealisee, programme_id, sport_id, CENTREINTERET_ID, timeframe_id) VALUES (10326, '2018-04-19', '2018-04-19', 11.314895289709666, 11.314895289709666, 1, 10081, 1, 10000, 13);
INSERT INTO activity(activity_id, date_prevue, date_realisee, distance_prevue, distance_realisee, estrealisee, programme_id, sport_id, CENTREINTERET_ID, timeframe_id) VALUES (10327, '2018-04-20', '2018-04-20', 9.801400619681075, 9.801400619681075, 1, 10081, 1, 10000, 38);

INSERT INTO point (ID, x, y) VALUES (50041, 45.72893990152752, 4.8862678659134655);
INSERT INTO users (ID, USERNAME, PASSWORD, FIRSTNAME, LASTNAME, EMAIL, ENABLED, LASTPASSWORDRESETDATE, Location_id, difficulty) VALUES (10041, "user41", "$2a$08$UkVvwpULis18S19S5pZFn.YHPZt3oaqHZnDwqbCW9pft6uFtkXKDC", "user41", "user41", "user41@user.com", 1, "2003/01/22", 50041, 1);
INSERT INTO user_authority (USER_ID, AUTHORITY_ID) VALUES (10041, 2);
INSERT INTO programme(programme_id, date_debut, user_id) VALUES (10082, '2018-04-30', 10041);
INSERT INTO activity(activity_id, date_prevue, distance_prevue, distance_realisee, estrealisee, programme_id, sport_id, CENTREINTERET_ID, timeframe_id) VALUES (10328, '2018-05-01', 10.913197902301732, 0, 0, 10082, 1, 10000, 14);
INSERT INTO activity(activity_id, date_prevue, distance_prevue, distance_realisee, estrealisee, programme_id, sport_id, CENTREINTERET_ID, timeframe_id) VALUES (10329, '2018-05-02', 8.464924387738623, 0, 0, 10082, 1, 10000, 20);
INSERT INTO activity(activity_id, date_prevue, distance_prevue, distance_realisee, estrealisee, programme_id, sport_id, CENTREINTERET_ID, timeframe_id) VALUES (10330, '2018-05-03', 9.751872109817029, 0, 0, 10082, 1, 10000, 31);
INSERT INTO activity(activity_id, date_prevue, distance_prevue, distance_realisee, estrealisee, programme_id, sport_id, CENTREINTERET_ID, timeframe_id) VALUES (10331, '2018-05-04', 8.317176083932157, 0, 0, 10082, 1, 10000, 39);
INSERT INTO programme(programme_id, date_debut, user_id) VALUES (10083, '2018-04-23', 10041);
INSERT INTO activity(activity_id, date_prevue, date_realisee, distance_prevue, distance_realisee, estrealisee, programme_id, sport_id, CENTREINTERET_ID, timeframe_id) VALUES (10332, '2018-04-17', '2018-04-17', 10.551509032171293, 10.551509032171293, 1, 10083, 1, 10000, 42);
INSERT INTO activity(activity_id, date_prevue, date_realisee, distance_prevue, distance_realisee, estrealisee, programme_id, sport_id, CENTREINTERET_ID, timeframe_id) VALUES (10333, '2018-04-18', '2018-04-18', 8.803088301060637, 8.803088301060637, 1, 10083, 1, 10000, 31);
INSERT INTO activity(activity_id, date_prevue, date_realisee, distance_prevue, distance_realisee, estrealisee, programme_id, sport_id, CENTREINTERET_ID, timeframe_id) VALUES (10334, '2018-04-19', '2018-04-19', 9.04546383762262, 9.04546383762262, 1, 10083, 1, 10000, 43);
INSERT INTO activity(activity_id, date_prevue, date_realisee, distance_prevue, distance_realisee, estrealisee, programme_id, sport_id, CENTREINTERET_ID, timeframe_id) VALUES (10335, '2018-04-20', '2018-04-20', 8.928769360862958, 8.928769360862958, 1, 10083, 1, 10000, 1);

INSERT INTO point (ID, x, y) VALUES (50042, 45.75585724743506, 4.8863618586568265);
INSERT INTO users (ID, USERNAME, PASSWORD, FIRSTNAME, LASTNAME, EMAIL, ENABLED, LASTPASSWORDRESETDATE, Location_id, difficulty) VALUES (10042, "user42", "$2a$08$UkVvwpULis18S19S5pZFn.YHPZt3oaqHZnDwqbCW9pft6uFtkXKDC", "user42", "user42", "user42@user.com", 1, "2003/01/22", 50042, 1);
INSERT INTO user_authority (USER_ID, AUTHORITY_ID) VALUES (10042, 2);
INSERT INTO programme(programme_id, date_debut, user_id) VALUES (10084, '2018-04-30', 10042);
INSERT INTO activity(activity_id, date_prevue, distance_prevue, distance_realisee, estrealisee, programme_id, sport_id, CENTREINTERET_ID, timeframe_id) VALUES (10336, '2018-05-01', 7.5291079058223325, 0, 0, 10084, 1, 10000, 14);
INSERT INTO activity(activity_id, date_prevue, distance_prevue, distance_realisee, estrealisee, programme_id, sport_id, CENTREINTERET_ID, timeframe_id) VALUES (10337, '2018-05-02', 8.280808574411193, 0, 0, 10084, 1, 10000, 20);
INSERT INTO activity(activity_id, date_prevue, distance_prevue, distance_realisee, estrealisee, programme_id, sport_id, CENTREINTERET_ID, timeframe_id) VALUES (10338, '2018-05-03', 10.736414282091214, 0, 0, 10084, 1, 10000, 31);
INSERT INTO activity(activity_id, date_prevue, distance_prevue, distance_realisee, estrealisee, programme_id, sport_id, CENTREINTERET_ID, timeframe_id) VALUES (10339, '2018-05-04', 8.656947543663069, 0, 0, 10084, 1, 10000, 39);
INSERT INTO programme(programme_id, date_debut, user_id) VALUES (10085, '2018-04-23', 10042);
INSERT INTO activity(activity_id, date_prevue, date_realisee, distance_prevue, distance_realisee, estrealisee, programme_id, sport_id, CENTREINTERET_ID, timeframe_id) VALUES (10340, '2018-04-17', '2018-04-17', 8.234917073144434, 8.234917073144434, 1, 10085, 1, 10000, 7);
INSERT INTO activity(activity_id, date_prevue, date_realisee, distance_prevue, distance_realisee, estrealisee, programme_id, sport_id, CENTREINTERET_ID, timeframe_id) VALUES (10341, '2018-04-18', '2018-04-18', 10.708488264995411, 10.708488264995411, 1, 10085, 1, 10000, 32);
INSERT INTO activity(activity_id, date_prevue, date_realisee, distance_prevue, distance_realisee, estrealisee, programme_id, sport_id, CENTREINTERET_ID, timeframe_id) VALUES (10342, '2018-04-19', '2018-04-19', 8.92365568612418, 8.92365568612418, 1, 10085, 1, 10000, 0);
INSERT INTO activity(activity_id, date_prevue, date_realisee, distance_prevue, distance_realisee, estrealisee, programme_id, sport_id, CENTREINTERET_ID, timeframe_id) VALUES (10343, '2018-04-20', '2018-04-20', 7.374938535165255, 7.374938535165255, 1, 10085, 1, 10000, 6);

INSERT INTO point (ID, x, y) VALUES (50043, 45.745021704568266, 4.8391110283061565);
INSERT INTO users (ID, USERNAME, PASSWORD, FIRSTNAME, LASTNAME, EMAIL, ENABLED, LASTPASSWORDRESETDATE, Location_id, difficulty) VALUES (10043, "user43", "$2a$08$UkVvwpULis18S19S5pZFn.YHPZt3oaqHZnDwqbCW9pft6uFtkXKDC", "user43", "user43", "user43@user.com", 1, "2003/01/22", 50043, 1);
INSERT INTO user_authority (USER_ID, AUTHORITY_ID) VALUES (10043, 2);
INSERT INTO programme(programme_id, date_debut, user_id) VALUES (10086, '2018-04-30', 10043);
INSERT INTO activity(activity_id, date_prevue, distance_prevue, distance_realisee, estrealisee, programme_id, sport_id, CENTREINTERET_ID, timeframe_id) VALUES (10344, '2018-05-01', 11.283658313056875, 0, 0, 10086, 1, 10000, 14);
INSERT INTO activity(activity_id, date_prevue, distance_prevue, distance_realisee, estrealisee, programme_id, sport_id, CENTREINTERET_ID, timeframe_id) VALUES (10345, '2018-05-02', 7.140979854471469, 0, 0, 10086, 1, 10000, 20);
INSERT INTO activity(activity_id, date_prevue, distance_prevue, distance_realisee, estrealisee, programme_id, sport_id, CENTREINTERET_ID, timeframe_id) VALUES (10346, '2018-05-03', 7.379658242479436, 0, 0, 10086, 1, 10000, 31);
INSERT INTO activity(activity_id, date_prevue, distance_prevue, distance_realisee, estrealisee, programme_id, sport_id, CENTREINTERET_ID, timeframe_id) VALUES (10347, '2018-05-04', 8.726411125698169, 0, 0, 10086, 1, 10000, 39);
INSERT INTO programme(programme_id, date_debut, user_id) VALUES (10087, '2018-04-23', 10043);
INSERT INTO activity(activity_id, date_prevue, date_realisee, distance_prevue, distance_realisee, estrealisee, programme_id, sport_id, CENTREINTERET_ID, timeframe_id) VALUES (10348, '2018-04-17', '2018-04-17', 8.325203092736807, 8.325203092736807, 1, 10087, 1, 10000, 2);
INSERT INTO activity(activity_id, date_prevue, date_realisee, distance_prevue, distance_realisee, estrealisee, programme_id, sport_id, CENTREINTERET_ID, timeframe_id) VALUES (10349, '2018-04-18', '2018-04-18', 9.26913112412343, 9.26913112412343, 1, 10087, 1, 10000, 33);
INSERT INTO activity(activity_id, date_prevue, date_realisee, distance_prevue, distance_realisee, estrealisee, programme_id, sport_id, CENTREINTERET_ID, timeframe_id) VALUES (10350, '2018-04-19', '2018-04-19', 10.54857956193609, 10.54857956193609, 1, 10087, 1, 10000, 52);
INSERT INTO activity(activity_id, date_prevue, date_realisee, distance_prevue, distance_realisee, estrealisee, programme_id, sport_id, CENTREINTERET_ID, timeframe_id) VALUES (10351, '2018-04-20', '2018-04-20', 7.675415276689458, 7.675415276689458, 1, 10087, 1, 10000, 17);

INSERT INTO point (ID, x, y) VALUES (50044, 45.77301487159327, 4.844588152194638);
INSERT INTO users (ID, USERNAME, PASSWORD, FIRSTNAME, LASTNAME, EMAIL, ENABLED, LASTPASSWORDRESETDATE, Location_id, difficulty) VALUES (10044, "user44", "$2a$08$UkVvwpULis18S19S5pZFn.YHPZt3oaqHZnDwqbCW9pft6uFtkXKDC", "user44", "user44", "user44@user.com", 1, "2003/01/22", 50044, 2);
INSERT INTO user_authority (USER_ID, AUTHORITY_ID) VALUES (10044, 2);
INSERT INTO programme(programme_id, date_debut, user_id) VALUES (10088, '2018-04-30', 10044);
INSERT INTO activity(activity_id, date_prevue, distance_prevue, distance_realisee, estrealisee, programme_id, sport_id, CENTREINTERET_ID, timeframe_id) VALUES (10352, '2018-05-01', 10.74663012771489, 0, 0, 10088, 1, 10000, 14);
INSERT INTO activity(activity_id, date_prevue, distance_prevue, distance_realisee, estrealisee, programme_id, sport_id, CENTREINTERET_ID, timeframe_id) VALUES (10353, '2018-05-02', 11.757303873396179, 0, 0, 10088, 1, 10000, 20);
INSERT INTO activity(activity_id, date_prevue, distance_prevue, distance_realisee, estrealisee, programme_id, sport_id, CENTREINTERET_ID, timeframe_id) VALUES (10354, '2018-05-03', 7.126297060654151, 0, 0, 10088, 1, 10000, 31);
INSERT INTO activity(activity_id, date_prevue, distance_prevue, distance_realisee, estrealisee, programme_id, sport_id, CENTREINTERET_ID, timeframe_id) VALUES (10355, '2018-05-04', 10.975653748891691, 0, 0, 10088, 1, 10000, 39);
INSERT INTO programme(programme_id, date_debut, user_id) VALUES (10089, '2018-04-23', 10044);
INSERT INTO activity(activity_id, date_prevue, date_realisee, distance_prevue, distance_realisee, estrealisee, programme_id, sport_id, CENTREINTERET_ID, timeframe_id) VALUES (10356, '2018-04-17', '2018-04-17', 11.693735955839063, 11.693735955839063, 1, 10089, 1, 10000, 37);
INSERT INTO activity(activity_id, date_prevue, date_realisee, distance_prevue, distance_realisee, estrealisee, programme_id, sport_id, CENTREINTERET_ID, timeframe_id) VALUES (10357, '2018-04-18', '2018-04-18', 8.667034850688855, 8.667034850688855, 1, 10089, 1, 10000, 19);
INSERT INTO activity(activity_id, date_prevue, date_realisee, distance_prevue, distance_realisee, estrealisee, programme_id, sport_id, CENTREINTERET_ID, timeframe_id) VALUES (10358, '2018-04-19', '2018-04-19', 11.600320483996136, 11.600320483996136, 1, 10089, 1, 10000, 15);
INSERT INTO activity(activity_id, date_prevue, date_realisee, distance_prevue, distance_realisee, estrealisee, programme_id, sport_id, CENTREINTERET_ID, timeframe_id) VALUES (10359, '2018-04-20', '2018-04-20', 7.34855229055737, 7.34855229055737, 1, 10089, 1, 10000, 2);

INSERT INTO point (ID, x, y) VALUES (50045, 45.77726880797143, 4.885806323458512);
INSERT INTO users (ID, USERNAME, PASSWORD, FIRSTNAME, LASTNAME, EMAIL, ENABLED, LASTPASSWORDRESETDATE, Location_id, difficulty) VALUES (10045, "user45", "$2a$08$UkVvwpULis18S19S5pZFn.YHPZt3oaqHZnDwqbCW9pft6uFtkXKDC", "user45", "user45", "user45@user.com", 1, "2003/01/22", 50045, 3);
INSERT INTO user_authority (USER_ID, AUTHORITY_ID) VALUES (10045, 2);
INSERT INTO programme(programme_id, date_debut, user_id) VALUES (10090, '2018-04-30', 10045);
INSERT INTO activity(activity_id, date_prevue, distance_prevue, distance_realisee, estrealisee, programme_id, sport_id, CENTREINTERET_ID, timeframe_id) VALUES (10360, '2018-05-01', 11.224367795796194, 0, 0, 10090, 1, 10000, 14);
INSERT INTO activity(activity_id, date_prevue, distance_prevue, distance_realisee, estrealisee, programme_id, sport_id, CENTREINTERET_ID, timeframe_id) VALUES (10361, '2018-05-02', 7.267715189931886, 0, 0, 10090, 1, 10000, 20);
INSERT INTO activity(activity_id, date_prevue, distance_prevue, distance_realisee, estrealisee, programme_id, sport_id, CENTREINTERET_ID, timeframe_id) VALUES (10362, '2018-05-03', 7.870851720921464, 0, 0, 10090, 1, 10000, 31);
INSERT INTO activity(activity_id, date_prevue, distance_prevue, distance_realisee, estrealisee, programme_id, sport_id, CENTREINTERET_ID, timeframe_id) VALUES (10363, '2018-05-04', 8.926508381716369, 0, 0, 10090, 1, 10000, 39);
INSERT INTO programme(programme_id, date_debut, user_id) VALUES (10091, '2018-04-23', 10045);
INSERT INTO activity(activity_id, date_prevue, date_realisee, distance_prevue, distance_realisee, estrealisee, programme_id, sport_id, CENTREINTERET_ID, timeframe_id) VALUES (10364, '2018-04-17', '2018-04-17', 10.972900593527754, 10.972900593527754, 1, 10091, 1, 10000, 24);
INSERT INTO activity(activity_id, date_prevue, date_realisee, distance_prevue, distance_realisee, estrealisee, programme_id, sport_id, CENTREINTERET_ID, timeframe_id) VALUES (10365, '2018-04-18', '2018-04-18', 9.684193909616285, 9.684193909616285, 1, 10091, 1, 10000, 22);
INSERT INTO activity(activity_id, date_prevue, date_realisee, distance_prevue, distance_realisee, estrealisee, programme_id, sport_id, CENTREINTERET_ID, timeframe_id) VALUES (10366, '2018-04-19', '2018-04-19', 8.060906280437063, 8.060906280437063, 1, 10091, 1, 10000, 34);
INSERT INTO activity(activity_id, date_prevue, date_realisee, distance_prevue, distance_realisee, estrealisee, programme_id, sport_id, CENTREINTERET_ID, timeframe_id) VALUES (10367, '2018-04-20', '2018-04-20', 9.813493071569088, 9.813493071569088, 1, 10091, 1, 10000, 30);

INSERT INTO point (ID, x, y) VALUES (50046, 45.72970552552103, 4.847621498507394);
INSERT INTO users (ID, USERNAME, PASSWORD, FIRSTNAME, LASTNAME, EMAIL, ENABLED, LASTPASSWORDRESETDATE, Location_id, difficulty) VALUES (10046, "user46", "$2a$08$UkVvwpULis18S19S5pZFn.YHPZt3oaqHZnDwqbCW9pft6uFtkXKDC", "user46", "user46", "user46@user.com", 1, "2003/01/22", 50046, 3);
INSERT INTO user_authority (USER_ID, AUTHORITY_ID) VALUES (10046, 2);
INSERT INTO programme(programme_id, date_debut, user_id) VALUES (10092, '2018-04-30', 10046);
INSERT INTO activity(activity_id, date_prevue, distance_prevue, distance_realisee, estrealisee, programme_id, sport_id, CENTREINTERET_ID, timeframe_id) VALUES (10368, '2018-05-01', 10.411980925490141, 0, 0, 10092, 1, 10000, 14);
INSERT INTO activity(activity_id, date_prevue, distance_prevue, distance_realisee, estrealisee, programme_id, sport_id, CENTREINTERET_ID, timeframe_id) VALUES (10369, '2018-05-02', 9.035056519282659, 0, 0, 10092, 1, 10000, 20);
INSERT INTO activity(activity_id, date_prevue, distance_prevue, distance_realisee, estrealisee, programme_id, sport_id, CENTREINTERET_ID, timeframe_id) VALUES (10370, '2018-05-03', 7.718228826238267, 0, 0, 10092, 1, 10000, 31);
INSERT INTO activity(activity_id, date_prevue, distance_prevue, distance_realisee, estrealisee, programme_id, sport_id, CENTREINTERET_ID, timeframe_id) VALUES (10371, '2018-05-04', 8.439649240468883, 0, 0, 10092, 1, 10000, 39);
INSERT INTO programme(programme_id, date_debut, user_id) VALUES (10093, '2018-04-23', 10046);
INSERT INTO activity(activity_id, date_prevue, date_realisee, distance_prevue, distance_realisee, estrealisee, programme_id, sport_id, CENTREINTERET_ID, timeframe_id) VALUES (10372, '2018-04-17', '2018-04-17', 9.177422484337665, 9.177422484337665, 1, 10093, 1, 10000, 30);
INSERT INTO activity(activity_id, date_prevue, date_realisee, distance_prevue, distance_realisee, estrealisee, programme_id, sport_id, CENTREINTERET_ID, timeframe_id) VALUES (10373, '2018-04-18', '2018-04-18', 9.506451853062352, 9.506451853062352, 1, 10093, 1, 10000, 28);
INSERT INTO activity(activity_id, date_prevue, date_realisee, distance_prevue, distance_realisee, estrealisee, programme_id, sport_id, CENTREINTERET_ID, timeframe_id) VALUES (10374, '2018-04-19', '2018-04-19', 9.009113187847511, 9.009113187847511, 1, 10093, 1, 10000, 28);
INSERT INTO activity(activity_id, date_prevue, date_realisee, distance_prevue, distance_realisee, estrealisee, programme_id, sport_id, CENTREINTERET_ID, timeframe_id) VALUES (10375, '2018-04-20', '2018-04-20', 7.86845034236434, 7.86845034236434, 1, 10093, 1, 10000, 42);

INSERT INTO point (ID, x, y) VALUES (50047, 45.789600748497364, 4.851920933498135);
INSERT INTO users (ID, USERNAME, PASSWORD, FIRSTNAME, LASTNAME, EMAIL, ENABLED, LASTPASSWORDRESETDATE, Location_id, difficulty) VALUES (10047, "user47", "$2a$08$UkVvwpULis18S19S5pZFn.YHPZt3oaqHZnDwqbCW9pft6uFtkXKDC", "user47", "user47", "user47@user.com", 1, "2003/01/22", 50047, 1);
INSERT INTO user_authority (USER_ID, AUTHORITY_ID) VALUES (10047, 2);
INSERT INTO programme(programme_id, date_debut, user_id) VALUES (10094, '2018-04-30', 10047);
INSERT INTO activity(activity_id, date_prevue, distance_prevue, distance_realisee, estrealisee, programme_id, sport_id, CENTREINTERET_ID, timeframe_id) VALUES (10376, '2018-05-01', 11.674759117437693, 0, 0, 10094, 1, 10000, 14);
INSERT INTO activity(activity_id, date_prevue, distance_prevue, distance_realisee, estrealisee, programme_id, sport_id, CENTREINTERET_ID, timeframe_id) VALUES (10377, '2018-05-02', 7.496159521755045, 0, 0, 10094, 1, 10000, 20);
INSERT INTO activity(activity_id, date_prevue, distance_prevue, distance_realisee, estrealisee, programme_id, sport_id, CENTREINTERET_ID, timeframe_id) VALUES (10378, '2018-05-03', 10.663452113270623, 0, 0, 10094, 1, 10000, 31);
INSERT INTO activity(activity_id, date_prevue, distance_prevue, distance_realisee, estrealisee, programme_id, sport_id, CENTREINTERET_ID, timeframe_id) VALUES (10379, '2018-05-04', 8.994957518250205, 0, 0, 10094, 1, 10000, 39);
INSERT INTO programme(programme_id, date_debut, user_id) VALUES (10095, '2018-04-23', 10047);
INSERT INTO activity(activity_id, date_prevue, date_realisee, distance_prevue, distance_realisee, estrealisee, programme_id, sport_id, CENTREINTERET_ID, timeframe_id) VALUES (10380, '2018-04-17', '2018-04-17', 7.53645876487515, 7.53645876487515, 1, 10095, 1, 10000, 12);
INSERT INTO activity(activity_id, date_prevue, date_realisee, distance_prevue, distance_realisee, estrealisee, programme_id, sport_id, CENTREINTERET_ID, timeframe_id) VALUES (10381, '2018-04-18', '2018-04-18', 7.410755864746353, 7.410755864746353, 1, 10095, 1, 10000, 28);
INSERT INTO activity(activity_id, date_prevue, date_realisee, distance_prevue, distance_realisee, estrealisee, programme_id, sport_id, CENTREINTERET_ID, timeframe_id) VALUES (10382, '2018-04-19', '2018-04-19', 11.875241182267906, 11.875241182267906, 1, 10095, 1, 10000, 14);
INSERT INTO activity(activity_id, date_prevue, date_realisee, distance_prevue, distance_realisee, estrealisee, programme_id, sport_id, CENTREINTERET_ID, timeframe_id) VALUES (10383, '2018-04-20', '2018-04-20', 7.545201355808473, 7.545201355808473, 1, 10095, 1, 10000, 3);

INSERT INTO point (ID, x, y) VALUES (50048, 45.73682303412499, 4.835238669387505);
INSERT INTO users (ID, USERNAME, PASSWORD, FIRSTNAME, LASTNAME, EMAIL, ENABLED, LASTPASSWORDRESETDATE, Location_id, difficulty) VALUES (10048, "user48", "$2a$08$UkVvwpULis18S19S5pZFn.YHPZt3oaqHZnDwqbCW9pft6uFtkXKDC", "user48", "user48", "user48@user.com", 1, "2003/01/22", 50048, 0);
INSERT INTO user_authority (USER_ID, AUTHORITY_ID) VALUES (10048, 2);
INSERT INTO programme(programme_id, date_debut, user_id) VALUES (10096, '2018-04-30', 10048);
INSERT INTO activity(activity_id, date_prevue, distance_prevue, distance_realisee, estrealisee, programme_id, sport_id, CENTREINTERET_ID, timeframe_id) VALUES (10384, '2018-05-01', 11.34706080577968, 0, 0, 10096, 1, 10000, 14);
INSERT INTO activity(activity_id, date_prevue, distance_prevue, distance_realisee, estrealisee, programme_id, sport_id, CENTREINTERET_ID, timeframe_id) VALUES (10385, '2018-05-02', 11.252631501344972, 0, 0, 10096, 1, 10000, 20);
INSERT INTO activity(activity_id, date_prevue, distance_prevue, distance_realisee, estrealisee, programme_id, sport_id, CENTREINTERET_ID, timeframe_id) VALUES (10386, '2018-05-03', 10.754046379647326, 0, 0, 10096, 1, 10000, 31);
INSERT INTO activity(activity_id, date_prevue, distance_prevue, distance_realisee, estrealisee, programme_id, sport_id, CENTREINTERET_ID, timeframe_id) VALUES (10387, '2018-05-04', 11.53689160428284, 0, 0, 10096, 1, 10000, 39);
INSERT INTO programme(programme_id, date_debut, user_id) VALUES (10097, '2018-04-23', 10048);
INSERT INTO activity(activity_id, date_prevue, date_realisee, distance_prevue, distance_realisee, estrealisee, programme_id, sport_id, CENTREINTERET_ID, timeframe_id) VALUES (10388, '2018-04-17', '2018-04-17', 9.914708624816846, 9.914708624816846, 1, 10097, 1, 10000, 36);
INSERT INTO activity(activity_id, date_prevue, date_realisee, distance_prevue, distance_realisee, estrealisee, programme_id, sport_id, CENTREINTERET_ID, timeframe_id) VALUES (10389, '2018-04-18', '2018-04-18', 9.88781258995801, 9.88781258995801, 1, 10097, 1, 10000, 2);
INSERT INTO activity(activity_id, date_prevue, date_realisee, distance_prevue, distance_realisee, estrealisee, programme_id, sport_id, CENTREINTERET_ID, timeframe_id) VALUES (10390, '2018-04-19', '2018-04-19', 11.431433940222602, 11.431433940222602, 1, 10097, 1, 10000, 11);
INSERT INTO activity(activity_id, date_prevue, date_realisee, distance_prevue, distance_realisee, estrealisee, programme_id, sport_id, CENTREINTERET_ID, timeframe_id) VALUES (10391, '2018-04-20', '2018-04-20', 11.086572237879576, 11.086572237879576, 1, 10097, 1, 10000, 47);

INSERT INTO point (ID, x, y) VALUES (50049, 45.71597512817783, 4.845397742811182);
INSERT INTO users (ID, USERNAME, PASSWORD, FIRSTNAME, LASTNAME, EMAIL, ENABLED, LASTPASSWORDRESETDATE, Location_id, difficulty) VALUES (10049, "user49", "$2a$08$UkVvwpULis18S19S5pZFn.YHPZt3oaqHZnDwqbCW9pft6uFtkXKDC", "user49", "user49", "user49@user.com", 1, "2003/01/22", 50049, 3);
INSERT INTO user_authority (USER_ID, AUTHORITY_ID) VALUES (10049, 2);
INSERT INTO programme(programme_id, date_debut, user_id) VALUES (10098, '2018-04-30', 10049);
INSERT INTO activity(activity_id, date_prevue, distance_prevue, distance_realisee, estrealisee, programme_id, sport_id, CENTREINTERET_ID, timeframe_id) VALUES (10392, '2018-05-01', 7.640045235316413, 0, 0, 10098, 1, 10000, 14);
INSERT INTO activity(activity_id, date_prevue, distance_prevue, distance_realisee, estrealisee, programme_id, sport_id, CENTREINTERET_ID, timeframe_id) VALUES (10393, '2018-05-02', 8.361682361813223, 0, 0, 10098, 1, 10000, 20);
INSERT INTO activity(activity_id, date_prevue, distance_prevue, distance_realisee, estrealisee, programme_id, sport_id, CENTREINTERET_ID, timeframe_id) VALUES (10394, '2018-05-03', 7.621097746715557, 0, 0, 10098, 1, 10000, 31);
INSERT INTO activity(activity_id, date_prevue, distance_prevue, distance_realisee, estrealisee, programme_id, sport_id, CENTREINTERET_ID, timeframe_id) VALUES (10395, '2018-05-04', 8.3891151867436, 0, 0, 10098, 1, 10000, 39);
INSERT INTO programme(programme_id, date_debut, user_id) VALUES (10099, '2018-04-23', 10049);
INSERT INTO activity(activity_id, date_prevue, date_realisee, distance_prevue, distance_realisee, estrealisee, programme_id, sport_id, CENTREINTERET_ID, timeframe_id) VALUES (10396, '2018-04-17', '2018-04-17', 8.77904464341209, 8.77904464341209, 1, 10099, 1, 10000, 7);
INSERT INTO activity(activity_id, date_prevue, date_realisee, distance_prevue, distance_realisee, estrealisee, programme_id, sport_id, CENTREINTERET_ID, timeframe_id) VALUES (10397, '2018-04-18', '2018-04-18', 8.384914812280803, 8.384914812280803, 1, 10099, 1, 10000, 16);
INSERT INTO activity(activity_id, date_prevue, date_realisee, distance_prevue, distance_realisee, estrealisee, programme_id, sport_id, CENTREINTERET_ID, timeframe_id) VALUES (10398, '2018-04-19', '2018-04-19', 7.727336499795825, 7.727336499795825, 1, 10099, 1, 10000, 18);
INSERT INTO activity(activity_id, date_prevue, date_realisee, distance_prevue, distance_realisee, estrealisee, programme_id, sport_id, CENTREINTERET_ID, timeframe_id) VALUES (10399, '2018-04-20', '2018-04-20', 8.370337650537998, 8.370337650537998, 1, 10099, 1, 10000, 55);



