INSERT INTO users (ID, USERNAME, PASSWORD, FIRSTNAME, LASTNAME, EMAIL, ENABLED, LASTPASSWORDRESETDATE, OBJECTIFHEBDO) VALUES (100, 'admin', '$2a$08$lDnHPz7eUkSi6ao14Twuau08mzhWrL4kyZGGU5xfiGALO/Vxd5DOi', 'admin', 'admin', 'admin@admin.com', 1, '2003/01/22', -1);
INSERT INTO users (ID, USERNAME, PASSWORD, FIRSTNAME, LASTNAME, EMAIL, ENABLED, LASTPASSWORDRESETDATE, OBJECTIFHEBDO) VALUES (200, 'user', '$2a$08$UkVvwpULis18S19S5pZFn.YHPZt3oaqHZnDwqbCW9pft6uFtkXKDC', 'user', 'user', 'enabled@user.com', 1, '2003/01/22', -1);
INSERT INTO users (ID, USERNAME, PASSWORD, FIRSTNAME, LASTNAME, EMAIL, ENABLED, LASTPASSWORDRESETDATE, OBJECTIFHEBDO) VALUES (300, 'disabled', '$2a$08$UkVvwpULis18S19S5pZFn.YHPZt3oaqHZnDwqbCW9pft6uFtkXKDC', 'user', 'user', 'disabled@user.com', 0, '2003/01/22', -1);

INSERT INTO authority (ID, NAME) VALUES (1, 'ROLE_USER');
INSERT INTO authority (ID, NAME) VALUES (2, 'ROLE_ADMIN');

INSERT INTO user_authority (USER_ID, AUTHORITY_ID) VALUES (100, 1);
INSERT INTO user_authority (USER_ID, AUTHORITY_ID) VALUES (100, 2);
INSERT INTO user_authority (USER_ID, AUTHORITY_ID) VALUES (200, 1);
INSERT INTO user_authority (USER_ID, AUTHORITY_ID) VALUES (300, 1);

INSERT INTO timeframe (ID, HEUREDEBUT, HEUREFIN, NOMJOUR, EVALUATION) VALUES (1, 0, 3, 'LUNDI', -1);
INSERT INTO timeframe (ID, HEUREDEBUT, HEUREFIN, NOMJOUR, EVALUATION) VALUES (2, 3, 6, 'LUNDI', -1);
INSERT INTO timeframe (ID, HEUREDEBUT, HEUREFIN, NOMJOUR, EVALUATION) VALUES (3, 6, 9, 'LUNDI', -1);
INSERT INTO timeframe (ID, HEUREDEBUT, HEUREFIN, NOMJOUR, EVALUATION) VALUES (4, 9, 12, 'LUNDI', -1);
INSERT INTO timeframe (ID, HEUREDEBUT, HEUREFIN, NOMJOUR, EVALUATION) VALUES (5, 12, 15, 'LUNDI', -1);
INSERT INTO timeframe (ID, HEUREDEBUT, HEUREFIN, NOMJOUR, EVALUATION) VALUES (6, 15, 18, 'LUNDI', -1);
INSERT INTO timeframe (ID, HEUREDEBUT, HEUREFIN, NOMJOUR, EVALUATION) VALUES (7, 18, 21, 'LUNDI', -1);
INSERT INTO timeframe (ID, HEUREDEBUT, HEUREFIN, NOMJOUR, EVALUATION) VALUES (8, 21, 24, 'LUNDI', -1);
INSERT INTO timeframe (ID, HEUREDEBUT, HEUREFIN, NOMJOUR, EVALUATION) VALUES (9, 0, 3, 'MARDI', -1);
INSERT INTO timeframe (ID, HEUREDEBUT, HEUREFIN, NOMJOUR, EVALUATION) VALUES (10, 3, 6, 'MARDI', -1);
INSERT INTO timeframe (ID, HEUREDEBUT, HEUREFIN, NOMJOUR, EVALUATION) VALUES (11, 6, 9, 'MARDI', -1);
INSERT INTO timeframe (ID, HEUREDEBUT, HEUREFIN, NOMJOUR, EVALUATION) VALUES (12, 9, 12, 'MARDI', -1);
INSERT INTO timeframe (ID, HEUREDEBUT, HEUREFIN, NOMJOUR, EVALUATION) VALUES (13, 12, 15, 'MARDI', -1);
INSERT INTO timeframe (ID, HEUREDEBUT, HEUREFIN, NOMJOUR, EVALUATION) VALUES (14, 15, 18, 'MARDI', -1);
INSERT INTO timeframe (ID, HEUREDEBUT, HEUREFIN, NOMJOUR, EVALUATION) VALUES (15, 18, 21, 'MARDI', -1);
INSERT INTO timeframe (ID, HEUREDEBUT, HEUREFIN, NOMJOUR, EVALUATION) VALUES (16, 21, 24, 'MARDI', -1);
INSERT INTO timeframe (ID, HEUREDEBUT, HEUREFIN, NOMJOUR, EVALUATION) VALUES (17, 0, 3, 'MERCREDI', -1);
INSERT INTO timeframe (ID, HEUREDEBUT, HEUREFIN, NOMJOUR, EVALUATION) VALUES (18, 3, 6, 'MERCREDI', -1);
INSERT INTO timeframe (ID, HEUREDEBUT, HEUREFIN, NOMJOUR, EVALUATION) VALUES (19, 6, 9, 'MERCREDI', -1);
INSERT INTO timeframe (ID, HEUREDEBUT, HEUREFIN, NOMJOUR, EVALUATION) VALUES (20, 9, 12, 'MERCREDI', -1);
INSERT INTO timeframe (ID, HEUREDEBUT, HEUREFIN, NOMJOUR, EVALUATION) VALUES (21, 12, 15, 'MERCREDI', -1);
INSERT INTO timeframe (ID, HEUREDEBUT, HEUREFIN, NOMJOUR, EVALUATION) VALUES (22, 15, 18, 'MERCREDI', -1);
INSERT INTO timeframe (ID, HEUREDEBUT, HEUREFIN, NOMJOUR, EVALUATION) VALUES (23, 18, 21, 'MERCREDI', -1);
INSERT INTO timeframe (ID, HEUREDEBUT, HEUREFIN, NOMJOUR, EVALUATION) VALUES (24, 21, 24, 'MERCREDI', -1);
INSERT INTO timeframe (ID, HEUREDEBUT, HEUREFIN, NOMJOUR, EVALUATION) VALUES (25, 0, 3, 'JEUDI', -1);
INSERT INTO timeframe (ID, HEUREDEBUT, HEUREFIN, NOMJOUR, EVALUATION) VALUES (26, 3, 6, 'JEUDI', -1);
INSERT INTO timeframe (ID, HEUREDEBUT, HEUREFIN, NOMJOUR, EVALUATION) VALUES (27, 6, 9, 'JEUDI', -1);
INSERT INTO timeframe (ID, HEUREDEBUT, HEUREFIN, NOMJOUR, EVALUATION) VALUES (28, 9, 12, 'JEUDI', -1);
INSERT INTO timeframe (ID, HEUREDEBUT, HEUREFIN, NOMJOUR, EVALUATION) VALUES (29, 12, 15, 'JEUDI', -1);
INSERT INTO timeframe (ID, HEUREDEBUT, HEUREFIN, NOMJOUR, EVALUATION) VALUES (30, 15, 18, 'JEUDI', -1);
INSERT INTO timeframe (ID, HEUREDEBUT, HEUREFIN, NOMJOUR, EVALUATION) VALUES (31, 18, 21, 'JEUDI', -1);
INSERT INTO timeframe (ID, HEUREDEBUT, HEUREFIN, NOMJOUR, EVALUATION) VALUES (32, 21, 24, 'JEUDI', -1);
INSERT INTO timeframe (ID, HEUREDEBUT, HEUREFIN, NOMJOUR, EVALUATION) VALUES (33, 0, 3, 'VENDREDI', -1);
INSERT INTO timeframe (ID, HEUREDEBUT, HEUREFIN, NOMJOUR, EVALUATION) VALUES (34, 3, 6, 'VENDREDI', -1);
INSERT INTO timeframe (ID, HEUREDEBUT, HEUREFIN, NOMJOUR, EVALUATION) VALUES (35, 6, 9, 'VENDREDI', -1);
INSERT INTO timeframe (ID, HEUREDEBUT, HEUREFIN, NOMJOUR, EVALUATION) VALUES (36, 9, 12, 'VENDREDI', -1);
INSERT INTO timeframe (ID, HEUREDEBUT, HEUREFIN, NOMJOUR, EVALUATION) VALUES (37, 12, 15, 'VENDREDI', -1);
INSERT INTO timeframe (ID, HEUREDEBUT, HEUREFIN, NOMJOUR, EVALUATION) VALUES (38, 15, 18, 'VENDREDI', -1);
INSERT INTO timeframe (ID, HEUREDEBUT, HEUREFIN, NOMJOUR, EVALUATION) VALUES (39, 18, 21, 'VENDREDI', -1);
INSERT INTO timeframe (ID, HEUREDEBUT, HEUREFIN, NOMJOUR, EVALUATION) VALUES (40, 21, 24, 'VENDREDI', -1);
INSERT INTO timeframe (ID, HEUREDEBUT, HEUREFIN, NOMJOUR, EVALUATION) VALUES (41, 0, 3, 'SAMEDI', -1);
INSERT INTO timeframe (ID, HEUREDEBUT, HEUREFIN, NOMJOUR, EVALUATION) VALUES (42, 3, 6, 'SAMEDI', -1);
INSERT INTO timeframe (ID, HEUREDEBUT, HEUREFIN, NOMJOUR, EVALUATION) VALUES (43, 6, 9, 'SAMEDI', -1);
INSERT INTO timeframe (ID, HEUREDEBUT, HEUREFIN, NOMJOUR, EVALUATION) VALUES (44, 9, 12, 'SAMEDI', -1);
INSERT INTO timeframe (ID, HEUREDEBUT, HEUREFIN, NOMJOUR, EVALUATION) VALUES (45, 12, 15, 'SAMEDI', -1);
INSERT INTO timeframe (ID, HEUREDEBUT, HEUREFIN, NOMJOUR, EVALUATION) VALUES (46, 15, 18, 'SAMEDI', -1);
INSERT INTO timeframe (ID, HEUREDEBUT, HEUREFIN, NOMJOUR, EVALUATION) VALUES (47, 18, 21, 'SAMEDI', -1);
INSERT INTO timeframe (ID, HEUREDEBUT, HEUREFIN, NOMJOUR, EVALUATION) VALUES (48, 21, 24, 'SAMEDI', -1);
INSERT INTO timeframe (ID, HEUREDEBUT, HEUREFIN, NOMJOUR, EVALUATION) VALUES (49, 0, 3, 'DIMANCHE', -1);
INSERT INTO timeframe (ID, HEUREDEBUT, HEUREFIN, NOMJOUR, EVALUATION) VALUES (50, 3, 6, 'DIMANCHE', -1);
INSERT INTO timeframe (ID, HEUREDEBUT, HEUREFIN, NOMJOUR, EVALUATION) VALUES (51, 6, 9, 'DIMANCHE', -1);
INSERT INTO timeframe (ID, HEUREDEBUT, HEUREFIN, NOMJOUR, EVALUATION) VALUES (52, 9, 12, 'DIMANCHE', -1);
INSERT INTO timeframe (ID, HEUREDEBUT, HEUREFIN, NOMJOUR, EVALUATION) VALUES (53, 12, 15, 'DIMANCHE', -1);
INSERT INTO timeframe (ID, HEUREDEBUT, HEUREFIN, NOMJOUR, EVALUATION) VALUES (54, 15, 18, 'DIMANCHE', -1);
INSERT INTO timeframe (ID, HEUREDEBUT, HEUREFIN, NOMJOUR, EVALUATION) VALUES (55, 18, 21, 'DIMANCHE', -1);
INSERT INTO timeframe (ID, HEUREDEBUT, HEUREFIN, NOMJOUR, EVALUATION) VALUES (56, 21, 24, 'DIMANCHE', -1);

INSERT INTO sport(SPORT_ID, NOM, KMH, KCALH) VALUES (1, 'Course', 12, 880);
INSERT INTO sport(SPORT_ID, NOM, KMH, KCALH) VALUES (2, 'Marche', 4, 245);
INSERT INTO sport(SPORT_ID, NOM, KMH, KCALH) VALUES (3, 'Cyclisme', 20, 690);

INSERT INTO programme(programme_id, date_debut, user_id) VALUES (100, '2018-04-16', 200);
INSERT INTO programme(programme_id, date_debut, user_id) VALUES (200, '2018-04-23', 200);
INSERT INTO programme(programme_id, date_debut, user_id) VALUES (300, '2018-04-09', 200);
INSERT INTO programme(programme_id, date_debut, user_id) VALUES (400, '2018-04-02', 200);
INSERT INTO programme(programme_id, date_debut, user_id) VALUES (500, '2018-04-16', 100);
INSERT INTO programme(programme_id, date_debut, user_id) VALUES (600, '2018-04-23', 100);

INSERT INTO activity(activity_id, date, distance, estrealisee, programme_id, sport_id, centreinteret_id, timeframe_id) VALUES (100, '2018-04-29', 6, 0, 200, 1, 10000, 51);
INSERT INTO activity(activity_id, date, distance, estrealisee, programme_id, sport_id, centreinteret_id, timeframe_id) VALUES (300, '2018-04-27', 8, 0, 200, 2, 10000, 35);
INSERT INTO activity(activity_id, date, distance, estrealisee, programme_id, sport_id, centreinteret_id, timeframe_id) VALUES (200, '2018-04-28', 10, 1, 200, 1, 10000, 44);
INSERT INTO activity(activity_id, date, distance, estrealisee, programme_id, sport_id, centreinteret_id, timeframe_id) VALUES (400, '2018-04-29', 10, 0, 200, 1, 10000, 55);
INSERT INTO activity(activity_id, date, distance, estrealisee, programme_id, sport_id, centreinteret_id, timeframe_id) VALUES (500, '2018-04-25', 12, 0, 200, 2, 10000, 23);
INSERT INTO activity(activity_id, date, distance, estrealisee, programme_id, sport_id, centreinteret_id, timeframe_id) VALUES (600, '2018-04-28', 5, 1, 200, 1, 10000, 47);

INSERT INTO realisation(realisation_id, date, distance, activity_id, programme_id, centreinteret_id) VALUES (100, '2018-04-23', 11, 200, 200, 10000);


INSERT INTO point (ID, x, y) VALUES (10000, 45.77846429629631, 4.852797629629627);
INSERT INTO centreinteret (ID, NAME, POINT_ID) VALUES (10000, "Parc de la Tête d'Or", 10000);
INSERT INTO point (ID, x, y) VALUES (10001, 45.77868958333333, 4.853984940476191);
INSERT INTO centreinteret (ID, NAME, POINT_ID) VALUES (10001, "Tour Parc de la Tête d'Or", 10001);
INSERT INTO point (ID, x, y) VALUES (10002, 45.76518764705882, 4.823596470588235);
INSERT INTO centreinteret (ID, NAME, POINT_ID) VALUES (10002, "Escaliers Nicolas de Lange", 10002);
INSERT INTO point (ID, x, y) VALUES (10003, 45.77069710144926, 4.841091594202898);
INSERT INTO centreinteret (ID, NAME, POINT_ID) VALUES (10003, "Pt Lafayette-Tete or par les quais", 10003);
INSERT INTO point (ID, x, y) VALUES (10004, 45.72979947368422, 4.812275789473685);
INSERT INTO centreinteret (ID, NAME, POINT_ID) VALUES (10004, "descente escalier mulatiere", 10004);
INSERT INTO point (ID, x, y) VALUES (10005, 45.739675, 4.8260112903225805);
INSERT INTO centreinteret (ID, NAME, POINT_ID) VALUES (10005, "Pont a pont", 10005);
INSERT INTO point (ID, x, y) VALUES (10006, 45.74327516129033, 4.829121612903227);
INSERT INTO centreinteret (ID, NAME, POINT_ID) VALUES (10006, "Gwen2kA", 10006);
INSERT INTO point (ID, x, y) VALUES (10007, 45.704891739130424, 4.755103478260869);
INSERT INTO centreinteret (ID, NAME, POINT_ID) VALUES (10007, "Rue Favre Garin Climb", 10007);
INSERT INTO point (ID, x, y) VALUES (10008, 45.789565, 4.754929117647059);
INSERT INTO centreinteret (ID, NAME, POINT_ID) VALUES (10008, "Chemin Du Petit Bois Climb", 10008);
INSERT INTO point (ID, x, y) VALUES (10009, 45.71834150000001, 4.8964025);
INSERT INTO centreinteret (ID, NAME, POINT_ID) VALUES (10009, "Tour de Piste_1 Parilly", 10009);
INSERT INTO point (ID, x, y) VALUES (10010, 45.772916756756764, 4.815414864864865);
INSERT INTO centreinteret (ID, NAME, POINT_ID) VALUES (10010, "Montée des Esses", 10010);
INSERT INTO point (ID, x, y) VALUES (10011, 45.79343764044942, 4.912938314606743);
INSERT INTO centreinteret (ID, NAME, POINT_ID) VALUES (10011, "Piste cyclable vers Miribel-Jonage", 10011);
INSERT INTO point (ID, x, y) VALUES (10012, 45.798205454545446, 4.841378909090911);
INSERT INTO centreinteret (ID, NAME, POINT_ID) VALUES (10012, "Montée Castellane", 10012);
INSERT INTO point (ID, x, y) VALUES (10013, 45.76642445544555, 4.840650792079208);
INSERT INTO centreinteret (ID, NAME, POINT_ID) VALUES (10013, "Berge du Rhône (pont Wilson > Lattre)", 10013);
INSERT INTO point (ID, x, y) VALUES (10014, 45.793744285714304, 4.912491071428572);
INSERT INTO centreinteret (ID, NAME, POINT_ID) VALUES (10014, "voie cyclable vers Parc M. Jonage", 10014);
INSERT INTO point (ID, x, y) VALUES (10015, 45.723371875, 4.76817484375);
INSERT INTO centreinteret (ID, NAME, POINT_ID) VALUES (10015, "Route des Aqueducs", 10015);
INSERT INTO point (ID, x, y) VALUES (10016, 45.751369999999994, 4.763712727272727);
INSERT INTO centreinteret (ID, NAME, POINT_ID) VALUES (10016, "Côte d'Alaï", 10016);
INSERT INTO point (ID, x, y) VALUES (10017, 45.742725555555566, 4.813963703703704);
INSERT INTO centreinteret (ID, NAME, POINT_ID) VALUES (10017, "Quai JJ Rousseau", 10017);


INSERT INTO point (ID, x, y) VALUES (50000, 45.770254209643205, 4.815005878952375);
INSERT INTO users (ID, USERNAME, PASSWORD, FIRSTNAME, LASTNAME, EMAIL, ENABLED, LASTPASSWORDRESETDATE, OBJECTIFHEBDO, Location_id) VALUES (10000, "user0", "$2a$08$UkVvwpULis18S19S5pZFn.YHPZt3oaqHZnDwqbCW9pft6uFtkXKDC", "user0", "user0", "user0@user.com", 1, "2003/01/22", 14, 50000);
INSERT INTO user_authority (USER_ID, AUTHORITY_ID) VALUES (10000, 2);
INSERT INTO programme(programme_id, date_debut, user_id) VALUES (10000, '2018-04-23', 10000);
INSERT INTO programme(programme_id, date_debut, user_id) VALUES (10001, '2018-04-30', 10000);
INSERT INTO activity(activity_id, date, distance, estrealisee, programme_id, sport_id, CENTREINTERET_ID, timeframe_id) VALUES (10000, '2018-05-01', 9.86486315438417, 0, 10001, 1, 10000, 14);
INSERT INTO programme(programme_id, date_debut, user_id) VALUES (10002, '2018-04-30', 10000);
INSERT INTO activity(activity_id, date, distance, estrealisee, programme_id, sport_id, CENTREINTERET_ID, timeframe_id) VALUES (10001, '2018-05-02', 7.681241486719937, 0, 10002, 1, 10000, 20);
INSERT INTO programme(programme_id, date_debut, user_id) VALUES (10003, '2018-04-30', 10000);
INSERT INTO activity(activity_id, date, distance, estrealisee, programme_id, sport_id, CENTREINTERET_ID, timeframe_id) VALUES (10002, '2018-05-03', 9.278350214002742, 0, 10003, 1, 10000, 31);
INSERT INTO programme(programme_id, date_debut, user_id) VALUES (10004, '2018-04-30', 10000);
INSERT INTO activity(activity_id, date, distance, estrealisee, programme_id, sport_id, CENTREINTERET_ID, timeframe_id) VALUES (10003, '2018-05-04', 7.49837700760569, 0, 10004, 1, 10000, 39);
INSERT INTO activity(activity_id, date, distance, estrealisee, programme_id, sport_id, CENTREINTERET_ID, timeframe_id) VALUES (10004, '2018-04-17', 11.970373763398765, 1, 10000, 1, 10000, 22);
INSERT INTO realisation(realisation_id, date, distance, activity_id, programme_id, CENTREINTERET_ID, timeframe_id) VALUES (10000, '2018-04-17', 4, 10004, 10000, 10000, 22);
INSERT INTO activity(activity_id, date, distance, estrealisee, programme_id, sport_id, CENTREINTERET_ID, timeframe_id) VALUES (10005, '2018-04-18', 9.742463398545317, 1, 10000, 1, 10000, 49);
INSERT INTO realisation(realisation_id, date, distance, activity_id, programme_id, CENTREINTERET_ID, timeframe_id) VALUES (10001, '2018-04-18', 4, 10005, 10000, 10000, 49);
INSERT INTO activity(activity_id, date, distance, estrealisee, programme_id, sport_id, CENTREINTERET_ID, timeframe_id) VALUES (10006, '2018-04-19', 7.463892369376331, 1, 10000, 1, 10000, 44);
INSERT INTO realisation(realisation_id, date, distance, activity_id, programme_id, CENTREINTERET_ID, timeframe_id) VALUES (10002, '2018-04-19', 4, 10006, 10000, 10000, 44);
INSERT INTO activity(activity_id, date, distance, estrealisee, programme_id, sport_id, CENTREINTERET_ID, timeframe_id) VALUES (10007, '2018-04-20', 9.83937922413596, 1, 10000, 1, 10000, 30);
INSERT INTO realisation(realisation_id, date, distance, activity_id, programme_id, CENTREINTERET_ID, timeframe_id) VALUES (10003, '2018-04-20', 4, 10007, 10000, 10000, 30);

INSERT INTO point (ID, x, y) VALUES (50001, 45.72121509422303, 4.87887025078978);
INSERT INTO users (ID, USERNAME, PASSWORD, FIRSTNAME, LASTNAME, EMAIL, ENABLED, LASTPASSWORDRESETDATE, OBJECTIFHEBDO, Location_id) VALUES (10001, "user1", "$2a$08$UkVvwpULis18S19S5pZFn.YHPZt3oaqHZnDwqbCW9pft6uFtkXKDC", "user1", "user1", "user1@user.com", 1, "2003/01/22", 9, 50001);
INSERT INTO user_authority (USER_ID, AUTHORITY_ID) VALUES (10001, 2);
INSERT INTO programme(programme_id, date_debut, user_id) VALUES (10006, '2018-04-23', 10001);
INSERT INTO programme(programme_id, date_debut, user_id) VALUES (10007, '2018-04-30', 10001);
INSERT INTO activity(activity_id, date, distance, estrealisee, programme_id, sport_id, CENTREINTERET_ID, timeframe_id) VALUES (10008, '2018-05-01', 8.48471639178988, 0, 10007, 1, 10000, 14);
INSERT INTO programme(programme_id, date_debut, user_id) VALUES (10008, '2018-04-30', 10001);
INSERT INTO activity(activity_id, date, distance, estrealisee, programme_id, sport_id, CENTREINTERET_ID, timeframe_id) VALUES (10009, '2018-05-02', 10.867766003965265, 0, 10008, 1, 10000, 20);
INSERT INTO programme(programme_id, date_debut, user_id) VALUES (10009, '2018-04-30', 10001);
INSERT INTO activity(activity_id, date, distance, estrealisee, programme_id, sport_id, CENTREINTERET_ID, timeframe_id) VALUES (10010, '2018-05-03', 8.165433767501279, 0, 10009, 1, 10000, 31);
INSERT INTO programme(programme_id, date_debut, user_id) VALUES (10010, '2018-04-30', 10001);
INSERT INTO activity(activity_id, date, distance, estrealisee, programme_id, sport_id, CENTREINTERET_ID, timeframe_id) VALUES (10011, '2018-05-04', 11.253827801269889, 0, 10010, 1, 10000, 39);
INSERT INTO activity(activity_id, date, distance, estrealisee, programme_id, sport_id, CENTREINTERET_ID, timeframe_id) VALUES (10012, '2018-04-17', 7.804133580344988, 1, 10001, 1, 10000, 4);
INSERT INTO realisation(realisation_id, date, distance, activity_id, programme_id, CENTREINTERET_ID, timeframe_id) VALUES (10004, '2018-04-17', 4, 10012, 10001, 10000, 4);
INSERT INTO activity(activity_id, date, distance, estrealisee, programme_id, sport_id, CENTREINTERET_ID, timeframe_id) VALUES (10013, '2018-04-18', 7.198465513318716, 1, 10001, 1, 10000, 2);
INSERT INTO realisation(realisation_id, date, distance, activity_id, programme_id, CENTREINTERET_ID, timeframe_id) VALUES (10005, '2018-04-18', 4, 10013, 10001, 10000, 2);
INSERT INTO activity(activity_id, date, distance, estrealisee, programme_id, sport_id, CENTREINTERET_ID, timeframe_id) VALUES (10014, '2018-04-19', 10.468861194815478, 1, 10001, 1, 10000, 16);
INSERT INTO realisation(realisation_id, date, distance, activity_id, programme_id, CENTREINTERET_ID, timeframe_id) VALUES (10006, '2018-04-19', 4, 10014, 10001, 10000, 16);
INSERT INTO activity(activity_id, date, distance, estrealisee, programme_id, sport_id, CENTREINTERET_ID, timeframe_id) VALUES (10015, '2018-04-20', 8.478346486606053, 1, 10001, 1, 10000, 18);
INSERT INTO realisation(realisation_id, date, distance, activity_id, programme_id, CENTREINTERET_ID, timeframe_id) VALUES (10007, '2018-04-20', 4, 10015, 10001, 10000, 18);

INSERT INTO point (ID, x, y) VALUES (50002, 45.71539018939793, 4.883996295395261);
INSERT INTO users (ID, USERNAME, PASSWORD, FIRSTNAME, LASTNAME, EMAIL, ENABLED, LASTPASSWORDRESETDATE, OBJECTIFHEBDO, Location_id) VALUES (10002, "user2", "$2a$08$UkVvwpULis18S19S5pZFn.YHPZt3oaqHZnDwqbCW9pft6uFtkXKDC", "user2", "user2", "user2@user.com", 1, "2003/01/22", 9, 50002);
INSERT INTO user_authority (USER_ID, AUTHORITY_ID) VALUES (10002, 2);
INSERT INTO programme(programme_id, date_debut, user_id) VALUES (10012, '2018-04-23', 10002);
INSERT INTO programme(programme_id, date_debut, user_id) VALUES (10013, '2018-04-30', 10002);
INSERT INTO activity(activity_id, date, distance, estrealisee, programme_id, sport_id, CENTREINTERET_ID, timeframe_id) VALUES (10016, '2018-05-01', 10.392950843589073, 0, 10013, 1, 10000, 14);
INSERT INTO programme(programme_id, date_debut, user_id) VALUES (10014, '2018-04-30', 10002);
INSERT INTO activity(activity_id, date, distance, estrealisee, programme_id, sport_id, CENTREINTERET_ID, timeframe_id) VALUES (10017, '2018-05-02', 11.69062317290563, 0, 10014, 1, 10000, 20);
INSERT INTO programme(programme_id, date_debut, user_id) VALUES (10015, '2018-04-30', 10002);
INSERT INTO activity(activity_id, date, distance, estrealisee, programme_id, sport_id, CENTREINTERET_ID, timeframe_id) VALUES (10018, '2018-05-03', 9.254804666094293, 0, 10015, 1, 10000, 31);
INSERT INTO programme(programme_id, date_debut, user_id) VALUES (10016, '2018-04-30', 10002);
INSERT INTO activity(activity_id, date, distance, estrealisee, programme_id, sport_id, CENTREINTERET_ID, timeframe_id) VALUES (10019, '2018-05-04', 11.869105423004912, 0, 10016, 1, 10000, 39);
INSERT INTO activity(activity_id, date, distance, estrealisee, programme_id, sport_id, CENTREINTERET_ID, timeframe_id) VALUES (10020, '2018-04-17', 9.71430115587495, 1, 10002, 1, 10000, 39);
INSERT INTO realisation(realisation_id, date, distance, activity_id, programme_id, CENTREINTERET_ID, timeframe_id) VALUES (10008, '2018-04-17', 4, 10020, 10002, 10000, 39);
INSERT INTO activity(activity_id, date, distance, estrealisee, programme_id, sport_id, CENTREINTERET_ID, timeframe_id) VALUES (10021, '2018-04-18', 11.155439669586176, 1, 10002, 1, 10000, 41);
INSERT INTO realisation(realisation_id, date, distance, activity_id, programme_id, CENTREINTERET_ID, timeframe_id) VALUES (10009, '2018-04-18', 4, 10021, 10002, 10000, 41);
INSERT INTO activity(activity_id, date, distance, estrealisee, programme_id, sport_id, CENTREINTERET_ID, timeframe_id) VALUES (10022, '2018-04-19', 9.864622947835539, 1, 10002, 1, 10000, 44);
INSERT INTO realisation(realisation_id, date, distance, activity_id, programme_id, CENTREINTERET_ID, timeframe_id) VALUES (10010, '2018-04-19', 4, 10022, 10002, 10000, 44);
INSERT INTO activity(activity_id, date, distance, estrealisee, programme_id, sport_id, CENTREINTERET_ID, timeframe_id) VALUES (10023, '2018-04-20', 7.057526128216885, 1, 10002, 1, 10000, 48);
INSERT INTO realisation(realisation_id, date, distance, activity_id, programme_id, CENTREINTERET_ID, timeframe_id) VALUES (10011, '2018-04-20', 4, 10023, 10002, 10000, 48);

INSERT INTO point (ID, x, y) VALUES (50003, 45.775057674353405, 4.843610228901539);
INSERT INTO users (ID, USERNAME, PASSWORD, FIRSTNAME, LASTNAME, EMAIL, ENABLED, LASTPASSWORDRESETDATE, OBJECTIFHEBDO, Location_id) VALUES (10003, "user3", "$2a$08$UkVvwpULis18S19S5pZFn.YHPZt3oaqHZnDwqbCW9pft6uFtkXKDC", "user3", "user3", "user3@user.com", 1, "2003/01/22", 12, 50003);
INSERT INTO user_authority (USER_ID, AUTHORITY_ID) VALUES (10003, 2);
INSERT INTO programme(programme_id, date_debut, user_id) VALUES (10018, '2018-04-23', 10003);
INSERT INTO programme(programme_id, date_debut, user_id) VALUES (10019, '2018-04-30', 10003);
INSERT INTO activity(activity_id, date, distance, estrealisee, programme_id, sport_id, CENTREINTERET_ID, timeframe_id) VALUES (10024, '2018-05-01', 7.255506563046145, 0, 10019, 1, 10000, 14);
INSERT INTO programme(programme_id, date_debut, user_id) VALUES (10020, '2018-04-30', 10003);
INSERT INTO activity(activity_id, date, distance, estrealisee, programme_id, sport_id, CENTREINTERET_ID, timeframe_id) VALUES (10025, '2018-05-02', 10.455523188683777, 0, 10020, 1, 10000, 20);
INSERT INTO programme(programme_id, date_debut, user_id) VALUES (10021, '2018-04-30', 10003);
INSERT INTO activity(activity_id, date, distance, estrealisee, programme_id, sport_id, CENTREINTERET_ID, timeframe_id) VALUES (10026, '2018-05-03', 10.42246589489048, 0, 10021, 1, 10000, 31);
INSERT INTO programme(programme_id, date_debut, user_id) VALUES (10022, '2018-04-30', 10003);
INSERT INTO activity(activity_id, date, distance, estrealisee, programme_id, sport_id, CENTREINTERET_ID, timeframe_id) VALUES (10027, '2018-05-04', 11.430186713978532, 0, 10022, 1, 10000, 39);
INSERT INTO activity(activity_id, date, distance, estrealisee, programme_id, sport_id, CENTREINTERET_ID, timeframe_id) VALUES (10028, '2018-04-17', 7.927594072722745, 1, 10003, 1, 10000, 34);
INSERT INTO realisation(realisation_id, date, distance, activity_id, programme_id, CENTREINTERET_ID, timeframe_id) VALUES (10012, '2018-04-17', 4, 10028, 10003, 10000, 34);
INSERT INTO activity(activity_id, date, distance, estrealisee, programme_id, sport_id, CENTREINTERET_ID, timeframe_id) VALUES (10029, '2018-04-18', 10.5262896053386, 1, 10003, 1, 10000, 21);
INSERT INTO realisation(realisation_id, date, distance, activity_id, programme_id, CENTREINTERET_ID, timeframe_id) VALUES (10013, '2018-04-18', 4, 10029, 10003, 10000, 21);
INSERT INTO activity(activity_id, date, distance, estrealisee, programme_id, sport_id, CENTREINTERET_ID, timeframe_id) VALUES (10030, '2018-04-19', 10.716545209580964, 1, 10003, 1, 10000, 22);
INSERT INTO realisation(realisation_id, date, distance, activity_id, programme_id, CENTREINTERET_ID, timeframe_id) VALUES (10014, '2018-04-19', 4, 10030, 10003, 10000, 22);
INSERT INTO activity(activity_id, date, distance, estrealisee, programme_id, sport_id, CENTREINTERET_ID, timeframe_id) VALUES (10031, '2018-04-20', 7.508342874791721, 1, 10003, 1, 10000, 50);
INSERT INTO realisation(realisation_id, date, distance, activity_id, programme_id, CENTREINTERET_ID, timeframe_id) VALUES (10015, '2018-04-20', 4, 10031, 10003, 10000, 50);

INSERT INTO point (ID, x, y) VALUES (50004, 45.73546754549491, 4.877323950078817);
INSERT INTO users (ID, USERNAME, PASSWORD, FIRSTNAME, LASTNAME, EMAIL, ENABLED, LASTPASSWORDRESETDATE, OBJECTIFHEBDO, Location_id) VALUES (10004, "user4", "$2a$08$UkVvwpULis18S19S5pZFn.YHPZt3oaqHZnDwqbCW9pft6uFtkXKDC", "user4", "user4", "user4@user.com", 1, "2003/01/22", 16, 50004);
INSERT INTO user_authority (USER_ID, AUTHORITY_ID) VALUES (10004, 2);
INSERT INTO programme(programme_id, date_debut, user_id) VALUES (10024, '2018-04-23', 10004);
INSERT INTO programme(programme_id, date_debut, user_id) VALUES (10025, '2018-04-30', 10004);
INSERT INTO activity(activity_id, date, distance, estrealisee, programme_id, sport_id, CENTREINTERET_ID, timeframe_id) VALUES (10032, '2018-05-01', 10.100007393664201, 0, 10025, 1, 10000, 14);
INSERT INTO programme(programme_id, date_debut, user_id) VALUES (10026, '2018-04-30', 10004);
INSERT INTO activity(activity_id, date, distance, estrealisee, programme_id, sport_id, CENTREINTERET_ID, timeframe_id) VALUES (10033, '2018-05-02', 7.818717742399021, 0, 10026, 1, 10000, 20);
INSERT INTO programme(programme_id, date_debut, user_id) VALUES (10027, '2018-04-30', 10004);
INSERT INTO activity(activity_id, date, distance, estrealisee, programme_id, sport_id, CENTREINTERET_ID, timeframe_id) VALUES (10034, '2018-05-03', 9.65797688072918, 0, 10027, 1, 10000, 31);
INSERT INTO programme(programme_id, date_debut, user_id) VALUES (10028, '2018-04-30', 10004);
INSERT INTO activity(activity_id, date, distance, estrealisee, programme_id, sport_id, CENTREINTERET_ID, timeframe_id) VALUES (10035, '2018-05-04', 10.053324326163972, 0, 10028, 1, 10000, 39);
INSERT INTO activity(activity_id, date, distance, estrealisee, programme_id, sport_id, CENTREINTERET_ID, timeframe_id) VALUES (10036, '2018-04-17', 9.277333483820325, 1, 10004, 1, 10000, 6);
INSERT INTO realisation(realisation_id, date, distance, activity_id, programme_id, CENTREINTERET_ID, timeframe_id) VALUES (10016, '2018-04-17', 4, 10036, 10004, 10000, 6);
INSERT INTO activity(activity_id, date, distance, estrealisee, programme_id, sport_id, CENTREINTERET_ID, timeframe_id) VALUES (10037, '2018-04-18', 11.129300009758797, 1, 10004, 1, 10000, 10);
INSERT INTO realisation(realisation_id, date, distance, activity_id, programme_id, CENTREINTERET_ID, timeframe_id) VALUES (10017, '2018-04-18', 4, 10037, 10004, 10000, 10);
INSERT INTO activity(activity_id, date, distance, estrealisee, programme_id, sport_id, CENTREINTERET_ID, timeframe_id) VALUES (10038, '2018-04-19', 10.9846691661994, 1, 10004, 1, 10000, 53);
INSERT INTO realisation(realisation_id, date, distance, activity_id, programme_id, CENTREINTERET_ID, timeframe_id) VALUES (10018, '2018-04-19', 4, 10038, 10004, 10000, 53);
INSERT INTO activity(activity_id, date, distance, estrealisee, programme_id, sport_id, CENTREINTERET_ID, timeframe_id) VALUES (10039, '2018-04-20', 8.174285875762997, 1, 10004, 1, 10000, 39);
INSERT INTO realisation(realisation_id, date, distance, activity_id, programme_id, CENTREINTERET_ID, timeframe_id) VALUES (10019, '2018-04-20', 4, 10039, 10004, 10000, 39);

INSERT INTO point (ID, x, y) VALUES (50005, 45.76267643989888, 4.852379280543491);
INSERT INTO users (ID, USERNAME, PASSWORD, FIRSTNAME, LASTNAME, EMAIL, ENABLED, LASTPASSWORDRESETDATE, OBJECTIFHEBDO, Location_id) VALUES (10005, "user5", "$2a$08$UkVvwpULis18S19S5pZFn.YHPZt3oaqHZnDwqbCW9pft6uFtkXKDC", "user5", "user5", "user5@user.com", 1, "2003/01/22", 12, 50005);
INSERT INTO user_authority (USER_ID, AUTHORITY_ID) VALUES (10005, 2);
INSERT INTO programme(programme_id, date_debut, user_id) VALUES (10030, '2018-04-23', 10005);
INSERT INTO programme(programme_id, date_debut, user_id) VALUES (10031, '2018-04-30', 10005);
INSERT INTO activity(activity_id, date, distance, estrealisee, programme_id, sport_id, CENTREINTERET_ID, timeframe_id) VALUES (10040, '2018-05-01', 8.769726007197953, 0, 10031, 1, 10000, 14);
INSERT INTO programme(programme_id, date_debut, user_id) VALUES (10032, '2018-04-30', 10005);
INSERT INTO activity(activity_id, date, distance, estrealisee, programme_id, sport_id, CENTREINTERET_ID, timeframe_id) VALUES (10041, '2018-05-02', 8.191792991371747, 0, 10032, 1, 10000, 20);
INSERT INTO programme(programme_id, date_debut, user_id) VALUES (10033, '2018-04-30', 10005);
INSERT INTO activity(activity_id, date, distance, estrealisee, programme_id, sport_id, CENTREINTERET_ID, timeframe_id) VALUES (10042, '2018-05-03', 8.925936527804163, 0, 10033, 1, 10000, 31);
INSERT INTO programme(programme_id, date_debut, user_id) VALUES (10034, '2018-04-30', 10005);
INSERT INTO activity(activity_id, date, distance, estrealisee, programme_id, sport_id, CENTREINTERET_ID, timeframe_id) VALUES (10043, '2018-05-04', 10.519217276391625, 0, 10034, 1, 10000, 39);
INSERT INTO activity(activity_id, date, distance, estrealisee, programme_id, sport_id, CENTREINTERET_ID, timeframe_id) VALUES (10044, '2018-04-17', 8.503735467608397, 1, 10005, 1, 10000, 40);
INSERT INTO realisation(realisation_id, date, distance, activity_id, programme_id, CENTREINTERET_ID, timeframe_id) VALUES (10020, '2018-04-17', 4, 10044, 10005, 10000, 40);
INSERT INTO activity(activity_id, date, distance, estrealisee, programme_id, sport_id, CENTREINTERET_ID, timeframe_id) VALUES (10045, '2018-04-18', 11.668733784753764, 1, 10005, 1, 10000, 53);
INSERT INTO realisation(realisation_id, date, distance, activity_id, programme_id, CENTREINTERET_ID, timeframe_id) VALUES (10021, '2018-04-18', 4, 10045, 10005, 10000, 53);
INSERT INTO activity(activity_id, date, distance, estrealisee, programme_id, sport_id, CENTREINTERET_ID, timeframe_id) VALUES (10046, '2018-04-19', 9.961855027966632, 1, 10005, 1, 10000, 49);
INSERT INTO realisation(realisation_id, date, distance, activity_id, programme_id, CENTREINTERET_ID, timeframe_id) VALUES (10022, '2018-04-19', 4, 10046, 10005, 10000, 49);
INSERT INTO activity(activity_id, date, distance, estrealisee, programme_id, sport_id, CENTREINTERET_ID, timeframe_id) VALUES (10047, '2018-04-20', 9.303461988643317, 1, 10005, 1, 10000, 44);
INSERT INTO realisation(realisation_id, date, distance, activity_id, programme_id, CENTREINTERET_ID, timeframe_id) VALUES (10023, '2018-04-20', 4, 10047, 10005, 10000, 44);

INSERT INTO point (ID, x, y) VALUES (50006, 45.753674910708185, 4.863252038643936);
INSERT INTO users (ID, USERNAME, PASSWORD, FIRSTNAME, LASTNAME, EMAIL, ENABLED, LASTPASSWORDRESETDATE, OBJECTIFHEBDO, Location_id) VALUES (10006, "user6", "$2a$08$UkVvwpULis18S19S5pZFn.YHPZt3oaqHZnDwqbCW9pft6uFtkXKDC", "user6", "user6", "user6@user.com", 1, "2003/01/22", 16, 50006);
INSERT INTO user_authority (USER_ID, AUTHORITY_ID) VALUES (10006, 2);
INSERT INTO programme(programme_id, date_debut, user_id) VALUES (10036, '2018-04-23', 10006);
INSERT INTO programme(programme_id, date_debut, user_id) VALUES (10037, '2018-04-30', 10006);
INSERT INTO activity(activity_id, date, distance, estrealisee, programme_id, sport_id, CENTREINTERET_ID, timeframe_id) VALUES (10048, '2018-05-01', 11.375347044998641, 0, 10037, 1, 10000, 14);
INSERT INTO programme(programme_id, date_debut, user_id) VALUES (10038, '2018-04-30', 10006);
INSERT INTO activity(activity_id, date, distance, estrealisee, programme_id, sport_id, CENTREINTERET_ID, timeframe_id) VALUES (10049, '2018-05-02', 11.529218545555374, 0, 10038, 1, 10000, 20);
INSERT INTO programme(programme_id, date_debut, user_id) VALUES (10039, '2018-04-30', 10006);
INSERT INTO activity(activity_id, date, distance, estrealisee, programme_id, sport_id, CENTREINTERET_ID, timeframe_id) VALUES (10050, '2018-05-03', 11.477453690208193, 0, 10039, 1, 10000, 31);
INSERT INTO programme(programme_id, date_debut, user_id) VALUES (10040, '2018-04-30', 10006);
INSERT INTO activity(activity_id, date, distance, estrealisee, programme_id, sport_id, CENTREINTERET_ID, timeframe_id) VALUES (10051, '2018-05-04', 8.232047445750279, 0, 10040, 1, 10000, 39);
INSERT INTO activity(activity_id, date, distance, estrealisee, programme_id, sport_id, CENTREINTERET_ID, timeframe_id) VALUES (10052, '2018-04-17', 8.204691214822432, 1, 10006, 1, 10000, 15);
INSERT INTO realisation(realisation_id, date, distance, activity_id, programme_id, CENTREINTERET_ID, timeframe_id) VALUES (10024, '2018-04-17', 4, 10052, 10006, 10000, 15);
INSERT INTO activity(activity_id, date, distance, estrealisee, programme_id, sport_id, CENTREINTERET_ID, timeframe_id) VALUES (10053, '2018-04-18', 11.032704029580522, 1, 10006, 1, 10000, 25);
INSERT INTO realisation(realisation_id, date, distance, activity_id, programme_id, CENTREINTERET_ID, timeframe_id) VALUES (10025, '2018-04-18', 4, 10053, 10006, 10000, 25);
INSERT INTO activity(activity_id, date, distance, estrealisee, programme_id, sport_id, CENTREINTERET_ID, timeframe_id) VALUES (10054, '2018-04-19', 7.555953323009221, 1, 10006, 1, 10000, 44);
INSERT INTO realisation(realisation_id, date, distance, activity_id, programme_id, CENTREINTERET_ID, timeframe_id) VALUES (10026, '2018-04-19', 4, 10054, 10006, 10000, 44);
INSERT INTO activity(activity_id, date, distance, estrealisee, programme_id, sport_id, CENTREINTERET_ID, timeframe_id) VALUES (10055, '2018-04-20', 7.4861662753745115, 1, 10006, 1, 10000, 32);
INSERT INTO realisation(realisation_id, date, distance, activity_id, programme_id, CENTREINTERET_ID, timeframe_id) VALUES (10027, '2018-04-20', 4, 10055, 10006, 10000, 32);

INSERT INTO point (ID, x, y) VALUES (50007, 45.77774034157659, 4.885419559080033);
INSERT INTO users (ID, USERNAME, PASSWORD, FIRSTNAME, LASTNAME, EMAIL, ENABLED, LASTPASSWORDRESETDATE, OBJECTIFHEBDO, Location_id) VALUES (10007, "user7", "$2a$08$UkVvwpULis18S19S5pZFn.YHPZt3oaqHZnDwqbCW9pft6uFtkXKDC", "user7", "user7", "user7@user.com", 1, "2003/01/22", 15, 50007);
INSERT INTO user_authority (USER_ID, AUTHORITY_ID) VALUES (10007, 2);
INSERT INTO programme(programme_id, date_debut, user_id) VALUES (10042, '2018-04-23', 10007);
INSERT INTO programme(programme_id, date_debut, user_id) VALUES (10043, '2018-04-30', 10007);
INSERT INTO activity(activity_id, date, distance, estrealisee, programme_id, sport_id, CENTREINTERET_ID, timeframe_id) VALUES (10056, '2018-05-01', 10.249399241177873, 0, 10043, 1, 10000, 14);
INSERT INTO programme(programme_id, date_debut, user_id) VALUES (10044, '2018-04-30', 10007);
INSERT INTO activity(activity_id, date, distance, estrealisee, programme_id, sport_id, CENTREINTERET_ID, timeframe_id) VALUES (10057, '2018-05-02', 9.77858692534799, 0, 10044, 1, 10000, 20);
INSERT INTO programme(programme_id, date_debut, user_id) VALUES (10045, '2018-04-30', 10007);
INSERT INTO activity(activity_id, date, distance, estrealisee, programme_id, sport_id, CENTREINTERET_ID, timeframe_id) VALUES (10058, '2018-05-03', 9.886638173995468, 0, 10045, 1, 10000, 31);
INSERT INTO programme(programme_id, date_debut, user_id) VALUES (10046, '2018-04-30', 10007);
INSERT INTO activity(activity_id, date, distance, estrealisee, programme_id, sport_id, CENTREINTERET_ID, timeframe_id) VALUES (10059, '2018-05-04', 10.522333329605319, 0, 10046, 1, 10000, 39);
INSERT INTO activity(activity_id, date, distance, estrealisee, programme_id, sport_id, CENTREINTERET_ID, timeframe_id) VALUES (10060, '2018-04-17', 8.952349399458013, 1, 10007, 1, 10000, 25);
INSERT INTO realisation(realisation_id, date, distance, activity_id, programme_id, CENTREINTERET_ID, timeframe_id) VALUES (10028, '2018-04-17', 4, 10060, 10007, 10000, 25);
INSERT INTO activity(activity_id, date, distance, estrealisee, programme_id, sport_id, CENTREINTERET_ID, timeframe_id) VALUES (10061, '2018-04-18', 8.695195357552006, 1, 10007, 1, 10000, 42);
INSERT INTO realisation(realisation_id, date, distance, activity_id, programme_id, CENTREINTERET_ID, timeframe_id) VALUES (10029, '2018-04-18', 4, 10061, 10007, 10000, 42);
INSERT INTO activity(activity_id, date, distance, estrealisee, programme_id, sport_id, CENTREINTERET_ID, timeframe_id) VALUES (10062, '2018-04-19', 8.921436799999796, 1, 10007, 1, 10000, 56);
INSERT INTO realisation(realisation_id, date, distance, activity_id, programme_id, CENTREINTERET_ID, timeframe_id) VALUES (10030, '2018-04-19', 4, 10062, 10007, 10000, 56);
INSERT INTO activity(activity_id, date, distance, estrealisee, programme_id, sport_id, CENTREINTERET_ID, timeframe_id) VALUES (10063, '2018-04-20', 10.005145182777376, 1, 10007, 1, 10000, 36);
INSERT INTO realisation(realisation_id, date, distance, activity_id, programme_id, CENTREINTERET_ID, timeframe_id) VALUES (10031, '2018-04-20', 4, 10063, 10007, 10000, 36);

INSERT INTO point (ID, x, y) VALUES (50008, 45.76849652586786, 4.854181012210886);
INSERT INTO users (ID, USERNAME, PASSWORD, FIRSTNAME, LASTNAME, EMAIL, ENABLED, LASTPASSWORDRESETDATE, OBJECTIFHEBDO, Location_id) VALUES (10008, "user8", "$2a$08$UkVvwpULis18S19S5pZFn.YHPZt3oaqHZnDwqbCW9pft6uFtkXKDC", "user8", "user8", "user8@user.com", 1, "2003/01/22", 5, 50008);
INSERT INTO user_authority (USER_ID, AUTHORITY_ID) VALUES (10008, 2);
INSERT INTO programme(programme_id, date_debut, user_id) VALUES (10048, '2018-04-23', 10008);
INSERT INTO programme(programme_id, date_debut, user_id) VALUES (10049, '2018-04-30', 10008);
INSERT INTO activity(activity_id, date, distance, estrealisee, programme_id, sport_id, CENTREINTERET_ID, timeframe_id) VALUES (10064, '2018-05-01', 10.261540634644339, 0, 10049, 1, 10000, 14);
INSERT INTO programme(programme_id, date_debut, user_id) VALUES (10050, '2018-04-30', 10008);
INSERT INTO activity(activity_id, date, distance, estrealisee, programme_id, sport_id, CENTREINTERET_ID, timeframe_id) VALUES (10065, '2018-05-02', 8.425183141278769, 0, 10050, 1, 10000, 20);
INSERT INTO programme(programme_id, date_debut, user_id) VALUES (10051, '2018-04-30', 10008);
INSERT INTO activity(activity_id, date, distance, estrealisee, programme_id, sport_id, CENTREINTERET_ID, timeframe_id) VALUES (10066, '2018-05-03', 8.447069984853064, 0, 10051, 1, 10000, 31);
INSERT INTO programme(programme_id, date_debut, user_id) VALUES (10052, '2018-04-30', 10008);
INSERT INTO activity(activity_id, date, distance, estrealisee, programme_id, sport_id, CENTREINTERET_ID, timeframe_id) VALUES (10067, '2018-05-04', 7.716471718301386, 0, 10052, 1, 10000, 39);
INSERT INTO activity(activity_id, date, distance, estrealisee, programme_id, sport_id, CENTREINTERET_ID, timeframe_id) VALUES (10068, '2018-04-17', 10.138307957357176, 1, 10008, 1, 10000, 23);
INSERT INTO realisation(realisation_id, date, distance, activity_id, programme_id, CENTREINTERET_ID, timeframe_id) VALUES (10032, '2018-04-17', 4, 10068, 10008, 10000, 23);
INSERT INTO activity(activity_id, date, distance, estrealisee, programme_id, sport_id, CENTREINTERET_ID, timeframe_id) VALUES (10069, '2018-04-18', 8.77758540322896, 1, 10008, 1, 10000, 51);
INSERT INTO realisation(realisation_id, date, distance, activity_id, programme_id, CENTREINTERET_ID, timeframe_id) VALUES (10033, '2018-04-18', 4, 10069, 10008, 10000, 51);
INSERT INTO activity(activity_id, date, distance, estrealisee, programme_id, sport_id, CENTREINTERET_ID, timeframe_id) VALUES (10070, '2018-04-19', 8.77999869828836, 1, 10008, 1, 10000, 27);
INSERT INTO realisation(realisation_id, date, distance, activity_id, programme_id, CENTREINTERET_ID, timeframe_id) VALUES (10034, '2018-04-19', 4, 10070, 10008, 10000, 27);
INSERT INTO activity(activity_id, date, distance, estrealisee, programme_id, sport_id, CENTREINTERET_ID, timeframe_id) VALUES (10071, '2018-04-20', 9.7458449835672, 1, 10008, 1, 10000, 10);
INSERT INTO realisation(realisation_id, date, distance, activity_id, programme_id, CENTREINTERET_ID, timeframe_id) VALUES (10035, '2018-04-20', 4, 10071, 10008, 10000, 10);

INSERT INTO point (ID, x, y) VALUES (50009, 45.75981417461196, 4.858782270645341);
INSERT INTO users (ID, USERNAME, PASSWORD, FIRSTNAME, LASTNAME, EMAIL, ENABLED, LASTPASSWORDRESETDATE, OBJECTIFHEBDO, Location_id) VALUES (10009, "user9", "$2a$08$UkVvwpULis18S19S5pZFn.YHPZt3oaqHZnDwqbCW9pft6uFtkXKDC", "user9", "user9", "user9@user.com", 1, "2003/01/22", 18, 50009);
INSERT INTO user_authority (USER_ID, AUTHORITY_ID) VALUES (10009, 2);
INSERT INTO programme(programme_id, date_debut, user_id) VALUES (10054, '2018-04-23', 10009);
INSERT INTO programme(programme_id, date_debut, user_id) VALUES (10055, '2018-04-30', 10009);
INSERT INTO activity(activity_id, date, distance, estrealisee, programme_id, sport_id, CENTREINTERET_ID, timeframe_id) VALUES (10072, '2018-05-01', 7.717702583196967, 0, 10055, 1, 10000, 14);
INSERT INTO programme(programme_id, date_debut, user_id) VALUES (10056, '2018-04-30', 10009);
INSERT INTO activity(activity_id, date, distance, estrealisee, programme_id, sport_id, CENTREINTERET_ID, timeframe_id) VALUES (10073, '2018-05-02', 11.034700735316118, 0, 10056, 1, 10000, 20);
INSERT INTO programme(programme_id, date_debut, user_id) VALUES (10057, '2018-04-30', 10009);
INSERT INTO activity(activity_id, date, distance, estrealisee, programme_id, sport_id, CENTREINTERET_ID, timeframe_id) VALUES (10074, '2018-05-03', 7.920894893360656, 0, 10057, 1, 10000, 31);
INSERT INTO programme(programme_id, date_debut, user_id) VALUES (10058, '2018-04-30', 10009);
INSERT INTO activity(activity_id, date, distance, estrealisee, programme_id, sport_id, CENTREINTERET_ID, timeframe_id) VALUES (10075, '2018-05-04', 11.417044750033803, 0, 10058, 1, 10000, 39);
INSERT INTO activity(activity_id, date, distance, estrealisee, programme_id, sport_id, CENTREINTERET_ID, timeframe_id) VALUES (10076, '2018-04-17', 7.522232830575536, 1, 10009, 1, 10000, 50);
INSERT INTO realisation(realisation_id, date, distance, activity_id, programme_id, CENTREINTERET_ID, timeframe_id) VALUES (10036, '2018-04-17', 4, 10076, 10009, 10000, 50);
INSERT INTO activity(activity_id, date, distance, estrealisee, programme_id, sport_id, CENTREINTERET_ID, timeframe_id) VALUES (10077, '2018-04-18', 8.988165750289832, 1, 10009, 1, 10000, 40);
INSERT INTO realisation(realisation_id, date, distance, activity_id, programme_id, CENTREINTERET_ID, timeframe_id) VALUES (10037, '2018-04-18', 4, 10077, 10009, 10000, 40);
INSERT INTO activity(activity_id, date, distance, estrealisee, programme_id, sport_id, CENTREINTERET_ID, timeframe_id) VALUES (10078, '2018-04-19', 7.33911333466473, 1, 10009, 1, 10000, 31);
INSERT INTO realisation(realisation_id, date, distance, activity_id, programme_id, CENTREINTERET_ID, timeframe_id) VALUES (10038, '2018-04-19', 4, 10078, 10009, 10000, 31);
INSERT INTO activity(activity_id, date, distance, estrealisee, programme_id, sport_id, CENTREINTERET_ID, timeframe_id) VALUES (10079, '2018-04-20', 11.329433816914996, 1, 10009, 1, 10000, 5);
INSERT INTO realisation(realisation_id, date, distance, activity_id, programme_id, CENTREINTERET_ID, timeframe_id) VALUES (10039, '2018-04-20', 4, 10079, 10009, 10000, 5);

INSERT INTO point (ID, x, y) VALUES (50010, 45.75182854813456, 4.836422317169184);
INSERT INTO users (ID, USERNAME, PASSWORD, FIRSTNAME, LASTNAME, EMAIL, ENABLED, LASTPASSWORDRESETDATE, OBJECTIFHEBDO, Location_id) VALUES (10010, "user10", "$2a$08$UkVvwpULis18S19S5pZFn.YHPZt3oaqHZnDwqbCW9pft6uFtkXKDC", "user10", "user10", "user10@user.com", 1, "2003/01/22", 18, 50010);
INSERT INTO user_authority (USER_ID, AUTHORITY_ID) VALUES (10010, 2);
INSERT INTO programme(programme_id, date_debut, user_id) VALUES (10060, '2018-04-23', 10010);
INSERT INTO programme(programme_id, date_debut, user_id) VALUES (10061, '2018-04-30', 10010);
INSERT INTO activity(activity_id, date, distance, estrealisee, programme_id, sport_id, CENTREINTERET_ID, timeframe_id) VALUES (10080, '2018-05-01', 11.399800346056665, 0, 10061, 1, 10000, 14);
INSERT INTO programme(programme_id, date_debut, user_id) VALUES (10062, '2018-04-30', 10010);
INSERT INTO activity(activity_id, date, distance, estrealisee, programme_id, sport_id, CENTREINTERET_ID, timeframe_id) VALUES (10081, '2018-05-02', 11.115806005212743, 0, 10062, 1, 10000, 20);
INSERT INTO programme(programme_id, date_debut, user_id) VALUES (10063, '2018-04-30', 10010);
INSERT INTO activity(activity_id, date, distance, estrealisee, programme_id, sport_id, CENTREINTERET_ID, timeframe_id) VALUES (10082, '2018-05-03', 10.701634013638964, 0, 10063, 1, 10000, 31);
INSERT INTO programme(programme_id, date_debut, user_id) VALUES (10064, '2018-04-30', 10010);
INSERT INTO activity(activity_id, date, distance, estrealisee, programme_id, sport_id, CENTREINTERET_ID, timeframe_id) VALUES (10083, '2018-05-04', 9.046116538577362, 0, 10064, 1, 10000, 39);
INSERT INTO activity(activity_id, date, distance, estrealisee, programme_id, sport_id, CENTREINTERET_ID, timeframe_id) VALUES (10084, '2018-04-17', 7.136751449806592, 1, 10010, 1, 10000, 33);
INSERT INTO realisation(realisation_id, date, distance, activity_id, programme_id, CENTREINTERET_ID, timeframe_id) VALUES (10040, '2018-04-17', 4, 10084, 10010, 10000, 33);
INSERT INTO activity(activity_id, date, distance, estrealisee, programme_id, sport_id, CENTREINTERET_ID, timeframe_id) VALUES (10085, '2018-04-18', 10.5518699143424, 1, 10010, 1, 10000, 12);
INSERT INTO realisation(realisation_id, date, distance, activity_id, programme_id, CENTREINTERET_ID, timeframe_id) VALUES (10041, '2018-04-18', 4, 10085, 10010, 10000, 12);
INSERT INTO activity(activity_id, date, distance, estrealisee, programme_id, sport_id, CENTREINTERET_ID, timeframe_id) VALUES (10086, '2018-04-19', 7.807456318719826, 1, 10010, 1, 10000, 21);
INSERT INTO realisation(realisation_id, date, distance, activity_id, programme_id, CENTREINTERET_ID, timeframe_id) VALUES (10042, '2018-04-19', 4, 10086, 10010, 10000, 21);
INSERT INTO activity(activity_id, date, distance, estrealisee, programme_id, sport_id, CENTREINTERET_ID, timeframe_id) VALUES (10087, '2018-04-20', 9.715774116645228, 1, 10010, 1, 10000, 45);
INSERT INTO realisation(realisation_id, date, distance, activity_id, programme_id, CENTREINTERET_ID, timeframe_id) VALUES (10043, '2018-04-20', 4, 10087, 10010, 10000, 45);

INSERT INTO point (ID, x, y) VALUES (50011, 45.750664912076196, 4.884199946204093);
INSERT INTO users (ID, USERNAME, PASSWORD, FIRSTNAME, LASTNAME, EMAIL, ENABLED, LASTPASSWORDRESETDATE, OBJECTIFHEBDO, Location_id) VALUES (10011, "user11", "$2a$08$UkVvwpULis18S19S5pZFn.YHPZt3oaqHZnDwqbCW9pft6uFtkXKDC", "user11", "user11", "user11@user.com", 1, "2003/01/22", 6, 50011);
INSERT INTO user_authority (USER_ID, AUTHORITY_ID) VALUES (10011, 2);
INSERT INTO programme(programme_id, date_debut, user_id) VALUES (10066, '2018-04-23', 10011);
INSERT INTO programme(programme_id, date_debut, user_id) VALUES (10067, '2018-04-30', 10011);
INSERT INTO activity(activity_id, date, distance, estrealisee, programme_id, sport_id, CENTREINTERET_ID, timeframe_id) VALUES (10088, '2018-05-01', 9.823137703036902, 0, 10067, 1, 10000, 14);
INSERT INTO programme(programme_id, date_debut, user_id) VALUES (10068, '2018-04-30', 10011);
INSERT INTO activity(activity_id, date, distance, estrealisee, programme_id, sport_id, CENTREINTERET_ID, timeframe_id) VALUES (10089, '2018-05-02', 9.986896338636129, 0, 10068, 1, 10000, 20);
INSERT INTO programme(programme_id, date_debut, user_id) VALUES (10069, '2018-04-30', 10011);
INSERT INTO activity(activity_id, date, distance, estrealisee, programme_id, sport_id, CENTREINTERET_ID, timeframe_id) VALUES (10090, '2018-05-03', 7.419972366331669, 0, 10069, 1, 10000, 31);
INSERT INTO programme(programme_id, date_debut, user_id) VALUES (10070, '2018-04-30', 10011);
INSERT INTO activity(activity_id, date, distance, estrealisee, programme_id, sport_id, CENTREINTERET_ID, timeframe_id) VALUES (10091, '2018-05-04', 9.63261599098831, 0, 10070, 1, 10000, 39);
INSERT INTO activity(activity_id, date, distance, estrealisee, programme_id, sport_id, CENTREINTERET_ID, timeframe_id) VALUES (10092, '2018-04-17', 7.830544762424763, 1, 10011, 1, 10000, 15);
INSERT INTO realisation(realisation_id, date, distance, activity_id, programme_id, CENTREINTERET_ID, timeframe_id) VALUES (10044, '2018-04-17', 4, 10092, 10011, 10000, 15);
INSERT INTO activity(activity_id, date, distance, estrealisee, programme_id, sport_id, CENTREINTERET_ID, timeframe_id) VALUES (10093, '2018-04-18', 9.58689739631224, 1, 10011, 1, 10000, 36);
INSERT INTO realisation(realisation_id, date, distance, activity_id, programme_id, CENTREINTERET_ID, timeframe_id) VALUES (10045, '2018-04-18', 4, 10093, 10011, 10000, 36);
INSERT INTO activity(activity_id, date, distance, estrealisee, programme_id, sport_id, CENTREINTERET_ID, timeframe_id) VALUES (10094, '2018-04-19', 9.713925499908232, 1, 10011, 1, 10000, 34);
INSERT INTO realisation(realisation_id, date, distance, activity_id, programme_id, CENTREINTERET_ID, timeframe_id) VALUES (10046, '2018-04-19', 4, 10094, 10011, 10000, 34);
INSERT INTO activity(activity_id, date, distance, estrealisee, programme_id, sport_id, CENTREINTERET_ID, timeframe_id) VALUES (10095, '2018-04-20', 10.174125797766362, 1, 10011, 1, 10000, 43);
INSERT INTO realisation(realisation_id, date, distance, activity_id, programme_id, CENTREINTERET_ID, timeframe_id) VALUES (10047, '2018-04-20', 4, 10095, 10011, 10000, 43);

INSERT INTO point (ID, x, y) VALUES (50012, 45.767892619024124, 4.8309009814442465);
INSERT INTO users (ID, USERNAME, PASSWORD, FIRSTNAME, LASTNAME, EMAIL, ENABLED, LASTPASSWORDRESETDATE, OBJECTIFHEBDO, Location_id) VALUES (10012, "user12", "$2a$08$UkVvwpULis18S19S5pZFn.YHPZt3oaqHZnDwqbCW9pft6uFtkXKDC", "user12", "user12", "user12@user.com", 1, "2003/01/22", 7, 50012);
INSERT INTO user_authority (USER_ID, AUTHORITY_ID) VALUES (10012, 2);
INSERT INTO programme(programme_id, date_debut, user_id) VALUES (10072, '2018-04-23', 10012);
INSERT INTO programme(programme_id, date_debut, user_id) VALUES (10073, '2018-04-30', 10012);
INSERT INTO activity(activity_id, date, distance, estrealisee, programme_id, sport_id, CENTREINTERET_ID, timeframe_id) VALUES (10096, '2018-05-01', 9.849611633300862, 0, 10073, 1, 10000, 14);
INSERT INTO programme(programme_id, date_debut, user_id) VALUES (10074, '2018-04-30', 10012);
INSERT INTO activity(activity_id, date, distance, estrealisee, programme_id, sport_id, CENTREINTERET_ID, timeframe_id) VALUES (10097, '2018-05-02', 7.2885784290687345, 0, 10074, 1, 10000, 20);
INSERT INTO programme(programme_id, date_debut, user_id) VALUES (10075, '2018-04-30', 10012);
INSERT INTO activity(activity_id, date, distance, estrealisee, programme_id, sport_id, CENTREINTERET_ID, timeframe_id) VALUES (10098, '2018-05-03', 7.2417762136801755, 0, 10075, 1, 10000, 31);
INSERT INTO programme(programme_id, date_debut, user_id) VALUES (10076, '2018-04-30', 10012);
INSERT INTO activity(activity_id, date, distance, estrealisee, programme_id, sport_id, CENTREINTERET_ID, timeframe_id) VALUES (10099, '2018-05-04', 8.5922882573413, 0, 10076, 1, 10000, 39);
INSERT INTO activity(activity_id, date, distance, estrealisee, programme_id, sport_id, CENTREINTERET_ID, timeframe_id) VALUES (10100, '2018-04-17', 8.933536307523783, 1, 10012, 1, 10000, 40);
INSERT INTO realisation(realisation_id, date, distance, activity_id, programme_id, CENTREINTERET_ID, timeframe_id) VALUES (10048, '2018-04-17', 4, 10100, 10012, 10000, 40);
INSERT INTO activity(activity_id, date, distance, estrealisee, programme_id, sport_id, CENTREINTERET_ID, timeframe_id) VALUES (10101, '2018-04-18', 9.669920462124388, 1, 10012, 1, 10000, 1);
INSERT INTO realisation(realisation_id, date, distance, activity_id, programme_id, CENTREINTERET_ID, timeframe_id) VALUES (10049, '2018-04-18', 4, 10101, 10012, 10000, 1);
INSERT INTO activity(activity_id, date, distance, estrealisee, programme_id, sport_id, CENTREINTERET_ID, timeframe_id) VALUES (10102, '2018-04-19', 7.943138256959224, 1, 10012, 1, 10000, 13);
INSERT INTO realisation(realisation_id, date, distance, activity_id, programme_id, CENTREINTERET_ID, timeframe_id) VALUES (10050, '2018-04-19', 4, 10102, 10012, 10000, 13);
INSERT INTO activity(activity_id, date, distance, estrealisee, programme_id, sport_id, CENTREINTERET_ID, timeframe_id) VALUES (10103, '2018-04-20', 10.113251002355215, 1, 10012, 1, 10000, 26);
INSERT INTO realisation(realisation_id, date, distance, activity_id, programme_id, CENTREINTERET_ID, timeframe_id) VALUES (10051, '2018-04-20', 4, 10103, 10012, 10000, 26);

INSERT INTO point (ID, x, y) VALUES (50013, 45.74428401136212, 4.8203569491794225);
INSERT INTO users (ID, USERNAME, PASSWORD, FIRSTNAME, LASTNAME, EMAIL, ENABLED, LASTPASSWORDRESETDATE, OBJECTIFHEBDO, Location_id) VALUES (10013, "user13", "$2a$08$UkVvwpULis18S19S5pZFn.YHPZt3oaqHZnDwqbCW9pft6uFtkXKDC", "user13", "user13", "user13@user.com", 1, "2003/01/22", 12, 50013);
INSERT INTO user_authority (USER_ID, AUTHORITY_ID) VALUES (10013, 2);
INSERT INTO programme(programme_id, date_debut, user_id) VALUES (10078, '2018-04-23', 10013);
INSERT INTO programme(programme_id, date_debut, user_id) VALUES (10079, '2018-04-30', 10013);
INSERT INTO activity(activity_id, date, distance, estrealisee, programme_id, sport_id, CENTREINTERET_ID, timeframe_id) VALUES (10104, '2018-05-01', 10.677580949972702, 0, 10079, 1, 10000, 14);
INSERT INTO programme(programme_id, date_debut, user_id) VALUES (10080, '2018-04-30', 10013);
INSERT INTO activity(activity_id, date, distance, estrealisee, programme_id, sport_id, CENTREINTERET_ID, timeframe_id) VALUES (10105, '2018-05-02', 8.084189304182534, 0, 10080, 1, 10000, 20);
INSERT INTO programme(programme_id, date_debut, user_id) VALUES (10081, '2018-04-30', 10013);
INSERT INTO activity(activity_id, date, distance, estrealisee, programme_id, sport_id, CENTREINTERET_ID, timeframe_id) VALUES (10106, '2018-05-03', 10.802673928003209, 0, 10081, 1, 10000, 31);
INSERT INTO programme(programme_id, date_debut, user_id) VALUES (10082, '2018-04-30', 10013);
INSERT INTO activity(activity_id, date, distance, estrealisee, programme_id, sport_id, CENTREINTERET_ID, timeframe_id) VALUES (10107, '2018-05-04', 9.508462204475135, 0, 10082, 1, 10000, 39);
INSERT INTO activity(activity_id, date, distance, estrealisee, programme_id, sport_id, CENTREINTERET_ID, timeframe_id) VALUES (10108, '2018-04-17', 7.870272628400399, 1, 10013, 1, 10000, 41);
INSERT INTO realisation(realisation_id, date, distance, activity_id, programme_id, CENTREINTERET_ID, timeframe_id) VALUES (10052, '2018-04-17', 4, 10108, 10013, 10000, 41);
INSERT INTO activity(activity_id, date, distance, estrealisee, programme_id, sport_id, CENTREINTERET_ID, timeframe_id) VALUES (10109, '2018-04-18', 9.956356083676106, 1, 10013, 1, 10000, 18);
INSERT INTO realisation(realisation_id, date, distance, activity_id, programme_id, CENTREINTERET_ID, timeframe_id) VALUES (10053, '2018-04-18', 4, 10109, 10013, 10000, 18);
INSERT INTO activity(activity_id, date, distance, estrealisee, programme_id, sport_id, CENTREINTERET_ID, timeframe_id) VALUES (10110, '2018-04-19', 9.971627643416227, 1, 10013, 1, 10000, 29);
INSERT INTO realisation(realisation_id, date, distance, activity_id, programme_id, CENTREINTERET_ID, timeframe_id) VALUES (10054, '2018-04-19', 4, 10110, 10013, 10000, 29);
INSERT INTO activity(activity_id, date, distance, estrealisee, programme_id, sport_id, CENTREINTERET_ID, timeframe_id) VALUES (10111, '2018-04-20', 8.268250742691855, 1, 10013, 1, 10000, 6);
INSERT INTO realisation(realisation_id, date, distance, activity_id, programme_id, CENTREINTERET_ID, timeframe_id) VALUES (10055, '2018-04-20', 4, 10111, 10013, 10000, 6);

INSERT INTO point (ID, x, y) VALUES (50014, 45.78229477048955, 4.853478855566374);
INSERT INTO users (ID, USERNAME, PASSWORD, FIRSTNAME, LASTNAME, EMAIL, ENABLED, LASTPASSWORDRESETDATE, OBJECTIFHEBDO, Location_id) VALUES (10014, "user14", "$2a$08$UkVvwpULis18S19S5pZFn.YHPZt3oaqHZnDwqbCW9pft6uFtkXKDC", "user14", "user14", "user14@user.com", 1, "2003/01/22", 9, 50014);
INSERT INTO user_authority (USER_ID, AUTHORITY_ID) VALUES (10014, 2);
INSERT INTO programme(programme_id, date_debut, user_id) VALUES (10084, '2018-04-23', 10014);
INSERT INTO programme(programme_id, date_debut, user_id) VALUES (10085, '2018-04-30', 10014);
INSERT INTO activity(activity_id, date, distance, estrealisee, programme_id, sport_id, CENTREINTERET_ID, timeframe_id) VALUES (10112, '2018-05-01', 8.256670022615555, 0, 10085, 1, 10000, 14);
INSERT INTO programme(programme_id, date_debut, user_id) VALUES (10086, '2018-04-30', 10014);
INSERT INTO activity(activity_id, date, distance, estrealisee, programme_id, sport_id, CENTREINTERET_ID, timeframe_id) VALUES (10113, '2018-05-02', 8.898983812598692, 0, 10086, 1, 10000, 20);
INSERT INTO programme(programme_id, date_debut, user_id) VALUES (10087, '2018-04-30', 10014);
INSERT INTO activity(activity_id, date, distance, estrealisee, programme_id, sport_id, CENTREINTERET_ID, timeframe_id) VALUES (10114, '2018-05-03', 8.480227596448383, 0, 10087, 1, 10000, 31);
INSERT INTO programme(programme_id, date_debut, user_id) VALUES (10088, '2018-04-30', 10014);
INSERT INTO activity(activity_id, date, distance, estrealisee, programme_id, sport_id, CENTREINTERET_ID, timeframe_id) VALUES (10115, '2018-05-04', 11.178792828348868, 0, 10088, 1, 10000, 39);
INSERT INTO activity(activity_id, date, distance, estrealisee, programme_id, sport_id, CENTREINTERET_ID, timeframe_id) VALUES (10116, '2018-04-17', 9.136498537773747, 1, 10014, 1, 10000, 28);
INSERT INTO realisation(realisation_id, date, distance, activity_id, programme_id, CENTREINTERET_ID, timeframe_id) VALUES (10056, '2018-04-17', 4, 10116, 10014, 10000, 28);
INSERT INTO activity(activity_id, date, distance, estrealisee, programme_id, sport_id, CENTREINTERET_ID, timeframe_id) VALUES (10117, '2018-04-18', 8.61580667115249, 1, 10014, 1, 10000, 18);
INSERT INTO realisation(realisation_id, date, distance, activity_id, programme_id, CENTREINTERET_ID, timeframe_id) VALUES (10057, '2018-04-18', 4, 10117, 10014, 10000, 18);
INSERT INTO activity(activity_id, date, distance, estrealisee, programme_id, sport_id, CENTREINTERET_ID, timeframe_id) VALUES (10118, '2018-04-19', 11.887926575813724, 1, 10014, 1, 10000, 32);
INSERT INTO realisation(realisation_id, date, distance, activity_id, programme_id, CENTREINTERET_ID, timeframe_id) VALUES (10058, '2018-04-19', 4, 10118, 10014, 10000, 32);
INSERT INTO activity(activity_id, date, distance, estrealisee, programme_id, sport_id, CENTREINTERET_ID, timeframe_id) VALUES (10119, '2018-04-20', 10.763319581114542, 1, 10014, 1, 10000, 20);
INSERT INTO realisation(realisation_id, date, distance, activity_id, programme_id, CENTREINTERET_ID, timeframe_id) VALUES (10059, '2018-04-20', 4, 10119, 10014, 10000, 20);

INSERT INTO point (ID, x, y) VALUES (50015, 45.76502998234103, 4.8199998791792265);
INSERT INTO users (ID, USERNAME, PASSWORD, FIRSTNAME, LASTNAME, EMAIL, ENABLED, LASTPASSWORDRESETDATE, OBJECTIFHEBDO, Location_id) VALUES (10015, "user15", "$2a$08$UkVvwpULis18S19S5pZFn.YHPZt3oaqHZnDwqbCW9pft6uFtkXKDC", "user15", "user15", "user15@user.com", 1, "2003/01/22", 13, 50015);
INSERT INTO user_authority (USER_ID, AUTHORITY_ID) VALUES (10015, 2);
INSERT INTO programme(programme_id, date_debut, user_id) VALUES (10090, '2018-04-23', 10015);
INSERT INTO programme(programme_id, date_debut, user_id) VALUES (10091, '2018-04-30', 10015);
INSERT INTO activity(activity_id, date, distance, estrealisee, programme_id, sport_id, CENTREINTERET_ID, timeframe_id) VALUES (10120, '2018-05-01', 7.959183908165043, 0, 10091, 1, 10000, 14);
INSERT INTO programme(programme_id, date_debut, user_id) VALUES (10092, '2018-04-30', 10015);
INSERT INTO activity(activity_id, date, distance, estrealisee, programme_id, sport_id, CENTREINTERET_ID, timeframe_id) VALUES (10121, '2018-05-02', 8.343670374585322, 0, 10092, 1, 10000, 20);
INSERT INTO programme(programme_id, date_debut, user_id) VALUES (10093, '2018-04-30', 10015);
INSERT INTO activity(activity_id, date, distance, estrealisee, programme_id, sport_id, CENTREINTERET_ID, timeframe_id) VALUES (10122, '2018-05-03', 8.962868346979532, 0, 10093, 1, 10000, 31);
INSERT INTO programme(programme_id, date_debut, user_id) VALUES (10094, '2018-04-30', 10015);
INSERT INTO activity(activity_id, date, distance, estrealisee, programme_id, sport_id, CENTREINTERET_ID, timeframe_id) VALUES (10123, '2018-05-04', 10.537955280849978, 0, 10094, 1, 10000, 39);
INSERT INTO activity(activity_id, date, distance, estrealisee, programme_id, sport_id, CENTREINTERET_ID, timeframe_id) VALUES (10124, '2018-04-17', 10.164763974498147, 1, 10015, 1, 10000, 1);
INSERT INTO realisation(realisation_id, date, distance, activity_id, programme_id, CENTREINTERET_ID, timeframe_id) VALUES (10060, '2018-04-17', 4, 10124, 10015, 10000, 1);
INSERT INTO activity(activity_id, date, distance, estrealisee, programme_id, sport_id, CENTREINTERET_ID, timeframe_id) VALUES (10125, '2018-04-18', 8.103454935909634, 1, 10015, 1, 10000, 40);
INSERT INTO realisation(realisation_id, date, distance, activity_id, programme_id, CENTREINTERET_ID, timeframe_id) VALUES (10061, '2018-04-18', 4, 10125, 10015, 10000, 40);
INSERT INTO activity(activity_id, date, distance, estrealisee, programme_id, sport_id, CENTREINTERET_ID, timeframe_id) VALUES (10126, '2018-04-19', 10.587380204298434, 1, 10015, 1, 10000, 8);
INSERT INTO realisation(realisation_id, date, distance, activity_id, programme_id, CENTREINTERET_ID, timeframe_id) VALUES (10062, '2018-04-19', 4, 10126, 10015, 10000, 8);
INSERT INTO activity(activity_id, date, distance, estrealisee, programme_id, sport_id, CENTREINTERET_ID, timeframe_id) VALUES (10127, '2018-04-20', 10.03957411955395, 1, 10015, 1, 10000, 13);
INSERT INTO realisation(realisation_id, date, distance, activity_id, programme_id, CENTREINTERET_ID, timeframe_id) VALUES (10063, '2018-04-20', 4, 10127, 10015, 10000, 13);

INSERT INTO point (ID, x, y) VALUES (50016, 45.7687919882782, 4.822084823460313);
INSERT INTO users (ID, USERNAME, PASSWORD, FIRSTNAME, LASTNAME, EMAIL, ENABLED, LASTPASSWORDRESETDATE, OBJECTIFHEBDO, Location_id) VALUES (10016, "user16", "$2a$08$UkVvwpULis18S19S5pZFn.YHPZt3oaqHZnDwqbCW9pft6uFtkXKDC", "user16", "user16", "user16@user.com", 1, "2003/01/22", 14, 50016);
INSERT INTO user_authority (USER_ID, AUTHORITY_ID) VALUES (10016, 2);
INSERT INTO programme(programme_id, date_debut, user_id) VALUES (10096, '2018-04-23', 10016);
INSERT INTO programme(programme_id, date_debut, user_id) VALUES (10097, '2018-04-30', 10016);
INSERT INTO activity(activity_id, date, distance, estrealisee, programme_id, sport_id, CENTREINTERET_ID, timeframe_id) VALUES (10128, '2018-05-01', 10.872632627924544, 0, 10097, 1, 10000, 14);
INSERT INTO programme(programme_id, date_debut, user_id) VALUES (10098, '2018-04-30', 10016);
INSERT INTO activity(activity_id, date, distance, estrealisee, programme_id, sport_id, CENTREINTERET_ID, timeframe_id) VALUES (10129, '2018-05-02', 7.753361238233211, 0, 10098, 1, 10000, 20);
INSERT INTO programme(programme_id, date_debut, user_id) VALUES (10099, '2018-04-30', 10016);
INSERT INTO activity(activity_id, date, distance, estrealisee, programme_id, sport_id, CENTREINTERET_ID, timeframe_id) VALUES (10130, '2018-05-03', 8.899184584995103, 0, 10099, 1, 10000, 31);
INSERT INTO programme(programme_id, date_debut, user_id) VALUES (10100, '2018-04-30', 10016);
INSERT INTO activity(activity_id, date, distance, estrealisee, programme_id, sport_id, CENTREINTERET_ID, timeframe_id) VALUES (10131, '2018-05-04', 8.969064669825313, 0, 10100, 1, 10000, 39);
INSERT INTO activity(activity_id, date, distance, estrealisee, programme_id, sport_id, CENTREINTERET_ID, timeframe_id) VALUES (10132, '2018-04-17', 11.027428880222981, 1, 10016, 1, 10000, 35);
INSERT INTO realisation(realisation_id, date, distance, activity_id, programme_id, CENTREINTERET_ID, timeframe_id) VALUES (10064, '2018-04-17', 4, 10132, 10016, 10000, 35);
INSERT INTO activity(activity_id, date, distance, estrealisee, programme_id, sport_id, CENTREINTERET_ID, timeframe_id) VALUES (10133, '2018-04-18', 10.400916518120129, 1, 10016, 1, 10000, 4);
INSERT INTO realisation(realisation_id, date, distance, activity_id, programme_id, CENTREINTERET_ID, timeframe_id) VALUES (10065, '2018-04-18', 4, 10133, 10016, 10000, 4);
INSERT INTO activity(activity_id, date, distance, estrealisee, programme_id, sport_id, CENTREINTERET_ID, timeframe_id) VALUES (10134, '2018-04-19', 9.632037473728595, 1, 10016, 1, 10000, 37);
INSERT INTO realisation(realisation_id, date, distance, activity_id, programme_id, CENTREINTERET_ID, timeframe_id) VALUES (10066, '2018-04-19', 4, 10134, 10016, 10000, 37);
INSERT INTO activity(activity_id, date, distance, estrealisee, programme_id, sport_id, CENTREINTERET_ID, timeframe_id) VALUES (10135, '2018-04-20', 11.147844730075633, 1, 10016, 1, 10000, 26);
INSERT INTO realisation(realisation_id, date, distance, activity_id, programme_id, CENTREINTERET_ID, timeframe_id) VALUES (10067, '2018-04-20', 4, 10135, 10016, 10000, 26);

INSERT INTO point (ID, x, y) VALUES (50017, 45.73218016746826, 4.853094613315206);
INSERT INTO users (ID, USERNAME, PASSWORD, FIRSTNAME, LASTNAME, EMAIL, ENABLED, LASTPASSWORDRESETDATE, OBJECTIFHEBDO, Location_id) VALUES (10017, "user17", "$2a$08$UkVvwpULis18S19S5pZFn.YHPZt3oaqHZnDwqbCW9pft6uFtkXKDC", "user17", "user17", "user17@user.com", 1, "2003/01/22", 13, 50017);
INSERT INTO user_authority (USER_ID, AUTHORITY_ID) VALUES (10017, 2);
INSERT INTO programme(programme_id, date_debut, user_id) VALUES (10102, '2018-04-23', 10017);
INSERT INTO programme(programme_id, date_debut, user_id) VALUES (10103, '2018-04-30', 10017);
INSERT INTO activity(activity_id, date, distance, estrealisee, programme_id, sport_id, CENTREINTERET_ID, timeframe_id) VALUES (10136, '2018-05-01', 9.298452148507405, 0, 10103, 1, 10000, 14);
INSERT INTO programme(programme_id, date_debut, user_id) VALUES (10104, '2018-04-30', 10017);
INSERT INTO activity(activity_id, date, distance, estrealisee, programme_id, sport_id, CENTREINTERET_ID, timeframe_id) VALUES (10137, '2018-05-02', 10.056361925952872, 0, 10104, 1, 10000, 20);
INSERT INTO programme(programme_id, date_debut, user_id) VALUES (10105, '2018-04-30', 10017);
INSERT INTO activity(activity_id, date, distance, estrealisee, programme_id, sport_id, CENTREINTERET_ID, timeframe_id) VALUES (10138, '2018-05-03', 11.334856364878338, 0, 10105, 1, 10000, 31);
INSERT INTO programme(programme_id, date_debut, user_id) VALUES (10106, '2018-04-30', 10017);
INSERT INTO activity(activity_id, date, distance, estrealisee, programme_id, sport_id, CENTREINTERET_ID, timeframe_id) VALUES (10139, '2018-05-04', 7.907533188981252, 0, 10106, 1, 10000, 39);
INSERT INTO activity(activity_id, date, distance, estrealisee, programme_id, sport_id, CENTREINTERET_ID, timeframe_id) VALUES (10140, '2018-04-17', 8.149754404226517, 1, 10017, 1, 10000, 5);
INSERT INTO realisation(realisation_id, date, distance, activity_id, programme_id, CENTREINTERET_ID, timeframe_id) VALUES (10068, '2018-04-17', 4, 10140, 10017, 10000, 5);
INSERT INTO activity(activity_id, date, distance, estrealisee, programme_id, sport_id, CENTREINTERET_ID, timeframe_id) VALUES (10141, '2018-04-18', 11.280616044541352, 1, 10017, 1, 10000, 24);
INSERT INTO realisation(realisation_id, date, distance, activity_id, programme_id, CENTREINTERET_ID, timeframe_id) VALUES (10069, '2018-04-18', 4, 10141, 10017, 10000, 24);
INSERT INTO activity(activity_id, date, distance, estrealisee, programme_id, sport_id, CENTREINTERET_ID, timeframe_id) VALUES (10142, '2018-04-19', 10.702471810168184, 1, 10017, 1, 10000, 51);
INSERT INTO realisation(realisation_id, date, distance, activity_id, programme_id, CENTREINTERET_ID, timeframe_id) VALUES (10070, '2018-04-19', 4, 10142, 10017, 10000, 51);
INSERT INTO activity(activity_id, date, distance, estrealisee, programme_id, sport_id, CENTREINTERET_ID, timeframe_id) VALUES (10143, '2018-04-20', 8.851588918799415, 1, 10017, 1, 10000, 42);
INSERT INTO realisation(realisation_id, date, distance, activity_id, programme_id, CENTREINTERET_ID, timeframe_id) VALUES (10071, '2018-04-20', 4, 10143, 10017, 10000, 42);

INSERT INTO point (ID, x, y) VALUES (50018, 45.753945363686036, 4.824769004872939);
INSERT INTO users (ID, USERNAME, PASSWORD, FIRSTNAME, LASTNAME, EMAIL, ENABLED, LASTPASSWORDRESETDATE, OBJECTIFHEBDO, Location_id) VALUES (10018, "user18", "$2a$08$UkVvwpULis18S19S5pZFn.YHPZt3oaqHZnDwqbCW9pft6uFtkXKDC", "user18", "user18", "user18@user.com", 1, "2003/01/22", 19, 50018);
INSERT INTO user_authority (USER_ID, AUTHORITY_ID) VALUES (10018, 2);
INSERT INTO programme(programme_id, date_debut, user_id) VALUES (10108, '2018-04-23', 10018);
INSERT INTO programme(programme_id, date_debut, user_id) VALUES (10109, '2018-04-30', 10018);
INSERT INTO activity(activity_id, date, distance, estrealisee, programme_id, sport_id, CENTREINTERET_ID, timeframe_id) VALUES (10144, '2018-05-01', 10.530817975247617, 0, 10109, 1, 10000, 14);
INSERT INTO programme(programme_id, date_debut, user_id) VALUES (10110, '2018-04-30', 10018);
INSERT INTO activity(activity_id, date, distance, estrealisee, programme_id, sport_id, CENTREINTERET_ID, timeframe_id) VALUES (10145, '2018-05-02', 10.38809569043497, 0, 10110, 1, 10000, 20);
INSERT INTO programme(programme_id, date_debut, user_id) VALUES (10111, '2018-04-30', 10018);
INSERT INTO activity(activity_id, date, distance, estrealisee, programme_id, sport_id, CENTREINTERET_ID, timeframe_id) VALUES (10146, '2018-05-03', 11.67367022018199, 0, 10111, 1, 10000, 31);
INSERT INTO programme(programme_id, date_debut, user_id) VALUES (10112, '2018-04-30', 10018);
INSERT INTO activity(activity_id, date, distance, estrealisee, programme_id, sport_id, CENTREINTERET_ID, timeframe_id) VALUES (10147, '2018-05-04', 11.97662882952871, 0, 10112, 1, 10000, 39);
INSERT INTO activity(activity_id, date, distance, estrealisee, programme_id, sport_id, CENTREINTERET_ID, timeframe_id) VALUES (10148, '2018-04-17', 7.046717391656562, 1, 10018, 1, 10000, 1);
INSERT INTO realisation(realisation_id, date, distance, activity_id, programme_id, CENTREINTERET_ID, timeframe_id) VALUES (10072, '2018-04-17', 4, 10148, 10018, 10000, 1);
INSERT INTO activity(activity_id, date, distance, estrealisee, programme_id, sport_id, CENTREINTERET_ID, timeframe_id) VALUES (10149, '2018-04-18', 11.752606195106308, 1, 10018, 1, 10000, 35);
INSERT INTO realisation(realisation_id, date, distance, activity_id, programme_id, CENTREINTERET_ID, timeframe_id) VALUES (10073, '2018-04-18', 4, 10149, 10018, 10000, 35);
INSERT INTO activity(activity_id, date, distance, estrealisee, programme_id, sport_id, CENTREINTERET_ID, timeframe_id) VALUES (10150, '2018-04-19', 11.472543752730715, 1, 10018, 1, 10000, 30);
INSERT INTO realisation(realisation_id, date, distance, activity_id, programme_id, CENTREINTERET_ID, timeframe_id) VALUES (10074, '2018-04-19', 4, 10150, 10018, 10000, 30);
INSERT INTO activity(activity_id, date, distance, estrealisee, programme_id, sport_id, CENTREINTERET_ID, timeframe_id) VALUES (10151, '2018-04-20', 7.710913845002064, 1, 10018, 1, 10000, 52);
INSERT INTO realisation(realisation_id, date, distance, activity_id, programme_id, CENTREINTERET_ID, timeframe_id) VALUES (10075, '2018-04-20', 4, 10151, 10018, 10000, 52);

INSERT INTO point (ID, x, y) VALUES (50019, 45.774158451442005, 4.884723953420152);
INSERT INTO users (ID, USERNAME, PASSWORD, FIRSTNAME, LASTNAME, EMAIL, ENABLED, LASTPASSWORDRESETDATE, OBJECTIFHEBDO, Location_id) VALUES (10019, "user19", "$2a$08$UkVvwpULis18S19S5pZFn.YHPZt3oaqHZnDwqbCW9pft6uFtkXKDC", "user19", "user19", "user19@user.com", 1, "2003/01/22", 9, 50019);
INSERT INTO user_authority (USER_ID, AUTHORITY_ID) VALUES (10019, 2);
INSERT INTO programme(programme_id, date_debut, user_id) VALUES (10114, '2018-04-23', 10019);
INSERT INTO programme(programme_id, date_debut, user_id) VALUES (10115, '2018-04-30', 10019);
INSERT INTO activity(activity_id, date, distance, estrealisee, programme_id, sport_id, CENTREINTERET_ID, timeframe_id) VALUES (10152, '2018-05-01', 9.949921756427464, 0, 10115, 1, 10000, 14);
INSERT INTO programme(programme_id, date_debut, user_id) VALUES (10116, '2018-04-30', 10019);
INSERT INTO activity(activity_id, date, distance, estrealisee, programme_id, sport_id, CENTREINTERET_ID, timeframe_id) VALUES (10153, '2018-05-02', 8.968649602064845, 0, 10116, 1, 10000, 20);
INSERT INTO programme(programme_id, date_debut, user_id) VALUES (10117, '2018-04-30', 10019);
INSERT INTO activity(activity_id, date, distance, estrealisee, programme_id, sport_id, CENTREINTERET_ID, timeframe_id) VALUES (10154, '2018-05-03', 11.417826613011837, 0, 10117, 1, 10000, 31);
INSERT INTO programme(programme_id, date_debut, user_id) VALUES (10118, '2018-04-30', 10019);
INSERT INTO activity(activity_id, date, distance, estrealisee, programme_id, sport_id, CENTREINTERET_ID, timeframe_id) VALUES (10155, '2018-05-04', 9.885825362835087, 0, 10118, 1, 10000, 39);
INSERT INTO activity(activity_id, date, distance, estrealisee, programme_id, sport_id, CENTREINTERET_ID, timeframe_id) VALUES (10156, '2018-04-17', 7.6502936558429, 1, 10019, 1, 10000, 5);
INSERT INTO realisation(realisation_id, date, distance, activity_id, programme_id, CENTREINTERET_ID, timeframe_id) VALUES (10076, '2018-04-17', 4, 10156, 10019, 10000, 5);
INSERT INTO activity(activity_id, date, distance, estrealisee, programme_id, sport_id, CENTREINTERET_ID, timeframe_id) VALUES (10157, '2018-04-18', 10.452988984225438, 1, 10019, 1, 10000, 3);
INSERT INTO realisation(realisation_id, date, distance, activity_id, programme_id, CENTREINTERET_ID, timeframe_id) VALUES (10077, '2018-04-18', 4, 10157, 10019, 10000, 3);
INSERT INTO activity(activity_id, date, distance, estrealisee, programme_id, sport_id, CENTREINTERET_ID, timeframe_id) VALUES (10158, '2018-04-19', 11.567433928531228, 1, 10019, 1, 10000, 26);
INSERT INTO realisation(realisation_id, date, distance, activity_id, programme_id, CENTREINTERET_ID, timeframe_id) VALUES (10078, '2018-04-19', 4, 10158, 10019, 10000, 26);
INSERT INTO activity(activity_id, date, distance, estrealisee, programme_id, sport_id, CENTREINTERET_ID, timeframe_id) VALUES (10159, '2018-04-20', 11.926561463851087, 1, 10019, 1, 10000, 29);
INSERT INTO realisation(realisation_id, date, distance, activity_id, programme_id, CENTREINTERET_ID, timeframe_id) VALUES (10079, '2018-04-20', 4, 10159, 10019, 10000, 29);

INSERT INTO point (ID, x, y) VALUES (50020, 45.752443524495135, 4.8206126262303775);
INSERT INTO users (ID, USERNAME, PASSWORD, FIRSTNAME, LASTNAME, EMAIL, ENABLED, LASTPASSWORDRESETDATE, OBJECTIFHEBDO, Location_id) VALUES (10020, "user20", "$2a$08$UkVvwpULis18S19S5pZFn.YHPZt3oaqHZnDwqbCW9pft6uFtkXKDC", "user20", "user20", "user20@user.com", 1, "2003/01/22", 15, 50020);
INSERT INTO user_authority (USER_ID, AUTHORITY_ID) VALUES (10020, 2);
INSERT INTO programme(programme_id, date_debut, user_id) VALUES (10120, '2018-04-23', 10020);
INSERT INTO programme(programme_id, date_debut, user_id) VALUES (10121, '2018-04-30', 10020);
INSERT INTO activity(activity_id, date, distance, estrealisee, programme_id, sport_id, CENTREINTERET_ID, timeframe_id) VALUES (10160, '2018-05-01', 11.183564964309237, 0, 10121, 1, 10000, 14);
INSERT INTO programme(programme_id, date_debut, user_id) VALUES (10122, '2018-04-30', 10020);
INSERT INTO activity(activity_id, date, distance, estrealisee, programme_id, sport_id, CENTREINTERET_ID, timeframe_id) VALUES (10161, '2018-05-02', 7.577234159074843, 0, 10122, 1, 10000, 20);
INSERT INTO programme(programme_id, date_debut, user_id) VALUES (10123, '2018-04-30', 10020);
INSERT INTO activity(activity_id, date, distance, estrealisee, programme_id, sport_id, CENTREINTERET_ID, timeframe_id) VALUES (10162, '2018-05-03', 10.852672377783183, 0, 10123, 1, 10000, 31);
INSERT INTO programme(programme_id, date_debut, user_id) VALUES (10124, '2018-04-30', 10020);
INSERT INTO activity(activity_id, date, distance, estrealisee, programme_id, sport_id, CENTREINTERET_ID, timeframe_id) VALUES (10163, '2018-05-04', 10.663245135721727, 0, 10124, 1, 10000, 39);
INSERT INTO activity(activity_id, date, distance, estrealisee, programme_id, sport_id, CENTREINTERET_ID, timeframe_id) VALUES (10164, '2018-04-17', 7.2224983258197355, 1, 10020, 1, 10000, 10);
INSERT INTO realisation(realisation_id, date, distance, activity_id, programme_id, CENTREINTERET_ID, timeframe_id) VALUES (10080, '2018-04-17', 4, 10164, 10020, 10000, 10);
INSERT INTO activity(activity_id, date, distance, estrealisee, programme_id, sport_id, CENTREINTERET_ID, timeframe_id) VALUES (10165, '2018-04-18', 11.608440831393976, 1, 10020, 1, 10000, 24);
INSERT INTO realisation(realisation_id, date, distance, activity_id, programme_id, CENTREINTERET_ID, timeframe_id) VALUES (10081, '2018-04-18', 4, 10165, 10020, 10000, 24);
INSERT INTO activity(activity_id, date, distance, estrealisee, programme_id, sport_id, CENTREINTERET_ID, timeframe_id) VALUES (10166, '2018-04-19', 8.76285393412021, 1, 10020, 1, 10000, 53);
INSERT INTO realisation(realisation_id, date, distance, activity_id, programme_id, CENTREINTERET_ID, timeframe_id) VALUES (10082, '2018-04-19', 4, 10166, 10020, 10000, 53);
INSERT INTO activity(activity_id, date, distance, estrealisee, programme_id, sport_id, CENTREINTERET_ID, timeframe_id) VALUES (10167, '2018-04-20', 7.2110913117916695, 1, 10020, 1, 10000, 40);
INSERT INTO realisation(realisation_id, date, distance, activity_id, programme_id, CENTREINTERET_ID, timeframe_id) VALUES (10083, '2018-04-20', 4, 10167, 10020, 10000, 40);

INSERT INTO point (ID, x, y) VALUES (50021, 45.75653995370719, 4.850666282388764);
INSERT INTO users (ID, USERNAME, PASSWORD, FIRSTNAME, LASTNAME, EMAIL, ENABLED, LASTPASSWORDRESETDATE, OBJECTIFHEBDO, Location_id) VALUES (10021, "user21", "$2a$08$UkVvwpULis18S19S5pZFn.YHPZt3oaqHZnDwqbCW9pft6uFtkXKDC", "user21", "user21", "user21@user.com", 1, "2003/01/22", 7, 50021);
INSERT INTO user_authority (USER_ID, AUTHORITY_ID) VALUES (10021, 2);
INSERT INTO programme(programme_id, date_debut, user_id) VALUES (10126, '2018-04-23', 10021);
INSERT INTO programme(programme_id, date_debut, user_id) VALUES (10127, '2018-04-30', 10021);
INSERT INTO activity(activity_id, date, distance, estrealisee, programme_id, sport_id, CENTREINTERET_ID, timeframe_id) VALUES (10168, '2018-05-01', 7.602822774317563, 0, 10127, 1, 10000, 14);
INSERT INTO programme(programme_id, date_debut, user_id) VALUES (10128, '2018-04-30', 10021);
INSERT INTO activity(activity_id, date, distance, estrealisee, programme_id, sport_id, CENTREINTERET_ID, timeframe_id) VALUES (10169, '2018-05-02', 11.86787338181685, 0, 10128, 1, 10000, 20);
INSERT INTO programme(programme_id, date_debut, user_id) VALUES (10129, '2018-04-30', 10021);
INSERT INTO activity(activity_id, date, distance, estrealisee, programme_id, sport_id, CENTREINTERET_ID, timeframe_id) VALUES (10170, '2018-05-03', 11.727961311903675, 0, 10129, 1, 10000, 31);
INSERT INTO programme(programme_id, date_debut, user_id) VALUES (10130, '2018-04-30', 10021);
INSERT INTO activity(activity_id, date, distance, estrealisee, programme_id, sport_id, CENTREINTERET_ID, timeframe_id) VALUES (10171, '2018-05-04', 11.58723333361883, 0, 10130, 1, 10000, 39);
INSERT INTO activity(activity_id, date, distance, estrealisee, programme_id, sport_id, CENTREINTERET_ID, timeframe_id) VALUES (10172, '2018-04-17', 11.135734231704305, 1, 10021, 1, 10000, 11);
INSERT INTO realisation(realisation_id, date, distance, activity_id, programme_id, CENTREINTERET_ID, timeframe_id) VALUES (10084, '2018-04-17', 4, 10172, 10021, 10000, 11);
INSERT INTO activity(activity_id, date, distance, estrealisee, programme_id, sport_id, CENTREINTERET_ID, timeframe_id) VALUES (10173, '2018-04-18', 7.585736180663266, 1, 10021, 1, 10000, 24);
INSERT INTO realisation(realisation_id, date, distance, activity_id, programme_id, CENTREINTERET_ID, timeframe_id) VALUES (10085, '2018-04-18', 4, 10173, 10021, 10000, 24);
INSERT INTO activity(activity_id, date, distance, estrealisee, programme_id, sport_id, CENTREINTERET_ID, timeframe_id) VALUES (10174, '2018-04-19', 7.699770605814065, 1, 10021, 1, 10000, 46);
INSERT INTO realisation(realisation_id, date, distance, activity_id, programme_id, CENTREINTERET_ID, timeframe_id) VALUES (10086, '2018-04-19', 4, 10174, 10021, 10000, 46);
INSERT INTO activity(activity_id, date, distance, estrealisee, programme_id, sport_id, CENTREINTERET_ID, timeframe_id) VALUES (10175, '2018-04-20', 9.938614450376729, 1, 10021, 1, 10000, 27);
INSERT INTO realisation(realisation_id, date, distance, activity_id, programme_id, CENTREINTERET_ID, timeframe_id) VALUES (10087, '2018-04-20', 4, 10175, 10021, 10000, 27);

INSERT INTO point (ID, x, y) VALUES (50022, 45.76443348959204, 4.833875841680438);
INSERT INTO users (ID, USERNAME, PASSWORD, FIRSTNAME, LASTNAME, EMAIL, ENABLED, LASTPASSWORDRESETDATE, OBJECTIFHEBDO, Location_id) VALUES (10022, "user22", "$2a$08$UkVvwpULis18S19S5pZFn.YHPZt3oaqHZnDwqbCW9pft6uFtkXKDC", "user22", "user22", "user22@user.com", 1, "2003/01/22", 14, 50022);
INSERT INTO user_authority (USER_ID, AUTHORITY_ID) VALUES (10022, 2);
INSERT INTO programme(programme_id, date_debut, user_id) VALUES (10132, '2018-04-23', 10022);
INSERT INTO programme(programme_id, date_debut, user_id) VALUES (10133, '2018-04-30', 10022);
INSERT INTO activity(activity_id, date, distance, estrealisee, programme_id, sport_id, CENTREINTERET_ID, timeframe_id) VALUES (10176, '2018-05-01', 8.50587476216373, 0, 10133, 1, 10000, 14);
INSERT INTO programme(programme_id, date_debut, user_id) VALUES (10134, '2018-04-30', 10022);
INSERT INTO activity(activity_id, date, distance, estrealisee, programme_id, sport_id, CENTREINTERET_ID, timeframe_id) VALUES (10177, '2018-05-02', 7.573473239841068, 0, 10134, 1, 10000, 20);
INSERT INTO programme(programme_id, date_debut, user_id) VALUES (10135, '2018-04-30', 10022);
INSERT INTO activity(activity_id, date, distance, estrealisee, programme_id, sport_id, CENTREINTERET_ID, timeframe_id) VALUES (10178, '2018-05-03', 8.172287457901511, 0, 10135, 1, 10000, 31);
INSERT INTO programme(programme_id, date_debut, user_id) VALUES (10136, '2018-04-30', 10022);
INSERT INTO activity(activity_id, date, distance, estrealisee, programme_id, sport_id, CENTREINTERET_ID, timeframe_id) VALUES (10179, '2018-05-04', 8.568193488418412, 0, 10136, 1, 10000, 39);
INSERT INTO activity(activity_id, date, distance, estrealisee, programme_id, sport_id, CENTREINTERET_ID, timeframe_id) VALUES (10180, '2018-04-17', 8.613727824643043, 1, 10022, 1, 10000, 17);
INSERT INTO realisation(realisation_id, date, distance, activity_id, programme_id, CENTREINTERET_ID, timeframe_id) VALUES (10088, '2018-04-17', 4, 10180, 10022, 10000, 17);
INSERT INTO activity(activity_id, date, distance, estrealisee, programme_id, sport_id, CENTREINTERET_ID, timeframe_id) VALUES (10181, '2018-04-18', 8.302756421244979, 1, 10022, 1, 10000, 40);
INSERT INTO realisation(realisation_id, date, distance, activity_id, programme_id, CENTREINTERET_ID, timeframe_id) VALUES (10089, '2018-04-18', 4, 10181, 10022, 10000, 40);
INSERT INTO activity(activity_id, date, distance, estrealisee, programme_id, sport_id, CENTREINTERET_ID, timeframe_id) VALUES (10182, '2018-04-19', 9.697710363928502, 1, 10022, 1, 10000, 43);
INSERT INTO realisation(realisation_id, date, distance, activity_id, programme_id, CENTREINTERET_ID, timeframe_id) VALUES (10090, '2018-04-19', 4, 10182, 10022, 10000, 43);
INSERT INTO activity(activity_id, date, distance, estrealisee, programme_id, sport_id, CENTREINTERET_ID, timeframe_id) VALUES (10183, '2018-04-20', 9.10014552821483, 1, 10022, 1, 10000, 19);
INSERT INTO realisation(realisation_id, date, distance, activity_id, programme_id, CENTREINTERET_ID, timeframe_id) VALUES (10091, '2018-04-20', 4, 10183, 10022, 10000, 19);

INSERT INTO point (ID, x, y) VALUES (50023, 45.75601092779827, 4.857297958492112);
INSERT INTO users (ID, USERNAME, PASSWORD, FIRSTNAME, LASTNAME, EMAIL, ENABLED, LASTPASSWORDRESETDATE, OBJECTIFHEBDO, Location_id) VALUES (10023, "user23", "$2a$08$UkVvwpULis18S19S5pZFn.YHPZt3oaqHZnDwqbCW9pft6uFtkXKDC", "user23", "user23", "user23@user.com", 1, "2003/01/22", 15, 50023);
INSERT INTO user_authority (USER_ID, AUTHORITY_ID) VALUES (10023, 2);
INSERT INTO programme(programme_id, date_debut, user_id) VALUES (10138, '2018-04-23', 10023);
INSERT INTO programme(programme_id, date_debut, user_id) VALUES (10139, '2018-04-30', 10023);
INSERT INTO activity(activity_id, date, distance, estrealisee, programme_id, sport_id, CENTREINTERET_ID, timeframe_id) VALUES (10184, '2018-05-01', 7.518995565697638, 0, 10139, 1, 10000, 14);
INSERT INTO programme(programme_id, date_debut, user_id) VALUES (10140, '2018-04-30', 10023);
INSERT INTO activity(activity_id, date, distance, estrealisee, programme_id, sport_id, CENTREINTERET_ID, timeframe_id) VALUES (10185, '2018-05-02', 8.475822271805598, 0, 10140, 1, 10000, 20);
INSERT INTO programme(programme_id, date_debut, user_id) VALUES (10141, '2018-04-30', 10023);
INSERT INTO activity(activity_id, date, distance, estrealisee, programme_id, sport_id, CENTREINTERET_ID, timeframe_id) VALUES (10186, '2018-05-03', 11.61955743026381, 0, 10141, 1, 10000, 31);
INSERT INTO programme(programme_id, date_debut, user_id) VALUES (10142, '2018-04-30', 10023);
INSERT INTO activity(activity_id, date, distance, estrealisee, programme_id, sport_id, CENTREINTERET_ID, timeframe_id) VALUES (10187, '2018-05-04', 10.354657099523834, 0, 10142, 1, 10000, 39);
INSERT INTO activity(activity_id, date, distance, estrealisee, programme_id, sport_id, CENTREINTERET_ID, timeframe_id) VALUES (10188, '2018-04-17', 10.42908948360224, 1, 10023, 1, 10000, 41);
INSERT INTO realisation(realisation_id, date, distance, activity_id, programme_id, CENTREINTERET_ID, timeframe_id) VALUES (10092, '2018-04-17', 4, 10188, 10023, 10000, 41);
INSERT INTO activity(activity_id, date, distance, estrealisee, programme_id, sport_id, CENTREINTERET_ID, timeframe_id) VALUES (10189, '2018-04-18', 8.61529495467011, 1, 10023, 1, 10000, 13);
INSERT INTO realisation(realisation_id, date, distance, activity_id, programme_id, CENTREINTERET_ID, timeframe_id) VALUES (10093, '2018-04-18', 4, 10189, 10023, 10000, 13);
INSERT INTO activity(activity_id, date, distance, estrealisee, programme_id, sport_id, CENTREINTERET_ID, timeframe_id) VALUES (10190, '2018-04-19', 10.16406055769735, 1, 10023, 1, 10000, 19);
INSERT INTO realisation(realisation_id, date, distance, activity_id, programme_id, CENTREINTERET_ID, timeframe_id) VALUES (10094, '2018-04-19', 4, 10190, 10023, 10000, 19);
INSERT INTO activity(activity_id, date, distance, estrealisee, programme_id, sport_id, CENTREINTERET_ID, timeframe_id) VALUES (10191, '2018-04-20', 7.826846643304845, 1, 10023, 1, 10000, 32);
INSERT INTO realisation(realisation_id, date, distance, activity_id, programme_id, CENTREINTERET_ID, timeframe_id) VALUES (10095, '2018-04-20', 4, 10191, 10023, 10000, 32);

INSERT INTO point (ID, x, y) VALUES (50024, 45.74839987987308, 4.877686771787711);
INSERT INTO users (ID, USERNAME, PASSWORD, FIRSTNAME, LASTNAME, EMAIL, ENABLED, LASTPASSWORDRESETDATE, OBJECTIFHEBDO, Location_id) VALUES (10024, "user24", "$2a$08$UkVvwpULis18S19S5pZFn.YHPZt3oaqHZnDwqbCW9pft6uFtkXKDC", "user24", "user24", "user24@user.com", 1, "2003/01/22", 14, 50024);
INSERT INTO user_authority (USER_ID, AUTHORITY_ID) VALUES (10024, 2);
INSERT INTO programme(programme_id, date_debut, user_id) VALUES (10144, '2018-04-23', 10024);
INSERT INTO programme(programme_id, date_debut, user_id) VALUES (10145, '2018-04-30', 10024);
INSERT INTO activity(activity_id, date, distance, estrealisee, programme_id, sport_id, CENTREINTERET_ID, timeframe_id) VALUES (10192, '2018-05-01', 9.995695023853886, 0, 10145, 1, 10000, 14);
INSERT INTO programme(programme_id, date_debut, user_id) VALUES (10146, '2018-04-30', 10024);
INSERT INTO activity(activity_id, date, distance, estrealisee, programme_id, sport_id, CENTREINTERET_ID, timeframe_id) VALUES (10193, '2018-05-02', 9.234765056511911, 0, 10146, 1, 10000, 20);
INSERT INTO programme(programme_id, date_debut, user_id) VALUES (10147, '2018-04-30', 10024);
INSERT INTO activity(activity_id, date, distance, estrealisee, programme_id, sport_id, CENTREINTERET_ID, timeframe_id) VALUES (10194, '2018-05-03', 7.451730593157435, 0, 10147, 1, 10000, 31);
INSERT INTO programme(programme_id, date_debut, user_id) VALUES (10148, '2018-04-30', 10024);
INSERT INTO activity(activity_id, date, distance, estrealisee, programme_id, sport_id, CENTREINTERET_ID, timeframe_id) VALUES (10195, '2018-05-04', 9.872480755934996, 0, 10148, 1, 10000, 39);
INSERT INTO activity(activity_id, date, distance, estrealisee, programme_id, sport_id, CENTREINTERET_ID, timeframe_id) VALUES (10196, '2018-04-17', 9.461483167149499, 1, 10024, 1, 10000, 47);
INSERT INTO realisation(realisation_id, date, distance, activity_id, programme_id, CENTREINTERET_ID, timeframe_id) VALUES (10096, '2018-04-17', 4, 10196, 10024, 10000, 47);
INSERT INTO activity(activity_id, date, distance, estrealisee, programme_id, sport_id, CENTREINTERET_ID, timeframe_id) VALUES (10197, '2018-04-18', 8.324059300188944, 1, 10024, 1, 10000, 7);
INSERT INTO realisation(realisation_id, date, distance, activity_id, programme_id, CENTREINTERET_ID, timeframe_id) VALUES (10097, '2018-04-18', 4, 10197, 10024, 10000, 7);
INSERT INTO activity(activity_id, date, distance, estrealisee, programme_id, sport_id, CENTREINTERET_ID, timeframe_id) VALUES (10198, '2018-04-19', 8.343989024843392, 1, 10024, 1, 10000, 48);
INSERT INTO realisation(realisation_id, date, distance, activity_id, programme_id, CENTREINTERET_ID, timeframe_id) VALUES (10098, '2018-04-19', 4, 10198, 10024, 10000, 48);
INSERT INTO activity(activity_id, date, distance, estrealisee, programme_id, sport_id, CENTREINTERET_ID, timeframe_id) VALUES (10199, '2018-04-20', 11.312238996051024, 1, 10024, 1, 10000, 44);
INSERT INTO realisation(realisation_id, date, distance, activity_id, programme_id, CENTREINTERET_ID, timeframe_id) VALUES (10099, '2018-04-20', 4, 10199, 10024, 10000, 44);

INSERT INTO point (ID, x, y) VALUES (50025, 45.72977481451797, 4.86136744132601);
INSERT INTO users (ID, USERNAME, PASSWORD, FIRSTNAME, LASTNAME, EMAIL, ENABLED, LASTPASSWORDRESETDATE, OBJECTIFHEBDO, Location_id) VALUES (10025, "user25", "$2a$08$UkVvwpULis18S19S5pZFn.YHPZt3oaqHZnDwqbCW9pft6uFtkXKDC", "user25", "user25", "user25@user.com", 1, "2003/01/22", 15, 50025);
INSERT INTO user_authority (USER_ID, AUTHORITY_ID) VALUES (10025, 2);
INSERT INTO programme(programme_id, date_debut, user_id) VALUES (10150, '2018-04-23', 10025);
INSERT INTO programme(programme_id, date_debut, user_id) VALUES (10151, '2018-04-30', 10025);
INSERT INTO activity(activity_id, date, distance, estrealisee, programme_id, sport_id, CENTREINTERET_ID, timeframe_id) VALUES (10200, '2018-05-01', 8.033622444261491, 0, 10151, 1, 10000, 14);
INSERT INTO programme(programme_id, date_debut, user_id) VALUES (10152, '2018-04-30', 10025);
INSERT INTO activity(activity_id, date, distance, estrealisee, programme_id, sport_id, CENTREINTERET_ID, timeframe_id) VALUES (10201, '2018-05-02', 9.750037963937032, 0, 10152, 1, 10000, 20);
INSERT INTO programme(programme_id, date_debut, user_id) VALUES (10153, '2018-04-30', 10025);
INSERT INTO activity(activity_id, date, distance, estrealisee, programme_id, sport_id, CENTREINTERET_ID, timeframe_id) VALUES (10202, '2018-05-03', 11.100508574888721, 0, 10153, 1, 10000, 31);
INSERT INTO programme(programme_id, date_debut, user_id) VALUES (10154, '2018-04-30', 10025);
INSERT INTO activity(activity_id, date, distance, estrealisee, programme_id, sport_id, CENTREINTERET_ID, timeframe_id) VALUES (10203, '2018-05-04', 10.231956643060004, 0, 10154, 1, 10000, 39);
INSERT INTO activity(activity_id, date, distance, estrealisee, programme_id, sport_id, CENTREINTERET_ID, timeframe_id) VALUES (10204, '2018-04-17', 10.73409063763756, 1, 10025, 1, 10000, 33);
INSERT INTO realisation(realisation_id, date, distance, activity_id, programme_id, CENTREINTERET_ID, timeframe_id) VALUES (10100, '2018-04-17', 4, 10204, 10025, 10000, 33);
INSERT INTO activity(activity_id, date, distance, estrealisee, programme_id, sport_id, CENTREINTERET_ID, timeframe_id) VALUES (10205, '2018-04-18', 10.625205095687113, 1, 10025, 1, 10000, 10);
INSERT INTO realisation(realisation_id, date, distance, activity_id, programme_id, CENTREINTERET_ID, timeframe_id) VALUES (10101, '2018-04-18', 4, 10205, 10025, 10000, 10);
INSERT INTO activity(activity_id, date, distance, estrealisee, programme_id, sport_id, CENTREINTERET_ID, timeframe_id) VALUES (10206, '2018-04-19', 11.860821672346546, 1, 10025, 1, 10000, 51);
INSERT INTO realisation(realisation_id, date, distance, activity_id, programme_id, CENTREINTERET_ID, timeframe_id) VALUES (10102, '2018-04-19', 4, 10206, 10025, 10000, 51);
INSERT INTO activity(activity_id, date, distance, estrealisee, programme_id, sport_id, CENTREINTERET_ID, timeframe_id) VALUES (10207, '2018-04-20', 11.737539918735823, 1, 10025, 1, 10000, 46);
INSERT INTO realisation(realisation_id, date, distance, activity_id, programme_id, CENTREINTERET_ID, timeframe_id) VALUES (10103, '2018-04-20', 4, 10207, 10025, 10000, 46);

INSERT INTO point (ID, x, y) VALUES (50026, 45.76415833436318, 4.873947667369521);
INSERT INTO users (ID, USERNAME, PASSWORD, FIRSTNAME, LASTNAME, EMAIL, ENABLED, LASTPASSWORDRESETDATE, OBJECTIFHEBDO, Location_id) VALUES (10026, "user26", "$2a$08$UkVvwpULis18S19S5pZFn.YHPZt3oaqHZnDwqbCW9pft6uFtkXKDC", "user26", "user26", "user26@user.com", 1, "2003/01/22", 17, 50026);
INSERT INTO user_authority (USER_ID, AUTHORITY_ID) VALUES (10026, 2);
INSERT INTO programme(programme_id, date_debut, user_id) VALUES (10156, '2018-04-23', 10026);
INSERT INTO programme(programme_id, date_debut, user_id) VALUES (10157, '2018-04-30', 10026);
INSERT INTO activity(activity_id, date, distance, estrealisee, programme_id, sport_id, CENTREINTERET_ID, timeframe_id) VALUES (10208, '2018-05-01', 7.79730354688584, 0, 10157, 1, 10000, 14);
INSERT INTO programme(programme_id, date_debut, user_id) VALUES (10158, '2018-04-30', 10026);
INSERT INTO activity(activity_id, date, distance, estrealisee, programme_id, sport_id, CENTREINTERET_ID, timeframe_id) VALUES (10209, '2018-05-02', 8.706287860089637, 0, 10158, 1, 10000, 20);
INSERT INTO programme(programme_id, date_debut, user_id) VALUES (10159, '2018-04-30', 10026);
INSERT INTO activity(activity_id, date, distance, estrealisee, programme_id, sport_id, CENTREINTERET_ID, timeframe_id) VALUES (10210, '2018-05-03', 9.529436949640425, 0, 10159, 1, 10000, 31);
INSERT INTO programme(programme_id, date_debut, user_id) VALUES (10160, '2018-04-30', 10026);
INSERT INTO activity(activity_id, date, distance, estrealisee, programme_id, sport_id, CENTREINTERET_ID, timeframe_id) VALUES (10211, '2018-05-04', 9.79495873167679, 0, 10160, 1, 10000, 39);
INSERT INTO activity(activity_id, date, distance, estrealisee, programme_id, sport_id, CENTREINTERET_ID, timeframe_id) VALUES (10212, '2018-04-17', 9.84386881561721, 1, 10026, 1, 10000, 46);
INSERT INTO realisation(realisation_id, date, distance, activity_id, programme_id, CENTREINTERET_ID, timeframe_id) VALUES (10104, '2018-04-17', 4, 10212, 10026, 10000, 46);
INSERT INTO activity(activity_id, date, distance, estrealisee, programme_id, sport_id, CENTREINTERET_ID, timeframe_id) VALUES (10213, '2018-04-18', 10.502323734465326, 1, 10026, 1, 10000, 49);
INSERT INTO realisation(realisation_id, date, distance, activity_id, programme_id, CENTREINTERET_ID, timeframe_id) VALUES (10105, '2018-04-18', 4, 10213, 10026, 10000, 49);
INSERT INTO activity(activity_id, date, distance, estrealisee, programme_id, sport_id, CENTREINTERET_ID, timeframe_id) VALUES (10214, '2018-04-19', 8.89923587105545, 1, 10026, 1, 10000, 10);
INSERT INTO realisation(realisation_id, date, distance, activity_id, programme_id, CENTREINTERET_ID, timeframe_id) VALUES (10106, '2018-04-19', 4, 10214, 10026, 10000, 10);
INSERT INTO activity(activity_id, date, distance, estrealisee, programme_id, sport_id, CENTREINTERET_ID, timeframe_id) VALUES (10215, '2018-04-20', 9.8718306407483, 1, 10026, 1, 10000, 33);
INSERT INTO realisation(realisation_id, date, distance, activity_id, programme_id, CENTREINTERET_ID, timeframe_id) VALUES (10107, '2018-04-20', 4, 10215, 10026, 10000, 33);

INSERT INTO point (ID, x, y) VALUES (50027, 45.779430673869, 4.835919296135195);
INSERT INTO users (ID, USERNAME, PASSWORD, FIRSTNAME, LASTNAME, EMAIL, ENABLED, LASTPASSWORDRESETDATE, OBJECTIFHEBDO, Location_id) VALUES (10027, "user27", "$2a$08$UkVvwpULis18S19S5pZFn.YHPZt3oaqHZnDwqbCW9pft6uFtkXKDC", "user27", "user27", "user27@user.com", 1, "2003/01/22", 17, 50027);
INSERT INTO user_authority (USER_ID, AUTHORITY_ID) VALUES (10027, 2);
INSERT INTO programme(programme_id, date_debut, user_id) VALUES (10162, '2018-04-23', 10027);
INSERT INTO programme(programme_id, date_debut, user_id) VALUES (10163, '2018-04-30', 10027);
INSERT INTO activity(activity_id, date, distance, estrealisee, programme_id, sport_id, CENTREINTERET_ID, timeframe_id) VALUES (10216, '2018-05-01', 9.646581577255763, 0, 10163, 1, 10000, 14);
INSERT INTO programme(programme_id, date_debut, user_id) VALUES (10164, '2018-04-30', 10027);
INSERT INTO activity(activity_id, date, distance, estrealisee, programme_id, sport_id, CENTREINTERET_ID, timeframe_id) VALUES (10217, '2018-05-02', 10.21914523094952, 0, 10164, 1, 10000, 20);
INSERT INTO programme(programme_id, date_debut, user_id) VALUES (10165, '2018-04-30', 10027);
INSERT INTO activity(activity_id, date, distance, estrealisee, programme_id, sport_id, CENTREINTERET_ID, timeframe_id) VALUES (10218, '2018-05-03', 10.06299082053507, 0, 10165, 1, 10000, 31);
INSERT INTO programme(programme_id, date_debut, user_id) VALUES (10166, '2018-04-30', 10027);
INSERT INTO activity(activity_id, date, distance, estrealisee, programme_id, sport_id, CENTREINTERET_ID, timeframe_id) VALUES (10219, '2018-05-04', 9.494580462953646, 0, 10166, 1, 10000, 39);
INSERT INTO activity(activity_id, date, distance, estrealisee, programme_id, sport_id, CENTREINTERET_ID, timeframe_id) VALUES (10220, '2018-04-17', 11.429128203851057, 1, 10027, 1, 10000, 24);
INSERT INTO realisation(realisation_id, date, distance, activity_id, programme_id, CENTREINTERET_ID, timeframe_id) VALUES (10108, '2018-04-17', 4, 10220, 10027, 10000, 24);
INSERT INTO activity(activity_id, date, distance, estrealisee, programme_id, sport_id, CENTREINTERET_ID, timeframe_id) VALUES (10221, '2018-04-18', 7.000543289855701, 1, 10027, 1, 10000, 28);
INSERT INTO realisation(realisation_id, date, distance, activity_id, programme_id, CENTREINTERET_ID, timeframe_id) VALUES (10109, '2018-04-18', 4, 10221, 10027, 10000, 28);
INSERT INTO activity(activity_id, date, distance, estrealisee, programme_id, sport_id, CENTREINTERET_ID, timeframe_id) VALUES (10222, '2018-04-19', 8.995841918066672, 1, 10027, 1, 10000, 10);
INSERT INTO realisation(realisation_id, date, distance, activity_id, programme_id, CENTREINTERET_ID, timeframe_id) VALUES (10110, '2018-04-19', 4, 10222, 10027, 10000, 10);
INSERT INTO activity(activity_id, date, distance, estrealisee, programme_id, sport_id, CENTREINTERET_ID, timeframe_id) VALUES (10223, '2018-04-20', 7.726049183293225, 1, 10027, 1, 10000, 4);
INSERT INTO realisation(realisation_id, date, distance, activity_id, programme_id, CENTREINTERET_ID, timeframe_id) VALUES (10111, '2018-04-20', 4, 10223, 10027, 10000, 4);

INSERT INTO point (ID, x, y) VALUES (50028, 45.79115695345984, 4.886502075948002);
INSERT INTO users (ID, USERNAME, PASSWORD, FIRSTNAME, LASTNAME, EMAIL, ENABLED, LASTPASSWORDRESETDATE, OBJECTIFHEBDO, Location_id) VALUES (10028, "user28", "$2a$08$UkVvwpULis18S19S5pZFn.YHPZt3oaqHZnDwqbCW9pft6uFtkXKDC", "user28", "user28", "user28@user.com", 1, "2003/01/22", 19, 50028);
INSERT INTO user_authority (USER_ID, AUTHORITY_ID) VALUES (10028, 2);
INSERT INTO programme(programme_id, date_debut, user_id) VALUES (10168, '2018-04-23', 10028);
INSERT INTO programme(programme_id, date_debut, user_id) VALUES (10169, '2018-04-30', 10028);
INSERT INTO activity(activity_id, date, distance, estrealisee, programme_id, sport_id, CENTREINTERET_ID, timeframe_id) VALUES (10224, '2018-05-01', 7.328486641925777, 0, 10169, 1, 10000, 14);
INSERT INTO programme(programme_id, date_debut, user_id) VALUES (10170, '2018-04-30', 10028);
INSERT INTO activity(activity_id, date, distance, estrealisee, programme_id, sport_id, CENTREINTERET_ID, timeframe_id) VALUES (10225, '2018-05-02', 11.842366066550492, 0, 10170, 1, 10000, 20);
INSERT INTO programme(programme_id, date_debut, user_id) VALUES (10171, '2018-04-30', 10028);
INSERT INTO activity(activity_id, date, distance, estrealisee, programme_id, sport_id, CENTREINTERET_ID, timeframe_id) VALUES (10226, '2018-05-03', 9.452773485305299, 0, 10171, 1, 10000, 31);
INSERT INTO programme(programme_id, date_debut, user_id) VALUES (10172, '2018-04-30', 10028);
INSERT INTO activity(activity_id, date, distance, estrealisee, programme_id, sport_id, CENTREINTERET_ID, timeframe_id) VALUES (10227, '2018-05-04', 7.22303789312331, 0, 10172, 1, 10000, 39);
INSERT INTO activity(activity_id, date, distance, estrealisee, programme_id, sport_id, CENTREINTERET_ID, timeframe_id) VALUES (10228, '2018-04-17', 7.4885663963013975, 1, 10028, 1, 10000, 20);
INSERT INTO realisation(realisation_id, date, distance, activity_id, programme_id, CENTREINTERET_ID, timeframe_id) VALUES (10112, '2018-04-17', 4, 10228, 10028, 10000, 20);
INSERT INTO activity(activity_id, date, distance, estrealisee, programme_id, sport_id, CENTREINTERET_ID, timeframe_id) VALUES (10229, '2018-04-18', 9.939975467829292, 1, 10028, 1, 10000, 18);
INSERT INTO realisation(realisation_id, date, distance, activity_id, programme_id, CENTREINTERET_ID, timeframe_id) VALUES (10113, '2018-04-18', 4, 10229, 10028, 10000, 18);
INSERT INTO activity(activity_id, date, distance, estrealisee, programme_id, sport_id, CENTREINTERET_ID, timeframe_id) VALUES (10230, '2018-04-19', 9.780177404266174, 1, 10028, 1, 10000, 40);
INSERT INTO realisation(realisation_id, date, distance, activity_id, programme_id, CENTREINTERET_ID, timeframe_id) VALUES (10114, '2018-04-19', 4, 10230, 10028, 10000, 40);
INSERT INTO activity(activity_id, date, distance, estrealisee, programme_id, sport_id, CENTREINTERET_ID, timeframe_id) VALUES (10231, '2018-04-20', 9.269284907565458, 1, 10028, 1, 10000, 52);
INSERT INTO realisation(realisation_id, date, distance, activity_id, programme_id, CENTREINTERET_ID, timeframe_id) VALUES (10115, '2018-04-20', 4, 10231, 10028, 10000, 52);

INSERT INTO point (ID, x, y) VALUES (50029, 45.751853106829785, 4.859372415635479);
INSERT INTO users (ID, USERNAME, PASSWORD, FIRSTNAME, LASTNAME, EMAIL, ENABLED, LASTPASSWORDRESETDATE, OBJECTIFHEBDO, Location_id) VALUES (10029, "user29", "$2a$08$UkVvwpULis18S19S5pZFn.YHPZt3oaqHZnDwqbCW9pft6uFtkXKDC", "user29", "user29", "user29@user.com", 1, "2003/01/22", 16, 50029);
INSERT INTO user_authority (USER_ID, AUTHORITY_ID) VALUES (10029, 2);
INSERT INTO programme(programme_id, date_debut, user_id) VALUES (10174, '2018-04-23', 10029);
INSERT INTO programme(programme_id, date_debut, user_id) VALUES (10175, '2018-04-30', 10029);
INSERT INTO activity(activity_id, date, distance, estrealisee, programme_id, sport_id, CENTREINTERET_ID, timeframe_id) VALUES (10232, '2018-05-01', 10.801561085866503, 0, 10175, 1, 10000, 14);
INSERT INTO programme(programme_id, date_debut, user_id) VALUES (10176, '2018-04-30', 10029);
INSERT INTO activity(activity_id, date, distance, estrealisee, programme_id, sport_id, CENTREINTERET_ID, timeframe_id) VALUES (10233, '2018-05-02', 9.7402938804176, 0, 10176, 1, 10000, 20);
INSERT INTO programme(programme_id, date_debut, user_id) VALUES (10177, '2018-04-30', 10029);
INSERT INTO activity(activity_id, date, distance, estrealisee, programme_id, sport_id, CENTREINTERET_ID, timeframe_id) VALUES (10234, '2018-05-03', 10.068153702030365, 0, 10177, 1, 10000, 31);
INSERT INTO programme(programme_id, date_debut, user_id) VALUES (10178, '2018-04-30', 10029);
INSERT INTO activity(activity_id, date, distance, estrealisee, programme_id, sport_id, CENTREINTERET_ID, timeframe_id) VALUES (10235, '2018-05-04', 9.471848224116973, 0, 10178, 1, 10000, 39);
INSERT INTO activity(activity_id, date, distance, estrealisee, programme_id, sport_id, CENTREINTERET_ID, timeframe_id) VALUES (10236, '2018-04-17', 10.652870119892082, 1, 10029, 1, 10000, 23);
INSERT INTO realisation(realisation_id, date, distance, activity_id, programme_id, CENTREINTERET_ID, timeframe_id) VALUES (10116, '2018-04-17', 4, 10236, 10029, 10000, 23);
INSERT INTO activity(activity_id, date, distance, estrealisee, programme_id, sport_id, CENTREINTERET_ID, timeframe_id) VALUES (10237, '2018-04-18', 11.267219408511414, 1, 10029, 1, 10000, 52);
INSERT INTO realisation(realisation_id, date, distance, activity_id, programme_id, CENTREINTERET_ID, timeframe_id) VALUES (10117, '2018-04-18', 4, 10237, 10029, 10000, 52);
INSERT INTO activity(activity_id, date, distance, estrealisee, programme_id, sport_id, CENTREINTERET_ID, timeframe_id) VALUES (10238, '2018-04-19', 7.310211775976811, 1, 10029, 1, 10000, 55);
INSERT INTO realisation(realisation_id, date, distance, activity_id, programme_id, CENTREINTERET_ID, timeframe_id) VALUES (10118, '2018-04-19', 4, 10238, 10029, 10000, 55);
INSERT INTO activity(activity_id, date, distance, estrealisee, programme_id, sport_id, CENTREINTERET_ID, timeframe_id) VALUES (10239, '2018-04-20', 10.859632725770362, 1, 10029, 1, 10000, 36);
INSERT INTO realisation(realisation_id, date, distance, activity_id, programme_id, CENTREINTERET_ID, timeframe_id) VALUES (10119, '2018-04-20', 4, 10239, 10029, 10000, 36);

INSERT INTO point (ID, x, y) VALUES (50030, 45.781417947124616, 4.887913896853264);
INSERT INTO users (ID, USERNAME, PASSWORD, FIRSTNAME, LASTNAME, EMAIL, ENABLED, LASTPASSWORDRESETDATE, OBJECTIFHEBDO, Location_id) VALUES (10030, "user30", "$2a$08$UkVvwpULis18S19S5pZFn.YHPZt3oaqHZnDwqbCW9pft6uFtkXKDC", "user30", "user30", "user30@user.com", 1, "2003/01/22", 19, 50030);
INSERT INTO user_authority (USER_ID, AUTHORITY_ID) VALUES (10030, 2);
INSERT INTO programme(programme_id, date_debut, user_id) VALUES (10180, '2018-04-23', 10030);
INSERT INTO programme(programme_id, date_debut, user_id) VALUES (10181, '2018-04-30', 10030);
INSERT INTO activity(activity_id, date, distance, estrealisee, programme_id, sport_id, CENTREINTERET_ID, timeframe_id) VALUES (10240, '2018-05-01', 11.63916965485102, 0, 10181, 1, 10000, 14);
INSERT INTO programme(programme_id, date_debut, user_id) VALUES (10182, '2018-04-30', 10030);
INSERT INTO activity(activity_id, date, distance, estrealisee, programme_id, sport_id, CENTREINTERET_ID, timeframe_id) VALUES (10241, '2018-05-02', 8.218462854644004, 0, 10182, 1, 10000, 20);
INSERT INTO programme(programme_id, date_debut, user_id) VALUES (10183, '2018-04-30', 10030);
INSERT INTO activity(activity_id, date, distance, estrealisee, programme_id, sport_id, CENTREINTERET_ID, timeframe_id) VALUES (10242, '2018-05-03', 10.992163976049287, 0, 10183, 1, 10000, 31);
INSERT INTO programme(programme_id, date_debut, user_id) VALUES (10184, '2018-04-30', 10030);
INSERT INTO activity(activity_id, date, distance, estrealisee, programme_id, sport_id, CENTREINTERET_ID, timeframe_id) VALUES (10243, '2018-05-04', 8.477656980886385, 0, 10184, 1, 10000, 39);
INSERT INTO activity(activity_id, date, distance, estrealisee, programme_id, sport_id, CENTREINTERET_ID, timeframe_id) VALUES (10244, '2018-04-17', 11.64406648238198, 1, 10030, 1, 10000, 46);
INSERT INTO realisation(realisation_id, date, distance, activity_id, programme_id, CENTREINTERET_ID, timeframe_id) VALUES (10120, '2018-04-17', 4, 10244, 10030, 10000, 46);
INSERT INTO activity(activity_id, date, distance, estrealisee, programme_id, sport_id, CENTREINTERET_ID, timeframe_id) VALUES (10245, '2018-04-18', 11.30276453058238, 1, 10030, 1, 10000, 4);
INSERT INTO realisation(realisation_id, date, distance, activity_id, programme_id, CENTREINTERET_ID, timeframe_id) VALUES (10121, '2018-04-18', 4, 10245, 10030, 10000, 4);
INSERT INTO activity(activity_id, date, distance, estrealisee, programme_id, sport_id, CENTREINTERET_ID, timeframe_id) VALUES (10246, '2018-04-19', 8.314658403497178, 1, 10030, 1, 10000, 17);
INSERT INTO realisation(realisation_id, date, distance, activity_id, programme_id, CENTREINTERET_ID, timeframe_id) VALUES (10122, '2018-04-19', 4, 10246, 10030, 10000, 17);
INSERT INTO activity(activity_id, date, distance, estrealisee, programme_id, sport_id, CENTREINTERET_ID, timeframe_id) VALUES (10247, '2018-04-20', 11.792090007173764, 1, 10030, 1, 10000, 29);
INSERT INTO realisation(realisation_id, date, distance, activity_id, programme_id, CENTREINTERET_ID, timeframe_id) VALUES (10123, '2018-04-20', 4, 10247, 10030, 10000, 29);

INSERT INTO point (ID, x, y) VALUES (50031, 45.77369869719526, 4.813926118768551);
INSERT INTO users (ID, USERNAME, PASSWORD, FIRSTNAME, LASTNAME, EMAIL, ENABLED, LASTPASSWORDRESETDATE, OBJECTIFHEBDO, Location_id) VALUES (10031, "user31", "$2a$08$UkVvwpULis18S19S5pZFn.YHPZt3oaqHZnDwqbCW9pft6uFtkXKDC", "user31", "user31", "user31@user.com", 1, "2003/01/22", 11, 50031);
INSERT INTO user_authority (USER_ID, AUTHORITY_ID) VALUES (10031, 2);
INSERT INTO programme(programme_id, date_debut, user_id) VALUES (10186, '2018-04-23', 10031);
INSERT INTO programme(programme_id, date_debut, user_id) VALUES (10187, '2018-04-30', 10031);
INSERT INTO activity(activity_id, date, distance, estrealisee, programme_id, sport_id, CENTREINTERET_ID, timeframe_id) VALUES (10248, '2018-05-01', 8.049704523836553, 0, 10187, 1, 10000, 14);
INSERT INTO programme(programme_id, date_debut, user_id) VALUES (10188, '2018-04-30', 10031);
INSERT INTO activity(activity_id, date, distance, estrealisee, programme_id, sport_id, CENTREINTERET_ID, timeframe_id) VALUES (10249, '2018-05-02', 9.474813524134703, 0, 10188, 1, 10000, 20);
INSERT INTO programme(programme_id, date_debut, user_id) VALUES (10189, '2018-04-30', 10031);
INSERT INTO activity(activity_id, date, distance, estrealisee, programme_id, sport_id, CENTREINTERET_ID, timeframe_id) VALUES (10250, '2018-05-03', 10.439732588981741, 0, 10189, 1, 10000, 31);
INSERT INTO programme(programme_id, date_debut, user_id) VALUES (10190, '2018-04-30', 10031);
INSERT INTO activity(activity_id, date, distance, estrealisee, programme_id, sport_id, CENTREINTERET_ID, timeframe_id) VALUES (10251, '2018-05-04', 11.45066252230438, 0, 10190, 1, 10000, 39);
INSERT INTO activity(activity_id, date, distance, estrealisee, programme_id, sport_id, CENTREINTERET_ID, timeframe_id) VALUES (10252, '2018-04-17', 8.611751565894583, 1, 10031, 1, 10000, 53);
INSERT INTO realisation(realisation_id, date, distance, activity_id, programme_id, CENTREINTERET_ID, timeframe_id) VALUES (10124, '2018-04-17', 4, 10252, 10031, 10000, 53);
INSERT INTO activity(activity_id, date, distance, estrealisee, programme_id, sport_id, CENTREINTERET_ID, timeframe_id) VALUES (10253, '2018-04-18', 11.202945663859238, 1, 10031, 1, 10000, 54);
INSERT INTO realisation(realisation_id, date, distance, activity_id, programme_id, CENTREINTERET_ID, timeframe_id) VALUES (10125, '2018-04-18', 4, 10253, 10031, 10000, 54);
INSERT INTO activity(activity_id, date, distance, estrealisee, programme_id, sport_id, CENTREINTERET_ID, timeframe_id) VALUES (10254, '2018-04-19', 11.236020574896028, 1, 10031, 1, 10000, 35);
INSERT INTO realisation(realisation_id, date, distance, activity_id, programme_id, CENTREINTERET_ID, timeframe_id) VALUES (10126, '2018-04-19', 4, 10254, 10031, 10000, 35);
INSERT INTO activity(activity_id, date, distance, estrealisee, programme_id, sport_id, CENTREINTERET_ID, timeframe_id) VALUES (10255, '2018-04-20', 7.325883010501378, 1, 10031, 1, 10000, 16);
INSERT INTO realisation(realisation_id, date, distance, activity_id, programme_id, CENTREINTERET_ID, timeframe_id) VALUES (10127, '2018-04-20', 4, 10255, 10031, 10000, 16);

INSERT INTO point (ID, x, y) VALUES (50032, 45.73540696353982, 4.867628143576137);
INSERT INTO users (ID, USERNAME, PASSWORD, FIRSTNAME, LASTNAME, EMAIL, ENABLED, LASTPASSWORDRESETDATE, OBJECTIFHEBDO, Location_id) VALUES (10032, "user32", "$2a$08$UkVvwpULis18S19S5pZFn.YHPZt3oaqHZnDwqbCW9pft6uFtkXKDC", "user32", "user32", "user32@user.com", 1, "2003/01/22", 19, 50032);
INSERT INTO user_authority (USER_ID, AUTHORITY_ID) VALUES (10032, 2);
INSERT INTO programme(programme_id, date_debut, user_id) VALUES (10192, '2018-04-23', 10032);
INSERT INTO programme(programme_id, date_debut, user_id) VALUES (10193, '2018-04-30', 10032);
INSERT INTO activity(activity_id, date, distance, estrealisee, programme_id, sport_id, CENTREINTERET_ID, timeframe_id) VALUES (10256, '2018-05-01', 9.58002616970582, 0, 10193, 1, 10000, 14);
INSERT INTO programme(programme_id, date_debut, user_id) VALUES (10194, '2018-04-30', 10032);
INSERT INTO activity(activity_id, date, distance, estrealisee, programme_id, sport_id, CENTREINTERET_ID, timeframe_id) VALUES (10257, '2018-05-02', 7.154937231142611, 0, 10194, 1, 10000, 20);
INSERT INTO programme(programme_id, date_debut, user_id) VALUES (10195, '2018-04-30', 10032);
INSERT INTO activity(activity_id, date, distance, estrealisee, programme_id, sport_id, CENTREINTERET_ID, timeframe_id) VALUES (10258, '2018-05-03', 9.973791365222809, 0, 10195, 1, 10000, 31);
INSERT INTO programme(programme_id, date_debut, user_id) VALUES (10196, '2018-04-30', 10032);
INSERT INTO activity(activity_id, date, distance, estrealisee, programme_id, sport_id, CENTREINTERET_ID, timeframe_id) VALUES (10259, '2018-05-04', 10.999911851929191, 0, 10196, 1, 10000, 39);
INSERT INTO activity(activity_id, date, distance, estrealisee, programme_id, sport_id, CENTREINTERET_ID, timeframe_id) VALUES (10260, '2018-04-17', 9.334710729211391, 1, 10032, 1, 10000, 42);
INSERT INTO realisation(realisation_id, date, distance, activity_id, programme_id, CENTREINTERET_ID, timeframe_id) VALUES (10128, '2018-04-17', 4, 10260, 10032, 10000, 42);
INSERT INTO activity(activity_id, date, distance, estrealisee, programme_id, sport_id, CENTREINTERET_ID, timeframe_id) VALUES (10261, '2018-04-18', 8.957534828648308, 1, 10032, 1, 10000, 40);
INSERT INTO realisation(realisation_id, date, distance, activity_id, programme_id, CENTREINTERET_ID, timeframe_id) VALUES (10129, '2018-04-18', 4, 10261, 10032, 10000, 40);
INSERT INTO activity(activity_id, date, distance, estrealisee, programme_id, sport_id, CENTREINTERET_ID, timeframe_id) VALUES (10262, '2018-04-19', 11.364367677693206, 1, 10032, 1, 10000, 38);
INSERT INTO realisation(realisation_id, date, distance, activity_id, programme_id, CENTREINTERET_ID, timeframe_id) VALUES (10130, '2018-04-19', 4, 10262, 10032, 10000, 38);
INSERT INTO activity(activity_id, date, distance, estrealisee, programme_id, sport_id, CENTREINTERET_ID, timeframe_id) VALUES (10263, '2018-04-20', 11.19818405551072, 1, 10032, 1, 10000, 51);
INSERT INTO realisation(realisation_id, date, distance, activity_id, programme_id, CENTREINTERET_ID, timeframe_id) VALUES (10131, '2018-04-20', 4, 10263, 10032, 10000, 51);

INSERT INTO point (ID, x, y) VALUES (50033, 45.783320073361985, 4.892378909171609);
INSERT INTO users (ID, USERNAME, PASSWORD, FIRSTNAME, LASTNAME, EMAIL, ENABLED, LASTPASSWORDRESETDATE, OBJECTIFHEBDO, Location_id) VALUES (10033, "user33", "$2a$08$UkVvwpULis18S19S5pZFn.YHPZt3oaqHZnDwqbCW9pft6uFtkXKDC", "user33", "user33", "user33@user.com", 1, "2003/01/22", 14, 50033);
INSERT INTO user_authority (USER_ID, AUTHORITY_ID) VALUES (10033, 2);
INSERT INTO programme(programme_id, date_debut, user_id) VALUES (10198, '2018-04-23', 10033);
INSERT INTO programme(programme_id, date_debut, user_id) VALUES (10199, '2018-04-30', 10033);
INSERT INTO activity(activity_id, date, distance, estrealisee, programme_id, sport_id, CENTREINTERET_ID, timeframe_id) VALUES (10264, '2018-05-01', 9.868057826090418, 0, 10199, 1, 10000, 14);
INSERT INTO programme(programme_id, date_debut, user_id) VALUES (10200, '2018-04-30', 10033);
INSERT INTO activity(activity_id, date, distance, estrealisee, programme_id, sport_id, CENTREINTERET_ID, timeframe_id) VALUES (10265, '2018-05-02', 8.567789381757946, 0, 10200, 1, 10000, 20);
INSERT INTO programme(programme_id, date_debut, user_id) VALUES (10201, '2018-04-30', 10033);
INSERT INTO activity(activity_id, date, distance, estrealisee, programme_id, sport_id, CENTREINTERET_ID, timeframe_id) VALUES (10266, '2018-05-03', 7.914111011484085, 0, 10201, 1, 10000, 31);
INSERT INTO programme(programme_id, date_debut, user_id) VALUES (10202, '2018-04-30', 10033);
INSERT INTO activity(activity_id, date, distance, estrealisee, programme_id, sport_id, CENTREINTERET_ID, timeframe_id) VALUES (10267, '2018-05-04', 11.309347353133685, 0, 10202, 1, 10000, 39);
INSERT INTO activity(activity_id, date, distance, estrealisee, programme_id, sport_id, CENTREINTERET_ID, timeframe_id) VALUES (10268, '2018-04-17', 9.2719576739185, 1, 10033, 1, 10000, 11);
INSERT INTO realisation(realisation_id, date, distance, activity_id, programme_id, CENTREINTERET_ID, timeframe_id) VALUES (10132, '2018-04-17', 4, 10268, 10033, 10000, 11);
INSERT INTO activity(activity_id, date, distance, estrealisee, programme_id, sport_id, CENTREINTERET_ID, timeframe_id) VALUES (10269, '2018-04-18', 10.042116034291837, 1, 10033, 1, 10000, 34);
INSERT INTO realisation(realisation_id, date, distance, activity_id, programme_id, CENTREINTERET_ID, timeframe_id) VALUES (10133, '2018-04-18', 4, 10269, 10033, 10000, 34);
INSERT INTO activity(activity_id, date, distance, estrealisee, programme_id, sport_id, CENTREINTERET_ID, timeframe_id) VALUES (10270, '2018-04-19', 9.303763448596477, 1, 10033, 1, 10000, 27);
INSERT INTO realisation(realisation_id, date, distance, activity_id, programme_id, CENTREINTERET_ID, timeframe_id) VALUES (10134, '2018-04-19', 4, 10270, 10033, 10000, 27);
INSERT INTO activity(activity_id, date, distance, estrealisee, programme_id, sport_id, CENTREINTERET_ID, timeframe_id) VALUES (10271, '2018-04-20', 9.38295589236586, 1, 10033, 1, 10000, 22);
INSERT INTO realisation(realisation_id, date, distance, activity_id, programme_id, CENTREINTERET_ID, timeframe_id) VALUES (10135, '2018-04-20', 4, 10271, 10033, 10000, 22);

INSERT INTO point (ID, x, y) VALUES (50034, 45.75025414513566, 4.887000168305833);
INSERT INTO users (ID, USERNAME, PASSWORD, FIRSTNAME, LASTNAME, EMAIL, ENABLED, LASTPASSWORDRESETDATE, OBJECTIFHEBDO, Location_id) VALUES (10034, "user34", "$2a$08$UkVvwpULis18S19S5pZFn.YHPZt3oaqHZnDwqbCW9pft6uFtkXKDC", "user34", "user34", "user34@user.com", 1, "2003/01/22", 6, 50034);
INSERT INTO user_authority (USER_ID, AUTHORITY_ID) VALUES (10034, 2);
INSERT INTO programme(programme_id, date_debut, user_id) VALUES (10204, '2018-04-23', 10034);
INSERT INTO programme(programme_id, date_debut, user_id) VALUES (10205, '2018-04-30', 10034);
INSERT INTO activity(activity_id, date, distance, estrealisee, programme_id, sport_id, CENTREINTERET_ID, timeframe_id) VALUES (10272, '2018-05-01', 8.750969224509868, 0, 10205, 1, 10000, 14);
INSERT INTO programme(programme_id, date_debut, user_id) VALUES (10206, '2018-04-30', 10034);
INSERT INTO activity(activity_id, date, distance, estrealisee, programme_id, sport_id, CENTREINTERET_ID, timeframe_id) VALUES (10273, '2018-05-02', 8.259461737495625, 0, 10206, 1, 10000, 20);
INSERT INTO programme(programme_id, date_debut, user_id) VALUES (10207, '2018-04-30', 10034);
INSERT INTO activity(activity_id, date, distance, estrealisee, programme_id, sport_id, CENTREINTERET_ID, timeframe_id) VALUES (10274, '2018-05-03', 9.133914146504448, 0, 10207, 1, 10000, 31);
INSERT INTO programme(programme_id, date_debut, user_id) VALUES (10208, '2018-04-30', 10034);
INSERT INTO activity(activity_id, date, distance, estrealisee, programme_id, sport_id, CENTREINTERET_ID, timeframe_id) VALUES (10275, '2018-05-04', 11.22608352791983, 0, 10208, 1, 10000, 39);
INSERT INTO activity(activity_id, date, distance, estrealisee, programme_id, sport_id, CENTREINTERET_ID, timeframe_id) VALUES (10276, '2018-04-17', 7.761457808476209, 1, 10034, 1, 10000, 15);
INSERT INTO realisation(realisation_id, date, distance, activity_id, programme_id, CENTREINTERET_ID, timeframe_id) VALUES (10136, '2018-04-17', 4, 10276, 10034, 10000, 15);
INSERT INTO activity(activity_id, date, distance, estrealisee, programme_id, sport_id, CENTREINTERET_ID, timeframe_id) VALUES (10277, '2018-04-18', 7.292613819506517, 1, 10034, 1, 10000, 2);
INSERT INTO realisation(realisation_id, date, distance, activity_id, programme_id, CENTREINTERET_ID, timeframe_id) VALUES (10137, '2018-04-18', 4, 10277, 10034, 10000, 2);
INSERT INTO activity(activity_id, date, distance, estrealisee, programme_id, sport_id, CENTREINTERET_ID, timeframe_id) VALUES (10278, '2018-04-19', 7.811756808306868, 1, 10034, 1, 10000, 29);
INSERT INTO realisation(realisation_id, date, distance, activity_id, programme_id, CENTREINTERET_ID, timeframe_id) VALUES (10138, '2018-04-19', 4, 10278, 10034, 10000, 29);
INSERT INTO activity(activity_id, date, distance, estrealisee, programme_id, sport_id, CENTREINTERET_ID, timeframe_id) VALUES (10279, '2018-04-20', 8.397444628208863, 1, 10034, 1, 10000, 14);
INSERT INTO realisation(realisation_id, date, distance, activity_id, programme_id, CENTREINTERET_ID, timeframe_id) VALUES (10139, '2018-04-20', 4, 10279, 10034, 10000, 14);

INSERT INTO point (ID, x, y) VALUES (50035, 45.72348617853791, 4.831254796042121);
INSERT INTO users (ID, USERNAME, PASSWORD, FIRSTNAME, LASTNAME, EMAIL, ENABLED, LASTPASSWORDRESETDATE, OBJECTIFHEBDO, Location_id) VALUES (10035, "user35", "$2a$08$UkVvwpULis18S19S5pZFn.YHPZt3oaqHZnDwqbCW9pft6uFtkXKDC", "user35", "user35", "user35@user.com", 1, "2003/01/22", 9, 50035);
INSERT INTO user_authority (USER_ID, AUTHORITY_ID) VALUES (10035, 2);
INSERT INTO programme(programme_id, date_debut, user_id) VALUES (10210, '2018-04-23', 10035);
INSERT INTO programme(programme_id, date_debut, user_id) VALUES (10211, '2018-04-30', 10035);
INSERT INTO activity(activity_id, date, distance, estrealisee, programme_id, sport_id, CENTREINTERET_ID, timeframe_id) VALUES (10280, '2018-05-01', 11.671221173554212, 0, 10211, 1, 10000, 14);
INSERT INTO programme(programme_id, date_debut, user_id) VALUES (10212, '2018-04-30', 10035);
INSERT INTO activity(activity_id, date, distance, estrealisee, programme_id, sport_id, CENTREINTERET_ID, timeframe_id) VALUES (10281, '2018-05-02', 11.031554633627245, 0, 10212, 1, 10000, 20);
INSERT INTO programme(programme_id, date_debut, user_id) VALUES (10213, '2018-04-30', 10035);
INSERT INTO activity(activity_id, date, distance, estrealisee, programme_id, sport_id, CENTREINTERET_ID, timeframe_id) VALUES (10282, '2018-05-03', 11.599383323130146, 0, 10213, 1, 10000, 31);
INSERT INTO programme(programme_id, date_debut, user_id) VALUES (10214, '2018-04-30', 10035);
INSERT INTO activity(activity_id, date, distance, estrealisee, programme_id, sport_id, CENTREINTERET_ID, timeframe_id) VALUES (10283, '2018-05-04', 7.222401772011165, 0, 10214, 1, 10000, 39);
INSERT INTO activity(activity_id, date, distance, estrealisee, programme_id, sport_id, CENTREINTERET_ID, timeframe_id) VALUES (10284, '2018-04-17', 9.264618356183107, 1, 10035, 1, 10000, 24);
INSERT INTO realisation(realisation_id, date, distance, activity_id, programme_id, CENTREINTERET_ID, timeframe_id) VALUES (10140, '2018-04-17', 4, 10284, 10035, 10000, 24);
INSERT INTO activity(activity_id, date, distance, estrealisee, programme_id, sport_id, CENTREINTERET_ID, timeframe_id) VALUES (10285, '2018-04-18', 8.065796463206228, 1, 10035, 1, 10000, 17);
INSERT INTO realisation(realisation_id, date, distance, activity_id, programme_id, CENTREINTERET_ID, timeframe_id) VALUES (10141, '2018-04-18', 4, 10285, 10035, 10000, 17);
INSERT INTO activity(activity_id, date, distance, estrealisee, programme_id, sport_id, CENTREINTERET_ID, timeframe_id) VALUES (10286, '2018-04-19', 10.183565034238896, 1, 10035, 1, 10000, 54);
INSERT INTO realisation(realisation_id, date, distance, activity_id, programme_id, CENTREINTERET_ID, timeframe_id) VALUES (10142, '2018-04-19', 4, 10286, 10035, 10000, 54);
INSERT INTO activity(activity_id, date, distance, estrealisee, programme_id, sport_id, CENTREINTERET_ID, timeframe_id) VALUES (10287, '2018-04-20', 10.91559798243054, 1, 10035, 1, 10000, 11);
INSERT INTO realisation(realisation_id, date, distance, activity_id, programme_id, CENTREINTERET_ID, timeframe_id) VALUES (10143, '2018-04-20', 4, 10287, 10035, 10000, 11);

INSERT INTO point (ID, x, y) VALUES (50036, 45.78854306227668, 4.828277250860141);
INSERT INTO users (ID, USERNAME, PASSWORD, FIRSTNAME, LASTNAME, EMAIL, ENABLED, LASTPASSWORDRESETDATE, OBJECTIFHEBDO, Location_id) VALUES (10036, "user36", "$2a$08$UkVvwpULis18S19S5pZFn.YHPZt3oaqHZnDwqbCW9pft6uFtkXKDC", "user36", "user36", "user36@user.com", 1, "2003/01/22", 16, 50036);
INSERT INTO user_authority (USER_ID, AUTHORITY_ID) VALUES (10036, 2);
INSERT INTO programme(programme_id, date_debut, user_id) VALUES (10216, '2018-04-23', 10036);
INSERT INTO programme(programme_id, date_debut, user_id) VALUES (10217, '2018-04-30', 10036);
INSERT INTO activity(activity_id, date, distance, estrealisee, programme_id, sport_id, CENTREINTERET_ID, timeframe_id) VALUES (10288, '2018-05-01', 10.684700467395306, 0, 10217, 1, 10000, 14);
INSERT INTO programme(programme_id, date_debut, user_id) VALUES (10218, '2018-04-30', 10036);
INSERT INTO activity(activity_id, date, distance, estrealisee, programme_id, sport_id, CENTREINTERET_ID, timeframe_id) VALUES (10289, '2018-05-02', 10.547554941065027, 0, 10218, 1, 10000, 20);
INSERT INTO programme(programme_id, date_debut, user_id) VALUES (10219, '2018-04-30', 10036);
INSERT INTO activity(activity_id, date, distance, estrealisee, programme_id, sport_id, CENTREINTERET_ID, timeframe_id) VALUES (10290, '2018-05-03', 11.829948583347818, 0, 10219, 1, 10000, 31);
INSERT INTO programme(programme_id, date_debut, user_id) VALUES (10220, '2018-04-30', 10036);
INSERT INTO activity(activity_id, date, distance, estrealisee, programme_id, sport_id, CENTREINTERET_ID, timeframe_id) VALUES (10291, '2018-05-04', 9.032776617553658, 0, 10220, 1, 10000, 39);
INSERT INTO activity(activity_id, date, distance, estrealisee, programme_id, sport_id, CENTREINTERET_ID, timeframe_id) VALUES (10292, '2018-04-17', 11.230688306984913, 1, 10036, 1, 10000, 53);
INSERT INTO realisation(realisation_id, date, distance, activity_id, programme_id, CENTREINTERET_ID, timeframe_id) VALUES (10144, '2018-04-17', 4, 10292, 10036, 10000, 53);
INSERT INTO activity(activity_id, date, distance, estrealisee, programme_id, sport_id, CENTREINTERET_ID, timeframe_id) VALUES (10293, '2018-04-18', 8.534817331131354, 1, 10036, 1, 10000, 8);
INSERT INTO realisation(realisation_id, date, distance, activity_id, programme_id, CENTREINTERET_ID, timeframe_id) VALUES (10145, '2018-04-18', 4, 10293, 10036, 10000, 8);
INSERT INTO activity(activity_id, date, distance, estrealisee, programme_id, sport_id, CENTREINTERET_ID, timeframe_id) VALUES (10294, '2018-04-19', 9.2580836002202, 1, 10036, 1, 10000, 23);
INSERT INTO realisation(realisation_id, date, distance, activity_id, programme_id, CENTREINTERET_ID, timeframe_id) VALUES (10146, '2018-04-19', 4, 10294, 10036, 10000, 23);
INSERT INTO activity(activity_id, date, distance, estrealisee, programme_id, sport_id, CENTREINTERET_ID, timeframe_id) VALUES (10295, '2018-04-20', 9.575223163949667, 1, 10036, 1, 10000, 30);
INSERT INTO realisation(realisation_id, date, distance, activity_id, programme_id, CENTREINTERET_ID, timeframe_id) VALUES (10147, '2018-04-20', 4, 10295, 10036, 10000, 30);

INSERT INTO point (ID, x, y) VALUES (50037, 45.79210193653268, 4.822174375860851);
INSERT INTO users (ID, USERNAME, PASSWORD, FIRSTNAME, LASTNAME, EMAIL, ENABLED, LASTPASSWORDRESETDATE, OBJECTIFHEBDO, Location_id) VALUES (10037, "user37", "$2a$08$UkVvwpULis18S19S5pZFn.YHPZt3oaqHZnDwqbCW9pft6uFtkXKDC", "user37", "user37", "user37@user.com", 1, "2003/01/22", 5, 50037);
INSERT INTO user_authority (USER_ID, AUTHORITY_ID) VALUES (10037, 2);
INSERT INTO programme(programme_id, date_debut, user_id) VALUES (10222, '2018-04-23', 10037);
INSERT INTO programme(programme_id, date_debut, user_id) VALUES (10223, '2018-04-30', 10037);
INSERT INTO activity(activity_id, date, distance, estrealisee, programme_id, sport_id, CENTREINTERET_ID, timeframe_id) VALUES (10296, '2018-05-01', 9.885329056158008, 0, 10223, 1, 10000, 14);
INSERT INTO programme(programme_id, date_debut, user_id) VALUES (10224, '2018-04-30', 10037);
INSERT INTO activity(activity_id, date, distance, estrealisee, programme_id, sport_id, CENTREINTERET_ID, timeframe_id) VALUES (10297, '2018-05-02', 8.705248084589197, 0, 10224, 1, 10000, 20);
INSERT INTO programme(programme_id, date_debut, user_id) VALUES (10225, '2018-04-30', 10037);
INSERT INTO activity(activity_id, date, distance, estrealisee, programme_id, sport_id, CENTREINTERET_ID, timeframe_id) VALUES (10298, '2018-05-03', 10.213203774004178, 0, 10225, 1, 10000, 31);
INSERT INTO programme(programme_id, date_debut, user_id) VALUES (10226, '2018-04-30', 10037);
INSERT INTO activity(activity_id, date, distance, estrealisee, programme_id, sport_id, CENTREINTERET_ID, timeframe_id) VALUES (10299, '2018-05-04', 9.721407204001586, 0, 10226, 1, 10000, 39);
INSERT INTO activity(activity_id, date, distance, estrealisee, programme_id, sport_id, CENTREINTERET_ID, timeframe_id) VALUES (10300, '2018-04-17', 9.657955540576822, 1, 10037, 1, 10000, 7);
INSERT INTO realisation(realisation_id, date, distance, activity_id, programme_id, CENTREINTERET_ID, timeframe_id) VALUES (10148, '2018-04-17', 4, 10300, 10037, 10000, 7);
INSERT INTO activity(activity_id, date, distance, estrealisee, programme_id, sport_id, CENTREINTERET_ID, timeframe_id) VALUES (10301, '2018-04-18', 11.454999380061519, 1, 10037, 1, 10000, 22);
INSERT INTO realisation(realisation_id, date, distance, activity_id, programme_id, CENTREINTERET_ID, timeframe_id) VALUES (10149, '2018-04-18', 4, 10301, 10037, 10000, 22);
INSERT INTO activity(activity_id, date, distance, estrealisee, programme_id, sport_id, CENTREINTERET_ID, timeframe_id) VALUES (10302, '2018-04-19', 9.641924639505115, 1, 10037, 1, 10000, 32);
INSERT INTO realisation(realisation_id, date, distance, activity_id, programme_id, CENTREINTERET_ID, timeframe_id) VALUES (10150, '2018-04-19', 4, 10302, 10037, 10000, 32);
INSERT INTO activity(activity_id, date, distance, estrealisee, programme_id, sport_id, CENTREINTERET_ID, timeframe_id) VALUES (10303, '2018-04-20', 9.354057689698514, 1, 10037, 1, 10000, 2);
INSERT INTO realisation(realisation_id, date, distance, activity_id, programme_id, CENTREINTERET_ID, timeframe_id) VALUES (10151, '2018-04-20', 4, 10303, 10037, 10000, 2);

INSERT INTO point (ID, x, y) VALUES (50038, 45.7960218543417, 4.857759103854942);
INSERT INTO users (ID, USERNAME, PASSWORD, FIRSTNAME, LASTNAME, EMAIL, ENABLED, LASTPASSWORDRESETDATE, OBJECTIFHEBDO, Location_id) VALUES (10038, "user38", "$2a$08$UkVvwpULis18S19S5pZFn.YHPZt3oaqHZnDwqbCW9pft6uFtkXKDC", "user38", "user38", "user38@user.com", 1, "2003/01/22", 12, 50038);
INSERT INTO user_authority (USER_ID, AUTHORITY_ID) VALUES (10038, 2);
INSERT INTO programme(programme_id, date_debut, user_id) VALUES (10228, '2018-04-23', 10038);
INSERT INTO programme(programme_id, date_debut, user_id) VALUES (10229, '2018-04-30', 10038);
INSERT INTO activity(activity_id, date, distance, estrealisee, programme_id, sport_id, CENTREINTERET_ID, timeframe_id) VALUES (10304, '2018-05-01', 7.699058344841964, 0, 10229, 1, 10000, 14);
INSERT INTO programme(programme_id, date_debut, user_id) VALUES (10230, '2018-04-30', 10038);
INSERT INTO activity(activity_id, date, distance, estrealisee, programme_id, sport_id, CENTREINTERET_ID, timeframe_id) VALUES (10305, '2018-05-02', 8.502020803054279, 0, 10230, 1, 10000, 20);
INSERT INTO programme(programme_id, date_debut, user_id) VALUES (10231, '2018-04-30', 10038);
INSERT INTO activity(activity_id, date, distance, estrealisee, programme_id, sport_id, CENTREINTERET_ID, timeframe_id) VALUES (10306, '2018-05-03', 11.740422647575812, 0, 10231, 1, 10000, 31);
INSERT INTO programme(programme_id, date_debut, user_id) VALUES (10232, '2018-04-30', 10038);
INSERT INTO activity(activity_id, date, distance, estrealisee, programme_id, sport_id, CENTREINTERET_ID, timeframe_id) VALUES (10307, '2018-05-04', 7.483372204385298, 0, 10232, 1, 10000, 39);
INSERT INTO activity(activity_id, date, distance, estrealisee, programme_id, sport_id, CENTREINTERET_ID, timeframe_id) VALUES (10308, '2018-04-17', 10.86758992148128, 1, 10038, 1, 10000, 8);
INSERT INTO realisation(realisation_id, date, distance, activity_id, programme_id, CENTREINTERET_ID, timeframe_id) VALUES (10152, '2018-04-17', 4, 10308, 10038, 10000, 8);
INSERT INTO activity(activity_id, date, distance, estrealisee, programme_id, sport_id, CENTREINTERET_ID, timeframe_id) VALUES (10309, '2018-04-18', 9.311060186332904, 1, 10038, 1, 10000, 30);
INSERT INTO realisation(realisation_id, date, distance, activity_id, programme_id, CENTREINTERET_ID, timeframe_id) VALUES (10153, '2018-04-18', 4, 10309, 10038, 10000, 30);
INSERT INTO activity(activity_id, date, distance, estrealisee, programme_id, sport_id, CENTREINTERET_ID, timeframe_id) VALUES (10310, '2018-04-19', 8.08169028473413, 1, 10038, 1, 10000, 15);
INSERT INTO realisation(realisation_id, date, distance, activity_id, programme_id, CENTREINTERET_ID, timeframe_id) VALUES (10154, '2018-04-19', 4, 10310, 10038, 10000, 15);
INSERT INTO activity(activity_id, date, distance, estrealisee, programme_id, sport_id, CENTREINTERET_ID, timeframe_id) VALUES (10311, '2018-04-20', 7.5220111112203005, 1, 10038, 1, 10000, 41);
INSERT INTO realisation(realisation_id, date, distance, activity_id, programme_id, CENTREINTERET_ID, timeframe_id) VALUES (10155, '2018-04-20', 4, 10311, 10038, 10000, 41);

INSERT INTO point (ID, x, y) VALUES (50039, 45.78651629373887, 4.885192879974654);
INSERT INTO users (ID, USERNAME, PASSWORD, FIRSTNAME, LASTNAME, EMAIL, ENABLED, LASTPASSWORDRESETDATE, OBJECTIFHEBDO, Location_id) VALUES (10039, "user39", "$2a$08$UkVvwpULis18S19S5pZFn.YHPZt3oaqHZnDwqbCW9pft6uFtkXKDC", "user39", "user39", "user39@user.com", 1, "2003/01/22", 19, 50039);
INSERT INTO user_authority (USER_ID, AUTHORITY_ID) VALUES (10039, 2);
INSERT INTO programme(programme_id, date_debut, user_id) VALUES (10234, '2018-04-23', 10039);
INSERT INTO programme(programme_id, date_debut, user_id) VALUES (10235, '2018-04-30', 10039);
INSERT INTO activity(activity_id, date, distance, estrealisee, programme_id, sport_id, CENTREINTERET_ID, timeframe_id) VALUES (10312, '2018-05-01', 9.371516959623307, 0, 10235, 1, 10000, 14);
INSERT INTO programme(programme_id, date_debut, user_id) VALUES (10236, '2018-04-30', 10039);
INSERT INTO activity(activity_id, date, distance, estrealisee, programme_id, sport_id, CENTREINTERET_ID, timeframe_id) VALUES (10313, '2018-05-02', 9.956396334575896, 0, 10236, 1, 10000, 20);
INSERT INTO programme(programme_id, date_debut, user_id) VALUES (10237, '2018-04-30', 10039);
INSERT INTO activity(activity_id, date, distance, estrealisee, programme_id, sport_id, CENTREINTERET_ID, timeframe_id) VALUES (10314, '2018-05-03', 9.35709601048157, 0, 10237, 1, 10000, 31);
INSERT INTO programme(programme_id, date_debut, user_id) VALUES (10238, '2018-04-30', 10039);
INSERT INTO activity(activity_id, date, distance, estrealisee, programme_id, sport_id, CENTREINTERET_ID, timeframe_id) VALUES (10315, '2018-05-04', 9.098350101361275, 0, 10238, 1, 10000, 39);
INSERT INTO activity(activity_id, date, distance, estrealisee, programme_id, sport_id, CENTREINTERET_ID, timeframe_id) VALUES (10316, '2018-04-17', 11.877115848426625, 1, 10039, 1, 10000, 34);
INSERT INTO realisation(realisation_id, date, distance, activity_id, programme_id, CENTREINTERET_ID, timeframe_id) VALUES (10156, '2018-04-17', 4, 10316, 10039, 10000, 34);
INSERT INTO activity(activity_id, date, distance, estrealisee, programme_id, sport_id, CENTREINTERET_ID, timeframe_id) VALUES (10317, '2018-04-18', 7.8399620748409795, 1, 10039, 1, 10000, 8);
INSERT INTO realisation(realisation_id, date, distance, activity_id, programme_id, CENTREINTERET_ID, timeframe_id) VALUES (10157, '2018-04-18', 4, 10317, 10039, 10000, 8);
INSERT INTO activity(activity_id, date, distance, estrealisee, programme_id, sport_id, CENTREINTERET_ID, timeframe_id) VALUES (10318, '2018-04-19', 9.784539125729566, 1, 10039, 1, 10000, 21);
INSERT INTO realisation(realisation_id, date, distance, activity_id, programme_id, CENTREINTERET_ID, timeframe_id) VALUES (10158, '2018-04-19', 4, 10318, 10039, 10000, 21);
INSERT INTO activity(activity_id, date, distance, estrealisee, programme_id, sport_id, CENTREINTERET_ID, timeframe_id) VALUES (10319, '2018-04-20', 11.955665506133101, 1, 10039, 1, 10000, 37);
INSERT INTO realisation(realisation_id, date, distance, activity_id, programme_id, CENTREINTERET_ID, timeframe_id) VALUES (10159, '2018-04-20', 4, 10319, 10039, 10000, 37);

INSERT INTO point (ID, x, y) VALUES (50040, 45.77677580230502, 4.861987096854302);
INSERT INTO users (ID, USERNAME, PASSWORD, FIRSTNAME, LASTNAME, EMAIL, ENABLED, LASTPASSWORDRESETDATE, OBJECTIFHEBDO, Location_id) VALUES (10040, "user40", "$2a$08$UkVvwpULis18S19S5pZFn.YHPZt3oaqHZnDwqbCW9pft6uFtkXKDC", "user40", "user40", "user40@user.com", 1, "2003/01/22", 7, 50040);
INSERT INTO user_authority (USER_ID, AUTHORITY_ID) VALUES (10040, 2);
INSERT INTO programme(programme_id, date_debut, user_id) VALUES (10240, '2018-04-23', 10040);
INSERT INTO programme(programme_id, date_debut, user_id) VALUES (10241, '2018-04-30', 10040);
INSERT INTO activity(activity_id, date, distance, estrealisee, programme_id, sport_id, CENTREINTERET_ID, timeframe_id) VALUES (10320, '2018-05-01', 11.972907079838457, 0, 10241, 1, 10000, 14);
INSERT INTO programme(programme_id, date_debut, user_id) VALUES (10242, '2018-04-30', 10040);
INSERT INTO activity(activity_id, date, distance, estrealisee, programme_id, sport_id, CENTREINTERET_ID, timeframe_id) VALUES (10321, '2018-05-02', 10.79267835607796, 0, 10242, 1, 10000, 20);
INSERT INTO programme(programme_id, date_debut, user_id) VALUES (10243, '2018-04-30', 10040);
INSERT INTO activity(activity_id, date, distance, estrealisee, programme_id, sport_id, CENTREINTERET_ID, timeframe_id) VALUES (10322, '2018-05-03', 8.609195486411254, 0, 10243, 1, 10000, 31);
INSERT INTO programme(programme_id, date_debut, user_id) VALUES (10244, '2018-04-30', 10040);
INSERT INTO activity(activity_id, date, distance, estrealisee, programme_id, sport_id, CENTREINTERET_ID, timeframe_id) VALUES (10323, '2018-05-04', 8.254237626941025, 0, 10244, 1, 10000, 39);
INSERT INTO activity(activity_id, date, distance, estrealisee, programme_id, sport_id, CENTREINTERET_ID, timeframe_id) VALUES (10324, '2018-04-17', 8.96939587042618, 1, 10040, 1, 10000, 27);
INSERT INTO realisation(realisation_id, date, distance, activity_id, programme_id, CENTREINTERET_ID, timeframe_id) VALUES (10160, '2018-04-17', 4, 10324, 10040, 10000, 27);
INSERT INTO activity(activity_id, date, distance, estrealisee, programme_id, sport_id, CENTREINTERET_ID, timeframe_id) VALUES (10325, '2018-04-18', 11.331804644590672, 1, 10040, 1, 10000, 16);
INSERT INTO realisation(realisation_id, date, distance, activity_id, programme_id, CENTREINTERET_ID, timeframe_id) VALUES (10161, '2018-04-18', 4, 10325, 10040, 10000, 16);
INSERT INTO activity(activity_id, date, distance, estrealisee, programme_id, sport_id, CENTREINTERET_ID, timeframe_id) VALUES (10326, '2018-04-19', 9.257110976277238, 1, 10040, 1, 10000, 6);
INSERT INTO realisation(realisation_id, date, distance, activity_id, programme_id, CENTREINTERET_ID, timeframe_id) VALUES (10162, '2018-04-19', 4, 10326, 10040, 10000, 6);
INSERT INTO activity(activity_id, date, distance, estrealisee, programme_id, sport_id, CENTREINTERET_ID, timeframe_id) VALUES (10327, '2018-04-20', 10.17689062252345, 1, 10040, 1, 10000, 29);
INSERT INTO realisation(realisation_id, date, distance, activity_id, programme_id, CENTREINTERET_ID, timeframe_id) VALUES (10163, '2018-04-20', 4, 10327, 10040, 10000, 29);

INSERT INTO point (ID, x, y) VALUES (50041, 45.76666808405896, 4.835300506864033);
INSERT INTO users (ID, USERNAME, PASSWORD, FIRSTNAME, LASTNAME, EMAIL, ENABLED, LASTPASSWORDRESETDATE, OBJECTIFHEBDO, Location_id) VALUES (10041, "user41", "$2a$08$UkVvwpULis18S19S5pZFn.YHPZt3oaqHZnDwqbCW9pft6uFtkXKDC", "user41", "user41", "user41@user.com", 1, "2003/01/22", 18, 50041);
INSERT INTO user_authority (USER_ID, AUTHORITY_ID) VALUES (10041, 2);
INSERT INTO programme(programme_id, date_debut, user_id) VALUES (10246, '2018-04-23', 10041);
INSERT INTO programme(programme_id, date_debut, user_id) VALUES (10247, '2018-04-30', 10041);
INSERT INTO activity(activity_id, date, distance, estrealisee, programme_id, sport_id, CENTREINTERET_ID, timeframe_id) VALUES (10328, '2018-05-01', 11.28126166287515, 0, 10247, 1, 10000, 14);
INSERT INTO programme(programme_id, date_debut, user_id) VALUES (10248, '2018-04-30', 10041);
INSERT INTO activity(activity_id, date, distance, estrealisee, programme_id, sport_id, CENTREINTERET_ID, timeframe_id) VALUES (10329, '2018-05-02', 9.536757084778012, 0, 10248, 1, 10000, 20);
INSERT INTO programme(programme_id, date_debut, user_id) VALUES (10249, '2018-04-30', 10041);
INSERT INTO activity(activity_id, date, distance, estrealisee, programme_id, sport_id, CENTREINTERET_ID, timeframe_id) VALUES (10330, '2018-05-03', 11.65758945970797, 0, 10249, 1, 10000, 31);
INSERT INTO programme(programme_id, date_debut, user_id) VALUES (10250, '2018-04-30', 10041);
INSERT INTO activity(activity_id, date, distance, estrealisee, programme_id, sport_id, CENTREINTERET_ID, timeframe_id) VALUES (10331, '2018-05-04', 7.8257040401151, 0, 10250, 1, 10000, 39);
INSERT INTO activity(activity_id, date, distance, estrealisee, programme_id, sport_id, CENTREINTERET_ID, timeframe_id) VALUES (10332, '2018-04-17', 8.686810459115236, 1, 10041, 1, 10000, 16);
INSERT INTO realisation(realisation_id, date, distance, activity_id, programme_id, CENTREINTERET_ID, timeframe_id) VALUES (10164, '2018-04-17', 4, 10332, 10041, 10000, 16);
INSERT INTO activity(activity_id, date, distance, estrealisee, programme_id, sport_id, CENTREINTERET_ID, timeframe_id) VALUES (10333, '2018-04-18', 11.955361456968603, 1, 10041, 1, 10000, 1);
INSERT INTO realisation(realisation_id, date, distance, activity_id, programme_id, CENTREINTERET_ID, timeframe_id) VALUES (10165, '2018-04-18', 4, 10333, 10041, 10000, 1);
INSERT INTO activity(activity_id, date, distance, estrealisee, programme_id, sport_id, CENTREINTERET_ID, timeframe_id) VALUES (10334, '2018-04-19', 11.405772157142778, 1, 10041, 1, 10000, 4);
INSERT INTO realisation(realisation_id, date, distance, activity_id, programme_id, CENTREINTERET_ID, timeframe_id) VALUES (10166, '2018-04-19', 4, 10334, 10041, 10000, 4);
INSERT INTO activity(activity_id, date, distance, estrealisee, programme_id, sport_id, CENTREINTERET_ID, timeframe_id) VALUES (10335, '2018-04-20', 8.964092661882223, 1, 10041, 1, 10000, 2);
INSERT INTO realisation(realisation_id, date, distance, activity_id, programme_id, CENTREINTERET_ID, timeframe_id) VALUES (10167, '2018-04-20', 4, 10335, 10041, 10000, 2);

INSERT INTO point (ID, x, y) VALUES (50042, 45.75707574126848, 4.8125556727965595);
INSERT INTO users (ID, USERNAME, PASSWORD, FIRSTNAME, LASTNAME, EMAIL, ENABLED, LASTPASSWORDRESETDATE, OBJECTIFHEBDO, Location_id) VALUES (10042, "user42", "$2a$08$UkVvwpULis18S19S5pZFn.YHPZt3oaqHZnDwqbCW9pft6uFtkXKDC", "user42", "user42", "user42@user.com", 1, "2003/01/22", 14, 50042);
INSERT INTO user_authority (USER_ID, AUTHORITY_ID) VALUES (10042, 2);
INSERT INTO programme(programme_id, date_debut, user_id) VALUES (10252, '2018-04-23', 10042);
INSERT INTO programme(programme_id, date_debut, user_id) VALUES (10253, '2018-04-30', 10042);
INSERT INTO activity(activity_id, date, distance, estrealisee, programme_id, sport_id, CENTREINTERET_ID, timeframe_id) VALUES (10336, '2018-05-01', 7.742322439702164, 0, 10253, 1, 10000, 14);
INSERT INTO programme(programme_id, date_debut, user_id) VALUES (10254, '2018-04-30', 10042);
INSERT INTO activity(activity_id, date, distance, estrealisee, programme_id, sport_id, CENTREINTERET_ID, timeframe_id) VALUES (10337, '2018-05-02', 8.073929693717394, 0, 10254, 1, 10000, 20);
INSERT INTO programme(programme_id, date_debut, user_id) VALUES (10255, '2018-04-30', 10042);
INSERT INTO activity(activity_id, date, distance, estrealisee, programme_id, sport_id, CENTREINTERET_ID, timeframe_id) VALUES (10338, '2018-05-03', 10.836065967098104, 0, 10255, 1, 10000, 31);
INSERT INTO programme(programme_id, date_debut, user_id) VALUES (10256, '2018-04-30', 10042);
INSERT INTO activity(activity_id, date, distance, estrealisee, programme_id, sport_id, CENTREINTERET_ID, timeframe_id) VALUES (10339, '2018-05-04', 9.058148105617914, 0, 10256, 1, 10000, 39);
INSERT INTO activity(activity_id, date, distance, estrealisee, programme_id, sport_id, CENTREINTERET_ID, timeframe_id) VALUES (10340, '2018-04-17', 10.842053961135065, 1, 10042, 1, 10000, 2);
INSERT INTO realisation(realisation_id, date, distance, activity_id, programme_id, CENTREINTERET_ID, timeframe_id) VALUES (10168, '2018-04-17', 4, 10340, 10042, 10000, 2);
INSERT INTO activity(activity_id, date, distance, estrealisee, programme_id, sport_id, CENTREINTERET_ID, timeframe_id) VALUES (10341, '2018-04-18', 8.537939319798753, 1, 10042, 1, 10000, 24);
INSERT INTO realisation(realisation_id, date, distance, activity_id, programme_id, CENTREINTERET_ID, timeframe_id) VALUES (10169, '2018-04-18', 4, 10341, 10042, 10000, 24);
INSERT INTO activity(activity_id, date, distance, estrealisee, programme_id, sport_id, CENTREINTERET_ID, timeframe_id) VALUES (10342, '2018-04-19', 9.86503935728705, 1, 10042, 1, 10000, 22);
INSERT INTO realisation(realisation_id, date, distance, activity_id, programme_id, CENTREINTERET_ID, timeframe_id) VALUES (10170, '2018-04-19', 4, 10342, 10042, 10000, 22);
INSERT INTO activity(activity_id, date, distance, estrealisee, programme_id, sport_id, CENTREINTERET_ID, timeframe_id) VALUES (10343, '2018-04-20', 11.701694772052926, 1, 10042, 1, 10000, 53);
INSERT INTO realisation(realisation_id, date, distance, activity_id, programme_id, CENTREINTERET_ID, timeframe_id) VALUES (10171, '2018-04-20', 4, 10343, 10042, 10000, 53);

INSERT INTO point (ID, x, y) VALUES (50043, 45.716905254442544, 4.843833999390904);
INSERT INTO users (ID, USERNAME, PASSWORD, FIRSTNAME, LASTNAME, EMAIL, ENABLED, LASTPASSWORDRESETDATE, OBJECTIFHEBDO, Location_id) VALUES (10043, "user43", "$2a$08$UkVvwpULis18S19S5pZFn.YHPZt3oaqHZnDwqbCW9pft6uFtkXKDC", "user43", "user43", "user43@user.com", 1, "2003/01/22", 13, 50043);
INSERT INTO user_authority (USER_ID, AUTHORITY_ID) VALUES (10043, 2);
INSERT INTO programme(programme_id, date_debut, user_id) VALUES (10258, '2018-04-23', 10043);
INSERT INTO programme(programme_id, date_debut, user_id) VALUES (10259, '2018-04-30', 10043);
INSERT INTO activity(activity_id, date, distance, estrealisee, programme_id, sport_id, CENTREINTERET_ID, timeframe_id) VALUES (10344, '2018-05-01', 8.822055679997632, 0, 10259, 1, 10000, 14);
INSERT INTO programme(programme_id, date_debut, user_id) VALUES (10260, '2018-04-30', 10043);
INSERT INTO activity(activity_id, date, distance, estrealisee, programme_id, sport_id, CENTREINTERET_ID, timeframe_id) VALUES (10345, '2018-05-02', 10.563686374129013, 0, 10260, 1, 10000, 20);
INSERT INTO programme(programme_id, date_debut, user_id) VALUES (10261, '2018-04-30', 10043);
INSERT INTO activity(activity_id, date, distance, estrealisee, programme_id, sport_id, CENTREINTERET_ID, timeframe_id) VALUES (10346, '2018-05-03', 8.276729359835073, 0, 10261, 1, 10000, 31);
INSERT INTO programme(programme_id, date_debut, user_id) VALUES (10262, '2018-04-30', 10043);
INSERT INTO activity(activity_id, date, distance, estrealisee, programme_id, sport_id, CENTREINTERET_ID, timeframe_id) VALUES (10347, '2018-05-04', 7.178075007356174, 0, 10262, 1, 10000, 39);
INSERT INTO activity(activity_id, date, distance, estrealisee, programme_id, sport_id, CENTREINTERET_ID, timeframe_id) VALUES (10348, '2018-04-17', 10.166280414880369, 1, 10043, 1, 10000, 41);
INSERT INTO realisation(realisation_id, date, distance, activity_id, programme_id, CENTREINTERET_ID, timeframe_id) VALUES (10172, '2018-04-17', 4, 10348, 10043, 10000, 41);
INSERT INTO activity(activity_id, date, distance, estrealisee, programme_id, sport_id, CENTREINTERET_ID, timeframe_id) VALUES (10349, '2018-04-18', 7.732602437017388, 1, 10043, 1, 10000, 55);
INSERT INTO realisation(realisation_id, date, distance, activity_id, programme_id, CENTREINTERET_ID, timeframe_id) VALUES (10173, '2018-04-18', 4, 10349, 10043, 10000, 55);
INSERT INTO activity(activity_id, date, distance, estrealisee, programme_id, sport_id, CENTREINTERET_ID, timeframe_id) VALUES (10350, '2018-04-19', 8.53576107001686, 1, 10043, 1, 10000, 54);
INSERT INTO realisation(realisation_id, date, distance, activity_id, programme_id, CENTREINTERET_ID, timeframe_id) VALUES (10174, '2018-04-19', 4, 10350, 10043, 10000, 54);
INSERT INTO activity(activity_id, date, distance, estrealisee, programme_id, sport_id, CENTREINTERET_ID, timeframe_id) VALUES (10351, '2018-04-20', 9.765864067391545, 1, 10043, 1, 10000, 55);
INSERT INTO realisation(realisation_id, date, distance, activity_id, programme_id, CENTREINTERET_ID, timeframe_id) VALUES (10175, '2018-04-20', 4, 10351, 10043, 10000, 55);

INSERT INTO point (ID, x, y) VALUES (50044, 45.75696922602363, 4.8762825029831705);
INSERT INTO users (ID, USERNAME, PASSWORD, FIRSTNAME, LASTNAME, EMAIL, ENABLED, LASTPASSWORDRESETDATE, OBJECTIFHEBDO, Location_id) VALUES (10044, "user44", "$2a$08$UkVvwpULis18S19S5pZFn.YHPZt3oaqHZnDwqbCW9pft6uFtkXKDC", "user44", "user44", "user44@user.com", 1, "2003/01/22", 18, 50044);
INSERT INTO user_authority (USER_ID, AUTHORITY_ID) VALUES (10044, 2);
INSERT INTO programme(programme_id, date_debut, user_id) VALUES (10264, '2018-04-23', 10044);
INSERT INTO programme(programme_id, date_debut, user_id) VALUES (10265, '2018-04-30', 10044);
INSERT INTO activity(activity_id, date, distance, estrealisee, programme_id, sport_id, CENTREINTERET_ID, timeframe_id) VALUES (10352, '2018-05-01', 7.416249511454665, 0, 10265, 1, 10000, 14);
INSERT INTO programme(programme_id, date_debut, user_id) VALUES (10266, '2018-04-30', 10044);
INSERT INTO activity(activity_id, date, distance, estrealisee, programme_id, sport_id, CENTREINTERET_ID, timeframe_id) VALUES (10353, '2018-05-02', 10.414191573212253, 0, 10266, 1, 10000, 20);
INSERT INTO programme(programme_id, date_debut, user_id) VALUES (10267, '2018-04-30', 10044);
INSERT INTO activity(activity_id, date, distance, estrealisee, programme_id, sport_id, CENTREINTERET_ID, timeframe_id) VALUES (10354, '2018-05-03', 7.618759904336549, 0, 10267, 1, 10000, 31);
INSERT INTO programme(programme_id, date_debut, user_id) VALUES (10268, '2018-04-30', 10044);
INSERT INTO activity(activity_id, date, distance, estrealisee, programme_id, sport_id, CENTREINTERET_ID, timeframe_id) VALUES (10355, '2018-05-04', 10.302704481886455, 0, 10268, 1, 10000, 39);
INSERT INTO activity(activity_id, date, distance, estrealisee, programme_id, sport_id, CENTREINTERET_ID, timeframe_id) VALUES (10356, '2018-04-17', 7.165479069926339, 1, 10044, 1, 10000, 31);
INSERT INTO realisation(realisation_id, date, distance, activity_id, programme_id, CENTREINTERET_ID, timeframe_id) VALUES (10176, '2018-04-17', 4, 10356, 10044, 10000, 31);
INSERT INTO activity(activity_id, date, distance, estrealisee, programme_id, sport_id, CENTREINTERET_ID, timeframe_id) VALUES (10357, '2018-04-18', 8.305754926755213, 1, 10044, 1, 10000, 18);
INSERT INTO realisation(realisation_id, date, distance, activity_id, programme_id, CENTREINTERET_ID, timeframe_id) VALUES (10177, '2018-04-18', 4, 10357, 10044, 10000, 18);
INSERT INTO activity(activity_id, date, distance, estrealisee, programme_id, sport_id, CENTREINTERET_ID, timeframe_id) VALUES (10358, '2018-04-19', 11.42023937955086, 1, 10044, 1, 10000, 52);
INSERT INTO realisation(realisation_id, date, distance, activity_id, programme_id, CENTREINTERET_ID, timeframe_id) VALUES (10178, '2018-04-19', 4, 10358, 10044, 10000, 52);
INSERT INTO activity(activity_id, date, distance, estrealisee, programme_id, sport_id, CENTREINTERET_ID, timeframe_id) VALUES (10359, '2018-04-20', 11.353124079580413, 1, 10044, 1, 10000, 6);
INSERT INTO realisation(realisation_id, date, distance, activity_id, programme_id, CENTREINTERET_ID, timeframe_id) VALUES (10179, '2018-04-20', 4, 10359, 10044, 10000, 6);

INSERT INTO point (ID, x, y) VALUES (50045, 45.74972200532233, 4.835028618452478);
INSERT INTO users (ID, USERNAME, PASSWORD, FIRSTNAME, LASTNAME, EMAIL, ENABLED, LASTPASSWORDRESETDATE, OBJECTIFHEBDO, Location_id) VALUES (10045, "user45", "$2a$08$UkVvwpULis18S19S5pZFn.YHPZt3oaqHZnDwqbCW9pft6uFtkXKDC", "user45", "user45", "user45@user.com", 1, "2003/01/22", 20, 50045);
INSERT INTO user_authority (USER_ID, AUTHORITY_ID) VALUES (10045, 2);
INSERT INTO programme(programme_id, date_debut, user_id) VALUES (10270, '2018-04-23', 10045);
INSERT INTO programme(programme_id, date_debut, user_id) VALUES (10271, '2018-04-30', 10045);
INSERT INTO activity(activity_id, date, distance, estrealisee, programme_id, sport_id, CENTREINTERET_ID, timeframe_id) VALUES (10360, '2018-05-01', 11.878820376907882, 0, 10271, 1, 10000, 14);
INSERT INTO programme(programme_id, date_debut, user_id) VALUES (10272, '2018-04-30', 10045);
INSERT INTO activity(activity_id, date, distance, estrealisee, programme_id, sport_id, CENTREINTERET_ID, timeframe_id) VALUES (10361, '2018-05-02', 11.092240751429479, 0, 10272, 1, 10000, 20);
INSERT INTO programme(programme_id, date_debut, user_id) VALUES (10273, '2018-04-30', 10045);
INSERT INTO activity(activity_id, date, distance, estrealisee, programme_id, sport_id, CENTREINTERET_ID, timeframe_id) VALUES (10362, '2018-05-03', 8.645376936816636, 0, 10273, 1, 10000, 31);
INSERT INTO programme(programme_id, date_debut, user_id) VALUES (10274, '2018-04-30', 10045);
INSERT INTO activity(activity_id, date, distance, estrealisee, programme_id, sport_id, CENTREINTERET_ID, timeframe_id) VALUES (10363, '2018-05-04', 7.594302255528454, 0, 10274, 1, 10000, 39);
INSERT INTO activity(activity_id, date, distance, estrealisee, programme_id, sport_id, CENTREINTERET_ID, timeframe_id) VALUES (10364, '2018-04-17', 7.077983814844273, 1, 10045, 1, 10000, 36);
INSERT INTO realisation(realisation_id, date, distance, activity_id, programme_id, CENTREINTERET_ID, timeframe_id) VALUES (10180, '2018-04-17', 4, 10364, 10045, 10000, 36);
INSERT INTO activity(activity_id, date, distance, estrealisee, programme_id, sport_id, CENTREINTERET_ID, timeframe_id) VALUES (10365, '2018-04-18', 10.055864234698618, 1, 10045, 1, 10000, 4);
INSERT INTO realisation(realisation_id, date, distance, activity_id, programme_id, CENTREINTERET_ID, timeframe_id) VALUES (10181, '2018-04-18', 4, 10365, 10045, 10000, 4);
INSERT INTO activity(activity_id, date, distance, estrealisee, programme_id, sport_id, CENTREINTERET_ID, timeframe_id) VALUES (10366, '2018-04-19', 10.037464118657788, 1, 10045, 1, 10000, 0);
INSERT INTO realisation(realisation_id, date, distance, activity_id, programme_id, CENTREINTERET_ID, timeframe_id) VALUES (10182, '2018-04-19', 4, 10366, 10045, 10000, 0);
INSERT INTO activity(activity_id, date, distance, estrealisee, programme_id, sport_id, CENTREINTERET_ID, timeframe_id) VALUES (10367, '2018-04-20', 11.50080722348924, 1, 10045, 1, 10000, 42);
INSERT INTO realisation(realisation_id, date, distance, activity_id, programme_id, CENTREINTERET_ID, timeframe_id) VALUES (10183, '2018-04-20', 4, 10367, 10045, 10000, 42);

INSERT INTO point (ID, x, y) VALUES (50046, 45.77570108081601, 4.881780573599287);
INSERT INTO users (ID, USERNAME, PASSWORD, FIRSTNAME, LASTNAME, EMAIL, ENABLED, LASTPASSWORDRESETDATE, OBJECTIFHEBDO, Location_id) VALUES (10046, "user46", "$2a$08$UkVvwpULis18S19S5pZFn.YHPZt3oaqHZnDwqbCW9pft6uFtkXKDC", "user46", "user46", "user46@user.com", 1, "2003/01/22", 8, 50046);
INSERT INTO user_authority (USER_ID, AUTHORITY_ID) VALUES (10046, 2);
INSERT INTO programme(programme_id, date_debut, user_id) VALUES (10276, '2018-04-23', 10046);
INSERT INTO programme(programme_id, date_debut, user_id) VALUES (10277, '2018-04-30', 10046);
INSERT INTO activity(activity_id, date, distance, estrealisee, programme_id, sport_id, CENTREINTERET_ID, timeframe_id) VALUES (10368, '2018-05-01', 9.188004639277086, 0, 10277, 1, 10000, 14);
INSERT INTO programme(programme_id, date_debut, user_id) VALUES (10278, '2018-04-30', 10046);
INSERT INTO activity(activity_id, date, distance, estrealisee, programme_id, sport_id, CENTREINTERET_ID, timeframe_id) VALUES (10369, '2018-05-02', 8.394821823891448, 0, 10278, 1, 10000, 20);
INSERT INTO programme(programme_id, date_debut, user_id) VALUES (10279, '2018-04-30', 10046);
INSERT INTO activity(activity_id, date, distance, estrealisee, programme_id, sport_id, CENTREINTERET_ID, timeframe_id) VALUES (10370, '2018-05-03', 8.495811325493488, 0, 10279, 1, 10000, 31);
INSERT INTO programme(programme_id, date_debut, user_id) VALUES (10280, '2018-04-30', 10046);
INSERT INTO activity(activity_id, date, distance, estrealisee, programme_id, sport_id, CENTREINTERET_ID, timeframe_id) VALUES (10371, '2018-05-04', 8.761674748254466, 0, 10280, 1, 10000, 39);
INSERT INTO activity(activity_id, date, distance, estrealisee, programme_id, sport_id, CENTREINTERET_ID, timeframe_id) VALUES (10372, '2018-04-17', 7.103436052572401, 1, 10046, 1, 10000, 37);
INSERT INTO realisation(realisation_id, date, distance, activity_id, programme_id, CENTREINTERET_ID, timeframe_id) VALUES (10184, '2018-04-17', 4, 10372, 10046, 10000, 37);
INSERT INTO activity(activity_id, date, distance, estrealisee, programme_id, sport_id, CENTREINTERET_ID, timeframe_id) VALUES (10373, '2018-04-18', 7.282189464086788, 1, 10046, 1, 10000, 35);
INSERT INTO realisation(realisation_id, date, distance, activity_id, programme_id, CENTREINTERET_ID, timeframe_id) VALUES (10185, '2018-04-18', 4, 10373, 10046, 10000, 35);
INSERT INTO activity(activity_id, date, distance, estrealisee, programme_id, sport_id, CENTREINTERET_ID, timeframe_id) VALUES (10374, '2018-04-19', 8.486006522981505, 1, 10046, 1, 10000, 41);
INSERT INTO realisation(realisation_id, date, distance, activity_id, programme_id, CENTREINTERET_ID, timeframe_id) VALUES (10186, '2018-04-19', 4, 10374, 10046, 10000, 41);
INSERT INTO activity(activity_id, date, distance, estrealisee, programme_id, sport_id, CENTREINTERET_ID, timeframe_id) VALUES (10375, '2018-04-20', 10.73669813397753, 1, 10046, 1, 10000, 32);
INSERT INTO realisation(realisation_id, date, distance, activity_id, programme_id, CENTREINTERET_ID, timeframe_id) VALUES (10187, '2018-04-20', 4, 10375, 10046, 10000, 32);

INSERT INTO point (ID, x, y) VALUES (50047, 45.76604791441845, 4.816456308238048);
INSERT INTO users (ID, USERNAME, PASSWORD, FIRSTNAME, LASTNAME, EMAIL, ENABLED, LASTPASSWORDRESETDATE, OBJECTIFHEBDO, Location_id) VALUES (10047, "user47", "$2a$08$UkVvwpULis18S19S5pZFn.YHPZt3oaqHZnDwqbCW9pft6uFtkXKDC", "user47", "user47", "user47@user.com", 1, "2003/01/22", 14, 50047);
INSERT INTO user_authority (USER_ID, AUTHORITY_ID) VALUES (10047, 2);
INSERT INTO programme(programme_id, date_debut, user_id) VALUES (10282, '2018-04-23', 10047);
INSERT INTO programme(programme_id, date_debut, user_id) VALUES (10283, '2018-04-30', 10047);
INSERT INTO activity(activity_id, date, distance, estrealisee, programme_id, sport_id, CENTREINTERET_ID, timeframe_id) VALUES (10376, '2018-05-01', 8.966052633600304, 0, 10283, 1, 10000, 14);
INSERT INTO programme(programme_id, date_debut, user_id) VALUES (10284, '2018-04-30', 10047);
INSERT INTO activity(activity_id, date, distance, estrealisee, programme_id, sport_id, CENTREINTERET_ID, timeframe_id) VALUES (10377, '2018-05-02', 10.460887448139443, 0, 10284, 1, 10000, 20);
INSERT INTO programme(programme_id, date_debut, user_id) VALUES (10285, '2018-04-30', 10047);
INSERT INTO activity(activity_id, date, distance, estrealisee, programme_id, sport_id, CENTREINTERET_ID, timeframe_id) VALUES (10378, '2018-05-03', 9.198233506200351, 0, 10285, 1, 10000, 31);
INSERT INTO programme(programme_id, date_debut, user_id) VALUES (10286, '2018-04-30', 10047);
INSERT INTO activity(activity_id, date, distance, estrealisee, programme_id, sport_id, CENTREINTERET_ID, timeframe_id) VALUES (10379, '2018-05-04', 8.494165840381639, 0, 10286, 1, 10000, 39);
INSERT INTO activity(activity_id, date, distance, estrealisee, programme_id, sport_id, CENTREINTERET_ID, timeframe_id) VALUES (10380, '2018-04-17', 10.807468221741825, 1, 10047, 1, 10000, 51);
INSERT INTO realisation(realisation_id, date, distance, activity_id, programme_id, CENTREINTERET_ID, timeframe_id) VALUES (10188, '2018-04-17', 4, 10380, 10047, 10000, 51);
INSERT INTO activity(activity_id, date, distance, estrealisee, programme_id, sport_id, CENTREINTERET_ID, timeframe_id) VALUES (10381, '2018-04-18', 10.05431592570139, 1, 10047, 1, 10000, 52);
INSERT INTO realisation(realisation_id, date, distance, activity_id, programme_id, CENTREINTERET_ID, timeframe_id) VALUES (10189, '2018-04-18', 4, 10381, 10047, 10000, 52);
INSERT INTO activity(activity_id, date, distance, estrealisee, programme_id, sport_id, CENTREINTERET_ID, timeframe_id) VALUES (10382, '2018-04-19', 11.937824983637418, 1, 10047, 1, 10000, 7);
INSERT INTO realisation(realisation_id, date, distance, activity_id, programme_id, CENTREINTERET_ID, timeframe_id) VALUES (10190, '2018-04-19', 4, 10382, 10047, 10000, 7);
INSERT INTO activity(activity_id, date, distance, estrealisee, programme_id, sport_id, CENTREINTERET_ID, timeframe_id) VALUES (10383, '2018-04-20', 11.659676974946457, 1, 10047, 1, 10000, 10);
INSERT INTO realisation(realisation_id, date, distance, activity_id, programme_id, CENTREINTERET_ID, timeframe_id) VALUES (10191, '2018-04-20', 4, 10383, 10047, 10000, 10);

INSERT INTO point (ID, x, y) VALUES (50048, 45.71761927882345, 4.831589865511127);
INSERT INTO users (ID, USERNAME, PASSWORD, FIRSTNAME, LASTNAME, EMAIL, ENABLED, LASTPASSWORDRESETDATE, OBJECTIFHEBDO, Location_id) VALUES (10048, "user48", "$2a$08$UkVvwpULis18S19S5pZFn.YHPZt3oaqHZnDwqbCW9pft6uFtkXKDC", "user48", "user48", "user48@user.com", 1, "2003/01/22", 8, 50048);
INSERT INTO user_authority (USER_ID, AUTHORITY_ID) VALUES (10048, 2);
INSERT INTO programme(programme_id, date_debut, user_id) VALUES (10288, '2018-04-23', 10048);
INSERT INTO programme(programme_id, date_debut, user_id) VALUES (10289, '2018-04-30', 10048);
INSERT INTO activity(activity_id, date, distance, estrealisee, programme_id, sport_id, CENTREINTERET_ID, timeframe_id) VALUES (10384, '2018-05-01', 10.59827546373673, 0, 10289, 1, 10000, 14);
INSERT INTO programme(programme_id, date_debut, user_id) VALUES (10290, '2018-04-30', 10048);
INSERT INTO activity(activity_id, date, distance, estrealisee, programme_id, sport_id, CENTREINTERET_ID, timeframe_id) VALUES (10385, '2018-05-02', 8.686384792706027, 0, 10290, 1, 10000, 20);
INSERT INTO programme(programme_id, date_debut, user_id) VALUES (10291, '2018-04-30', 10048);
INSERT INTO activity(activity_id, date, distance, estrealisee, programme_id, sport_id, CENTREINTERET_ID, timeframe_id) VALUES (10386, '2018-05-03', 10.026890898734868, 0, 10291, 1, 10000, 31);
INSERT INTO programme(programme_id, date_debut, user_id) VALUES (10292, '2018-04-30', 10048);
INSERT INTO activity(activity_id, date, distance, estrealisee, programme_id, sport_id, CENTREINTERET_ID, timeframe_id) VALUES (10387, '2018-05-04', 8.24011937248071, 0, 10292, 1, 10000, 39);
INSERT INTO activity(activity_id, date, distance, estrealisee, programme_id, sport_id, CENTREINTERET_ID, timeframe_id) VALUES (10388, '2018-04-17', 7.018836463150011, 1, 10048, 1, 10000, 49);
INSERT INTO realisation(realisation_id, date, distance, activity_id, programme_id, CENTREINTERET_ID, timeframe_id) VALUES (10192, '2018-04-17', 4, 10388, 10048, 10000, 49);
INSERT INTO activity(activity_id, date, distance, estrealisee, programme_id, sport_id, CENTREINTERET_ID, timeframe_id) VALUES (10389, '2018-04-18', 7.622504198127027, 1, 10048, 1, 10000, 2);
INSERT INTO realisation(realisation_id, date, distance, activity_id, programme_id, CENTREINTERET_ID, timeframe_id) VALUES (10193, '2018-04-18', 4, 10389, 10048, 10000, 2);
INSERT INTO activity(activity_id, date, distance, estrealisee, programme_id, sport_id, CENTREINTERET_ID, timeframe_id) VALUES (10390, '2018-04-19', 8.597947711037033, 1, 10048, 1, 10000, 7);
INSERT INTO realisation(realisation_id, date, distance, activity_id, programme_id, CENTREINTERET_ID, timeframe_id) VALUES (10194, '2018-04-19', 4, 10390, 10048, 10000, 7);
INSERT INTO activity(activity_id, date, distance, estrealisee, programme_id, sport_id, CENTREINTERET_ID, timeframe_id) VALUES (10391, '2018-04-20', 8.982145684817299, 1, 10048, 1, 10000, 27);
INSERT INTO realisation(realisation_id, date, distance, activity_id, programme_id, CENTREINTERET_ID, timeframe_id) VALUES (10195, '2018-04-20', 4, 10391, 10048, 10000, 27);

INSERT INTO point (ID, x, y) VALUES (50049, 45.76373391024325, 4.856576818167073);
INSERT INTO users (ID, USERNAME, PASSWORD, FIRSTNAME, LASTNAME, EMAIL, ENABLED, LASTPASSWORDRESETDATE, OBJECTIFHEBDO, Location_id) VALUES (10049, "user49", "$2a$08$UkVvwpULis18S19S5pZFn.YHPZt3oaqHZnDwqbCW9pft6uFtkXKDC", "user49", "user49", "user49@user.com", 1, "2003/01/22", 18, 50049);
INSERT INTO user_authority (USER_ID, AUTHORITY_ID) VALUES (10049, 2);
INSERT INTO programme(programme_id, date_debut, user_id) VALUES (10294, '2018-04-23', 10049);
INSERT INTO programme(programme_id, date_debut, user_id) VALUES (10295, '2018-04-30', 10049);
INSERT INTO activity(activity_id, date, distance, estrealisee, programme_id, sport_id, CENTREINTERET_ID, timeframe_id) VALUES (10392, '2018-05-01', 10.813729154295407, 0, 10295, 1, 10000, 14);
INSERT INTO programme(programme_id, date_debut, user_id) VALUES (10296, '2018-04-30', 10049);
INSERT INTO activity(activity_id, date, distance, estrealisee, programme_id, sport_id, CENTREINTERET_ID, timeframe_id) VALUES (10393, '2018-05-02', 9.744315469638822, 0, 10296, 1, 10000, 20);
INSERT INTO programme(programme_id, date_debut, user_id) VALUES (10297, '2018-04-30', 10049);
INSERT INTO activity(activity_id, date, distance, estrealisee, programme_id, sport_id, CENTREINTERET_ID, timeframe_id) VALUES (10394, '2018-05-03', 8.627749823239432, 0, 10297, 1, 10000, 31);
INSERT INTO programme(programme_id, date_debut, user_id) VALUES (10298, '2018-04-30', 10049);
INSERT INTO activity(activity_id, date, distance, estrealisee, programme_id, sport_id, CENTREINTERET_ID, timeframe_id) VALUES (10395, '2018-05-04', 9.521891497174549, 0, 10298, 1, 10000, 39);
INSERT INTO activity(activity_id, date, distance, estrealisee, programme_id, sport_id, CENTREINTERET_ID, timeframe_id) VALUES (10396, '2018-04-17', 7.723293939554484, 1, 10049, 1, 10000, 51);
INSERT INTO realisation(realisation_id, date, distance, activity_id, programme_id, CENTREINTERET_ID, timeframe_id) VALUES (10196, '2018-04-17', 4, 10396, 10049, 10000, 51);
INSERT INTO activity(activity_id, date, distance, estrealisee, programme_id, sport_id, CENTREINTERET_ID, timeframe_id) VALUES (10397, '2018-04-18', 11.306824706617576, 1, 10049, 1, 10000, 35);
INSERT INTO realisation(realisation_id, date, distance, activity_id, programme_id, CENTREINTERET_ID, timeframe_id) VALUES (10197, '2018-04-18', 4, 10397, 10049, 10000, 35);
INSERT INTO activity(activity_id, date, distance, estrealisee, programme_id, sport_id, CENTREINTERET_ID, timeframe_id) VALUES (10398, '2018-04-19', 10.513093648849189, 1, 10049, 1, 10000, 18);
INSERT INTO realisation(realisation_id, date, distance, activity_id, programme_id, CENTREINTERET_ID, timeframe_id) VALUES (10198, '2018-04-19', 4, 10398, 10049, 10000, 18);
INSERT INTO activity(activity_id, date, distance, estrealisee, programme_id, sport_id, CENTREINTERET_ID, timeframe_id) VALUES (10399, '2018-04-20', 10.393649485631673, 1, 10049, 1, 10000, 14);
INSERT INTO realisation(realisation_id, date, distance, activity_id, programme_id, CENTREINTERET_ID, timeframe_id) VALUES (10199, '2018-04-20', 4, 10399, 10049, 10000, 14);
