INSERT INTO users (ID, USERNAME, PASSWORD, FIRSTNAME, LASTNAME, EMAIL, ENABLED, LASTPASSWORDRESETDATE, OBJECTIFHEBDO) VALUES (100, 'admin', '$2a$08$lDnHPz7eUkSi6ao14Twuau08mzhWrL4kyZGGU5xfiGALO/Vxd5DOi', 'admin', 'admin', 'admin@admin.com', 1, '2003/01/22', -1);
INSERT INTO users (ID, USERNAME, PASSWORD, FIRSTNAME, LASTNAME, EMAIL, ENABLED, LASTPASSWORDRESETDATE, OBJECTIFHEBDO) VALUES (200, 'user', '$2a$08$UkVvwpULis18S19S5pZFn.YHPZt3oaqHZnDwqbCW9pft6uFtkXKDC', 'user', 'user', 'enabled@user.com', 1, '2003/01/22', -1);
INSERT INTO users (ID, USERNAME, PASSWORD, FIRSTNAME, LASTNAME, EMAIL, ENABLED, LASTPASSWORDRESETDATE, OBJECTIFHEBDO) VALUES (300, 'disabled', '$2a$08$UkVvwpULis18S19S5pZFn.YHPZt3oaqHZnDwqbCW9pft6uFtkXKDC', 'user', 'user', 'disabled@user.com', 0, '2003/01/22', -1);

INSERT INTO authority (ID, NAME) VALUES (1, 'ROLE_USER');
INSERT INTO authority (ID, NAME) VALUES (2, 'ROLE_ADMIN');

INSERT INTO user_authority (USER_ID, AUTHORITY_ID) VALUES (100, 1);
INSERT INTO user_authority (USER_ID, AUTHORITY_ID) VALUES (100, 2);
INSERT INTO user_authority (USER_ID, AUTHORITY_ID) VALUES (200, 1);
INSERT INTO user_authority (USER_ID, AUTHORITY_ID) VALUES (300, 1);

INSERT INTO timeframe (ID, HEUREDEBUT, HEUREFIN, NOMJOUR, EVALUATION) VALUES (1, 0, 3, 'LUNDI', -1);
INSERT INTO timeframe (ID, HEUREDEBUT, HEUREFIN, NOMJOUR, EVALUATION) VALUES (2, 3, 6, 'LUNDI', -1);
INSERT INTO timeframe (ID, HEUREDEBUT, HEUREFIN, NOMJOUR, EVALUATION) VALUES (3, 6, 9, 'LUNDI', -1);
INSERT INTO timeframe (ID, HEUREDEBUT, HEUREFIN, NOMJOUR, EVALUATION) VALUES (4, 9, 12, 'LUNDI', -1);
INSERT INTO timeframe (ID, HEUREDEBUT, HEUREFIN, NOMJOUR, EVALUATION) VALUES (5, 12, 15, 'LUNDI', -1);
INSERT INTO timeframe (ID, HEUREDEBUT, HEUREFIN, NOMJOUR, EVALUATION) VALUES (6, 15, 18, 'LUNDI', -1);
INSERT INTO timeframe (ID, HEUREDEBUT, HEUREFIN, NOMJOUR, EVALUATION) VALUES (7, 18, 21, 'LUNDI', -1);
INSERT INTO timeframe (ID, HEUREDEBUT, HEUREFIN, NOMJOUR, EVALUATION) VALUES (8, 21, 24, 'LUNDI', -1);
INSERT INTO timeframe (ID, HEUREDEBUT, HEUREFIN, NOMJOUR, EVALUATION) VALUES (9, 0, 3, 'MARDI', -1);
INSERT INTO timeframe (ID, HEUREDEBUT, HEUREFIN, NOMJOUR, EVALUATION) VALUES (10, 3, 6, 'MARDI', -1);
INSERT INTO timeframe (ID, HEUREDEBUT, HEUREFIN, NOMJOUR, EVALUATION) VALUES (11, 6, 9, 'MARDI', -1);
INSERT INTO timeframe (ID, HEUREDEBUT, HEUREFIN, NOMJOUR, EVALUATION) VALUES (12, 9, 12, 'MARDI', -1);
INSERT INTO timeframe (ID, HEUREDEBUT, HEUREFIN, NOMJOUR, EVALUATION) VALUES (13, 12, 15, 'MARDI', -1);
INSERT INTO timeframe (ID, HEUREDEBUT, HEUREFIN, NOMJOUR, EVALUATION) VALUES (14, 15, 18, 'MARDI', -1);
INSERT INTO timeframe (ID, HEUREDEBUT, HEUREFIN, NOMJOUR, EVALUATION) VALUES (15, 18, 21, 'MARDI', -1);
INSERT INTO timeframe (ID, HEUREDEBUT, HEUREFIN, NOMJOUR, EVALUATION) VALUES (16, 21, 24, 'MARDI', -1);
INSERT INTO timeframe (ID, HEUREDEBUT, HEUREFIN, NOMJOUR, EVALUATION) VALUES (17, 0, 3, 'MERCREDI', -1);
INSERT INTO timeframe (ID, HEUREDEBUT, HEUREFIN, NOMJOUR, EVALUATION) VALUES (18, 3, 6, 'MERCREDI', -1);
INSERT INTO timeframe (ID, HEUREDEBUT, HEUREFIN, NOMJOUR, EVALUATION) VALUES (19, 6, 9, 'MERCREDI', -1);
INSERT INTO timeframe (ID, HEUREDEBUT, HEUREFIN, NOMJOUR, EVALUATION) VALUES (20, 9, 12, 'MERCREDI', -1);
INSERT INTO timeframe (ID, HEUREDEBUT, HEUREFIN, NOMJOUR, EVALUATION) VALUES (21, 12, 15, 'MERCREDI', -1);
INSERT INTO timeframe (ID, HEUREDEBUT, HEUREFIN, NOMJOUR, EVALUATION) VALUES (22, 15, 18, 'MERCREDI', -1);
INSERT INTO timeframe (ID, HEUREDEBUT, HEUREFIN, NOMJOUR, EVALUATION) VALUES (23, 18, 21, 'MERCREDI', -1);
INSERT INTO timeframe (ID, HEUREDEBUT, HEUREFIN, NOMJOUR, EVALUATION) VALUES (24, 21, 24, 'MERCREDI', -1);
INSERT INTO timeframe (ID, HEUREDEBUT, HEUREFIN, NOMJOUR, EVALUATION) VALUES (25, 0, 3, 'JEUDI', -1);
INSERT INTO timeframe (ID, HEUREDEBUT, HEUREFIN, NOMJOUR, EVALUATION) VALUES (26, 3, 6, 'JEUDI', -1);
INSERT INTO timeframe (ID, HEUREDEBUT, HEUREFIN, NOMJOUR, EVALUATION) VALUES (27, 6, 9, 'JEUDI', -1);
INSERT INTO timeframe (ID, HEUREDEBUT, HEUREFIN, NOMJOUR, EVALUATION) VALUES (28, 9, 12, 'JEUDI', -1);
INSERT INTO timeframe (ID, HEUREDEBUT, HEUREFIN, NOMJOUR, EVALUATION) VALUES (29, 12, 15, 'JEUDI', -1);
INSERT INTO timeframe (ID, HEUREDEBUT, HEUREFIN, NOMJOUR, EVALUATION) VALUES (30, 15, 18, 'JEUDI', -1);
INSERT INTO timeframe (ID, HEUREDEBUT, HEUREFIN, NOMJOUR, EVALUATION) VALUES (31, 18, 21, 'JEUDI', -1);
INSERT INTO timeframe (ID, HEUREDEBUT, HEUREFIN, NOMJOUR, EVALUATION) VALUES (32, 21, 24, 'JEUDI', -1);
INSERT INTO timeframe (ID, HEUREDEBUT, HEUREFIN, NOMJOUR, EVALUATION) VALUES (33, 0, 3, 'VENDREDI', -1);
INSERT INTO timeframe (ID, HEUREDEBUT, HEUREFIN, NOMJOUR, EVALUATION) VALUES (34, 3, 6, 'VENDREDI', -1);
INSERT INTO timeframe (ID, HEUREDEBUT, HEUREFIN, NOMJOUR, EVALUATION) VALUES (35, 6, 9, 'VENDREDI', -1);
INSERT INTO timeframe (ID, HEUREDEBUT, HEUREFIN, NOMJOUR, EVALUATION) VALUES (36, 9, 12, 'VENDREDI', -1);
INSERT INTO timeframe (ID, HEUREDEBUT, HEUREFIN, NOMJOUR, EVALUATION) VALUES (37, 12, 15, 'VENDREDI', -1);
INSERT INTO timeframe (ID, HEUREDEBUT, HEUREFIN, NOMJOUR, EVALUATION) VALUES (38, 15, 18, 'VENDREDI', -1);
INSERT INTO timeframe (ID, HEUREDEBUT, HEUREFIN, NOMJOUR, EVALUATION) VALUES (39, 18, 21, 'VENDREDI', -1);
INSERT INTO timeframe (ID, HEUREDEBUT, HEUREFIN, NOMJOUR, EVALUATION) VALUES (40, 21, 24, 'VENDREDI', -1);
INSERT INTO timeframe (ID, HEUREDEBUT, HEUREFIN, NOMJOUR, EVALUATION) VALUES (41, 0, 3, 'SAMEDI', -1);
INSERT INTO timeframe (ID, HEUREDEBUT, HEUREFIN, NOMJOUR, EVALUATION) VALUES (42, 3, 6, 'SAMEDI', -1);
INSERT INTO timeframe (ID, HEUREDEBUT, HEUREFIN, NOMJOUR, EVALUATION) VALUES (43, 6, 9, 'SAMEDI', -1);
INSERT INTO timeframe (ID, HEUREDEBUT, HEUREFIN, NOMJOUR, EVALUATION) VALUES (44, 9, 12, 'SAMEDI', -1);
INSERT INTO timeframe (ID, HEUREDEBUT, HEUREFIN, NOMJOUR, EVALUATION) VALUES (45, 12, 15, 'SAMEDI', -1);
INSERT INTO timeframe (ID, HEUREDEBUT, HEUREFIN, NOMJOUR, EVALUATION) VALUES (46, 15, 18, 'SAMEDI', -1);
INSERT INTO timeframe (ID, HEUREDEBUT, HEUREFIN, NOMJOUR, EVALUATION) VALUES (47, 18, 21, 'SAMEDI', -1);
INSERT INTO timeframe (ID, HEUREDEBUT, HEUREFIN, NOMJOUR, EVALUATION) VALUES (48, 21, 24, 'SAMEDI', -1);
INSERT INTO timeframe (ID, HEUREDEBUT, HEUREFIN, NOMJOUR, EVALUATION) VALUES (49, 0, 3, 'DIMANCHE', -1);
INSERT INTO timeframe (ID, HEUREDEBUT, HEUREFIN, NOMJOUR, EVALUATION) VALUES (50, 3, 6, 'DIMANCHE', -1);
INSERT INTO timeframe (ID, HEUREDEBUT, HEUREFIN, NOMJOUR, EVALUATION) VALUES (51, 6, 9, 'DIMANCHE', -1);
INSERT INTO timeframe (ID, HEUREDEBUT, HEUREFIN, NOMJOUR, EVALUATION) VALUES (52, 9, 12, 'DIMANCHE', -1);
INSERT INTO timeframe (ID, HEUREDEBUT, HEUREFIN, NOMJOUR, EVALUATION) VALUES (53, 12, 15, 'DIMANCHE', -1);
INSERT INTO timeframe (ID, HEUREDEBUT, HEUREFIN, NOMJOUR, EVALUATION) VALUES (54, 15, 18, 'DIMANCHE', -1);
INSERT INTO timeframe (ID, HEUREDEBUT, HEUREFIN, NOMJOUR, EVALUATION) VALUES (55, 18, 21, 'DIMANCHE', -1);
INSERT INTO timeframe (ID, HEUREDEBUT, HEUREFIN, NOMJOUR, EVALUATION) VALUES (56, 21, 24, 'DIMANCHE', -1);

INSERT INTO sport(SPORT_ID, NOM, KMH, KCALH) VALUES (1, 'Course', 12, 880);
INSERT INTO sport(SPORT_ID, NOM, KMH, KCALH) VALUES (2, 'Marche', 4, 245);
INSERT INTO sport(SPORT_ID, NOM, KMH, KCALH) VALUES (3, 'Cyclisme', 20, 690);

INSERT INTO programme(programme_id, date_debut, user_id) VALUES (100, '2018-04-16', 200);
INSERT INTO programme(programme_id, date_debut, user_id) VALUES (200, '2018-04-23', 200);
INSERT INTO programme(programme_id, date_debut, user_id) VALUES (300, '2018-04-09', 200);
INSERT INTO programme(programme_id, date_debut, user_id) VALUES (400, '2018-04-02', 200);
INSERT INTO programme(programme_id, date_debut, user_id) VALUES (500, '2018-04-16', 100);
INSERT INTO programme(programme_id, date_debut, user_id) VALUES (600, '2018-04-23', 100);

INSERT INTO activity(activity_id, date, distance, estrealisee, programme_id, sport_id, centreinteret_id, timeframe_id) VALUES (100, '2018-04-29', 6, 0, 200, 1, 10000, 51);
INSERT INTO activity(activity_id, date, distance, estrealisee, programme_id, sport_id, centreinteret_id, timeframe_id) VALUES (300, '2018-04-27', 8, 0, 200, 2, 10000, 35);
INSERT INTO activity(activity_id, date, distance, estrealisee, programme_id, sport_id, centreinteret_id, timeframe_id) VALUES (200, '2018-04-28', 10, 1, 200, 1, 10000, 44);
INSERT INTO activity(activity_id, date, distance, estrealisee, programme_id, sport_id, centreinteret_id, timeframe_id) VALUES (400, '2018-04-29', 10, 0, 200, 1, 10000, 55);
INSERT INTO activity(activity_id, date, distance, estrealisee, programme_id, sport_id, centreinteret_id, timeframe_id) VALUES (500, '2018-04-25', 12, 0, 200, 2, 10000, 23);
INSERT INTO activity(activity_id, date, distance, estrealisee, programme_id, sport_id, centreinteret_id, timeframe_id) VALUES (600, '2018-04-28', 5, 1, 200, 1, 10000, 47);

INSERT INTO realisation(realisation_id, date, distance, activity_id, programme_id, centreinteret_id) VALUES (100, '2018-04-23', 11, 200, 200, 10000);


INSERT INTO point (ID, x, y) VALUES (10000, 45.77846429629631, 4.852797629629627);
INSERT INTO centreinteret (ID, NAME, POINT_ID) VALUES (10000, "Parc de la Tête d'Or", 10000);
INSERT INTO point (ID, x, y) VALUES (10001, 45.77868958333333, 4.853984940476191);
INSERT INTO centreinteret (ID, NAME, POINT_ID) VALUES (10001, "Tour Parc de la Tête d'Or", 10001);
INSERT INTO point (ID, x, y) VALUES (10002, 45.76518764705882, 4.823596470588235);
INSERT INTO centreinteret (ID, NAME, POINT_ID) VALUES (10002, "Escaliers Nicolas de Lange", 10002);
INSERT INTO point (ID, x, y) VALUES (10003, 45.77069710144926, 4.841091594202898);
INSERT INTO centreinteret (ID, NAME, POINT_ID) VALUES (10003, "Pt Lafayette-Tete or par les quais", 10003);
INSERT INTO point (ID, x, y) VALUES (10004, 45.72979947368422, 4.812275789473685);
INSERT INTO centreinteret (ID, NAME, POINT_ID) VALUES (10004, "descente escalier mulatiere", 10004);
INSERT INTO point (ID, x, y) VALUES (10005, 45.739675, 4.8260112903225805);
INSERT INTO centreinteret (ID, NAME, POINT_ID) VALUES (10005, "Pont a pont", 10005);
INSERT INTO point (ID, x, y) VALUES (10006, 45.74327516129033, 4.829121612903227);
INSERT INTO centreinteret (ID, NAME, POINT_ID) VALUES (10006, "Gwen2kA", 10006);
INSERT INTO point (ID, x, y) VALUES (10007, 45.704891739130424, 4.755103478260869);
INSERT INTO centreinteret (ID, NAME, POINT_ID) VALUES (10007, "Rue Favre Garin Climb", 10007);
INSERT INTO point (ID, x, y) VALUES (10008, 45.789565, 4.754929117647059);
INSERT INTO centreinteret (ID, NAME, POINT_ID) VALUES (10008, "Chemin Du Petit Bois Climb", 10008);
INSERT INTO point (ID, x, y) VALUES (10009, 45.71834150000001, 4.8964025);
INSERT INTO centreinteret (ID, NAME, POINT_ID) VALUES (10009, "Tour de Piste_1 Parilly", 10009);
INSERT INTO point (ID, x, y) VALUES (10010, 45.772916756756764, 4.815414864864865);
INSERT INTO centreinteret (ID, NAME, POINT_ID) VALUES (10010, "Montée des Esses", 10010);
INSERT INTO point (ID, x, y) VALUES (10011, 45.79343764044942, 4.912938314606743);
INSERT INTO centreinteret (ID, NAME, POINT_ID) VALUES (10011, "Piste cyclable vers Miribel-Jonage", 10011);
INSERT INTO point (ID, x, y) VALUES (10012, 45.798205454545446, 4.841378909090911);
INSERT INTO centreinteret (ID, NAME, POINT_ID) VALUES (10012, "Montée Castellane", 10012);
INSERT INTO point (ID, x, y) VALUES (10013, 45.76642445544555, 4.840650792079208);
INSERT INTO centreinteret (ID, NAME, POINT_ID) VALUES (10013, "Berge du Rhône (pont Wilson > Lattre)", 10013);
INSERT INTO point (ID, x, y) VALUES (10014, 45.793744285714304, 4.912491071428572);
INSERT INTO centreinteret (ID, NAME, POINT_ID) VALUES (10014, "voie cyclable vers Parc M. Jonage", 10014);
INSERT INTO point (ID, x, y) VALUES (10015, 45.723371875, 4.76817484375);
INSERT INTO centreinteret (ID, NAME, POINT_ID) VALUES (10015, "Route des Aqueducs", 10015);
INSERT INTO point (ID, x, y) VALUES (10016, 45.751369999999994, 4.763712727272727);
INSERT INTO centreinteret (ID, NAME, POINT_ID) VALUES (10016, "Côte d'Alaï", 10016);
INSERT INTO point (ID, x, y) VALUES (10017, 45.742725555555566, 4.813963703703704);
INSERT INTO centreinteret (ID, NAME, POINT_ID) VALUES (10017, "Quai JJ Rousseau", 10017);

INSERT INTO point (ID, x, y) VALUES (50000, 45.733921279170595, 4.822044604356419);
INSERT INTO users (ID, USERNAME, PASSWORD, FIRSTNAME, LASTNAME, EMAIL, ENABLED, LASTPASSWORDRESETDATE, OBJECTIFHEBDO, Location_id) VALUES (10000, "user0", "$2a$08$UkVvwpULis18S19S5pZFn.YHPZt3oaqHZnDwqbCW9pft6uFtkXKDC", "user0", "user0", "user0@user.com", 1, "2003/01/22", 14, 50000);
INSERT INTO user_authority (USER_ID, AUTHORITY_ID) VALUES (10000, 2);
INSERT INTO programme(programme_id, date_debut, user_id) VALUES (10000, '2018-04-23', 10000);
INSERT INTO activity(activity_id, date, distance, estrealisee, programme_id, sport_id, CENTREINTERET_ID, timeframe_id) VALUES (10000, '2018-05-01', 9.923276604996282, 0, 10000, 1, 10000, 14);
INSERT INTO activity(activity_id, date, distance, estrealisee, programme_id, sport_id, CENTREINTERET_ID, timeframe_id) VALUES (10001, '2018-05-02', 9.385371661400928, 0, 10000, 1, 10000, 20);
INSERT INTO activity(activity_id, date, distance, estrealisee, programme_id, sport_id, CENTREINTERET_ID, timeframe_id) VALUES (10002, '2018-05-03', 10.434551008329862, 0, 10000, 1, 10000, 31);
INSERT INTO activity(activity_id, date, distance, estrealisee, programme_id, sport_id, CENTREINTERET_ID, timeframe_id) VALUES (10003, '2018-05-04', 7.346275448177176, 0, 10000, 1, 10000, 39);
INSERT INTO activity(activity_id, date, distance, estrealisee, programme_id, sport_id, CENTREINTERET_ID, timeframe_id) VALUES (10004, '2018-04-17', 7.58720147619939, 1, 10000, 1, 10000, 32);
INSERT INTO realisation(realisation_id, date, distance, activity_id, programme_id, CENTREINTERET_ID, timeframe_id) VALUES (10000, '2018-04-17', 4, 10004, 10000, 10000, 32);
INSERT INTO activity(activity_id, date, distance, estrealisee, programme_id, sport_id, CENTREINTERET_ID, timeframe_id) VALUES (10005, '2018-04-18', 10.941442692417258, 1, 10000, 1, 10000, 4);
INSERT INTO realisation(realisation_id, date, distance, activity_id, programme_id, CENTREINTERET_ID, timeframe_id) VALUES (10001, '2018-04-18', 4, 10005, 10000, 10000, 4);
INSERT INTO activity(activity_id, date, distance, estrealisee, programme_id, sport_id, CENTREINTERET_ID, timeframe_id) VALUES (10006, '2018-04-19', 7.2428846102194075, 1, 10000, 1, 10000, 9);
INSERT INTO realisation(realisation_id, date, distance, activity_id, programme_id, CENTREINTERET_ID, timeframe_id) VALUES (10002, '2018-04-19', 4, 10006, 10000, 10000, 9);
INSERT INTO activity(activity_id, date, distance, estrealisee, programme_id, sport_id, CENTREINTERET_ID, timeframe_id) VALUES (10007, '2018-04-20', 10.794557978971863, 1, 10000, 1, 10000, 35);
INSERT INTO realisation(realisation_id, date, distance, activity_id, programme_id, CENTREINTERET_ID, timeframe_id) VALUES (10003, '2018-04-20', 4, 10007, 10000, 10000, 35);

INSERT INTO point (ID, x, y) VALUES (50001, 45.79564697033666, 4.880685661488603);
INSERT INTO users (ID, USERNAME, PASSWORD, FIRSTNAME, LASTNAME, EMAIL, ENABLED, LASTPASSWORDRESETDATE, OBJECTIFHEBDO, Location_id) VALUES (10001, "user1", "$2a$08$UkVvwpULis18S19S5pZFn.YHPZt3oaqHZnDwqbCW9pft6uFtkXKDC", "user1", "user1", "user1@user.com", 1, "2003/01/22", 20, 50001);
INSERT INTO user_authority (USER_ID, AUTHORITY_ID) VALUES (10001, 2);
INSERT INTO programme(programme_id, date_debut, user_id) VALUES (10001, '2018-04-23', 10001);
INSERT INTO activity(activity_id, date, distance, estrealisee, programme_id, sport_id, CENTREINTERET_ID, timeframe_id) VALUES (10008, '2018-05-01', 7.435504775588253, 0, 10001, 1, 10000, 14);
INSERT INTO activity(activity_id, date, distance, estrealisee, programme_id, sport_id, CENTREINTERET_ID, timeframe_id) VALUES (10009, '2018-05-02', 9.688414446784444, 0, 10001, 1, 10000, 20);
INSERT INTO activity(activity_id, date, distance, estrealisee, programme_id, sport_id, CENTREINTERET_ID, timeframe_id) VALUES (10010, '2018-05-03', 11.084342934790865, 0, 10001, 1, 10000, 31);
INSERT INTO activity(activity_id, date, distance, estrealisee, programme_id, sport_id, CENTREINTERET_ID, timeframe_id) VALUES (10011, '2018-05-04', 8.364162325672508, 0, 10001, 1, 10000, 39);
INSERT INTO activity(activity_id, date, distance, estrealisee, programme_id, sport_id, CENTREINTERET_ID, timeframe_id) VALUES (10012, '2018-04-17', 8.8450960136821, 1, 10001, 1, 10000, 16);
INSERT INTO realisation(realisation_id, date, distance, activity_id, programme_id, CENTREINTERET_ID, timeframe_id) VALUES (10004, '2018-04-17', 4, 10012, 10001, 10000, 16);
INSERT INTO activity(activity_id, date, distance, estrealisee, programme_id, sport_id, CENTREINTERET_ID, timeframe_id) VALUES (10013, '2018-04-18', 10.338410710544958, 1, 10001, 1, 10000, 49);
INSERT INTO realisation(realisation_id, date, distance, activity_id, programme_id, CENTREINTERET_ID, timeframe_id) VALUES (10005, '2018-04-18', 4, 10013, 10001, 10000, 49);
INSERT INTO activity(activity_id, date, distance, estrealisee, programme_id, sport_id, CENTREINTERET_ID, timeframe_id) VALUES (10014, '2018-04-19', 10.265489531532696, 1, 10001, 1, 10000, 23);
INSERT INTO realisation(realisation_id, date, distance, activity_id, programme_id, CENTREINTERET_ID, timeframe_id) VALUES (10006, '2018-04-19', 4, 10014, 10001, 10000, 23);
INSERT INTO activity(activity_id, date, distance, estrealisee, programme_id, sport_id, CENTREINTERET_ID, timeframe_id) VALUES (10015, '2018-04-20', 8.7958255040884, 1, 10001, 1, 10000, 32);
INSERT INTO realisation(realisation_id, date, distance, activity_id, programme_id, CENTREINTERET_ID, timeframe_id) VALUES (10007, '2018-04-20', 4, 10015, 10001, 10000, 32);

INSERT INTO point (ID, x, y) VALUES (50002, 45.75301639761744, 4.822364472559887);
INSERT INTO users (ID, USERNAME, PASSWORD, FIRSTNAME, LASTNAME, EMAIL, ENABLED, LASTPASSWORDRESETDATE, OBJECTIFHEBDO, Location_id) VALUES (10002, "user2", "$2a$08$UkVvwpULis18S19S5pZFn.YHPZt3oaqHZnDwqbCW9pft6uFtkXKDC", "user2", "user2", "user2@user.com", 1, "2003/01/22", 6, 50002);
INSERT INTO user_authority (USER_ID, AUTHORITY_ID) VALUES (10002, 2);
INSERT INTO programme(programme_id, date_debut, user_id) VALUES (10002, '2018-04-23', 10002);
INSERT INTO activity(activity_id, date, distance, estrealisee, programme_id, sport_id, CENTREINTERET_ID, timeframe_id) VALUES (10016, '2018-05-01', 8.37508640004267, 0, 10002, 1, 10000, 14);
INSERT INTO activity(activity_id, date, distance, estrealisee, programme_id, sport_id, CENTREINTERET_ID, timeframe_id) VALUES (10017, '2018-05-02', 9.155628731464484, 0, 10002, 1, 10000, 20);
INSERT INTO activity(activity_id, date, distance, estrealisee, programme_id, sport_id, CENTREINTERET_ID, timeframe_id) VALUES (10018, '2018-05-03', 7.700020895562887, 0, 10002, 1, 10000, 31);
INSERT INTO activity(activity_id, date, distance, estrealisee, programme_id, sport_id, CENTREINTERET_ID, timeframe_id) VALUES (10019, '2018-05-04', 7.640710077221599, 0, 10002, 1, 10000, 39);
INSERT INTO activity(activity_id, date, distance, estrealisee, programme_id, sport_id, CENTREINTERET_ID, timeframe_id) VALUES (10020, '2018-04-17', 10.982667826506294, 1, 10002, 1, 10000, 0);
INSERT INTO realisation(realisation_id, date, distance, activity_id, programme_id, CENTREINTERET_ID, timeframe_id) VALUES (10008, '2018-04-17', 4, 10020, 10002, 10000, 0);
INSERT INTO activity(activity_id, date, distance, estrealisee, programme_id, sport_id, CENTREINTERET_ID, timeframe_id) VALUES (10021, '2018-04-18', 7.87069513313224, 1, 10002, 1, 10000, 44);
INSERT INTO realisation(realisation_id, date, distance, activity_id, programme_id, CENTREINTERET_ID, timeframe_id) VALUES (10009, '2018-04-18', 4, 10021, 10002, 10000, 44);
INSERT INTO activity(activity_id, date, distance, estrealisee, programme_id, sport_id, CENTREINTERET_ID, timeframe_id) VALUES (10022, '2018-04-19', 8.930901486079545, 1, 10002, 1, 10000, 34);
INSERT INTO realisation(realisation_id, date, distance, activity_id, programme_id, CENTREINTERET_ID, timeframe_id) VALUES (10010, '2018-04-19', 4, 10022, 10002, 10000, 34);
INSERT INTO activity(activity_id, date, distance, estrealisee, programme_id, sport_id, CENTREINTERET_ID, timeframe_id) VALUES (10023, '2018-04-20', 9.43020132265196, 1, 10002, 1, 10000, 28);
INSERT INTO realisation(realisation_id, date, distance, activity_id, programme_id, CENTREINTERET_ID, timeframe_id) VALUES (10011, '2018-04-20', 4, 10023, 10002, 10000, 28);

INSERT INTO point (ID, x, y) VALUES (50003, 45.77294040900965, 4.836654213843235);
INSERT INTO users (ID, USERNAME, PASSWORD, FIRSTNAME, LASTNAME, EMAIL, ENABLED, LASTPASSWORDRESETDATE, OBJECTIFHEBDO, Location_id) VALUES (10003, "user3", "$2a$08$UkVvwpULis18S19S5pZFn.YHPZt3oaqHZnDwqbCW9pft6uFtkXKDC", "user3", "user3", "user3@user.com", 1, "2003/01/22", 14, 50003);
INSERT INTO user_authority (USER_ID, AUTHORITY_ID) VALUES (10003, 2);
INSERT INTO programme(programme_id, date_debut, user_id) VALUES (10003, '2018-04-23', 10003);
INSERT INTO activity(activity_id, date, distance, estrealisee, programme_id, sport_id, CENTREINTERET_ID, timeframe_id) VALUES (10024, '2018-05-01', 8.320757109309998, 0, 10003, 1, 10000, 14);
INSERT INTO activity(activity_id, date, distance, estrealisee, programme_id, sport_id, CENTREINTERET_ID, timeframe_id) VALUES (10025, '2018-05-02', 9.2804382482468, 0, 10003, 1, 10000, 20);
INSERT INTO activity(activity_id, date, distance, estrealisee, programme_id, sport_id, CENTREINTERET_ID, timeframe_id) VALUES (10026, '2018-05-03', 7.61639888932416, 0, 10003, 1, 10000, 31);
INSERT INTO activity(activity_id, date, distance, estrealisee, programme_id, sport_id, CENTREINTERET_ID, timeframe_id) VALUES (10027, '2018-05-04', 7.505365150695681, 0, 10003, 1, 10000, 39);
INSERT INTO activity(activity_id, date, distance, estrealisee, programme_id, sport_id, CENTREINTERET_ID, timeframe_id) VALUES (10028, '2018-04-17', 11.869494063390924, 1, 10003, 1, 10000, 23);
INSERT INTO realisation(realisation_id, date, distance, activity_id, programme_id, CENTREINTERET_ID, timeframe_id) VALUES (10012, '2018-04-17', 4, 10028, 10003, 10000, 23);
INSERT INTO activity(activity_id, date, distance, estrealisee, programme_id, sport_id, CENTREINTERET_ID, timeframe_id) VALUES (10029, '2018-04-18', 9.354277403113421, 1, 10003, 1, 10000, 19);
INSERT INTO realisation(realisation_id, date, distance, activity_id, programme_id, CENTREINTERET_ID, timeframe_id) VALUES (10013, '2018-04-18', 4, 10029, 10003, 10000, 19);
INSERT INTO activity(activity_id, date, distance, estrealisee, programme_id, sport_id, CENTREINTERET_ID, timeframe_id) VALUES (10030, '2018-04-19', 8.775036146882794, 1, 10003, 1, 10000, 40);
INSERT INTO realisation(realisation_id, date, distance, activity_id, programme_id, CENTREINTERET_ID, timeframe_id) VALUES (10014, '2018-04-19', 4, 10030, 10003, 10000, 40);
INSERT INTO activity(activity_id, date, distance, estrealisee, programme_id, sport_id, CENTREINTERET_ID, timeframe_id) VALUES (10031, '2018-04-20', 7.445946306354274, 1, 10003, 1, 10000, 10);
INSERT INTO realisation(realisation_id, date, distance, activity_id, programme_id, CENTREINTERET_ID, timeframe_id) VALUES (10015, '2018-04-20', 4, 10031, 10003, 10000, 10);

INSERT INTO point (ID, x, y) VALUES (50004, 45.75682388464588, 4.848700231055284);
INSERT INTO users (ID, USERNAME, PASSWORD, FIRSTNAME, LASTNAME, EMAIL, ENABLED, LASTPASSWORDRESETDATE, OBJECTIFHEBDO, Location_id) VALUES (10004, "user4", "$2a$08$UkVvwpULis18S19S5pZFn.YHPZt3oaqHZnDwqbCW9pft6uFtkXKDC", "user4", "user4", "user4@user.com", 1, "2003/01/22", 15, 50004);
INSERT INTO user_authority (USER_ID, AUTHORITY_ID) VALUES (10004, 2);
INSERT INTO programme(programme_id, date_debut, user_id) VALUES (10004, '2018-04-23', 10004);
INSERT INTO activity(activity_id, date, distance, estrealisee, programme_id, sport_id, CENTREINTERET_ID, timeframe_id) VALUES (10032, '2018-05-01', 9.283869738553793, 0, 10004, 1, 10000, 14);
INSERT INTO activity(activity_id, date, distance, estrealisee, programme_id, sport_id, CENTREINTERET_ID, timeframe_id) VALUES (10033, '2018-05-02', 11.603171845940608, 0, 10004, 1, 10000, 20);
INSERT INTO activity(activity_id, date, distance, estrealisee, programme_id, sport_id, CENTREINTERET_ID, timeframe_id) VALUES (10034, '2018-05-03', 9.579651162904499, 0, 10004, 1, 10000, 31);
INSERT INTO activity(activity_id, date, distance, estrealisee, programme_id, sport_id, CENTREINTERET_ID, timeframe_id) VALUES (10035, '2018-05-04', 9.538451754256997, 0, 10004, 1, 10000, 39);
INSERT INTO activity(activity_id, date, distance, estrealisee, programme_id, sport_id, CENTREINTERET_ID, timeframe_id) VALUES (10036, '2018-04-17', 11.763872922816443, 1, 10004, 1, 10000, 33);
INSERT INTO realisation(realisation_id, date, distance, activity_id, programme_id, CENTREINTERET_ID, timeframe_id) VALUES (10016, '2018-04-17', 4, 10036, 10004, 10000, 33);
INSERT INTO activity(activity_id, date, distance, estrealisee, programme_id, sport_id, CENTREINTERET_ID, timeframe_id) VALUES (10037, '2018-04-18', 9.571322837715972, 1, 10004, 1, 10000, 17);
INSERT INTO realisation(realisation_id, date, distance, activity_id, programme_id, CENTREINTERET_ID, timeframe_id) VALUES (10017, '2018-04-18', 4, 10037, 10004, 10000, 17);
INSERT INTO activity(activity_id, date, distance, estrealisee, programme_id, sport_id, CENTREINTERET_ID, timeframe_id) VALUES (10038, '2018-04-19', 7.058284535718467, 1, 10004, 1, 10000, 6);
INSERT INTO realisation(realisation_id, date, distance, activity_id, programme_id, CENTREINTERET_ID, timeframe_id) VALUES (10018, '2018-04-19', 4, 10038, 10004, 10000, 6);
INSERT INTO activity(activity_id, date, distance, estrealisee, programme_id, sport_id, CENTREINTERET_ID, timeframe_id) VALUES (10039, '2018-04-20', 7.717599357120999, 1, 10004, 1, 10000, 10);
INSERT INTO realisation(realisation_id, date, distance, activity_id, programme_id, CENTREINTERET_ID, timeframe_id) VALUES (10019, '2018-04-20', 4, 10039, 10004, 10000, 10);

INSERT INTO point (ID, x, y) VALUES (50005, 45.78537812833118, 4.889452527331723);
INSERT INTO users (ID, USERNAME, PASSWORD, FIRSTNAME, LASTNAME, EMAIL, ENABLED, LASTPASSWORDRESETDATE, OBJECTIFHEBDO, Location_id) VALUES (10005, "user5", "$2a$08$UkVvwpULis18S19S5pZFn.YHPZt3oaqHZnDwqbCW9pft6uFtkXKDC", "user5", "user5", "user5@user.com", 1, "2003/01/22", 16, 50005);
INSERT INTO user_authority (USER_ID, AUTHORITY_ID) VALUES (10005, 2);
INSERT INTO programme(programme_id, date_debut, user_id) VALUES (10005, '2018-04-23', 10005);
INSERT INTO activity(activity_id, date, distance, estrealisee, programme_id, sport_id, CENTREINTERET_ID, timeframe_id) VALUES (10040, '2018-05-01', 9.333969862729845, 0, 10005, 1, 10000, 14);
INSERT INTO activity(activity_id, date, distance, estrealisee, programme_id, sport_id, CENTREINTERET_ID, timeframe_id) VALUES (10041, '2018-05-02', 10.625151642118247, 0, 10005, 1, 10000, 20);
INSERT INTO activity(activity_id, date, distance, estrealisee, programme_id, sport_id, CENTREINTERET_ID, timeframe_id) VALUES (10042, '2018-05-03', 9.230673948967578, 0, 10005, 1, 10000, 31);
INSERT INTO activity(activity_id, date, distance, estrealisee, programme_id, sport_id, CENTREINTERET_ID, timeframe_id) VALUES (10043, '2018-05-04', 11.395485962677387, 0, 10005, 1, 10000, 39);
INSERT INTO activity(activity_id, date, distance, estrealisee, programme_id, sport_id, CENTREINTERET_ID, timeframe_id) VALUES (10044, '2018-04-17', 8.972650276143394, 1, 10005, 1, 10000, 29);
INSERT INTO realisation(realisation_id, date, distance, activity_id, programme_id, CENTREINTERET_ID, timeframe_id) VALUES (10020, '2018-04-17', 4, 10044, 10005, 10000, 29);
INSERT INTO activity(activity_id, date, distance, estrealisee, programme_id, sport_id, CENTREINTERET_ID, timeframe_id) VALUES (10045, '2018-04-18', 9.35604627511243, 1, 10005, 1, 10000, 46);
INSERT INTO realisation(realisation_id, date, distance, activity_id, programme_id, CENTREINTERET_ID, timeframe_id) VALUES (10021, '2018-04-18', 4, 10045, 10005, 10000, 46);
INSERT INTO activity(activity_id, date, distance, estrealisee, programme_id, sport_id, CENTREINTERET_ID, timeframe_id) VALUES (10046, '2018-04-19', 10.841510827068058, 1, 10005, 1, 10000, 41);
INSERT INTO realisation(realisation_id, date, distance, activity_id, programme_id, CENTREINTERET_ID, timeframe_id) VALUES (10022, '2018-04-19', 4, 10046, 10005, 10000, 41);
INSERT INTO activity(activity_id, date, distance, estrealisee, programme_id, sport_id, CENTREINTERET_ID, timeframe_id) VALUES (10047, '2018-04-20', 8.662771179078394, 1, 10005, 1, 10000, 19);
INSERT INTO realisation(realisation_id, date, distance, activity_id, programme_id, CENTREINTERET_ID, timeframe_id) VALUES (10023, '2018-04-20', 4, 10047, 10005, 10000, 19);

INSERT INTO point (ID, x, y) VALUES (50006, 45.766328484846156, 4.838928252802836);
INSERT INTO users (ID, USERNAME, PASSWORD, FIRSTNAME, LASTNAME, EMAIL, ENABLED, LASTPASSWORDRESETDATE, OBJECTIFHEBDO, Location_id) VALUES (10006, "user6", "$2a$08$UkVvwpULis18S19S5pZFn.YHPZt3oaqHZnDwqbCW9pft6uFtkXKDC", "user6", "user6", "user6@user.com", 1, "2003/01/22", 12, 50006);
INSERT INTO user_authority (USER_ID, AUTHORITY_ID) VALUES (10006, 2);
INSERT INTO programme(programme_id, date_debut, user_id) VALUES (10006, '2018-04-23', 10006);
INSERT INTO activity(activity_id, date, distance, estrealisee, programme_id, sport_id, CENTREINTERET_ID, timeframe_id) VALUES (10048, '2018-05-01', 11.246154011583744, 0, 10006, 1, 10000, 14);
INSERT INTO activity(activity_id, date, distance, estrealisee, programme_id, sport_id, CENTREINTERET_ID, timeframe_id) VALUES (10049, '2018-05-02', 8.611132318882117, 0, 10006, 1, 10000, 20);
INSERT INTO activity(activity_id, date, distance, estrealisee, programme_id, sport_id, CENTREINTERET_ID, timeframe_id) VALUES (10050, '2018-05-03', 9.881901399059139, 0, 10006, 1, 10000, 31);
INSERT INTO activity(activity_id, date, distance, estrealisee, programme_id, sport_id, CENTREINTERET_ID, timeframe_id) VALUES (10051, '2018-05-04', 9.637294312581382, 0, 10006, 1, 10000, 39);
INSERT INTO activity(activity_id, date, distance, estrealisee, programme_id, sport_id, CENTREINTERET_ID, timeframe_id) VALUES (10052, '2018-04-17', 8.588677380214364, 1, 10006, 1, 10000, 27);
INSERT INTO realisation(realisation_id, date, distance, activity_id, programme_id, CENTREINTERET_ID, timeframe_id) VALUES (10024, '2018-04-17', 4, 10052, 10006, 10000, 27);
INSERT INTO activity(activity_id, date, distance, estrealisee, programme_id, sport_id, CENTREINTERET_ID, timeframe_id) VALUES (10053, '2018-04-18', 10.70472516794854, 1, 10006, 1, 10000, 13);
INSERT INTO realisation(realisation_id, date, distance, activity_id, programme_id, CENTREINTERET_ID, timeframe_id) VALUES (10025, '2018-04-18', 4, 10053, 10006, 10000, 13);
INSERT INTO activity(activity_id, date, distance, estrealisee, programme_id, sport_id, CENTREINTERET_ID, timeframe_id) VALUES (10054, '2018-04-19', 10.319585450091358, 1, 10006, 1, 10000, 15);
INSERT INTO realisation(realisation_id, date, distance, activity_id, programme_id, CENTREINTERET_ID, timeframe_id) VALUES (10026, '2018-04-19', 4, 10054, 10006, 10000, 15);
INSERT INTO activity(activity_id, date, distance, estrealisee, programme_id, sport_id, CENTREINTERET_ID, timeframe_id) VALUES (10055, '2018-04-20', 7.691100682382268, 1, 10006, 1, 10000, 11);
INSERT INTO realisation(realisation_id, date, distance, activity_id, programme_id, CENTREINTERET_ID, timeframe_id) VALUES (10027, '2018-04-20', 4, 10055, 10006, 10000, 11);

INSERT INTO point (ID, x, y) VALUES (50007, 45.73296297987131, 4.877986292938639);
INSERT INTO users (ID, USERNAME, PASSWORD, FIRSTNAME, LASTNAME, EMAIL, ENABLED, LASTPASSWORDRESETDATE, OBJECTIFHEBDO, Location_id) VALUES (10007, "user7", "$2a$08$UkVvwpULis18S19S5pZFn.YHPZt3oaqHZnDwqbCW9pft6uFtkXKDC", "user7", "user7", "user7@user.com", 1, "2003/01/22", 19, 50007);
INSERT INTO user_authority (USER_ID, AUTHORITY_ID) VALUES (10007, 2);
INSERT INTO programme(programme_id, date_debut, user_id) VALUES (10007, '2018-04-23', 10007);
INSERT INTO activity(activity_id, date, distance, estrealisee, programme_id, sport_id, CENTREINTERET_ID, timeframe_id) VALUES (10056, '2018-05-01', 10.711190921814136, 0, 10007, 1, 10000, 14);
INSERT INTO activity(activity_id, date, distance, estrealisee, programme_id, sport_id, CENTREINTERET_ID, timeframe_id) VALUES (10057, '2018-05-02', 10.313081076019976, 0, 10007, 1, 10000, 20);
INSERT INTO activity(activity_id, date, distance, estrealisee, programme_id, sport_id, CENTREINTERET_ID, timeframe_id) VALUES (10058, '2018-05-03', 8.239620675746096, 0, 10007, 1, 10000, 31);
INSERT INTO activity(activity_id, date, distance, estrealisee, programme_id, sport_id, CENTREINTERET_ID, timeframe_id) VALUES (10059, '2018-05-04', 7.796466349073263, 0, 10007, 1, 10000, 39);
INSERT INTO activity(activity_id, date, distance, estrealisee, programme_id, sport_id, CENTREINTERET_ID, timeframe_id) VALUES (10060, '2018-04-17', 7.269639642596236, 1, 10007, 1, 10000, 44);
INSERT INTO realisation(realisation_id, date, distance, activity_id, programme_id, CENTREINTERET_ID, timeframe_id) VALUES (10028, '2018-04-17', 4, 10060, 10007, 10000, 44);
INSERT INTO activity(activity_id, date, distance, estrealisee, programme_id, sport_id, CENTREINTERET_ID, timeframe_id) VALUES (10061, '2018-04-18', 8.122368279838424, 1, 10007, 1, 10000, 18);
INSERT INTO realisation(realisation_id, date, distance, activity_id, programme_id, CENTREINTERET_ID, timeframe_id) VALUES (10029, '2018-04-18', 4, 10061, 10007, 10000, 18);
INSERT INTO activity(activity_id, date, distance, estrealisee, programme_id, sport_id, CENTREINTERET_ID, timeframe_id) VALUES (10062, '2018-04-19', 11.150545456148095, 1, 10007, 1, 10000, 7);
INSERT INTO realisation(realisation_id, date, distance, activity_id, programme_id, CENTREINTERET_ID, timeframe_id) VALUES (10030, '2018-04-19', 4, 10062, 10007, 10000, 7);
INSERT INTO activity(activity_id, date, distance, estrealisee, programme_id, sport_id, CENTREINTERET_ID, timeframe_id) VALUES (10063, '2018-04-20', 7.9509830790627225, 1, 10007, 1, 10000, 11);
INSERT INTO realisation(realisation_id, date, distance, activity_id, programme_id, CENTREINTERET_ID, timeframe_id) VALUES (10031, '2018-04-20', 4, 10063, 10007, 10000, 11);

INSERT INTO point (ID, x, y) VALUES (50008, 45.741878539536394, 4.863786949456145);
INSERT INTO users (ID, USERNAME, PASSWORD, FIRSTNAME, LASTNAME, EMAIL, ENABLED, LASTPASSWORDRESETDATE, OBJECTIFHEBDO, Location_id) VALUES (10008, "user8", "$2a$08$UkVvwpULis18S19S5pZFn.YHPZt3oaqHZnDwqbCW9pft6uFtkXKDC", "user8", "user8", "user8@user.com", 1, "2003/01/22", 9, 50008);
INSERT INTO user_authority (USER_ID, AUTHORITY_ID) VALUES (10008, 2);
INSERT INTO programme(programme_id, date_debut, user_id) VALUES (10008, '2018-04-23', 10008);
INSERT INTO activity(activity_id, date, distance, estrealisee, programme_id, sport_id, CENTREINTERET_ID, timeframe_id) VALUES (10064, '2018-05-01', 7.744926415696822, 0, 10008, 1, 10000, 14);
INSERT INTO activity(activity_id, date, distance, estrealisee, programme_id, sport_id, CENTREINTERET_ID, timeframe_id) VALUES (10065, '2018-05-02', 9.15784315546503, 0, 10008, 1, 10000, 20);
INSERT INTO activity(activity_id, date, distance, estrealisee, programme_id, sport_id, CENTREINTERET_ID, timeframe_id) VALUES (10066, '2018-05-03', 10.456158551514745, 0, 10008, 1, 10000, 31);
INSERT INTO activity(activity_id, date, distance, estrealisee, programme_id, sport_id, CENTREINTERET_ID, timeframe_id) VALUES (10067, '2018-05-04', 7.287535637700308, 0, 10008, 1, 10000, 39);
INSERT INTO activity(activity_id, date, distance, estrealisee, programme_id, sport_id, CENTREINTERET_ID, timeframe_id) VALUES (10068, '2018-04-17', 8.112781354523928, 1, 10008, 1, 10000, 55);
INSERT INTO realisation(realisation_id, date, distance, activity_id, programme_id, CENTREINTERET_ID, timeframe_id) VALUES (10032, '2018-04-17', 4, 10068, 10008, 10000, 55);
INSERT INTO activity(activity_id, date, distance, estrealisee, programme_id, sport_id, CENTREINTERET_ID, timeframe_id) VALUES (10069, '2018-04-18', 11.989054659660937, 1, 10008, 1, 10000, 45);
INSERT INTO realisation(realisation_id, date, distance, activity_id, programme_id, CENTREINTERET_ID, timeframe_id) VALUES (10033, '2018-04-18', 4, 10069, 10008, 10000, 45);
INSERT INTO activity(activity_id, date, distance, estrealisee, programme_id, sport_id, CENTREINTERET_ID, timeframe_id) VALUES (10070, '2018-04-19', 7.488439893954203, 1, 10008, 1, 10000, 17);
INSERT INTO realisation(realisation_id, date, distance, activity_id, programme_id, CENTREINTERET_ID, timeframe_id) VALUES (10034, '2018-04-19', 4, 10070, 10008, 10000, 17);
INSERT INTO activity(activity_id, date, distance, estrealisee, programme_id, sport_id, CENTREINTERET_ID, timeframe_id) VALUES (10071, '2018-04-20', 7.687471683676049, 1, 10008, 1, 10000, 5);
INSERT INTO realisation(realisation_id, date, distance, activity_id, programme_id, CENTREINTERET_ID, timeframe_id) VALUES (10035, '2018-04-20', 4, 10071, 10008, 10000, 5);

INSERT INTO point (ID, x, y) VALUES (50009, 45.76110925357283, 4.89234676486702);
INSERT INTO users (ID, USERNAME, PASSWORD, FIRSTNAME, LASTNAME, EMAIL, ENABLED, LASTPASSWORDRESETDATE, OBJECTIFHEBDO, Location_id) VALUES (10009, "user9", "$2a$08$UkVvwpULis18S19S5pZFn.YHPZt3oaqHZnDwqbCW9pft6uFtkXKDC", "user9", "user9", "user9@user.com", 1, "2003/01/22", 13, 50009);
INSERT INTO user_authority (USER_ID, AUTHORITY_ID) VALUES (10009, 2);
INSERT INTO programme(programme_id, date_debut, user_id) VALUES (10009, '2018-04-23', 10009);
INSERT INTO activity(activity_id, date, distance, estrealisee, programme_id, sport_id, CENTREINTERET_ID, timeframe_id) VALUES (10072, '2018-05-01', 8.535974401154112, 0, 10009, 1, 10000, 14);
INSERT INTO activity(activity_id, date, distance, estrealisee, programme_id, sport_id, CENTREINTERET_ID, timeframe_id) VALUES (10073, '2018-05-02', 11.408043320909474, 0, 10009, 1, 10000, 20);
INSERT INTO activity(activity_id, date, distance, estrealisee, programme_id, sport_id, CENTREINTERET_ID, timeframe_id) VALUES (10074, '2018-05-03', 10.93156663583685, 0, 10009, 1, 10000, 31);
INSERT INTO activity(activity_id, date, distance, estrealisee, programme_id, sport_id, CENTREINTERET_ID, timeframe_id) VALUES (10075, '2018-05-04', 8.49479083712682, 0, 10009, 1, 10000, 39);
INSERT INTO activity(activity_id, date, distance, estrealisee, programme_id, sport_id, CENTREINTERET_ID, timeframe_id) VALUES (10076, '2018-04-17', 8.302686817896198, 1, 10009, 1, 10000, 34);
INSERT INTO realisation(realisation_id, date, distance, activity_id, programme_id, CENTREINTERET_ID, timeframe_id) VALUES (10036, '2018-04-17', 4, 10076, 10009, 10000, 34);
INSERT INTO activity(activity_id, date, distance, estrealisee, programme_id, sport_id, CENTREINTERET_ID, timeframe_id) VALUES (10077, '2018-04-18', 9.957666957467104, 1, 10009, 1, 10000, 32);
INSERT INTO realisation(realisation_id, date, distance, activity_id, programme_id, CENTREINTERET_ID, timeframe_id) VALUES (10037, '2018-04-18', 4, 10077, 10009, 10000, 32);
INSERT INTO activity(activity_id, date, distance, estrealisee, programme_id, sport_id, CENTREINTERET_ID, timeframe_id) VALUES (10078, '2018-04-19', 10.311132624307673, 1, 10009, 1, 10000, 36);
INSERT INTO realisation(realisation_id, date, distance, activity_id, programme_id, CENTREINTERET_ID, timeframe_id) VALUES (10038, '2018-04-19', 4, 10078, 10009, 10000, 36);
INSERT INTO activity(activity_id, date, distance, estrealisee, programme_id, sport_id, CENTREINTERET_ID, timeframe_id) VALUES (10079, '2018-04-20', 9.272148989872331, 1, 10009, 1, 10000, 3);
INSERT INTO realisation(realisation_id, date, distance, activity_id, programme_id, CENTREINTERET_ID, timeframe_id) VALUES (10039, '2018-04-20', 4, 10079, 10009, 10000, 3);

INSERT INTO point (ID, x, y) VALUES (50010, 45.78861648037355, 4.864705665196121);
INSERT INTO users (ID, USERNAME, PASSWORD, FIRSTNAME, LASTNAME, EMAIL, ENABLED, LASTPASSWORDRESETDATE, OBJECTIFHEBDO, Location_id) VALUES (10010, "user10", "$2a$08$UkVvwpULis18S19S5pZFn.YHPZt3oaqHZnDwqbCW9pft6uFtkXKDC", "user10", "user10", "user10@user.com", 1, "2003/01/22", 16, 50010);
INSERT INTO user_authority (USER_ID, AUTHORITY_ID) VALUES (10010, 2);
INSERT INTO programme(programme_id, date_debut, user_id) VALUES (10010, '2018-04-23', 10010);
INSERT INTO activity(activity_id, date, distance, estrealisee, programme_id, sport_id, CENTREINTERET_ID, timeframe_id) VALUES (10080, '2018-05-01', 11.038257640820904, 0, 10010, 1, 10000, 14);
INSERT INTO activity(activity_id, date, distance, estrealisee, programme_id, sport_id, CENTREINTERET_ID, timeframe_id) VALUES (10081, '2018-05-02', 8.354105311686416, 0, 10010, 1, 10000, 20);
INSERT INTO activity(activity_id, date, distance, estrealisee, programme_id, sport_id, CENTREINTERET_ID, timeframe_id) VALUES (10082, '2018-05-03', 8.08025219612525, 0, 10010, 1, 10000, 31);
INSERT INTO activity(activity_id, date, distance, estrealisee, programme_id, sport_id, CENTREINTERET_ID, timeframe_id) VALUES (10083, '2018-05-04', 10.062847874419798, 0, 10010, 1, 10000, 39);
INSERT INTO activity(activity_id, date, distance, estrealisee, programme_id, sport_id, CENTREINTERET_ID, timeframe_id) VALUES (10084, '2018-04-17', 10.588306326931825, 1, 10010, 1, 10000, 14);
INSERT INTO realisation(realisation_id, date, distance, activity_id, programme_id, CENTREINTERET_ID, timeframe_id) VALUES (10040, '2018-04-17', 4, 10084, 10010, 10000, 14);
INSERT INTO activity(activity_id, date, distance, estrealisee, programme_id, sport_id, CENTREINTERET_ID, timeframe_id) VALUES (10085, '2018-04-18', 8.493074159189199, 1, 10010, 1, 10000, 55);
INSERT INTO realisation(realisation_id, date, distance, activity_id, programme_id, CENTREINTERET_ID, timeframe_id) VALUES (10041, '2018-04-18', 4, 10085, 10010, 10000, 55);
INSERT INTO activity(activity_id, date, distance, estrealisee, programme_id, sport_id, CENTREINTERET_ID, timeframe_id) VALUES (10086, '2018-04-19', 10.41010689452317, 1, 10010, 1, 10000, 15);
INSERT INTO realisation(realisation_id, date, distance, activity_id, programme_id, CENTREINTERET_ID, timeframe_id) VALUES (10042, '2018-04-19', 4, 10086, 10010, 10000, 15);
INSERT INTO activity(activity_id, date, distance, estrealisee, programme_id, sport_id, CENTREINTERET_ID, timeframe_id) VALUES (10087, '2018-04-20', 11.177447693432992, 1, 10010, 1, 10000, 23);
INSERT INTO realisation(realisation_id, date, distance, activity_id, programme_id, CENTREINTERET_ID, timeframe_id) VALUES (10043, '2018-04-20', 4, 10087, 10010, 10000, 23);

INSERT INTO point (ID, x, y) VALUES (50011, 45.758605206525715, 4.8835525913649604);
INSERT INTO users (ID, USERNAME, PASSWORD, FIRSTNAME, LASTNAME, EMAIL, ENABLED, LASTPASSWORDRESETDATE, OBJECTIFHEBDO, Location_id) VALUES (10011, "user11", "$2a$08$UkVvwpULis18S19S5pZFn.YHPZt3oaqHZnDwqbCW9pft6uFtkXKDC", "user11", "user11", "user11@user.com", 1, "2003/01/22", 16, 50011);
INSERT INTO user_authority (USER_ID, AUTHORITY_ID) VALUES (10011, 2);
INSERT INTO programme(programme_id, date_debut, user_id) VALUES (10011, '2018-04-23', 10011);
INSERT INTO activity(activity_id, date, distance, estrealisee, programme_id, sport_id, CENTREINTERET_ID, timeframe_id) VALUES (10088, '2018-05-01', 8.025757840919253, 0, 10011, 1, 10000, 14);
INSERT INTO activity(activity_id, date, distance, estrealisee, programme_id, sport_id, CENTREINTERET_ID, timeframe_id) VALUES (10089, '2018-05-02', 7.02344778239321, 0, 10011, 1, 10000, 20);
INSERT INTO activity(activity_id, date, distance, estrealisee, programme_id, sport_id, CENTREINTERET_ID, timeframe_id) VALUES (10090, '2018-05-03', 10.503467809944679, 0, 10011, 1, 10000, 31);
INSERT INTO activity(activity_id, date, distance, estrealisee, programme_id, sport_id, CENTREINTERET_ID, timeframe_id) VALUES (10091, '2018-05-04', 8.411890641435734, 0, 10011, 1, 10000, 39);
INSERT INTO activity(activity_id, date, distance, estrealisee, programme_id, sport_id, CENTREINTERET_ID, timeframe_id) VALUES (10092, '2018-04-17', 7.584124746169942, 1, 10011, 1, 10000, 53);
INSERT INTO realisation(realisation_id, date, distance, activity_id, programme_id, CENTREINTERET_ID, timeframe_id) VALUES (10044, '2018-04-17', 4, 10092, 10011, 10000, 53);
INSERT INTO activity(activity_id, date, distance, estrealisee, programme_id, sport_id, CENTREINTERET_ID, timeframe_id) VALUES (10093, '2018-04-18', 11.824001110405128, 1, 10011, 1, 10000, 23);
INSERT INTO realisation(realisation_id, date, distance, activity_id, programme_id, CENTREINTERET_ID, timeframe_id) VALUES (10045, '2018-04-18', 4, 10093, 10011, 10000, 23);
INSERT INTO activity(activity_id, date, distance, estrealisee, programme_id, sport_id, CENTREINTERET_ID, timeframe_id) VALUES (10094, '2018-04-19', 9.193143957660642, 1, 10011, 1, 10000, 14);
INSERT INTO realisation(realisation_id, date, distance, activity_id, programme_id, CENTREINTERET_ID, timeframe_id) VALUES (10046, '2018-04-19', 4, 10094, 10011, 10000, 14);
INSERT INTO activity(activity_id, date, distance, estrealisee, programme_id, sport_id, CENTREINTERET_ID, timeframe_id) VALUES (10095, '2018-04-20', 10.07624320118515, 1, 10011, 1, 10000, 21);
INSERT INTO realisation(realisation_id, date, distance, activity_id, programme_id, CENTREINTERET_ID, timeframe_id) VALUES (10047, '2018-04-20', 4, 10095, 10011, 10000, 21);

INSERT INTO point (ID, x, y) VALUES (50012, 45.76001830753511, 4.825393105887271);
INSERT INTO users (ID, USERNAME, PASSWORD, FIRSTNAME, LASTNAME, EMAIL, ENABLED, LASTPASSWORDRESETDATE, OBJECTIFHEBDO, Location_id) VALUES (10012, "user12", "$2a$08$UkVvwpULis18S19S5pZFn.YHPZt3oaqHZnDwqbCW9pft6uFtkXKDC", "user12", "user12", "user12@user.com", 1, "2003/01/22", 19, 50012);
INSERT INTO user_authority (USER_ID, AUTHORITY_ID) VALUES (10012, 2);
INSERT INTO programme(programme_id, date_debut, user_id) VALUES (10012, '2018-04-23', 10012);
INSERT INTO activity(activity_id, date, distance, estrealisee, programme_id, sport_id, CENTREINTERET_ID, timeframe_id) VALUES (10096, '2018-05-01', 9.497220563414988, 0, 10012, 1, 10000, 14);
INSERT INTO activity(activity_id, date, distance, estrealisee, programme_id, sport_id, CENTREINTERET_ID, timeframe_id) VALUES (10097, '2018-05-02', 8.299685977068064, 0, 10012, 1, 10000, 20);
INSERT INTO activity(activity_id, date, distance, estrealisee, programme_id, sport_id, CENTREINTERET_ID, timeframe_id) VALUES (10098, '2018-05-03', 7.359950799941865, 0, 10012, 1, 10000, 31);
INSERT INTO activity(activity_id, date, distance, estrealisee, programme_id, sport_id, CENTREINTERET_ID, timeframe_id) VALUES (10099, '2018-05-04', 7.421522726660832, 0, 10012, 1, 10000, 39);
INSERT INTO activity(activity_id, date, distance, estrealisee, programme_id, sport_id, CENTREINTERET_ID, timeframe_id) VALUES (10100, '2018-04-17', 8.277158443348764, 1, 10012, 1, 10000, 30);
INSERT INTO realisation(realisation_id, date, distance, activity_id, programme_id, CENTREINTERET_ID, timeframe_id) VALUES (10048, '2018-04-17', 4, 10100, 10012, 10000, 30);
INSERT INTO activity(activity_id, date, distance, estrealisee, programme_id, sport_id, CENTREINTERET_ID, timeframe_id) VALUES (10101, '2018-04-18', 7.4351293006267065, 1, 10012, 1, 10000, 12);
INSERT INTO realisation(realisation_id, date, distance, activity_id, programme_id, CENTREINTERET_ID, timeframe_id) VALUES (10049, '2018-04-18', 4, 10101, 10012, 10000, 12);
INSERT INTO activity(activity_id, date, distance, estrealisee, programme_id, sport_id, CENTREINTERET_ID, timeframe_id) VALUES (10102, '2018-04-19', 9.381187448165546, 1, 10012, 1, 10000, 33);
INSERT INTO realisation(realisation_id, date, distance, activity_id, programme_id, CENTREINTERET_ID, timeframe_id) VALUES (10050, '2018-04-19', 4, 10102, 10012, 10000, 33);
INSERT INTO activity(activity_id, date, distance, estrealisee, programme_id, sport_id, CENTREINTERET_ID, timeframe_id) VALUES (10103, '2018-04-20', 8.328713365396364, 1, 10012, 1, 10000, 44);
INSERT INTO realisation(realisation_id, date, distance, activity_id, programme_id, CENTREINTERET_ID, timeframe_id) VALUES (10051, '2018-04-20', 4, 10103, 10012, 10000, 44);

INSERT INTO point (ID, x, y) VALUES (50013, 45.79315094860027, 4.88316796773261);
INSERT INTO users (ID, USERNAME, PASSWORD, FIRSTNAME, LASTNAME, EMAIL, ENABLED, LASTPASSWORDRESETDATE, OBJECTIFHEBDO, Location_id) VALUES (10013, "user13", "$2a$08$UkVvwpULis18S19S5pZFn.YHPZt3oaqHZnDwqbCW9pft6uFtkXKDC", "user13", "user13", "user13@user.com", 1, "2003/01/22", 9, 50013);
INSERT INTO user_authority (USER_ID, AUTHORITY_ID) VALUES (10013, 2);
INSERT INTO programme(programme_id, date_debut, user_id) VALUES (10013, '2018-04-23', 10013);
INSERT INTO activity(activity_id, date, distance, estrealisee, programme_id, sport_id, CENTREINTERET_ID, timeframe_id) VALUES (10104, '2018-05-01', 11.569846380623156, 0, 10013, 1, 10000, 14);
INSERT INTO activity(activity_id, date, distance, estrealisee, programme_id, sport_id, CENTREINTERET_ID, timeframe_id) VALUES (10105, '2018-05-02', 7.828672871411827, 0, 10013, 1, 10000, 20);
INSERT INTO activity(activity_id, date, distance, estrealisee, programme_id, sport_id, CENTREINTERET_ID, timeframe_id) VALUES (10106, '2018-05-03', 7.839288569078539, 0, 10013, 1, 10000, 31);
INSERT INTO activity(activity_id, date, distance, estrealisee, programme_id, sport_id, CENTREINTERET_ID, timeframe_id) VALUES (10107, '2018-05-04', 10.192823813049177, 0, 10013, 1, 10000, 39);
INSERT INTO activity(activity_id, date, distance, estrealisee, programme_id, sport_id, CENTREINTERET_ID, timeframe_id) VALUES (10108, '2018-04-17', 10.209263628664395, 1, 10013, 1, 10000, 38);
INSERT INTO realisation(realisation_id, date, distance, activity_id, programme_id, CENTREINTERET_ID, timeframe_id) VALUES (10052, '2018-04-17', 4, 10108, 10013, 10000, 38);
INSERT INTO activity(activity_id, date, distance, estrealisee, programme_id, sport_id, CENTREINTERET_ID, timeframe_id) VALUES (10109, '2018-04-18', 9.418645357892208, 1, 10013, 1, 10000, 37);
INSERT INTO realisation(realisation_id, date, distance, activity_id, programme_id, CENTREINTERET_ID, timeframe_id) VALUES (10053, '2018-04-18', 4, 10109, 10013, 10000, 37);
INSERT INTO activity(activity_id, date, distance, estrealisee, programme_id, sport_id, CENTREINTERET_ID, timeframe_id) VALUES (10110, '2018-04-19', 10.317405331684832, 1, 10013, 1, 10000, 31);
INSERT INTO realisation(realisation_id, date, distance, activity_id, programme_id, CENTREINTERET_ID, timeframe_id) VALUES (10054, '2018-04-19', 4, 10110, 10013, 10000, 31);
INSERT INTO activity(activity_id, date, distance, estrealisee, programme_id, sport_id, CENTREINTERET_ID, timeframe_id) VALUES (10111, '2018-04-20', 10.360231955461668, 1, 10013, 1, 10000, 2);
INSERT INTO realisation(realisation_id, date, distance, activity_id, programme_id, CENTREINTERET_ID, timeframe_id) VALUES (10055, '2018-04-20', 4, 10111, 10013, 10000, 2);

INSERT INTO point (ID, x, y) VALUES (50014, 45.76420121056975, 4.88576581792957);
INSERT INTO users (ID, USERNAME, PASSWORD, FIRSTNAME, LASTNAME, EMAIL, ENABLED, LASTPASSWORDRESETDATE, OBJECTIFHEBDO, Location_id) VALUES (10014, "user14", "$2a$08$UkVvwpULis18S19S5pZFn.YHPZt3oaqHZnDwqbCW9pft6uFtkXKDC", "user14", "user14", "user14@user.com", 1, "2003/01/22", 11, 50014);
INSERT INTO user_authority (USER_ID, AUTHORITY_ID) VALUES (10014, 2);
INSERT INTO programme(programme_id, date_debut, user_id) VALUES (10014, '2018-04-23', 10014);
INSERT INTO activity(activity_id, date, distance, estrealisee, programme_id, sport_id, CENTREINTERET_ID, timeframe_id) VALUES (10112, '2018-05-01', 11.708228955024856, 0, 10014, 1, 10000, 14);
INSERT INTO activity(activity_id, date, distance, estrealisee, programme_id, sport_id, CENTREINTERET_ID, timeframe_id) VALUES (10113, '2018-05-02', 9.83096018091592, 0, 10014, 1, 10000, 20);
INSERT INTO activity(activity_id, date, distance, estrealisee, programme_id, sport_id, CENTREINTERET_ID, timeframe_id) VALUES (10114, '2018-05-03', 7.28733135951396, 0, 10014, 1, 10000, 31);
INSERT INTO activity(activity_id, date, distance, estrealisee, programme_id, sport_id, CENTREINTERET_ID, timeframe_id) VALUES (10115, '2018-05-04', 7.704585508564927, 0, 10014, 1, 10000, 39);
INSERT INTO activity(activity_id, date, distance, estrealisee, programme_id, sport_id, CENTREINTERET_ID, timeframe_id) VALUES (10116, '2018-04-17', 10.567230177495064, 1, 10014, 1, 10000, 49);
INSERT INTO realisation(realisation_id, date, distance, activity_id, programme_id, CENTREINTERET_ID, timeframe_id) VALUES (10056, '2018-04-17', 4, 10116, 10014, 10000, 49);
INSERT INTO activity(activity_id, date, distance, estrealisee, programme_id, sport_id, CENTREINTERET_ID, timeframe_id) VALUES (10117, '2018-04-18', 8.756613745083632, 1, 10014, 1, 10000, 8);
INSERT INTO realisation(realisation_id, date, distance, activity_id, programme_id, CENTREINTERET_ID, timeframe_id) VALUES (10057, '2018-04-18', 4, 10117, 10014, 10000, 8);
INSERT INTO activity(activity_id, date, distance, estrealisee, programme_id, sport_id, CENTREINTERET_ID, timeframe_id) VALUES (10118, '2018-04-19', 10.168221068282536, 1, 10014, 1, 10000, 28);
INSERT INTO realisation(realisation_id, date, distance, activity_id, programme_id, CENTREINTERET_ID, timeframe_id) VALUES (10058, '2018-04-19', 4, 10118, 10014, 10000, 28);
INSERT INTO activity(activity_id, date, distance, estrealisee, programme_id, sport_id, CENTREINTERET_ID, timeframe_id) VALUES (10119, '2018-04-20', 7.232439509258052, 1, 10014, 1, 10000, 14);
INSERT INTO realisation(realisation_id, date, distance, activity_id, programme_id, CENTREINTERET_ID, timeframe_id) VALUES (10059, '2018-04-20', 4, 10119, 10014, 10000, 14);

INSERT INTO point (ID, x, y) VALUES (50015, 45.713142301808766, 4.877964485840866);
INSERT INTO users (ID, USERNAME, PASSWORD, FIRSTNAME, LASTNAME, EMAIL, ENABLED, LASTPASSWORDRESETDATE, OBJECTIFHEBDO, Location_id) VALUES (10015, "user15", "$2a$08$UkVvwpULis18S19S5pZFn.YHPZt3oaqHZnDwqbCW9pft6uFtkXKDC", "user15", "user15", "user15@user.com", 1, "2003/01/22", 18, 50015);
INSERT INTO user_authority (USER_ID, AUTHORITY_ID) VALUES (10015, 2);
INSERT INTO programme(programme_id, date_debut, user_id) VALUES (10015, '2018-04-23', 10015);
INSERT INTO activity(activity_id, date, distance, estrealisee, programme_id, sport_id, CENTREINTERET_ID, timeframe_id) VALUES (10120, '2018-05-01', 7.378122421235565, 0, 10015, 1, 10000, 14);
INSERT INTO activity(activity_id, date, distance, estrealisee, programme_id, sport_id, CENTREINTERET_ID, timeframe_id) VALUES (10121, '2018-05-02', 11.592583219349045, 0, 10015, 1, 10000, 20);
INSERT INTO activity(activity_id, date, distance, estrealisee, programme_id, sport_id, CENTREINTERET_ID, timeframe_id) VALUES (10122, '2018-05-03', 8.082935949464925, 0, 10015, 1, 10000, 31);
INSERT INTO activity(activity_id, date, distance, estrealisee, programme_id, sport_id, CENTREINTERET_ID, timeframe_id) VALUES (10123, '2018-05-04', 10.117812316180897, 0, 10015, 1, 10000, 39);
INSERT INTO activity(activity_id, date, distance, estrealisee, programme_id, sport_id, CENTREINTERET_ID, timeframe_id) VALUES (10124, '2018-04-17', 10.953232882724802, 1, 10015, 1, 10000, 51);
INSERT INTO realisation(realisation_id, date, distance, activity_id, programme_id, CENTREINTERET_ID, timeframe_id) VALUES (10060, '2018-04-17', 4, 10124, 10015, 10000, 51);
INSERT INTO activity(activity_id, date, distance, estrealisee, programme_id, sport_id, CENTREINTERET_ID, timeframe_id) VALUES (10125, '2018-04-18', 9.486238408175627, 1, 10015, 1, 10000, 37);
INSERT INTO realisation(realisation_id, date, distance, activity_id, programme_id, CENTREINTERET_ID, timeframe_id) VALUES (10061, '2018-04-18', 4, 10125, 10015, 10000, 37);
INSERT INTO activity(activity_id, date, distance, estrealisee, programme_id, sport_id, CENTREINTERET_ID, timeframe_id) VALUES (10126, '2018-04-19', 10.080648005783882, 1, 10015, 1, 10000, 3);
INSERT INTO realisation(realisation_id, date, distance, activity_id, programme_id, CENTREINTERET_ID, timeframe_id) VALUES (10062, '2018-04-19', 4, 10126, 10015, 10000, 3);
INSERT INTO activity(activity_id, date, distance, estrealisee, programme_id, sport_id, CENTREINTERET_ID, timeframe_id) VALUES (10127, '2018-04-20', 8.174976849739128, 1, 10015, 1, 10000, 30);
INSERT INTO realisation(realisation_id, date, distance, activity_id, programme_id, CENTREINTERET_ID, timeframe_id) VALUES (10063, '2018-04-20', 4, 10127, 10015, 10000, 30);

INSERT INTO point (ID, x, y) VALUES (50016, 45.7296267487523, 4.839728307542262);
INSERT INTO users (ID, USERNAME, PASSWORD, FIRSTNAME, LASTNAME, EMAIL, ENABLED, LASTPASSWORDRESETDATE, OBJECTIFHEBDO, Location_id) VALUES (10016, "user16", "$2a$08$UkVvwpULis18S19S5pZFn.YHPZt3oaqHZnDwqbCW9pft6uFtkXKDC", "user16", "user16", "user16@user.com", 1, "2003/01/22", 19, 50016);
INSERT INTO user_authority (USER_ID, AUTHORITY_ID) VALUES (10016, 2);
INSERT INTO programme(programme_id, date_debut, user_id) VALUES (10016, '2018-04-23', 10016);
INSERT INTO activity(activity_id, date, distance, estrealisee, programme_id, sport_id, CENTREINTERET_ID, timeframe_id) VALUES (10128, '2018-05-01', 9.842637666011338, 0, 10016, 1, 10000, 14);
INSERT INTO activity(activity_id, date, distance, estrealisee, programme_id, sport_id, CENTREINTERET_ID, timeframe_id) VALUES (10129, '2018-05-02', 10.135623229700133, 0, 10016, 1, 10000, 20);
INSERT INTO activity(activity_id, date, distance, estrealisee, programme_id, sport_id, CENTREINTERET_ID, timeframe_id) VALUES (10130, '2018-05-03', 11.241120255578632, 0, 10016, 1, 10000, 31);
INSERT INTO activity(activity_id, date, distance, estrealisee, programme_id, sport_id, CENTREINTERET_ID, timeframe_id) VALUES (10131, '2018-05-04', 8.750107566773476, 0, 10016, 1, 10000, 39);
INSERT INTO activity(activity_id, date, distance, estrealisee, programme_id, sport_id, CENTREINTERET_ID, timeframe_id) VALUES (10132, '2018-04-17', 11.60380095222355, 1, 10016, 1, 10000, 35);
INSERT INTO realisation(realisation_id, date, distance, activity_id, programme_id, CENTREINTERET_ID, timeframe_id) VALUES (10064, '2018-04-17', 4, 10132, 10016, 10000, 35);
INSERT INTO activity(activity_id, date, distance, estrealisee, programme_id, sport_id, CENTREINTERET_ID, timeframe_id) VALUES (10133, '2018-04-18', 8.836647744018073, 1, 10016, 1, 10000, 13);
INSERT INTO realisation(realisation_id, date, distance, activity_id, programme_id, CENTREINTERET_ID, timeframe_id) VALUES (10065, '2018-04-18', 4, 10133, 10016, 10000, 13);
INSERT INTO activity(activity_id, date, distance, estrealisee, programme_id, sport_id, CENTREINTERET_ID, timeframe_id) VALUES (10134, '2018-04-19', 7.82857382713455, 1, 10016, 1, 10000, 20);
INSERT INTO realisation(realisation_id, date, distance, activity_id, programme_id, CENTREINTERET_ID, timeframe_id) VALUES (10066, '2018-04-19', 4, 10134, 10016, 10000, 20);
INSERT INTO activity(activity_id, date, distance, estrealisee, programme_id, sport_id, CENTREINTERET_ID, timeframe_id) VALUES (10135, '2018-04-20', 7.220351133767815, 1, 10016, 1, 10000, 44);
INSERT INTO realisation(realisation_id, date, distance, activity_id, programme_id, CENTREINTERET_ID, timeframe_id) VALUES (10067, '2018-04-20', 4, 10135, 10016, 10000, 44);

INSERT INTO point (ID, x, y) VALUES (50017, 45.762210053132584, 4.888179118818198);
INSERT INTO users (ID, USERNAME, PASSWORD, FIRSTNAME, LASTNAME, EMAIL, ENABLED, LASTPASSWORDRESETDATE, OBJECTIFHEBDO, Location_id) VALUES (10017, "user17", "$2a$08$UkVvwpULis18S19S5pZFn.YHPZt3oaqHZnDwqbCW9pft6uFtkXKDC", "user17", "user17", "user17@user.com", 1, "2003/01/22", 10, 50017);
INSERT INTO user_authority (USER_ID, AUTHORITY_ID) VALUES (10017, 2);
INSERT INTO programme(programme_id, date_debut, user_id) VALUES (10017, '2018-04-23', 10017);
INSERT INTO activity(activity_id, date, distance, estrealisee, programme_id, sport_id, CENTREINTERET_ID, timeframe_id) VALUES (10136, '2018-05-01', 8.55533553860771, 0, 10017, 1, 10000, 14);
INSERT INTO activity(activity_id, date, distance, estrealisee, programme_id, sport_id, CENTREINTERET_ID, timeframe_id) VALUES (10137, '2018-05-02', 8.986817697548904, 0, 10017, 1, 10000, 20);
INSERT INTO activity(activity_id, date, distance, estrealisee, programme_id, sport_id, CENTREINTERET_ID, timeframe_id) VALUES (10138, '2018-05-03', 11.073039916367343, 0, 10017, 1, 10000, 31);
INSERT INTO activity(activity_id, date, distance, estrealisee, programme_id, sport_id, CENTREINTERET_ID, timeframe_id) VALUES (10139, '2018-05-04', 7.744043203414591, 0, 10017, 1, 10000, 39);
INSERT INTO activity(activity_id, date, distance, estrealisee, programme_id, sport_id, CENTREINTERET_ID, timeframe_id) VALUES (10140, '2018-04-17', 8.141238222426086, 1, 10017, 1, 10000, 55);
INSERT INTO realisation(realisation_id, date, distance, activity_id, programme_id, CENTREINTERET_ID, timeframe_id) VALUES (10068, '2018-04-17', 4, 10140, 10017, 10000, 55);
INSERT INTO activity(activity_id, date, distance, estrealisee, programme_id, sport_id, CENTREINTERET_ID, timeframe_id) VALUES (10141, '2018-04-18', 11.409897257633162, 1, 10017, 1, 10000, 12);
INSERT INTO realisation(realisation_id, date, distance, activity_id, programme_id, CENTREINTERET_ID, timeframe_id) VALUES (10069, '2018-04-18', 4, 10141, 10017, 10000, 12);
INSERT INTO activity(activity_id, date, distance, estrealisee, programme_id, sport_id, CENTREINTERET_ID, timeframe_id) VALUES (10142, '2018-04-19', 9.218712786954962, 1, 10017, 1, 10000, 16);
INSERT INTO realisation(realisation_id, date, distance, activity_id, programme_id, CENTREINTERET_ID, timeframe_id) VALUES (10070, '2018-04-19', 4, 10142, 10017, 10000, 16);
INSERT INTO activity(activity_id, date, distance, estrealisee, programme_id, sport_id, CENTREINTERET_ID, timeframe_id) VALUES (10143, '2018-04-20', 10.563769242090977, 1, 10017, 1, 10000, 43);
INSERT INTO realisation(realisation_id, date, distance, activity_id, programme_id, CENTREINTERET_ID, timeframe_id) VALUES (10071, '2018-04-20', 4, 10143, 10017, 10000, 43);

INSERT INTO point (ID, x, y) VALUES (50018, 45.71477343180032, 4.842399668852061);
INSERT INTO users (ID, USERNAME, PASSWORD, FIRSTNAME, LASTNAME, EMAIL, ENABLED, LASTPASSWORDRESETDATE, OBJECTIFHEBDO, Location_id) VALUES (10018, "user18", "$2a$08$UkVvwpULis18S19S5pZFn.YHPZt3oaqHZnDwqbCW9pft6uFtkXKDC", "user18", "user18", "user18@user.com", 1, "2003/01/22", 19, 50018);
INSERT INTO user_authority (USER_ID, AUTHORITY_ID) VALUES (10018, 2);
INSERT INTO programme(programme_id, date_debut, user_id) VALUES (10018, '2018-04-23', 10018);
INSERT INTO activity(activity_id, date, distance, estrealisee, programme_id, sport_id, CENTREINTERET_ID, timeframe_id) VALUES (10144, '2018-05-01', 11.39207214335193, 0, 10018, 1, 10000, 14);
INSERT INTO activity(activity_id, date, distance, estrealisee, programme_id, sport_id, CENTREINTERET_ID, timeframe_id) VALUES (10145, '2018-05-02', 11.320015558189851, 0, 10018, 1, 10000, 20);
INSERT INTO activity(activity_id, date, distance, estrealisee, programme_id, sport_id, CENTREINTERET_ID, timeframe_id) VALUES (10146, '2018-05-03', 7.1098676877954965, 0, 10018, 1, 10000, 31);
INSERT INTO activity(activity_id, date, distance, estrealisee, programme_id, sport_id, CENTREINTERET_ID, timeframe_id) VALUES (10147, '2018-05-04', 8.405862326207385, 0, 10018, 1, 10000, 39);
INSERT INTO activity(activity_id, date, distance, estrealisee, programme_id, sport_id, CENTREINTERET_ID, timeframe_id) VALUES (10148, '2018-04-17', 8.26555105345753, 1, 10018, 1, 10000, 37);
INSERT INTO realisation(realisation_id, date, distance, activity_id, programme_id, CENTREINTERET_ID, timeframe_id) VALUES (10072, '2018-04-17', 4, 10148, 10018, 10000, 37);
INSERT INTO activity(activity_id, date, distance, estrealisee, programme_id, sport_id, CENTREINTERET_ID, timeframe_id) VALUES (10149, '2018-04-18', 10.35281804100079, 1, 10018, 1, 10000, 48);
INSERT INTO realisation(realisation_id, date, distance, activity_id, programme_id, CENTREINTERET_ID, timeframe_id) VALUES (10073, '2018-04-18', 4, 10149, 10018, 10000, 48);
INSERT INTO activity(activity_id, date, distance, estrealisee, programme_id, sport_id, CENTREINTERET_ID, timeframe_id) VALUES (10150, '2018-04-19', 10.16715452889699, 1, 10018, 1, 10000, 7);
INSERT INTO realisation(realisation_id, date, distance, activity_id, programme_id, CENTREINTERET_ID, timeframe_id) VALUES (10074, '2018-04-19', 4, 10150, 10018, 10000, 7);
INSERT INTO activity(activity_id, date, distance, estrealisee, programme_id, sport_id, CENTREINTERET_ID, timeframe_id) VALUES (10151, '2018-04-20', 11.345889303086658, 1, 10018, 1, 10000, 5);
INSERT INTO realisation(realisation_id, date, distance, activity_id, programme_id, CENTREINTERET_ID, timeframe_id) VALUES (10075, '2018-04-20', 4, 10151, 10018, 10000, 5);

INSERT INTO point (ID, x, y) VALUES (50019, 45.71426441723182, 4.823683085007887);
INSERT INTO users (ID, USERNAME, PASSWORD, FIRSTNAME, LASTNAME, EMAIL, ENABLED, LASTPASSWORDRESETDATE, OBJECTIFHEBDO, Location_id) VALUES (10019, "user19", "$2a$08$UkVvwpULis18S19S5pZFn.YHPZt3oaqHZnDwqbCW9pft6uFtkXKDC", "user19", "user19", "user19@user.com", 1, "2003/01/22", 10, 50019);
INSERT INTO user_authority (USER_ID, AUTHORITY_ID) VALUES (10019, 2);
INSERT INTO programme(programme_id, date_debut, user_id) VALUES (10019, '2018-04-23', 10019);
INSERT INTO activity(activity_id, date, distance, estrealisee, programme_id, sport_id, CENTREINTERET_ID, timeframe_id) VALUES (10152, '2018-05-01', 8.987347945252662, 0, 10019, 1, 10000, 14);
INSERT INTO activity(activity_id, date, distance, estrealisee, programme_id, sport_id, CENTREINTERET_ID, timeframe_id) VALUES (10153, '2018-05-02', 11.716092291286758, 0, 10019, 1, 10000, 20);
INSERT INTO activity(activity_id, date, distance, estrealisee, programme_id, sport_id, CENTREINTERET_ID, timeframe_id) VALUES (10154, '2018-05-03', 7.0776426470435805, 0, 10019, 1, 10000, 31);
INSERT INTO activity(activity_id, date, distance, estrealisee, programme_id, sport_id, CENTREINTERET_ID, timeframe_id) VALUES (10155, '2018-05-04', 10.371988839687319, 0, 10019, 1, 10000, 39);
INSERT INTO activity(activity_id, date, distance, estrealisee, programme_id, sport_id, CENTREINTERET_ID, timeframe_id) VALUES (10156, '2018-04-17', 8.32321725759863, 1, 10019, 1, 10000, 19);
INSERT INTO realisation(realisation_id, date, distance, activity_id, programme_id, CENTREINTERET_ID, timeframe_id) VALUES (10076, '2018-04-17', 4, 10156, 10019, 10000, 19);
INSERT INTO activity(activity_id, date, distance, estrealisee, programme_id, sport_id, CENTREINTERET_ID, timeframe_id) VALUES (10157, '2018-04-18', 7.470063898476481, 1, 10019, 1, 10000, 27);
INSERT INTO realisation(realisation_id, date, distance, activity_id, programme_id, CENTREINTERET_ID, timeframe_id) VALUES (10077, '2018-04-18', 4, 10157, 10019, 10000, 27);
INSERT INTO activity(activity_id, date, distance, estrealisee, programme_id, sport_id, CENTREINTERET_ID, timeframe_id) VALUES (10158, '2018-04-19', 8.115627359034256, 1, 10019, 1, 10000, 25);
INSERT INTO realisation(realisation_id, date, distance, activity_id, programme_id, CENTREINTERET_ID, timeframe_id) VALUES (10078, '2018-04-19', 4, 10158, 10019, 10000, 25);
INSERT INTO activity(activity_id, date, distance, estrealisee, programme_id, sport_id, CENTREINTERET_ID, timeframe_id) VALUES (10159, '2018-04-20', 8.795012287097016, 1, 10019, 1, 10000, 7);
INSERT INTO realisation(realisation_id, date, distance, activity_id, programme_id, CENTREINTERET_ID, timeframe_id) VALUES (10079, '2018-04-20', 4, 10159, 10019, 10000, 7);

INSERT INTO point (ID, x, y) VALUES (50020, 45.71989248579809, 4.8264547578091115);
INSERT INTO users (ID, USERNAME, PASSWORD, FIRSTNAME, LASTNAME, EMAIL, ENABLED, LASTPASSWORDRESETDATE, OBJECTIFHEBDO, Location_id) VALUES (10020, "user20", "$2a$08$UkVvwpULis18S19S5pZFn.YHPZt3oaqHZnDwqbCW9pft6uFtkXKDC", "user20", "user20", "user20@user.com", 1, "2003/01/22", 18, 50020);
INSERT INTO user_authority (USER_ID, AUTHORITY_ID) VALUES (10020, 2);
INSERT INTO programme(programme_id, date_debut, user_id) VALUES (10020, '2018-04-23', 10020);
INSERT INTO activity(activity_id, date, distance, estrealisee, programme_id, sport_id, CENTREINTERET_ID, timeframe_id) VALUES (10160, '2018-05-01', 10.100576701272448, 0, 10020, 1, 10000, 14);
INSERT INTO activity(activity_id, date, distance, estrealisee, programme_id, sport_id, CENTREINTERET_ID, timeframe_id) VALUES (10161, '2018-05-02', 8.190063762819571, 0, 10020, 1, 10000, 20);
INSERT INTO activity(activity_id, date, distance, estrealisee, programme_id, sport_id, CENTREINTERET_ID, timeframe_id) VALUES (10162, '2018-05-03', 9.195432315021915, 0, 10020, 1, 10000, 31);
INSERT INTO activity(activity_id, date, distance, estrealisee, programme_id, sport_id, CENTREINTERET_ID, timeframe_id) VALUES (10163, '2018-05-04', 8.141404978446683, 0, 10020, 1, 10000, 39);
INSERT INTO activity(activity_id, date, distance, estrealisee, programme_id, sport_id, CENTREINTERET_ID, timeframe_id) VALUES (10164, '2018-04-17', 10.048527941839767, 1, 10020, 1, 10000, 38);
INSERT INTO realisation(realisation_id, date, distance, activity_id, programme_id, CENTREINTERET_ID, timeframe_id) VALUES (10080, '2018-04-17', 4, 10164, 10020, 10000, 38);
INSERT INTO activity(activity_id, date, distance, estrealisee, programme_id, sport_id, CENTREINTERET_ID, timeframe_id) VALUES (10165, '2018-04-18', 7.321463348616414, 1, 10020, 1, 10000, 38);
INSERT INTO realisation(realisation_id, date, distance, activity_id, programme_id, CENTREINTERET_ID, timeframe_id) VALUES (10081, '2018-04-18', 4, 10165, 10020, 10000, 38);
INSERT INTO activity(activity_id, date, distance, estrealisee, programme_id, sport_id, CENTREINTERET_ID, timeframe_id) VALUES (10166, '2018-04-19', 7.55017500382994, 1, 10020, 1, 10000, 37);
INSERT INTO realisation(realisation_id, date, distance, activity_id, programme_id, CENTREINTERET_ID, timeframe_id) VALUES (10082, '2018-04-19', 4, 10166, 10020, 10000, 37);
INSERT INTO activity(activity_id, date, distance, estrealisee, programme_id, sport_id, CENTREINTERET_ID, timeframe_id) VALUES (10167, '2018-04-20', 10.227804357399016, 1, 10020, 1, 10000, 34);
INSERT INTO realisation(realisation_id, date, distance, activity_id, programme_id, CENTREINTERET_ID, timeframe_id) VALUES (10083, '2018-04-20', 4, 10167, 10020, 10000, 34);

INSERT INTO point (ID, x, y) VALUES (50021, 45.755363899956976, 4.873441352600111);
INSERT INTO users (ID, USERNAME, PASSWORD, FIRSTNAME, LASTNAME, EMAIL, ENABLED, LASTPASSWORDRESETDATE, OBJECTIFHEBDO, Location_id) VALUES (10021, "user21", "$2a$08$UkVvwpULis18S19S5pZFn.YHPZt3oaqHZnDwqbCW9pft6uFtkXKDC", "user21", "user21", "user21@user.com", 1, "2003/01/22", 17, 50021);
INSERT INTO user_authority (USER_ID, AUTHORITY_ID) VALUES (10021, 2);
INSERT INTO programme(programme_id, date_debut, user_id) VALUES (10021, '2018-04-23', 10021);
INSERT INTO activity(activity_id, date, distance, estrealisee, programme_id, sport_id, CENTREINTERET_ID, timeframe_id) VALUES (10168, '2018-05-01', 8.22843623031123, 0, 10021, 1, 10000, 14);
INSERT INTO activity(activity_id, date, distance, estrealisee, programme_id, sport_id, CENTREINTERET_ID, timeframe_id) VALUES (10169, '2018-05-02', 10.057627515981777, 0, 10021, 1, 10000, 20);
INSERT INTO activity(activity_id, date, distance, estrealisee, programme_id, sport_id, CENTREINTERET_ID, timeframe_id) VALUES (10170, '2018-05-03', 9.733880097825216, 0, 10021, 1, 10000, 31);
INSERT INTO activity(activity_id, date, distance, estrealisee, programme_id, sport_id, CENTREINTERET_ID, timeframe_id) VALUES (10171, '2018-05-04', 8.811203960747097, 0, 10021, 1, 10000, 39);
INSERT INTO activity(activity_id, date, distance, estrealisee, programme_id, sport_id, CENTREINTERET_ID, timeframe_id) VALUES (10172, '2018-04-17', 9.160493245212788, 1, 10021, 1, 10000, 34);
INSERT INTO realisation(realisation_id, date, distance, activity_id, programme_id, CENTREINTERET_ID, timeframe_id) VALUES (10084, '2018-04-17', 4, 10172, 10021, 10000, 34);
INSERT INTO activity(activity_id, date, distance, estrealisee, programme_id, sport_id, CENTREINTERET_ID, timeframe_id) VALUES (10173, '2018-04-18', 9.988345896836098, 1, 10021, 1, 10000, 9);
INSERT INTO realisation(realisation_id, date, distance, activity_id, programme_id, CENTREINTERET_ID, timeframe_id) VALUES (10085, '2018-04-18', 4, 10173, 10021, 10000, 9);
INSERT INTO activity(activity_id, date, distance, estrealisee, programme_id, sport_id, CENTREINTERET_ID, timeframe_id) VALUES (10174, '2018-04-19', 11.519888730483391, 1, 10021, 1, 10000, 42);
INSERT INTO realisation(realisation_id, date, distance, activity_id, programme_id, CENTREINTERET_ID, timeframe_id) VALUES (10086, '2018-04-19', 4, 10174, 10021, 10000, 42);
INSERT INTO activity(activity_id, date, distance, estrealisee, programme_id, sport_id, CENTREINTERET_ID, timeframe_id) VALUES (10175, '2018-04-20', 9.441387401594996, 1, 10021, 1, 10000, 16);
INSERT INTO realisation(realisation_id, date, distance, activity_id, programme_id, CENTREINTERET_ID, timeframe_id) VALUES (10087, '2018-04-20', 4, 10175, 10021, 10000, 16);

INSERT INTO point (ID, x, y) VALUES (50022, 45.78017239009114, 4.8805766579389545);
INSERT INTO users (ID, USERNAME, PASSWORD, FIRSTNAME, LASTNAME, EMAIL, ENABLED, LASTPASSWORDRESETDATE, OBJECTIFHEBDO, Location_id) VALUES (10022, "user22", "$2a$08$UkVvwpULis18S19S5pZFn.YHPZt3oaqHZnDwqbCW9pft6uFtkXKDC", "user22", "user22", "user22@user.com", 1, "2003/01/22", 12, 50022);
INSERT INTO user_authority (USER_ID, AUTHORITY_ID) VALUES (10022, 2);
INSERT INTO programme(programme_id, date_debut, user_id) VALUES (10022, '2018-04-23', 10022);
INSERT INTO activity(activity_id, date, distance, estrealisee, programme_id, sport_id, CENTREINTERET_ID, timeframe_id) VALUES (10176, '2018-05-01', 9.188496992844506, 0, 10022, 1, 10000, 14);
INSERT INTO activity(activity_id, date, distance, estrealisee, programme_id, sport_id, CENTREINTERET_ID, timeframe_id) VALUES (10177, '2018-05-02', 7.276837856872454, 0, 10022, 1, 10000, 20);
INSERT INTO activity(activity_id, date, distance, estrealisee, programme_id, sport_id, CENTREINTERET_ID, timeframe_id) VALUES (10178, '2018-05-03', 8.98855308667764, 0, 10022, 1, 10000, 31);
INSERT INTO activity(activity_id, date, distance, estrealisee, programme_id, sport_id, CENTREINTERET_ID, timeframe_id) VALUES (10179, '2018-05-04', 11.761026313098787, 0, 10022, 1, 10000, 39);
INSERT INTO activity(activity_id, date, distance, estrealisee, programme_id, sport_id, CENTREINTERET_ID, timeframe_id) VALUES (10180, '2018-04-17', 8.850289939928027, 1, 10022, 1, 10000, 25);
INSERT INTO realisation(realisation_id, date, distance, activity_id, programme_id, CENTREINTERET_ID, timeframe_id) VALUES (10088, '2018-04-17', 4, 10180, 10022, 10000, 25);
INSERT INTO activity(activity_id, date, distance, estrealisee, programme_id, sport_id, CENTREINTERET_ID, timeframe_id) VALUES (10181, '2018-04-18', 7.4107296370573446, 1, 10022, 1, 10000, 25);
INSERT INTO realisation(realisation_id, date, distance, activity_id, programme_id, CENTREINTERET_ID, timeframe_id) VALUES (10089, '2018-04-18', 4, 10181, 10022, 10000, 25);
INSERT INTO activity(activity_id, date, distance, estrealisee, programme_id, sport_id, CENTREINTERET_ID, timeframe_id) VALUES (10182, '2018-04-19', 11.846806150044504, 1, 10022, 1, 10000, 26);
INSERT INTO realisation(realisation_id, date, distance, activity_id, programme_id, CENTREINTERET_ID, timeframe_id) VALUES (10090, '2018-04-19', 4, 10182, 10022, 10000, 26);
INSERT INTO activity(activity_id, date, distance, estrealisee, programme_id, sport_id, CENTREINTERET_ID, timeframe_id) VALUES (10183, '2018-04-20', 11.865289107851686, 1, 10022, 1, 10000, 33);
INSERT INTO realisation(realisation_id, date, distance, activity_id, programme_id, CENTREINTERET_ID, timeframe_id) VALUES (10091, '2018-04-20', 4, 10183, 10022, 10000, 33);

INSERT INTO point (ID, x, y) VALUES (50023, 45.75916767885338, 4.86139443891158);
INSERT INTO users (ID, USERNAME, PASSWORD, FIRSTNAME, LASTNAME, EMAIL, ENABLED, LASTPASSWORDRESETDATE, OBJECTIFHEBDO, Location_id) VALUES (10023, "user23", "$2a$08$UkVvwpULis18S19S5pZFn.YHPZt3oaqHZnDwqbCW9pft6uFtkXKDC", "user23", "user23", "user23@user.com", 1, "2003/01/22", 9, 50023);
INSERT INTO user_authority (USER_ID, AUTHORITY_ID) VALUES (10023, 2);
INSERT INTO programme(programme_id, date_debut, user_id) VALUES (10023, '2018-04-23', 10023);
INSERT INTO activity(activity_id, date, distance, estrealisee, programme_id, sport_id, CENTREINTERET_ID, timeframe_id) VALUES (10184, '2018-05-01', 9.379391374703282, 0, 10023, 1, 10000, 14);
INSERT INTO activity(activity_id, date, distance, estrealisee, programme_id, sport_id, CENTREINTERET_ID, timeframe_id) VALUES (10185, '2018-05-02', 7.395695885059544, 0, 10023, 1, 10000, 20);
INSERT INTO activity(activity_id, date, distance, estrealisee, programme_id, sport_id, CENTREINTERET_ID, timeframe_id) VALUES (10186, '2018-05-03', 10.548913886253779, 0, 10023, 1, 10000, 31);
INSERT INTO activity(activity_id, date, distance, estrealisee, programme_id, sport_id, CENTREINTERET_ID, timeframe_id) VALUES (10187, '2018-05-04', 8.656552587297972, 0, 10023, 1, 10000, 39);
INSERT INTO activity(activity_id, date, distance, estrealisee, programme_id, sport_id, CENTREINTERET_ID, timeframe_id) VALUES (10188, '2018-04-17', 10.33640753114853, 1, 10023, 1, 10000, 9);
INSERT INTO realisation(realisation_id, date, distance, activity_id, programme_id, CENTREINTERET_ID, timeframe_id) VALUES (10092, '2018-04-17', 4, 10188, 10023, 10000, 9);
INSERT INTO activity(activity_id, date, distance, estrealisee, programme_id, sport_id, CENTREINTERET_ID, timeframe_id) VALUES (10189, '2018-04-18', 11.876158511611223, 1, 10023, 1, 10000, 37);
INSERT INTO realisation(realisation_id, date, distance, activity_id, programme_id, CENTREINTERET_ID, timeframe_id) VALUES (10093, '2018-04-18', 4, 10189, 10023, 10000, 37);
INSERT INTO activity(activity_id, date, distance, estrealisee, programme_id, sport_id, CENTREINTERET_ID, timeframe_id) VALUES (10190, '2018-04-19', 11.179236050518217, 1, 10023, 1, 10000, 29);
INSERT INTO realisation(realisation_id, date, distance, activity_id, programme_id, CENTREINTERET_ID, timeframe_id) VALUES (10094, '2018-04-19', 4, 10190, 10023, 10000, 29);
INSERT INTO activity(activity_id, date, distance, estrealisee, programme_id, sport_id, CENTREINTERET_ID, timeframe_id) VALUES (10191, '2018-04-20', 11.495556834792199, 1, 10023, 1, 10000, 42);
INSERT INTO realisation(realisation_id, date, distance, activity_id, programme_id, CENTREINTERET_ID, timeframe_id) VALUES (10095, '2018-04-20', 4, 10191, 10023, 10000, 42);

INSERT INTO point (ID, x, y) VALUES (50024, 45.77238270035843, 4.867280775496263);
INSERT INTO users (ID, USERNAME, PASSWORD, FIRSTNAME, LASTNAME, EMAIL, ENABLED, LASTPASSWORDRESETDATE, OBJECTIFHEBDO, Location_id) VALUES (10024, "user24", "$2a$08$UkVvwpULis18S19S5pZFn.YHPZt3oaqHZnDwqbCW9pft6uFtkXKDC", "user24", "user24", "user24@user.com", 1, "2003/01/22", 13, 50024);
INSERT INTO user_authority (USER_ID, AUTHORITY_ID) VALUES (10024, 2);
INSERT INTO programme(programme_id, date_debut, user_id) VALUES (10024, '2018-04-23', 10024);
INSERT INTO activity(activity_id, date, distance, estrealisee, programme_id, sport_id, CENTREINTERET_ID, timeframe_id) VALUES (10192, '2018-05-01', 11.291487329616004, 0, 10024, 1, 10000, 14);
INSERT INTO activity(activity_id, date, distance, estrealisee, programme_id, sport_id, CENTREINTERET_ID, timeframe_id) VALUES (10193, '2018-05-02', 9.032284543485197, 0, 10024, 1, 10000, 20);
INSERT INTO activity(activity_id, date, distance, estrealisee, programme_id, sport_id, CENTREINTERET_ID, timeframe_id) VALUES (10194, '2018-05-03', 10.130384094904517, 0, 10024, 1, 10000, 31);
INSERT INTO activity(activity_id, date, distance, estrealisee, programme_id, sport_id, CENTREINTERET_ID, timeframe_id) VALUES (10195, '2018-05-04', 11.462056124706852, 0, 10024, 1, 10000, 39);
INSERT INTO activity(activity_id, date, distance, estrealisee, programme_id, sport_id, CENTREINTERET_ID, timeframe_id) VALUES (10196, '2018-04-17', 7.538991269991776, 1, 10024, 1, 10000, 3);
INSERT INTO realisation(realisation_id, date, distance, activity_id, programme_id, CENTREINTERET_ID, timeframe_id) VALUES (10096, '2018-04-17', 4, 10196, 10024, 10000, 3);
INSERT INTO activity(activity_id, date, distance, estrealisee, programme_id, sport_id, CENTREINTERET_ID, timeframe_id) VALUES (10197, '2018-04-18', 10.99474037704244, 1, 10024, 1, 10000, 7);
INSERT INTO realisation(realisation_id, date, distance, activity_id, programme_id, CENTREINTERET_ID, timeframe_id) VALUES (10097, '2018-04-18', 4, 10197, 10024, 10000, 7);
INSERT INTO activity(activity_id, date, distance, estrealisee, programme_id, sport_id, CENTREINTERET_ID, timeframe_id) VALUES (10198, '2018-04-19', 10.461586320979055, 1, 10024, 1, 10000, 28);
INSERT INTO realisation(realisation_id, date, distance, activity_id, programme_id, CENTREINTERET_ID, timeframe_id) VALUES (10098, '2018-04-19', 4, 10198, 10024, 10000, 28);
INSERT INTO activity(activity_id, date, distance, estrealisee, programme_id, sport_id, CENTREINTERET_ID, timeframe_id) VALUES (10199, '2018-04-20', 8.486974052701305, 1, 10024, 1, 10000, 10);
INSERT INTO realisation(realisation_id, date, distance, activity_id, programme_id, CENTREINTERET_ID, timeframe_id) VALUES (10099, '2018-04-20', 4, 10199, 10024, 10000, 10);

INSERT INTO point (ID, x, y) VALUES (50025, 45.73881624938197, 4.809397738517029);
INSERT INTO users (ID, USERNAME, PASSWORD, FIRSTNAME, LASTNAME, EMAIL, ENABLED, LASTPASSWORDRESETDATE, OBJECTIFHEBDO, Location_id) VALUES (10025, "user25", "$2a$08$UkVvwpULis18S19S5pZFn.YHPZt3oaqHZnDwqbCW9pft6uFtkXKDC", "user25", "user25", "user25@user.com", 1, "2003/01/22", 16, 50025);
INSERT INTO user_authority (USER_ID, AUTHORITY_ID) VALUES (10025, 2);
INSERT INTO programme(programme_id, date_debut, user_id) VALUES (10025, '2018-04-23', 10025);
INSERT INTO activity(activity_id, date, distance, estrealisee, programme_id, sport_id, CENTREINTERET_ID, timeframe_id) VALUES (10200, '2018-05-01', 7.5048028205244925, 0, 10025, 1, 10000, 14);
INSERT INTO activity(activity_id, date, distance, estrealisee, programme_id, sport_id, CENTREINTERET_ID, timeframe_id) VALUES (10201, '2018-05-02', 11.169363142328752, 0, 10025, 1, 10000, 20);
INSERT INTO activity(activity_id, date, distance, estrealisee, programme_id, sport_id, CENTREINTERET_ID, timeframe_id) VALUES (10202, '2018-05-03', 8.007383549505265, 0, 10025, 1, 10000, 31);
INSERT INTO activity(activity_id, date, distance, estrealisee, programme_id, sport_id, CENTREINTERET_ID, timeframe_id) VALUES (10203, '2018-05-04', 9.060759865955358, 0, 10025, 1, 10000, 39);
INSERT INTO activity(activity_id, date, distance, estrealisee, programme_id, sport_id, CENTREINTERET_ID, timeframe_id) VALUES (10204, '2018-04-17', 9.574322165052035, 1, 10025, 1, 10000, 23);
INSERT INTO realisation(realisation_id, date, distance, activity_id, programme_id, CENTREINTERET_ID, timeframe_id) VALUES (10100, '2018-04-17', 4, 10204, 10025, 10000, 23);
INSERT INTO activity(activity_id, date, distance, estrealisee, programme_id, sport_id, CENTREINTERET_ID, timeframe_id) VALUES (10205, '2018-04-18', 7.5788127892280945, 1, 10025, 1, 10000, 17);
INSERT INTO realisation(realisation_id, date, distance, activity_id, programme_id, CENTREINTERET_ID, timeframe_id) VALUES (10101, '2018-04-18', 4, 10205, 10025, 10000, 17);
INSERT INTO activity(activity_id, date, distance, estrealisee, programme_id, sport_id, CENTREINTERET_ID, timeframe_id) VALUES (10206, '2018-04-19', 7.598616567982429, 1, 10025, 1, 10000, 54);
INSERT INTO realisation(realisation_id, date, distance, activity_id, programme_id, CENTREINTERET_ID, timeframe_id) VALUES (10102, '2018-04-19', 4, 10206, 10025, 10000, 54);
INSERT INTO activity(activity_id, date, distance, estrealisee, programme_id, sport_id, CENTREINTERET_ID, timeframe_id) VALUES (10207, '2018-04-20', 7.905176250511913, 1, 10025, 1, 10000, 51);
INSERT INTO realisation(realisation_id, date, distance, activity_id, programme_id, CENTREINTERET_ID, timeframe_id) VALUES (10103, '2018-04-20', 4, 10207, 10025, 10000, 51);

INSERT INTO point (ID, x, y) VALUES (50026, 45.744397051154436, 4.8872461786653565);
INSERT INTO users (ID, USERNAME, PASSWORD, FIRSTNAME, LASTNAME, EMAIL, ENABLED, LASTPASSWORDRESETDATE, OBJECTIFHEBDO, Location_id) VALUES (10026, "user26", "$2a$08$UkVvwpULis18S19S5pZFn.YHPZt3oaqHZnDwqbCW9pft6uFtkXKDC", "user26", "user26", "user26@user.com", 1, "2003/01/22", 20, 50026);
INSERT INTO user_authority (USER_ID, AUTHORITY_ID) VALUES (10026, 2);
INSERT INTO programme(programme_id, date_debut, user_id) VALUES (10026, '2018-04-23', 10026);
INSERT INTO activity(activity_id, date, distance, estrealisee, programme_id, sport_id, CENTREINTERET_ID, timeframe_id) VALUES (10208, '2018-05-01', 9.957095685872533, 0, 10026, 1, 10000, 14);
INSERT INTO activity(activity_id, date, distance, estrealisee, programme_id, sport_id, CENTREINTERET_ID, timeframe_id) VALUES (10209, '2018-05-02', 8.983039830554851, 0, 10026, 1, 10000, 20);
INSERT INTO activity(activity_id, date, distance, estrealisee, programme_id, sport_id, CENTREINTERET_ID, timeframe_id) VALUES (10210, '2018-05-03', 9.292704881524289, 0, 10026, 1, 10000, 31);
INSERT INTO activity(activity_id, date, distance, estrealisee, programme_id, sport_id, CENTREINTERET_ID, timeframe_id) VALUES (10211, '2018-05-04', 7.272512862041381, 0, 10026, 1, 10000, 39);
INSERT INTO activity(activity_id, date, distance, estrealisee, programme_id, sport_id, CENTREINTERET_ID, timeframe_id) VALUES (10212, '2018-04-17', 7.535638152895277, 1, 10026, 1, 10000, 17);
INSERT INTO realisation(realisation_id, date, distance, activity_id, programme_id, CENTREINTERET_ID, timeframe_id) VALUES (10104, '2018-04-17', 4, 10212, 10026, 10000, 17);
INSERT INTO activity(activity_id, date, distance, estrealisee, programme_id, sport_id, CENTREINTERET_ID, timeframe_id) VALUES (10213, '2018-04-18', 7.868260863005301, 1, 10026, 1, 10000, 28);
INSERT INTO realisation(realisation_id, date, distance, activity_id, programme_id, CENTREINTERET_ID, timeframe_id) VALUES (10105, '2018-04-18', 4, 10213, 10026, 10000, 28);
INSERT INTO activity(activity_id, date, distance, estrealisee, programme_id, sport_id, CENTREINTERET_ID, timeframe_id) VALUES (10214, '2018-04-19', 7.691239958825456, 1, 10026, 1, 10000, 40);
INSERT INTO realisation(realisation_id, date, distance, activity_id, programme_id, CENTREINTERET_ID, timeframe_id) VALUES (10106, '2018-04-19', 4, 10214, 10026, 10000, 40);
INSERT INTO activity(activity_id, date, distance, estrealisee, programme_id, sport_id, CENTREINTERET_ID, timeframe_id) VALUES (10215, '2018-04-20', 9.67354424516658, 1, 10026, 1, 10000, 38);
INSERT INTO realisation(realisation_id, date, distance, activity_id, programme_id, CENTREINTERET_ID, timeframe_id) VALUES (10107, '2018-04-20', 4, 10215, 10026, 10000, 38);

INSERT INTO point (ID, x, y) VALUES (50027, 45.750494994803475, 4.882471659481338);
INSERT INTO users (ID, USERNAME, PASSWORD, FIRSTNAME, LASTNAME, EMAIL, ENABLED, LASTPASSWORDRESETDATE, OBJECTIFHEBDO, Location_id) VALUES (10027, "user27", "$2a$08$UkVvwpULis18S19S5pZFn.YHPZt3oaqHZnDwqbCW9pft6uFtkXKDC", "user27", "user27", "user27@user.com", 1, "2003/01/22", 6, 50027);
INSERT INTO user_authority (USER_ID, AUTHORITY_ID) VALUES (10027, 2);
INSERT INTO programme(programme_id, date_debut, user_id) VALUES (10027, '2018-04-23', 10027);
INSERT INTO activity(activity_id, date, distance, estrealisee, programme_id, sport_id, CENTREINTERET_ID, timeframe_id) VALUES (10216, '2018-05-01', 10.309921434820833, 0, 10027, 1, 10000, 14);
INSERT INTO activity(activity_id, date, distance, estrealisee, programme_id, sport_id, CENTREINTERET_ID, timeframe_id) VALUES (10217, '2018-05-02', 8.79386420837327, 0, 10027, 1, 10000, 20);
INSERT INTO activity(activity_id, date, distance, estrealisee, programme_id, sport_id, CENTREINTERET_ID, timeframe_id) VALUES (10218, '2018-05-03', 8.281632121173734, 0, 10027, 1, 10000, 31);
INSERT INTO activity(activity_id, date, distance, estrealisee, programme_id, sport_id, CENTREINTERET_ID, timeframe_id) VALUES (10219, '2018-05-04', 8.712567006724337, 0, 10027, 1, 10000, 39);
INSERT INTO activity(activity_id, date, distance, estrealisee, programme_id, sport_id, CENTREINTERET_ID, timeframe_id) VALUES (10220, '2018-04-17', 10.985606174963163, 1, 10027, 1, 10000, 38);
INSERT INTO realisation(realisation_id, date, distance, activity_id, programme_id, CENTREINTERET_ID, timeframe_id) VALUES (10108, '2018-04-17', 4, 10220, 10027, 10000, 38);
INSERT INTO activity(activity_id, date, distance, estrealisee, programme_id, sport_id, CENTREINTERET_ID, timeframe_id) VALUES (10221, '2018-04-18', 11.729666144982417, 1, 10027, 1, 10000, 39);
INSERT INTO realisation(realisation_id, date, distance, activity_id, programme_id, CENTREINTERET_ID, timeframe_id) VALUES (10109, '2018-04-18', 4, 10221, 10027, 10000, 39);
INSERT INTO activity(activity_id, date, distance, estrealisee, programme_id, sport_id, CENTREINTERET_ID, timeframe_id) VALUES (10222, '2018-04-19', 10.781129128347683, 1, 10027, 1, 10000, 23);
INSERT INTO realisation(realisation_id, date, distance, activity_id, programme_id, CENTREINTERET_ID, timeframe_id) VALUES (10110, '2018-04-19', 4, 10222, 10027, 10000, 23);
INSERT INTO activity(activity_id, date, distance, estrealisee, programme_id, sport_id, CENTREINTERET_ID, timeframe_id) VALUES (10223, '2018-04-20', 7.061158160317606, 1, 10027, 1, 10000, 45);
INSERT INTO realisation(realisation_id, date, distance, activity_id, programme_id, CENTREINTERET_ID, timeframe_id) VALUES (10111, '2018-04-20', 4, 10223, 10027, 10000, 45);

INSERT INTO point (ID, x, y) VALUES (50028, 45.735754338240056, 4.810397115128147);
INSERT INTO users (ID, USERNAME, PASSWORD, FIRSTNAME, LASTNAME, EMAIL, ENABLED, LASTPASSWORDRESETDATE, OBJECTIFHEBDO, Location_id) VALUES (10028, "user28", "$2a$08$UkVvwpULis18S19S5pZFn.YHPZt3oaqHZnDwqbCW9pft6uFtkXKDC", "user28", "user28", "user28@user.com", 1, "2003/01/22", 7, 50028);
INSERT INTO user_authority (USER_ID, AUTHORITY_ID) VALUES (10028, 2);
INSERT INTO programme(programme_id, date_debut, user_id) VALUES (10028, '2018-04-23', 10028);
INSERT INTO activity(activity_id, date, distance, estrealisee, programme_id, sport_id, CENTREINTERET_ID, timeframe_id) VALUES (10224, '2018-05-01', 10.95999307401064, 0, 10028, 1, 10000, 14);
INSERT INTO activity(activity_id, date, distance, estrealisee, programme_id, sport_id, CENTREINTERET_ID, timeframe_id) VALUES (10225, '2018-05-02', 11.771519357230385, 0, 10028, 1, 10000, 20);
INSERT INTO activity(activity_id, date, distance, estrealisee, programme_id, sport_id, CENTREINTERET_ID, timeframe_id) VALUES (10226, '2018-05-03', 9.267931052719355, 0, 10028, 1, 10000, 31);
INSERT INTO activity(activity_id, date, distance, estrealisee, programme_id, sport_id, CENTREINTERET_ID, timeframe_id) VALUES (10227, '2018-05-04', 9.717838006545374, 0, 10028, 1, 10000, 39);
INSERT INTO activity(activity_id, date, distance, estrealisee, programme_id, sport_id, CENTREINTERET_ID, timeframe_id) VALUES (10228, '2018-04-17', 10.821290807193478, 1, 10028, 1, 10000, 3);
INSERT INTO realisation(realisation_id, date, distance, activity_id, programme_id, CENTREINTERET_ID, timeframe_id) VALUES (10112, '2018-04-17', 4, 10228, 10028, 10000, 3);
INSERT INTO activity(activity_id, date, distance, estrealisee, programme_id, sport_id, CENTREINTERET_ID, timeframe_id) VALUES (10229, '2018-04-18', 7.081469546699941, 1, 10028, 1, 10000, 9);
INSERT INTO realisation(realisation_id, date, distance, activity_id, programme_id, CENTREINTERET_ID, timeframe_id) VALUES (10113, '2018-04-18', 4, 10229, 10028, 10000, 9);
INSERT INTO activity(activity_id, date, distance, estrealisee, programme_id, sport_id, CENTREINTERET_ID, timeframe_id) VALUES (10230, '2018-04-19', 7.163129498076458, 1, 10028, 1, 10000, 4);
INSERT INTO realisation(realisation_id, date, distance, activity_id, programme_id, CENTREINTERET_ID, timeframe_id) VALUES (10114, '2018-04-19', 4, 10230, 10028, 10000, 4);
INSERT INTO activity(activity_id, date, distance, estrealisee, programme_id, sport_id, CENTREINTERET_ID, timeframe_id) VALUES (10231, '2018-04-20', 10.224758218171253, 1, 10028, 1, 10000, 25);
INSERT INTO realisation(realisation_id, date, distance, activity_id, programme_id, CENTREINTERET_ID, timeframe_id) VALUES (10115, '2018-04-20', 4, 10231, 10028, 10000, 25);

INSERT INTO point (ID, x, y) VALUES (50029, 45.78709966584122, 4.8370697878961835);
INSERT INTO users (ID, USERNAME, PASSWORD, FIRSTNAME, LASTNAME, EMAIL, ENABLED, LASTPASSWORDRESETDATE, OBJECTIFHEBDO, Location_id) VALUES (10029, "user29", "$2a$08$UkVvwpULis18S19S5pZFn.YHPZt3oaqHZnDwqbCW9pft6uFtkXKDC", "user29", "user29", "user29@user.com", 1, "2003/01/22", 9, 50029);
INSERT INTO user_authority (USER_ID, AUTHORITY_ID) VALUES (10029, 2);
INSERT INTO programme(programme_id, date_debut, user_id) VALUES (10029, '2018-04-23', 10029);
INSERT INTO activity(activity_id, date, distance, estrealisee, programme_id, sport_id, CENTREINTERET_ID, timeframe_id) VALUES (10232, '2018-05-01', 10.656463442865894, 0, 10029, 1, 10000, 14);
INSERT INTO activity(activity_id, date, distance, estrealisee, programme_id, sport_id, CENTREINTERET_ID, timeframe_id) VALUES (10233, '2018-05-02', 8.580465780848776, 0, 10029, 1, 10000, 20);
INSERT INTO activity(activity_id, date, distance, estrealisee, programme_id, sport_id, CENTREINTERET_ID, timeframe_id) VALUES (10234, '2018-05-03', 9.695898864227868, 0, 10029, 1, 10000, 31);
INSERT INTO activity(activity_id, date, distance, estrealisee, programme_id, sport_id, CENTREINTERET_ID, timeframe_id) VALUES (10235, '2018-05-04', 11.589107606470183, 0, 10029, 1, 10000, 39);
INSERT INTO activity(activity_id, date, distance, estrealisee, programme_id, sport_id, CENTREINTERET_ID, timeframe_id) VALUES (10236, '2018-04-17', 11.712432478474225, 1, 10029, 1, 10000, 48);
INSERT INTO realisation(realisation_id, date, distance, activity_id, programme_id, CENTREINTERET_ID, timeframe_id) VALUES (10116, '2018-04-17', 4, 10236, 10029, 10000, 48);
INSERT INTO activity(activity_id, date, distance, estrealisee, programme_id, sport_id, CENTREINTERET_ID, timeframe_id) VALUES (10237, '2018-04-18', 10.899252945849872, 1, 10029, 1, 10000, 26);
INSERT INTO realisation(realisation_id, date, distance, activity_id, programme_id, CENTREINTERET_ID, timeframe_id) VALUES (10117, '2018-04-18', 4, 10237, 10029, 10000, 26);
INSERT INTO activity(activity_id, date, distance, estrealisee, programme_id, sport_id, CENTREINTERET_ID, timeframe_id) VALUES (10238, '2018-04-19', 11.699772439939398, 1, 10029, 1, 10000, 38);
INSERT INTO realisation(realisation_id, date, distance, activity_id, programme_id, CENTREINTERET_ID, timeframe_id) VALUES (10118, '2018-04-19', 4, 10238, 10029, 10000, 38);
INSERT INTO activity(activity_id, date, distance, estrealisee, programme_id, sport_id, CENTREINTERET_ID, timeframe_id) VALUES (10239, '2018-04-20', 10.907764524594718, 1, 10029, 1, 10000, 4);
INSERT INTO realisation(realisation_id, date, distance, activity_id, programme_id, CENTREINTERET_ID, timeframe_id) VALUES (10119, '2018-04-20', 4, 10239, 10029, 10000, 4);

INSERT INTO point (ID, x, y) VALUES (50030, 45.72994002767819, 4.8144033856781165);
INSERT INTO users (ID, USERNAME, PASSWORD, FIRSTNAME, LASTNAME, EMAIL, ENABLED, LASTPASSWORDRESETDATE, OBJECTIFHEBDO, Location_id) VALUES (10030, "user30", "$2a$08$UkVvwpULis18S19S5pZFn.YHPZt3oaqHZnDwqbCW9pft6uFtkXKDC", "user30", "user30", "user30@user.com", 1, "2003/01/22", 19, 50030);
INSERT INTO user_authority (USER_ID, AUTHORITY_ID) VALUES (10030, 2);
INSERT INTO programme(programme_id, date_debut, user_id) VALUES (10030, '2018-04-23', 10030);
INSERT INTO activity(activity_id, date, distance, estrealisee, programme_id, sport_id, CENTREINTERET_ID, timeframe_id) VALUES (10240, '2018-05-01', 10.603479188116873, 0, 10030, 1, 10000, 14);
INSERT INTO activity(activity_id, date, distance, estrealisee, programme_id, sport_id, CENTREINTERET_ID, timeframe_id) VALUES (10241, '2018-05-02', 11.629438725763173, 0, 10030, 1, 10000, 20);
INSERT INTO activity(activity_id, date, distance, estrealisee, programme_id, sport_id, CENTREINTERET_ID, timeframe_id) VALUES (10242, '2018-05-03', 8.223847109517672, 0, 10030, 1, 10000, 31);
INSERT INTO activity(activity_id, date, distance, estrealisee, programme_id, sport_id, CENTREINTERET_ID, timeframe_id) VALUES (10243, '2018-05-04', 11.01626424464518, 0, 10030, 1, 10000, 39);
INSERT INTO activity(activity_id, date, distance, estrealisee, programme_id, sport_id, CENTREINTERET_ID, timeframe_id) VALUES (10244, '2018-04-17', 8.685462585355372, 1, 10030, 1, 10000, 8);
INSERT INTO realisation(realisation_id, date, distance, activity_id, programme_id, CENTREINTERET_ID, timeframe_id) VALUES (10120, '2018-04-17', 4, 10244, 10030, 10000, 8);
INSERT INTO activity(activity_id, date, distance, estrealisee, programme_id, sport_id, CENTREINTERET_ID, timeframe_id) VALUES (10245, '2018-04-18', 10.16448265512862, 1, 10030, 1, 10000, 45);
INSERT INTO realisation(realisation_id, date, distance, activity_id, programme_id, CENTREINTERET_ID, timeframe_id) VALUES (10121, '2018-04-18', 4, 10245, 10030, 10000, 45);
INSERT INTO activity(activity_id, date, distance, estrealisee, programme_id, sport_id, CENTREINTERET_ID, timeframe_id) VALUES (10246, '2018-04-19', 11.94130749678774, 1, 10030, 1, 10000, 40);
INSERT INTO realisation(realisation_id, date, distance, activity_id, programme_id, CENTREINTERET_ID, timeframe_id) VALUES (10122, '2018-04-19', 4, 10246, 10030, 10000, 40);
INSERT INTO activity(activity_id, date, distance, estrealisee, programme_id, sport_id, CENTREINTERET_ID, timeframe_id) VALUES (10247, '2018-04-20', 11.478150389351558, 1, 10030, 1, 10000, 52);
INSERT INTO realisation(realisation_id, date, distance, activity_id, programme_id, CENTREINTERET_ID, timeframe_id) VALUES (10123, '2018-04-20', 4, 10247, 10030, 10000, 52);

INSERT INTO point (ID, x, y) VALUES (50031, 45.7276092543227, 4.811658922116091);
INSERT INTO users (ID, USERNAME, PASSWORD, FIRSTNAME, LASTNAME, EMAIL, ENABLED, LASTPASSWORDRESETDATE, OBJECTIFHEBDO, Location_id) VALUES (10031, "user31", "$2a$08$UkVvwpULis18S19S5pZFn.YHPZt3oaqHZnDwqbCW9pft6uFtkXKDC", "user31", "user31", "user31@user.com", 1, "2003/01/22", 7, 50031);
INSERT INTO user_authority (USER_ID, AUTHORITY_ID) VALUES (10031, 2);
INSERT INTO programme(programme_id, date_debut, user_id) VALUES (10031, '2018-04-23', 10031);
INSERT INTO activity(activity_id, date, distance, estrealisee, programme_id, sport_id, CENTREINTERET_ID, timeframe_id) VALUES (10248, '2018-05-01', 10.566626410858277, 0, 10031, 1, 10000, 14);
INSERT INTO activity(activity_id, date, distance, estrealisee, programme_id, sport_id, CENTREINTERET_ID, timeframe_id) VALUES (10249, '2018-05-02', 7.839134145948234, 0, 10031, 1, 10000, 20);
INSERT INTO activity(activity_id, date, distance, estrealisee, programme_id, sport_id, CENTREINTERET_ID, timeframe_id) VALUES (10250, '2018-05-03', 9.207107330000301, 0, 10031, 1, 10000, 31);
INSERT INTO activity(activity_id, date, distance, estrealisee, programme_id, sport_id, CENTREINTERET_ID, timeframe_id) VALUES (10251, '2018-05-04', 11.82328179855255, 0, 10031, 1, 10000, 39);
INSERT INTO activity(activity_id, date, distance, estrealisee, programme_id, sport_id, CENTREINTERET_ID, timeframe_id) VALUES (10252, '2018-04-17', 9.052834035722402, 1, 10031, 1, 10000, 44);
INSERT INTO realisation(realisation_id, date, distance, activity_id, programme_id, CENTREINTERET_ID, timeframe_id) VALUES (10124, '2018-04-17', 4, 10252, 10031, 10000, 44);
INSERT INTO activity(activity_id, date, distance, estrealisee, programme_id, sport_id, CENTREINTERET_ID, timeframe_id) VALUES (10253, '2018-04-18', 11.371021083890472, 1, 10031, 1, 10000, 13);
INSERT INTO realisation(realisation_id, date, distance, activity_id, programme_id, CENTREINTERET_ID, timeframe_id) VALUES (10125, '2018-04-18', 4, 10253, 10031, 10000, 13);
INSERT INTO activity(activity_id, date, distance, estrealisee, programme_id, sport_id, CENTREINTERET_ID, timeframe_id) VALUES (10254, '2018-04-19', 9.668621720776887, 1, 10031, 1, 10000, 29);
INSERT INTO realisation(realisation_id, date, distance, activity_id, programme_id, CENTREINTERET_ID, timeframe_id) VALUES (10126, '2018-04-19', 4, 10254, 10031, 10000, 29);
INSERT INTO activity(activity_id, date, distance, estrealisee, programme_id, sport_id, CENTREINTERET_ID, timeframe_id) VALUES (10255, '2018-04-20', 11.526409527365345, 1, 10031, 1, 10000, 31);
INSERT INTO realisation(realisation_id, date, distance, activity_id, programme_id, CENTREINTERET_ID, timeframe_id) VALUES (10127, '2018-04-20', 4, 10255, 10031, 10000, 31);

INSERT INTO point (ID, x, y) VALUES (50032, 45.785001526242496, 4.852588293896375);
INSERT INTO users (ID, USERNAME, PASSWORD, FIRSTNAME, LASTNAME, EMAIL, ENABLED, LASTPASSWORDRESETDATE, OBJECTIFHEBDO, Location_id) VALUES (10032, "user32", "$2a$08$UkVvwpULis18S19S5pZFn.YHPZt3oaqHZnDwqbCW9pft6uFtkXKDC", "user32", "user32", "user32@user.com", 1, "2003/01/22", 16, 50032);
INSERT INTO user_authority (USER_ID, AUTHORITY_ID) VALUES (10032, 2);
INSERT INTO programme(programme_id, date_debut, user_id) VALUES (10032, '2018-04-23', 10032);
INSERT INTO activity(activity_id, date, distance, estrealisee, programme_id, sport_id, CENTREINTERET_ID, timeframe_id) VALUES (10256, '2018-05-01', 11.347570362801301, 0, 10032, 1, 10000, 14);
INSERT INTO activity(activity_id, date, distance, estrealisee, programme_id, sport_id, CENTREINTERET_ID, timeframe_id) VALUES (10257, '2018-05-02', 8.408576897781323, 0, 10032, 1, 10000, 20);
INSERT INTO activity(activity_id, date, distance, estrealisee, programme_id, sport_id, CENTREINTERET_ID, timeframe_id) VALUES (10258, '2018-05-03', 10.263106594549457, 0, 10032, 1, 10000, 31);
INSERT INTO activity(activity_id, date, distance, estrealisee, programme_id, sport_id, CENTREINTERET_ID, timeframe_id) VALUES (10259, '2018-05-04', 8.661978337962667, 0, 10032, 1, 10000, 39);
INSERT INTO activity(activity_id, date, distance, estrealisee, programme_id, sport_id, CENTREINTERET_ID, timeframe_id) VALUES (10260, '2018-04-17', 10.18746482164068, 1, 10032, 1, 10000, 13);
INSERT INTO realisation(realisation_id, date, distance, activity_id, programme_id, CENTREINTERET_ID, timeframe_id) VALUES (10128, '2018-04-17', 4, 10260, 10032, 10000, 13);
INSERT INTO activity(activity_id, date, distance, estrealisee, programme_id, sport_id, CENTREINTERET_ID, timeframe_id) VALUES (10261, '2018-04-18', 11.28991039637081, 1, 10032, 1, 10000, 27);
INSERT INTO realisation(realisation_id, date, distance, activity_id, programme_id, CENTREINTERET_ID, timeframe_id) VALUES (10129, '2018-04-18', 4, 10261, 10032, 10000, 27);
INSERT INTO activity(activity_id, date, distance, estrealisee, programme_id, sport_id, CENTREINTERET_ID, timeframe_id) VALUES (10262, '2018-04-19', 10.056347379596307, 1, 10032, 1, 10000, 51);
INSERT INTO realisation(realisation_id, date, distance, activity_id, programme_id, CENTREINTERET_ID, timeframe_id) VALUES (10130, '2018-04-19', 4, 10262, 10032, 10000, 51);
INSERT INTO activity(activity_id, date, distance, estrealisee, programme_id, sport_id, CENTREINTERET_ID, timeframe_id) VALUES (10263, '2018-04-20', 11.014990638829143, 1, 10032, 1, 10000, 51);
INSERT INTO realisation(realisation_id, date, distance, activity_id, programme_id, CENTREINTERET_ID, timeframe_id) VALUES (10131, '2018-04-20', 4, 10263, 10032, 10000, 51);

INSERT INTO point (ID, x, y) VALUES (50033, 45.74452108410064, 4.87346272283944);
INSERT INTO users (ID, USERNAME, PASSWORD, FIRSTNAME, LASTNAME, EMAIL, ENABLED, LASTPASSWORDRESETDATE, OBJECTIFHEBDO, Location_id) VALUES (10033, "user33", "$2a$08$UkVvwpULis18S19S5pZFn.YHPZt3oaqHZnDwqbCW9pft6uFtkXKDC", "user33", "user33", "user33@user.com", 1, "2003/01/22", 15, 50033);
INSERT INTO user_authority (USER_ID, AUTHORITY_ID) VALUES (10033, 2);
INSERT INTO programme(programme_id, date_debut, user_id) VALUES (10033, '2018-04-23', 10033);
INSERT INTO activity(activity_id, date, distance, estrealisee, programme_id, sport_id, CENTREINTERET_ID, timeframe_id) VALUES (10264, '2018-05-01', 9.70078378806889, 0, 10033, 1, 10000, 14);
INSERT INTO activity(activity_id, date, distance, estrealisee, programme_id, sport_id, CENTREINTERET_ID, timeframe_id) VALUES (10265, '2018-05-02', 7.368666914386187, 0, 10033, 1, 10000, 20);
INSERT INTO activity(activity_id, date, distance, estrealisee, programme_id, sport_id, CENTREINTERET_ID, timeframe_id) VALUES (10266, '2018-05-03', 8.720751751137495, 0, 10033, 1, 10000, 31);
INSERT INTO activity(activity_id, date, distance, estrealisee, programme_id, sport_id, CENTREINTERET_ID, timeframe_id) VALUES (10267, '2018-05-04', 10.674589301702945, 0, 10033, 1, 10000, 39);
INSERT INTO activity(activity_id, date, distance, estrealisee, programme_id, sport_id, CENTREINTERET_ID, timeframe_id) VALUES (10268, '2018-04-17', 7.546304153967815, 1, 10033, 1, 10000, 42);
INSERT INTO realisation(realisation_id, date, distance, activity_id, programme_id, CENTREINTERET_ID, timeframe_id) VALUES (10132, '2018-04-17', 4, 10268, 10033, 10000, 42);
INSERT INTO activity(activity_id, date, distance, estrealisee, programme_id, sport_id, CENTREINTERET_ID, timeframe_id) VALUES (10269, '2018-04-18', 7.162971972511156, 1, 10033, 1, 10000, 25);
INSERT INTO realisation(realisation_id, date, distance, activity_id, programme_id, CENTREINTERET_ID, timeframe_id) VALUES (10133, '2018-04-18', 4, 10269, 10033, 10000, 25);
INSERT INTO activity(activity_id, date, distance, estrealisee, programme_id, sport_id, CENTREINTERET_ID, timeframe_id) VALUES (10270, '2018-04-19', 9.470179163088325, 1, 10033, 1, 10000, 17);
INSERT INTO realisation(realisation_id, date, distance, activity_id, programme_id, CENTREINTERET_ID, timeframe_id) VALUES (10134, '2018-04-19', 4, 10270, 10033, 10000, 17);
INSERT INTO activity(activity_id, date, distance, estrealisee, programme_id, sport_id, CENTREINTERET_ID, timeframe_id) VALUES (10271, '2018-04-20', 9.783884565281117, 1, 10033, 1, 10000, 5);
INSERT INTO realisation(realisation_id, date, distance, activity_id, programme_id, CENTREINTERET_ID, timeframe_id) VALUES (10135, '2018-04-20', 4, 10271, 10033, 10000, 5);

INSERT INTO point (ID, x, y) VALUES (50034, 45.72683458665, 4.8771668075127135);
INSERT INTO users (ID, USERNAME, PASSWORD, FIRSTNAME, LASTNAME, EMAIL, ENABLED, LASTPASSWORDRESETDATE, OBJECTIFHEBDO, Location_id) VALUES (10034, "user34", "$2a$08$UkVvwpULis18S19S5pZFn.YHPZt3oaqHZnDwqbCW9pft6uFtkXKDC", "user34", "user34", "user34@user.com", 1, "2003/01/22", 19, 50034);
INSERT INTO user_authority (USER_ID, AUTHORITY_ID) VALUES (10034, 2);
INSERT INTO programme(programme_id, date_debut, user_id) VALUES (10034, '2018-04-23', 10034);
INSERT INTO activity(activity_id, date, distance, estrealisee, programme_id, sport_id, CENTREINTERET_ID, timeframe_id) VALUES (10272, '2018-05-01', 10.735214650178477, 0, 10034, 1, 10000, 14);
INSERT INTO activity(activity_id, date, distance, estrealisee, programme_id, sport_id, CENTREINTERET_ID, timeframe_id) VALUES (10273, '2018-05-02', 7.790283659883757, 0, 10034, 1, 10000, 20);
INSERT INTO activity(activity_id, date, distance, estrealisee, programme_id, sport_id, CENTREINTERET_ID, timeframe_id) VALUES (10274, '2018-05-03', 8.120057069758998, 0, 10034, 1, 10000, 31);
INSERT INTO activity(activity_id, date, distance, estrealisee, programme_id, sport_id, CENTREINTERET_ID, timeframe_id) VALUES (10275, '2018-05-04', 8.062842553337052, 0, 10034, 1, 10000, 39);
INSERT INTO activity(activity_id, date, distance, estrealisee, programme_id, sport_id, CENTREINTERET_ID, timeframe_id) VALUES (10276, '2018-04-17', 10.038114387628468, 1, 10034, 1, 10000, 41);
INSERT INTO realisation(realisation_id, date, distance, activity_id, programme_id, CENTREINTERET_ID, timeframe_id) VALUES (10136, '2018-04-17', 4, 10276, 10034, 10000, 41);
INSERT INTO activity(activity_id, date, distance, estrealisee, programme_id, sport_id, CENTREINTERET_ID, timeframe_id) VALUES (10277, '2018-04-18', 9.839416609051867, 1, 10034, 1, 10000, 54);
INSERT INTO realisation(realisation_id, date, distance, activity_id, programme_id, CENTREINTERET_ID, timeframe_id) VALUES (10137, '2018-04-18', 4, 10277, 10034, 10000, 54);
INSERT INTO activity(activity_id, date, distance, estrealisee, programme_id, sport_id, CENTREINTERET_ID, timeframe_id) VALUES (10278, '2018-04-19', 8.44472240283557, 1, 10034, 1, 10000, 12);
INSERT INTO realisation(realisation_id, date, distance, activity_id, programme_id, CENTREINTERET_ID, timeframe_id) VALUES (10138, '2018-04-19', 4, 10278, 10034, 10000, 12);
INSERT INTO activity(activity_id, date, distance, estrealisee, programme_id, sport_id, CENTREINTERET_ID, timeframe_id) VALUES (10279, '2018-04-20', 8.111632089738853, 1, 10034, 1, 10000, 47);
INSERT INTO realisation(realisation_id, date, distance, activity_id, programme_id, CENTREINTERET_ID, timeframe_id) VALUES (10139, '2018-04-20', 4, 10279, 10034, 10000, 47);

INSERT INTO point (ID, x, y) VALUES (50035, 45.75722313987627, 4.816262626927393);
INSERT INTO users (ID, USERNAME, PASSWORD, FIRSTNAME, LASTNAME, EMAIL, ENABLED, LASTPASSWORDRESETDATE, OBJECTIFHEBDO, Location_id) VALUES (10035, "user35", "$2a$08$UkVvwpULis18S19S5pZFn.YHPZt3oaqHZnDwqbCW9pft6uFtkXKDC", "user35", "user35", "user35@user.com", 1, "2003/01/22", 5, 50035);
INSERT INTO user_authority (USER_ID, AUTHORITY_ID) VALUES (10035, 2);
INSERT INTO programme(programme_id, date_debut, user_id) VALUES (10035, '2018-04-23', 10035);
INSERT INTO activity(activity_id, date, distance, estrealisee, programme_id, sport_id, CENTREINTERET_ID, timeframe_id) VALUES (10280, '2018-05-01', 8.445042634386654, 0, 10035, 1, 10000, 14);
INSERT INTO activity(activity_id, date, distance, estrealisee, programme_id, sport_id, CENTREINTERET_ID, timeframe_id) VALUES (10281, '2018-05-02', 9.536572075974426, 0, 10035, 1, 10000, 20);
INSERT INTO activity(activity_id, date, distance, estrealisee, programme_id, sport_id, CENTREINTERET_ID, timeframe_id) VALUES (10282, '2018-05-03', 9.220799656846136, 0, 10035, 1, 10000, 31);
INSERT INTO activity(activity_id, date, distance, estrealisee, programme_id, sport_id, CENTREINTERET_ID, timeframe_id) VALUES (10283, '2018-05-04', 9.606041026814506, 0, 10035, 1, 10000, 39);
INSERT INTO activity(activity_id, date, distance, estrealisee, programme_id, sport_id, CENTREINTERET_ID, timeframe_id) VALUES (10284, '2018-04-17', 7.010782493368602, 1, 10035, 1, 10000, 49);
INSERT INTO realisation(realisation_id, date, distance, activity_id, programme_id, CENTREINTERET_ID, timeframe_id) VALUES (10140, '2018-04-17', 4, 10284, 10035, 10000, 49);
INSERT INTO activity(activity_id, date, distance, estrealisee, programme_id, sport_id, CENTREINTERET_ID, timeframe_id) VALUES (10285, '2018-04-18', 11.221708940559383, 1, 10035, 1, 10000, 30);
INSERT INTO realisation(realisation_id, date, distance, activity_id, programme_id, CENTREINTERET_ID, timeframe_id) VALUES (10141, '2018-04-18', 4, 10285, 10035, 10000, 30);
INSERT INTO activity(activity_id, date, distance, estrealisee, programme_id, sport_id, CENTREINTERET_ID, timeframe_id) VALUES (10286, '2018-04-19', 7.691171045603459, 1, 10035, 1, 10000, 25);
INSERT INTO realisation(realisation_id, date, distance, activity_id, programme_id, CENTREINTERET_ID, timeframe_id) VALUES (10142, '2018-04-19', 4, 10286, 10035, 10000, 25);
INSERT INTO activity(activity_id, date, distance, estrealisee, programme_id, sport_id, CENTREINTERET_ID, timeframe_id) VALUES (10287, '2018-04-20', 8.628608228671677, 1, 10035, 1, 10000, 41);
INSERT INTO realisation(realisation_id, date, distance, activity_id, programme_id, CENTREINTERET_ID, timeframe_id) VALUES (10143, '2018-04-20', 4, 10287, 10035, 10000, 41);

INSERT INTO point (ID, x, y) VALUES (50036, 45.78056261361383, 4.824234509950507);
INSERT INTO users (ID, USERNAME, PASSWORD, FIRSTNAME, LASTNAME, EMAIL, ENABLED, LASTPASSWORDRESETDATE, OBJECTIFHEBDO, Location_id) VALUES (10036, "user36", "$2a$08$UkVvwpULis18S19S5pZFn.YHPZt3oaqHZnDwqbCW9pft6uFtkXKDC", "user36", "user36", "user36@user.com", 1, "2003/01/22", 19, 50036);
INSERT INTO user_authority (USER_ID, AUTHORITY_ID) VALUES (10036, 2);
INSERT INTO programme(programme_id, date_debut, user_id) VALUES (10036, '2018-04-23', 10036);
INSERT INTO activity(activity_id, date, distance, estrealisee, programme_id, sport_id, CENTREINTERET_ID, timeframe_id) VALUES (10288, '2018-05-01', 8.96067938564595, 0, 10036, 1, 10000, 14);
INSERT INTO activity(activity_id, date, distance, estrealisee, programme_id, sport_id, CENTREINTERET_ID, timeframe_id) VALUES (10289, '2018-05-02', 11.113209787749106, 0, 10036, 1, 10000, 20);
INSERT INTO activity(activity_id, date, distance, estrealisee, programme_id, sport_id, CENTREINTERET_ID, timeframe_id) VALUES (10290, '2018-05-03', 10.710172625482397, 0, 10036, 1, 10000, 31);
INSERT INTO activity(activity_id, date, distance, estrealisee, programme_id, sport_id, CENTREINTERET_ID, timeframe_id) VALUES (10291, '2018-05-04', 10.816558940038039, 0, 10036, 1, 10000, 39);
INSERT INTO activity(activity_id, date, distance, estrealisee, programme_id, sport_id, CENTREINTERET_ID, timeframe_id) VALUES (10292, '2018-04-17', 8.029416888731504, 1, 10036, 1, 10000, 13);
INSERT INTO realisation(realisation_id, date, distance, activity_id, programme_id, CENTREINTERET_ID, timeframe_id) VALUES (10144, '2018-04-17', 4, 10292, 10036, 10000, 13);
INSERT INTO activity(activity_id, date, distance, estrealisee, programme_id, sport_id, CENTREINTERET_ID, timeframe_id) VALUES (10293, '2018-04-18', 7.881310207050937, 1, 10036, 1, 10000, 33);
INSERT INTO realisation(realisation_id, date, distance, activity_id, programme_id, CENTREINTERET_ID, timeframe_id) VALUES (10145, '2018-04-18', 4, 10293, 10036, 10000, 33);
INSERT INTO activity(activity_id, date, distance, estrealisee, programme_id, sport_id, CENTREINTERET_ID, timeframe_id) VALUES (10294, '2018-04-19', 8.327435355762155, 1, 10036, 1, 10000, 49);
INSERT INTO realisation(realisation_id, date, distance, activity_id, programme_id, CENTREINTERET_ID, timeframe_id) VALUES (10146, '2018-04-19', 4, 10294, 10036, 10000, 49);
INSERT INTO activity(activity_id, date, distance, estrealisee, programme_id, sport_id, CENTREINTERET_ID, timeframe_id) VALUES (10295, '2018-04-20', 10.699460692955373, 1, 10036, 1, 10000, 5);
INSERT INTO realisation(realisation_id, date, distance, activity_id, programme_id, CENTREINTERET_ID, timeframe_id) VALUES (10147, '2018-04-20', 4, 10295, 10036, 10000, 5);

INSERT INTO point (ID, x, y) VALUES (50037, 45.74945406189961, 4.889790629838112);
INSERT INTO users (ID, USERNAME, PASSWORD, FIRSTNAME, LASTNAME, EMAIL, ENABLED, LASTPASSWORDRESETDATE, OBJECTIFHEBDO, Location_id) VALUES (10037, "user37", "$2a$08$UkVvwpULis18S19S5pZFn.YHPZt3oaqHZnDwqbCW9pft6uFtkXKDC", "user37", "user37", "user37@user.com", 1, "2003/01/22", 14, 50037);
INSERT INTO user_authority (USER_ID, AUTHORITY_ID) VALUES (10037, 2);
INSERT INTO programme(programme_id, date_debut, user_id) VALUES (10037, '2018-04-23', 10037);
INSERT INTO activity(activity_id, date, distance, estrealisee, programme_id, sport_id, CENTREINTERET_ID, timeframe_id) VALUES (10296, '2018-05-01', 10.726167527281145, 0, 10037, 1, 10000, 14);
INSERT INTO activity(activity_id, date, distance, estrealisee, programme_id, sport_id, CENTREINTERET_ID, timeframe_id) VALUES (10297, '2018-05-02', 11.991329131669591, 0, 10037, 1, 10000, 20);
INSERT INTO activity(activity_id, date, distance, estrealisee, programme_id, sport_id, CENTREINTERET_ID, timeframe_id) VALUES (10298, '2018-05-03', 7.0197633981117455, 0, 10037, 1, 10000, 31);
INSERT INTO activity(activity_id, date, distance, estrealisee, programme_id, sport_id, CENTREINTERET_ID, timeframe_id) VALUES (10299, '2018-05-04', 9.308853949002359, 0, 10037, 1, 10000, 39);
INSERT INTO activity(activity_id, date, distance, estrealisee, programme_id, sport_id, CENTREINTERET_ID, timeframe_id) VALUES (10300, '2018-04-17', 8.76539003211491, 1, 10037, 1, 10000, 27);
INSERT INTO realisation(realisation_id, date, distance, activity_id, programme_id, CENTREINTERET_ID, timeframe_id) VALUES (10148, '2018-04-17', 4, 10300, 10037, 10000, 27);
INSERT INTO activity(activity_id, date, distance, estrealisee, programme_id, sport_id, CENTREINTERET_ID, timeframe_id) VALUES (10301, '2018-04-18', 9.495171816038127, 1, 10037, 1, 10000, 41);
INSERT INTO realisation(realisation_id, date, distance, activity_id, programme_id, CENTREINTERET_ID, timeframe_id) VALUES (10149, '2018-04-18', 4, 10301, 10037, 10000, 41);
INSERT INTO activity(activity_id, date, distance, estrealisee, programme_id, sport_id, CENTREINTERET_ID, timeframe_id) VALUES (10302, '2018-04-19', 10.210510286515742, 1, 10037, 1, 10000, 37);
INSERT INTO realisation(realisation_id, date, distance, activity_id, programme_id, CENTREINTERET_ID, timeframe_id) VALUES (10150, '2018-04-19', 4, 10302, 10037, 10000, 37);
INSERT INTO activity(activity_id, date, distance, estrealisee, programme_id, sport_id, CENTREINTERET_ID, timeframe_id) VALUES (10303, '2018-04-20', 11.558235054791098, 1, 10037, 1, 10000, 5);
INSERT INTO realisation(realisation_id, date, distance, activity_id, programme_id, CENTREINTERET_ID, timeframe_id) VALUES (10151, '2018-04-20', 4, 10303, 10037, 10000, 5);

INSERT INTO point (ID, x, y) VALUES (50038, 45.77906298467715, 4.817967234164747);
INSERT INTO users (ID, USERNAME, PASSWORD, FIRSTNAME, LASTNAME, EMAIL, ENABLED, LASTPASSWORDRESETDATE, OBJECTIFHEBDO, Location_id) VALUES (10038, "user38", "$2a$08$UkVvwpULis18S19S5pZFn.YHPZt3oaqHZnDwqbCW9pft6uFtkXKDC", "user38", "user38", "user38@user.com", 1, "2003/01/22", 9, 50038);
INSERT INTO user_authority (USER_ID, AUTHORITY_ID) VALUES (10038, 2);
INSERT INTO programme(programme_id, date_debut, user_id) VALUES (10038, '2018-04-23', 10038);
INSERT INTO activity(activity_id, date, distance, estrealisee, programme_id, sport_id, CENTREINTERET_ID, timeframe_id) VALUES (10304, '2018-05-01', 8.4999884234694, 0, 10038, 1, 10000, 14);
INSERT INTO activity(activity_id, date, distance, estrealisee, programme_id, sport_id, CENTREINTERET_ID, timeframe_id) VALUES (10305, '2018-05-02', 10.43300172172259, 0, 10038, 1, 10000, 20);
INSERT INTO activity(activity_id, date, distance, estrealisee, programme_id, sport_id, CENTREINTERET_ID, timeframe_id) VALUES (10306, '2018-05-03', 7.889612263317159, 0, 10038, 1, 10000, 31);
INSERT INTO activity(activity_id, date, distance, estrealisee, programme_id, sport_id, CENTREINTERET_ID, timeframe_id) VALUES (10307, '2018-05-04', 9.365628497454338, 0, 10038, 1, 10000, 39);
INSERT INTO activity(activity_id, date, distance, estrealisee, programme_id, sport_id, CENTREINTERET_ID, timeframe_id) VALUES (10308, '2018-04-17', 7.439230212120032, 1, 10038, 1, 10000, 53);
INSERT INTO realisation(realisation_id, date, distance, activity_id, programme_id, CENTREINTERET_ID, timeframe_id) VALUES (10152, '2018-04-17', 4, 10308, 10038, 10000, 53);
INSERT INTO activity(activity_id, date, distance, estrealisee, programme_id, sport_id, CENTREINTERET_ID, timeframe_id) VALUES (10309, '2018-04-18', 8.985531135660448, 1, 10038, 1, 10000, 6);
INSERT INTO realisation(realisation_id, date, distance, activity_id, programme_id, CENTREINTERET_ID, timeframe_id) VALUES (10153, '2018-04-18', 4, 10309, 10038, 10000, 6);
INSERT INTO activity(activity_id, date, distance, estrealisee, programme_id, sport_id, CENTREINTERET_ID, timeframe_id) VALUES (10310, '2018-04-19', 9.777241071552172, 1, 10038, 1, 10000, 34);
INSERT INTO realisation(realisation_id, date, distance, activity_id, programme_id, CENTREINTERET_ID, timeframe_id) VALUES (10154, '2018-04-19', 4, 10310, 10038, 10000, 34);
INSERT INTO activity(activity_id, date, distance, estrealisee, programme_id, sport_id, CENTREINTERET_ID, timeframe_id) VALUES (10311, '2018-04-20', 9.969855950411361, 1, 10038, 1, 10000, 43);
INSERT INTO realisation(realisation_id, date, distance, activity_id, programme_id, CENTREINTERET_ID, timeframe_id) VALUES (10155, '2018-04-20', 4, 10311, 10038, 10000, 43);

INSERT INTO point (ID, x, y) VALUES (50039, 45.758671194237664, 4.85557656173475);
INSERT INTO users (ID, USERNAME, PASSWORD, FIRSTNAME, LASTNAME, EMAIL, ENABLED, LASTPASSWORDRESETDATE, OBJECTIFHEBDO, Location_id) VALUES (10039, "user39", "$2a$08$UkVvwpULis18S19S5pZFn.YHPZt3oaqHZnDwqbCW9pft6uFtkXKDC", "user39", "user39", "user39@user.com", 1, "2003/01/22", 15, 50039);
INSERT INTO user_authority (USER_ID, AUTHORITY_ID) VALUES (10039, 2);
INSERT INTO programme(programme_id, date_debut, user_id) VALUES (10039, '2018-04-23', 10039);
INSERT INTO activity(activity_id, date, distance, estrealisee, programme_id, sport_id, CENTREINTERET_ID, timeframe_id) VALUES (10312, '2018-05-01', 8.43075712989328, 0, 10039, 1, 10000, 14);
INSERT INTO activity(activity_id, date, distance, estrealisee, programme_id, sport_id, CENTREINTERET_ID, timeframe_id) VALUES (10313, '2018-05-02', 8.171370618816542, 0, 10039, 1, 10000, 20);
INSERT INTO activity(activity_id, date, distance, estrealisee, programme_id, sport_id, CENTREINTERET_ID, timeframe_id) VALUES (10314, '2018-05-03', 7.811381253647144, 0, 10039, 1, 10000, 31);
INSERT INTO activity(activity_id, date, distance, estrealisee, programme_id, sport_id, CENTREINTERET_ID, timeframe_id) VALUES (10315, '2018-05-04', 8.26441011583753, 0, 10039, 1, 10000, 39);
INSERT INTO activity(activity_id, date, distance, estrealisee, programme_id, sport_id, CENTREINTERET_ID, timeframe_id) VALUES (10316, '2018-04-17', 9.065933906699147, 1, 10039, 1, 10000, 16);
INSERT INTO realisation(realisation_id, date, distance, activity_id, programme_id, CENTREINTERET_ID, timeframe_id) VALUES (10156, '2018-04-17', 4, 10316, 10039, 10000, 16);
INSERT INTO activity(activity_id, date, distance, estrealisee, programme_id, sport_id, CENTREINTERET_ID, timeframe_id) VALUES (10317, '2018-04-18', 10.040587445345613, 1, 10039, 1, 10000, 25);
INSERT INTO realisation(realisation_id, date, distance, activity_id, programme_id, CENTREINTERET_ID, timeframe_id) VALUES (10157, '2018-04-18', 4, 10317, 10039, 10000, 25);
INSERT INTO activity(activity_id, date, distance, estrealisee, programme_id, sport_id, CENTREINTERET_ID, timeframe_id) VALUES (10318, '2018-04-19', 7.127581775712711, 1, 10039, 1, 10000, 43);
INSERT INTO realisation(realisation_id, date, distance, activity_id, programme_id, CENTREINTERET_ID, timeframe_id) VALUES (10158, '2018-04-19', 4, 10318, 10039, 10000, 43);
INSERT INTO activity(activity_id, date, distance, estrealisee, programme_id, sport_id, CENTREINTERET_ID, timeframe_id) VALUES (10319, '2018-04-20', 10.065560538399081, 1, 10039, 1, 10000, 20);
INSERT INTO realisation(realisation_id, date, distance, activity_id, programme_id, CENTREINTERET_ID, timeframe_id) VALUES (10159, '2018-04-20', 4, 10319, 10039, 10000, 20);

INSERT INTO point (ID, x, y) VALUES (50040, 45.77307604664447, 4.8152551240873525);
INSERT INTO users (ID, USERNAME, PASSWORD, FIRSTNAME, LASTNAME, EMAIL, ENABLED, LASTPASSWORDRESETDATE, OBJECTIFHEBDO, Location_id) VALUES (10040, "user40", "$2a$08$UkVvwpULis18S19S5pZFn.YHPZt3oaqHZnDwqbCW9pft6uFtkXKDC", "user40", "user40", "user40@user.com", 1, "2003/01/22", 11, 50040);
INSERT INTO user_authority (USER_ID, AUTHORITY_ID) VALUES (10040, 2);
INSERT INTO programme(programme_id, date_debut, user_id) VALUES (10040, '2018-04-23', 10040);
INSERT INTO activity(activity_id, date, distance, estrealisee, programme_id, sport_id, CENTREINTERET_ID, timeframe_id) VALUES (10320, '2018-05-01', 8.507776402567965, 0, 10040, 1, 10000, 14);
INSERT INTO activity(activity_id, date, distance, estrealisee, programme_id, sport_id, CENTREINTERET_ID, timeframe_id) VALUES (10321, '2018-05-02', 9.942128445629027, 0, 10040, 1, 10000, 20);
INSERT INTO activity(activity_id, date, distance, estrealisee, programme_id, sport_id, CENTREINTERET_ID, timeframe_id) VALUES (10322, '2018-05-03', 11.193690324797535, 0, 10040, 1, 10000, 31);
INSERT INTO activity(activity_id, date, distance, estrealisee, programme_id, sport_id, CENTREINTERET_ID, timeframe_id) VALUES (10323, '2018-05-04', 9.391464312807285, 0, 10040, 1, 10000, 39);
INSERT INTO activity(activity_id, date, distance, estrealisee, programme_id, sport_id, CENTREINTERET_ID, timeframe_id) VALUES (10324, '2018-04-17', 8.616940024904503, 1, 10040, 1, 10000, 44);
INSERT INTO realisation(realisation_id, date, distance, activity_id, programme_id, CENTREINTERET_ID, timeframe_id) VALUES (10160, '2018-04-17', 4, 10324, 10040, 10000, 44);
INSERT INTO activity(activity_id, date, distance, estrealisee, programme_id, sport_id, CENTREINTERET_ID, timeframe_id) VALUES (10325, '2018-04-18', 7.208244959025821, 1, 10040, 1, 10000, 33);
INSERT INTO realisation(realisation_id, date, distance, activity_id, programme_id, CENTREINTERET_ID, timeframe_id) VALUES (10161, '2018-04-18', 4, 10325, 10040, 10000, 33);
INSERT INTO activity(activity_id, date, distance, estrealisee, programme_id, sport_id, CENTREINTERET_ID, timeframe_id) VALUES (10326, '2018-04-19', 11.823271864622665, 1, 10040, 1, 10000, 10);
INSERT INTO realisation(realisation_id, date, distance, activity_id, programme_id, CENTREINTERET_ID, timeframe_id) VALUES (10162, '2018-04-19', 4, 10326, 10040, 10000, 10);
INSERT INTO activity(activity_id, date, distance, estrealisee, programme_id, sport_id, CENTREINTERET_ID, timeframe_id) VALUES (10327, '2018-04-20', 8.149260409702492, 1, 10040, 1, 10000, 49);
INSERT INTO realisation(realisation_id, date, distance, activity_id, programme_id, CENTREINTERET_ID, timeframe_id) VALUES (10163, '2018-04-20', 4, 10327, 10040, 10000, 49);

INSERT INTO point (ID, x, y) VALUES (50041, 45.73345616752987, 4.864524891783896);
INSERT INTO users (ID, USERNAME, PASSWORD, FIRSTNAME, LASTNAME, EMAIL, ENABLED, LASTPASSWORDRESETDATE, OBJECTIFHEBDO, Location_id) VALUES (10041, "user41", "$2a$08$UkVvwpULis18S19S5pZFn.YHPZt3oaqHZnDwqbCW9pft6uFtkXKDC", "user41", "user41", "user41@user.com", 1, "2003/01/22", 5, 50041);
INSERT INTO user_authority (USER_ID, AUTHORITY_ID) VALUES (10041, 2);
INSERT INTO programme(programme_id, date_debut, user_id) VALUES (10041, '2018-04-23', 10041);
INSERT INTO activity(activity_id, date, distance, estrealisee, programme_id, sport_id, CENTREINTERET_ID, timeframe_id) VALUES (10328, '2018-05-01', 11.574387903741814, 0, 10041, 1, 10000, 14);
INSERT INTO activity(activity_id, date, distance, estrealisee, programme_id, sport_id, CENTREINTERET_ID, timeframe_id) VALUES (10329, '2018-05-02', 8.593806581027707, 0, 10041, 1, 10000, 20);
INSERT INTO activity(activity_id, date, distance, estrealisee, programme_id, sport_id, CENTREINTERET_ID, timeframe_id) VALUES (10330, '2018-05-03', 11.806984772463418, 0, 10041, 1, 10000, 31);
INSERT INTO activity(activity_id, date, distance, estrealisee, programme_id, sport_id, CENTREINTERET_ID, timeframe_id) VALUES (10331, '2018-05-04', 9.021805021792126, 0, 10041, 1, 10000, 39);
INSERT INTO activity(activity_id, date, distance, estrealisee, programme_id, sport_id, CENTREINTERET_ID, timeframe_id) VALUES (10332, '2018-04-17', 11.151045821464724, 1, 10041, 1, 10000, 54);
INSERT INTO realisation(realisation_id, date, distance, activity_id, programme_id, CENTREINTERET_ID, timeframe_id) VALUES (10164, '2018-04-17', 4, 10332, 10041, 10000, 54);
INSERT INTO activity(activity_id, date, distance, estrealisee, programme_id, sport_id, CENTREINTERET_ID, timeframe_id) VALUES (10333, '2018-04-18', 7.040352952812133, 1, 10041, 1, 10000, 37);
INSERT INTO realisation(realisation_id, date, distance, activity_id, programme_id, CENTREINTERET_ID, timeframe_id) VALUES (10165, '2018-04-18', 4, 10333, 10041, 10000, 37);
INSERT INTO activity(activity_id, date, distance, estrealisee, programme_id, sport_id, CENTREINTERET_ID, timeframe_id) VALUES (10334, '2018-04-19', 9.301138967199485, 1, 10041, 1, 10000, 35);
INSERT INTO realisation(realisation_id, date, distance, activity_id, programme_id, CENTREINTERET_ID, timeframe_id) VALUES (10166, '2018-04-19', 4, 10334, 10041, 10000, 35);
INSERT INTO activity(activity_id, date, distance, estrealisee, programme_id, sport_id, CENTREINTERET_ID, timeframe_id) VALUES (10335, '2018-04-20', 10.537172693237189, 1, 10041, 1, 10000, 1);
INSERT INTO realisation(realisation_id, date, distance, activity_id, programme_id, CENTREINTERET_ID, timeframe_id) VALUES (10167, '2018-04-20', 4, 10335, 10041, 10000, 1);

INSERT INTO point (ID, x, y) VALUES (50042, 45.773760621794125, 4.81596573424532);
INSERT INTO users (ID, USERNAME, PASSWORD, FIRSTNAME, LASTNAME, EMAIL, ENABLED, LASTPASSWORDRESETDATE, OBJECTIFHEBDO, Location_id) VALUES (10042, "user42", "$2a$08$UkVvwpULis18S19S5pZFn.YHPZt3oaqHZnDwqbCW9pft6uFtkXKDC", "user42", "user42", "user42@user.com", 1, "2003/01/22", 13, 50042);
INSERT INTO user_authority (USER_ID, AUTHORITY_ID) VALUES (10042, 2);
INSERT INTO programme(programme_id, date_debut, user_id) VALUES (10042, '2018-04-23', 10042);
INSERT INTO activity(activity_id, date, distance, estrealisee, programme_id, sport_id, CENTREINTERET_ID, timeframe_id) VALUES (10336, '2018-05-01', 11.485796974904712, 0, 10042, 1, 10000, 14);
INSERT INTO activity(activity_id, date, distance, estrealisee, programme_id, sport_id, CENTREINTERET_ID, timeframe_id) VALUES (10337, '2018-05-02', 11.492847792151721, 0, 10042, 1, 10000, 20);
INSERT INTO activity(activity_id, date, distance, estrealisee, programme_id, sport_id, CENTREINTERET_ID, timeframe_id) VALUES (10338, '2018-05-03', 9.642155147408634, 0, 10042, 1, 10000, 31);
INSERT INTO activity(activity_id, date, distance, estrealisee, programme_id, sport_id, CENTREINTERET_ID, timeframe_id) VALUES (10339, '2018-05-04', 11.292368280556671, 0, 10042, 1, 10000, 39);
INSERT INTO activity(activity_id, date, distance, estrealisee, programme_id, sport_id, CENTREINTERET_ID, timeframe_id) VALUES (10340, '2018-04-17', 8.164760235537592, 1, 10042, 1, 10000, 4);
INSERT INTO realisation(realisation_id, date, distance, activity_id, programme_id, CENTREINTERET_ID, timeframe_id) VALUES (10168, '2018-04-17', 4, 10340, 10042, 10000, 4);
INSERT INTO activity(activity_id, date, distance, estrealisee, programme_id, sport_id, CENTREINTERET_ID, timeframe_id) VALUES (10341, '2018-04-18', 8.463777232877334, 1, 10042, 1, 10000, 52);
INSERT INTO realisation(realisation_id, date, distance, activity_id, programme_id, CENTREINTERET_ID, timeframe_id) VALUES (10169, '2018-04-18', 4, 10341, 10042, 10000, 52);
INSERT INTO activity(activity_id, date, distance, estrealisee, programme_id, sport_id, CENTREINTERET_ID, timeframe_id) VALUES (10342, '2018-04-19', 7.356770725274823, 1, 10042, 1, 10000, 47);
INSERT INTO realisation(realisation_id, date, distance, activity_id, programme_id, CENTREINTERET_ID, timeframe_id) VALUES (10170, '2018-04-19', 4, 10342, 10042, 10000, 47);
INSERT INTO activity(activity_id, date, distance, estrealisee, programme_id, sport_id, CENTREINTERET_ID, timeframe_id) VALUES (10343, '2018-04-20', 10.641321040208991, 1, 10042, 1, 10000, 33);
INSERT INTO realisation(realisation_id, date, distance, activity_id, programme_id, CENTREINTERET_ID, timeframe_id) VALUES (10171, '2018-04-20', 4, 10343, 10042, 10000, 33);

INSERT INTO point (ID, x, y) VALUES (50043, 45.792987987528015, 4.810701383101231);
INSERT INTO users (ID, USERNAME, PASSWORD, FIRSTNAME, LASTNAME, EMAIL, ENABLED, LASTPASSWORDRESETDATE, OBJECTIFHEBDO, Location_id) VALUES (10043, "user43", "$2a$08$UkVvwpULis18S19S5pZFn.YHPZt3oaqHZnDwqbCW9pft6uFtkXKDC", "user43", "user43", "user43@user.com", 1, "2003/01/22", 7, 50043);
INSERT INTO user_authority (USER_ID, AUTHORITY_ID) VALUES (10043, 2);
INSERT INTO programme(programme_id, date_debut, user_id) VALUES (10043, '2018-04-23', 10043);
INSERT INTO activity(activity_id, date, distance, estrealisee, programme_id, sport_id, CENTREINTERET_ID, timeframe_id) VALUES (10344, '2018-05-01', 11.02466550950031, 0, 10043, 1, 10000, 14);
INSERT INTO activity(activity_id, date, distance, estrealisee, programme_id, sport_id, CENTREINTERET_ID, timeframe_id) VALUES (10345, '2018-05-02', 7.754706533419206, 0, 10043, 1, 10000, 20);
INSERT INTO activity(activity_id, date, distance, estrealisee, programme_id, sport_id, CENTREINTERET_ID, timeframe_id) VALUES (10346, '2018-05-03', 8.105320419104656, 0, 10043, 1, 10000, 31);
INSERT INTO activity(activity_id, date, distance, estrealisee, programme_id, sport_id, CENTREINTERET_ID, timeframe_id) VALUES (10347, '2018-05-04', 7.3218825459532475, 0, 10043, 1, 10000, 39);
INSERT INTO activity(activity_id, date, distance, estrealisee, programme_id, sport_id, CENTREINTERET_ID, timeframe_id) VALUES (10348, '2018-04-17', 8.703758756142593, 1, 10043, 1, 10000, 5);
INSERT INTO realisation(realisation_id, date, distance, activity_id, programme_id, CENTREINTERET_ID, timeframe_id) VALUES (10172, '2018-04-17', 4, 10348, 10043, 10000, 5);
INSERT INTO activity(activity_id, date, distance, estrealisee, programme_id, sport_id, CENTREINTERET_ID, timeframe_id) VALUES (10349, '2018-04-18', 11.486454208407508, 1, 10043, 1, 10000, 45);
INSERT INTO realisation(realisation_id, date, distance, activity_id, programme_id, CENTREINTERET_ID, timeframe_id) VALUES (10173, '2018-04-18', 4, 10349, 10043, 10000, 45);
INSERT INTO activity(activity_id, date, distance, estrealisee, programme_id, sport_id, CENTREINTERET_ID, timeframe_id) VALUES (10350, '2018-04-19', 8.478768045844255, 1, 10043, 1, 10000, 43);
INSERT INTO realisation(realisation_id, date, distance, activity_id, programme_id, CENTREINTERET_ID, timeframe_id) VALUES (10174, '2018-04-19', 4, 10350, 10043, 10000, 43);
INSERT INTO activity(activity_id, date, distance, estrealisee, programme_id, sport_id, CENTREINTERET_ID, timeframe_id) VALUES (10351, '2018-04-20', 10.495721960677924, 1, 10043, 1, 10000, 51);
INSERT INTO realisation(realisation_id, date, distance, activity_id, programme_id, CENTREINTERET_ID, timeframe_id) VALUES (10175, '2018-04-20', 4, 10351, 10043, 10000, 51);

INSERT INTO point (ID, x, y) VALUES (50044, 45.76644468812009, 4.817437207742536);
INSERT INTO users (ID, USERNAME, PASSWORD, FIRSTNAME, LASTNAME, EMAIL, ENABLED, LASTPASSWORDRESETDATE, OBJECTIFHEBDO, Location_id) VALUES (10044, "user44", "$2a$08$UkVvwpULis18S19S5pZFn.YHPZt3oaqHZnDwqbCW9pft6uFtkXKDC", "user44", "user44", "user44@user.com", 1, "2003/01/22", 13, 50044);
INSERT INTO user_authority (USER_ID, AUTHORITY_ID) VALUES (10044, 2);
INSERT INTO programme(programme_id, date_debut, user_id) VALUES (10044, '2018-04-23', 10044);
INSERT INTO activity(activity_id, date, distance, estrealisee, programme_id, sport_id, CENTREINTERET_ID, timeframe_id) VALUES (10352, '2018-05-01', 11.711836873166266, 0, 10044, 1, 10000, 14);
INSERT INTO activity(activity_id, date, distance, estrealisee, programme_id, sport_id, CENTREINTERET_ID, timeframe_id) VALUES (10353, '2018-05-02', 7.154060505784584, 0, 10044, 1, 10000, 20);
INSERT INTO activity(activity_id, date, distance, estrealisee, programme_id, sport_id, CENTREINTERET_ID, timeframe_id) VALUES (10354, '2018-05-03', 10.872064844812453, 0, 10044, 1, 10000, 31);
INSERT INTO activity(activity_id, date, distance, estrealisee, programme_id, sport_id, CENTREINTERET_ID, timeframe_id) VALUES (10355, '2018-05-04', 11.836520177494254, 0, 10044, 1, 10000, 39);
INSERT INTO activity(activity_id, date, distance, estrealisee, programme_id, sport_id, CENTREINTERET_ID, timeframe_id) VALUES (10356, '2018-04-17', 11.17443545392993, 1, 10044, 1, 10000, 32);
INSERT INTO realisation(realisation_id, date, distance, activity_id, programme_id, CENTREINTERET_ID, timeframe_id) VALUES (10176, '2018-04-17', 4, 10356, 10044, 10000, 32);
INSERT INTO activity(activity_id, date, distance, estrealisee, programme_id, sport_id, CENTREINTERET_ID, timeframe_id) VALUES (10357, '2018-04-18', 11.735595536854131, 1, 10044, 1, 10000, 23);
INSERT INTO realisation(realisation_id, date, distance, activity_id, programme_id, CENTREINTERET_ID, timeframe_id) VALUES (10177, '2018-04-18', 4, 10357, 10044, 10000, 23);
INSERT INTO activity(activity_id, date, distance, estrealisee, programme_id, sport_id, CENTREINTERET_ID, timeframe_id) VALUES (10358, '2018-04-19', 11.175871234173476, 1, 10044, 1, 10000, 18);
INSERT INTO realisation(realisation_id, date, distance, activity_id, programme_id, CENTREINTERET_ID, timeframe_id) VALUES (10178, '2018-04-19', 4, 10358, 10044, 10000, 18);
INSERT INTO activity(activity_id, date, distance, estrealisee, programme_id, sport_id, CENTREINTERET_ID, timeframe_id) VALUES (10359, '2018-04-20', 8.048788287975329, 1, 10044, 1, 10000, 22);
INSERT INTO realisation(realisation_id, date, distance, activity_id, programme_id, CENTREINTERET_ID, timeframe_id) VALUES (10179, '2018-04-20', 4, 10359, 10044, 10000, 22);

INSERT INTO point (ID, x, y) VALUES (50045, 45.74476086807956, 4.865819573645989);
INSERT INTO users (ID, USERNAME, PASSWORD, FIRSTNAME, LASTNAME, EMAIL, ENABLED, LASTPASSWORDRESETDATE, OBJECTIFHEBDO, Location_id) VALUES (10045, "user45", "$2a$08$UkVvwpULis18S19S5pZFn.YHPZt3oaqHZnDwqbCW9pft6uFtkXKDC", "user45", "user45", "user45@user.com", 1, "2003/01/22", 8, 50045);
INSERT INTO user_authority (USER_ID, AUTHORITY_ID) VALUES (10045, 2);
INSERT INTO programme(programme_id, date_debut, user_id) VALUES (10045, '2018-04-23', 10045);
INSERT INTO activity(activity_id, date, distance, estrealisee, programme_id, sport_id, CENTREINTERET_ID, timeframe_id) VALUES (10360, '2018-05-01', 9.913674837863937, 0, 10045, 1, 10000, 14);
INSERT INTO activity(activity_id, date, distance, estrealisee, programme_id, sport_id, CENTREINTERET_ID, timeframe_id) VALUES (10361, '2018-05-02', 11.344984870255423, 0, 10045, 1, 10000, 20);
INSERT INTO activity(activity_id, date, distance, estrealisee, programme_id, sport_id, CENTREINTERET_ID, timeframe_id) VALUES (10362, '2018-05-03', 11.932726823562891, 0, 10045, 1, 10000, 31);
INSERT INTO activity(activity_id, date, distance, estrealisee, programme_id, sport_id, CENTREINTERET_ID, timeframe_id) VALUES (10363, '2018-05-04', 9.41275552819906, 0, 10045, 1, 10000, 39);
INSERT INTO activity(activity_id, date, distance, estrealisee, programme_id, sport_id, CENTREINTERET_ID, timeframe_id) VALUES (10364, '2018-04-17', 10.255521612776437, 1, 10045, 1, 10000, 47);
INSERT INTO realisation(realisation_id, date, distance, activity_id, programme_id, CENTREINTERET_ID, timeframe_id) VALUES (10180, '2018-04-17', 4, 10364, 10045, 10000, 47);
INSERT INTO activity(activity_id, date, distance, estrealisee, programme_id, sport_id, CENTREINTERET_ID, timeframe_id) VALUES (10365, '2018-04-18', 10.34929220428361, 1, 10045, 1, 10000, 33);
INSERT INTO realisation(realisation_id, date, distance, activity_id, programme_id, CENTREINTERET_ID, timeframe_id) VALUES (10181, '2018-04-18', 4, 10365, 10045, 10000, 33);
INSERT INTO activity(activity_id, date, distance, estrealisee, programme_id, sport_id, CENTREINTERET_ID, timeframe_id) VALUES (10366, '2018-04-19', 9.898088327011797, 1, 10045, 1, 10000, 19);
INSERT INTO realisation(realisation_id, date, distance, activity_id, programme_id, CENTREINTERET_ID, timeframe_id) VALUES (10182, '2018-04-19', 4, 10366, 10045, 10000, 19);
INSERT INTO activity(activity_id, date, distance, estrealisee, programme_id, sport_id, CENTREINTERET_ID, timeframe_id) VALUES (10367, '2018-04-20', 9.38104936250344, 1, 10045, 1, 10000, 45);
INSERT INTO realisation(realisation_id, date, distance, activity_id, programme_id, CENTREINTERET_ID, timeframe_id) VALUES (10183, '2018-04-20', 4, 10367, 10045, 10000, 45);

INSERT INTO point (ID, x, y) VALUES (50046, 45.783442044113194, 4.893608381997199);
INSERT INTO users (ID, USERNAME, PASSWORD, FIRSTNAME, LASTNAME, EMAIL, ENABLED, LASTPASSWORDRESETDATE, OBJECTIFHEBDO, Location_id) VALUES (10046, "user46", "$2a$08$UkVvwpULis18S19S5pZFn.YHPZt3oaqHZnDwqbCW9pft6uFtkXKDC", "user46", "user46", "user46@user.com", 1, "2003/01/22", 16, 50046);
INSERT INTO user_authority (USER_ID, AUTHORITY_ID) VALUES (10046, 2);
INSERT INTO programme(programme_id, date_debut, user_id) VALUES (10046, '2018-04-23', 10046);
INSERT INTO activity(activity_id, date, distance, estrealisee, programme_id, sport_id, CENTREINTERET_ID, timeframe_id) VALUES (10368, '2018-05-01', 11.18115694674527, 0, 10046, 1, 10000, 14);
INSERT INTO activity(activity_id, date, distance, estrealisee, programme_id, sport_id, CENTREINTERET_ID, timeframe_id) VALUES (10369, '2018-05-02', 9.64728557191159, 0, 10046, 1, 10000, 20);
INSERT INTO activity(activity_id, date, distance, estrealisee, programme_id, sport_id, CENTREINTERET_ID, timeframe_id) VALUES (10370, '2018-05-03', 10.663872134608607, 0, 10046, 1, 10000, 31);
INSERT INTO activity(activity_id, date, distance, estrealisee, programme_id, sport_id, CENTREINTERET_ID, timeframe_id) VALUES (10371, '2018-05-04', 7.401997380825283, 0, 10046, 1, 10000, 39);
INSERT INTO activity(activity_id, date, distance, estrealisee, programme_id, sport_id, CENTREINTERET_ID, timeframe_id) VALUES (10372, '2018-04-17', 7.2492335196411934, 1, 10046, 1, 10000, 39);
INSERT INTO realisation(realisation_id, date, distance, activity_id, programme_id, CENTREINTERET_ID, timeframe_id) VALUES (10184, '2018-04-17', 4, 10372, 10046, 10000, 39);
INSERT INTO activity(activity_id, date, distance, estrealisee, programme_id, sport_id, CENTREINTERET_ID, timeframe_id) VALUES (10373, '2018-04-18', 7.982848157437941, 1, 10046, 1, 10000, 17);
INSERT INTO realisation(realisation_id, date, distance, activity_id, programme_id, CENTREINTERET_ID, timeframe_id) VALUES (10185, '2018-04-18', 4, 10373, 10046, 10000, 17);
INSERT INTO activity(activity_id, date, distance, estrealisee, programme_id, sport_id, CENTREINTERET_ID, timeframe_id) VALUES (10374, '2018-04-19', 11.314150075696244, 1, 10046, 1, 10000, 21);
INSERT INTO realisation(realisation_id, date, distance, activity_id, programme_id, CENTREINTERET_ID, timeframe_id) VALUES (10186, '2018-04-19', 4, 10374, 10046, 10000, 21);
INSERT INTO activity(activity_id, date, distance, estrealisee, programme_id, sport_id, CENTREINTERET_ID, timeframe_id) VALUES (10375, '2018-04-20', 10.822060395237692, 1, 10046, 1, 10000, 40);
INSERT INTO realisation(realisation_id, date, distance, activity_id, programme_id, CENTREINTERET_ID, timeframe_id) VALUES (10187, '2018-04-20', 4, 10375, 10046, 10000, 40);

INSERT INTO point (ID, x, y) VALUES (50047, 45.72896374282926, 4.815435521201635);
INSERT INTO users (ID, USERNAME, PASSWORD, FIRSTNAME, LASTNAME, EMAIL, ENABLED, LASTPASSWORDRESETDATE, OBJECTIFHEBDO, Location_id) VALUES (10047, "user47", "$2a$08$UkVvwpULis18S19S5pZFn.YHPZt3oaqHZnDwqbCW9pft6uFtkXKDC", "user47", "user47", "user47@user.com", 1, "2003/01/22", 10, 50047);
INSERT INTO user_authority (USER_ID, AUTHORITY_ID) VALUES (10047, 2);
INSERT INTO programme(programme_id, date_debut, user_id) VALUES (10047, '2018-04-23', 10047);
INSERT INTO activity(activity_id, date, distance, estrealisee, programme_id, sport_id, CENTREINTERET_ID, timeframe_id) VALUES (10376, '2018-05-01', 9.317698914107895, 0, 10047, 1, 10000, 14);
INSERT INTO activity(activity_id, date, distance, estrealisee, programme_id, sport_id, CENTREINTERET_ID, timeframe_id) VALUES (10377, '2018-05-02', 8.165844646052625, 0, 10047, 1, 10000, 20);
INSERT INTO activity(activity_id, date, distance, estrealisee, programme_id, sport_id, CENTREINTERET_ID, timeframe_id) VALUES (10378, '2018-05-03', 7.71383427404878, 0, 10047, 1, 10000, 31);
INSERT INTO activity(activity_id, date, distance, estrealisee, programme_id, sport_id, CENTREINTERET_ID, timeframe_id) VALUES (10379, '2018-05-04', 8.6460358593286, 0, 10047, 1, 10000, 39);
INSERT INTO activity(activity_id, date, distance, estrealisee, programme_id, sport_id, CENTREINTERET_ID, timeframe_id) VALUES (10380, '2018-04-17', 8.799476380999586, 1, 10047, 1, 10000, 8);
INSERT INTO realisation(realisation_id, date, distance, activity_id, programme_id, CENTREINTERET_ID, timeframe_id) VALUES (10188, '2018-04-17', 4, 10380, 10047, 10000, 8);
INSERT INTO activity(activity_id, date, distance, estrealisee, programme_id, sport_id, CENTREINTERET_ID, timeframe_id) VALUES (10381, '2018-04-18', 8.559580234161086, 1, 10047, 1, 10000, 17);
INSERT INTO realisation(realisation_id, date, distance, activity_id, programme_id, CENTREINTERET_ID, timeframe_id) VALUES (10189, '2018-04-18', 4, 10381, 10047, 10000, 17);
INSERT INTO activity(activity_id, date, distance, estrealisee, programme_id, sport_id, CENTREINTERET_ID, timeframe_id) VALUES (10382, '2018-04-19', 9.87845584926168, 1, 10047, 1, 10000, 29);
INSERT INTO realisation(realisation_id, date, distance, activity_id, programme_id, CENTREINTERET_ID, timeframe_id) VALUES (10190, '2018-04-19', 4, 10382, 10047, 10000, 29);
INSERT INTO activity(activity_id, date, distance, estrealisee, programme_id, sport_id, CENTREINTERET_ID, timeframe_id) VALUES (10383, '2018-04-20', 8.655049089182913, 1, 10047, 1, 10000, 43);
INSERT INTO realisation(realisation_id, date, distance, activity_id, programme_id, CENTREINTERET_ID, timeframe_id) VALUES (10191, '2018-04-20', 4, 10383, 10047, 10000, 43);

INSERT INTO point (ID, x, y) VALUES (50048, 45.74336812983509, 4.8387123937859915);
INSERT INTO users (ID, USERNAME, PASSWORD, FIRSTNAME, LASTNAME, EMAIL, ENABLED, LASTPASSWORDRESETDATE, OBJECTIFHEBDO, Location_id) VALUES (10048, "user48", "$2a$08$UkVvwpULis18S19S5pZFn.YHPZt3oaqHZnDwqbCW9pft6uFtkXKDC", "user48", "user48", "user48@user.com", 1, "2003/01/22", 17, 50048);
INSERT INTO user_authority (USER_ID, AUTHORITY_ID) VALUES (10048, 2);
INSERT INTO programme(programme_id, date_debut, user_id) VALUES (10048, '2018-04-23', 10048);
INSERT INTO activity(activity_id, date, distance, estrealisee, programme_id, sport_id, CENTREINTERET_ID, timeframe_id) VALUES (10384, '2018-05-01', 7.260432419445788, 0, 10048, 1, 10000, 14);
INSERT INTO activity(activity_id, date, distance, estrealisee, programme_id, sport_id, CENTREINTERET_ID, timeframe_id) VALUES (10385, '2018-05-02', 8.276166243131996, 0, 10048, 1, 10000, 20);
INSERT INTO activity(activity_id, date, distance, estrealisee, programme_id, sport_id, CENTREINTERET_ID, timeframe_id) VALUES (10386, '2018-05-03', 9.473398856220363, 0, 10048, 1, 10000, 31);
INSERT INTO activity(activity_id, date, distance, estrealisee, programme_id, sport_id, CENTREINTERET_ID, timeframe_id) VALUES (10387, '2018-05-04', 7.05688877580262, 0, 10048, 1, 10000, 39);
INSERT INTO activity(activity_id, date, distance, estrealisee, programme_id, sport_id, CENTREINTERET_ID, timeframe_id) VALUES (10388, '2018-04-17', 10.330740131363953, 1, 10048, 1, 10000, 37);
INSERT INTO realisation(realisation_id, date, distance, activity_id, programme_id, CENTREINTERET_ID, timeframe_id) VALUES (10192, '2018-04-17', 4, 10388, 10048, 10000, 37);
INSERT INTO activity(activity_id, date, distance, estrealisee, programme_id, sport_id, CENTREINTERET_ID, timeframe_id) VALUES (10389, '2018-04-18', 7.719343508097269, 1, 10048, 1, 10000, 14);
INSERT INTO realisation(realisation_id, date, distance, activity_id, programme_id, CENTREINTERET_ID, timeframe_id) VALUES (10193, '2018-04-18', 4, 10389, 10048, 10000, 14);
INSERT INTO activity(activity_id, date, distance, estrealisee, programme_id, sport_id, CENTREINTERET_ID, timeframe_id) VALUES (10390, '2018-04-19', 9.579379441802281, 1, 10048, 1, 10000, 16);
INSERT INTO realisation(realisation_id, date, distance, activity_id, programme_id, CENTREINTERET_ID, timeframe_id) VALUES (10194, '2018-04-19', 4, 10390, 10048, 10000, 16);
INSERT INTO activity(activity_id, date, distance, estrealisee, programme_id, sport_id, CENTREINTERET_ID, timeframe_id) VALUES (10391, '2018-04-20', 11.00651389634238, 1, 10048, 1, 10000, 46);
INSERT INTO realisation(realisation_id, date, distance, activity_id, programme_id, CENTREINTERET_ID, timeframe_id) VALUES (10195, '2018-04-20', 4, 10391, 10048, 10000, 46);

INSERT INTO point (ID, x, y) VALUES (50049, 45.73343555520291, 4.876378868218775);
INSERT INTO users (ID, USERNAME, PASSWORD, FIRSTNAME, LASTNAME, EMAIL, ENABLED, LASTPASSWORDRESETDATE, OBJECTIFHEBDO, Location_id) VALUES (10049, "user49", "$2a$08$UkVvwpULis18S19S5pZFn.YHPZt3oaqHZnDwqbCW9pft6uFtkXKDC", "user49", "user49", "user49@user.com", 1, "2003/01/22", 17, 50049);
INSERT INTO user_authority (USER_ID, AUTHORITY_ID) VALUES (10049, 2);
INSERT INTO programme(programme_id, date_debut, user_id) VALUES (10049, '2018-04-23', 10049);
INSERT INTO activity(activity_id, date, distance, estrealisee, programme_id, sport_id, CENTREINTERET_ID, timeframe_id) VALUES (10392, '2018-05-01', 11.687244525106282, 0, 10049, 1, 10000, 14);
INSERT INTO activity(activity_id, date, distance, estrealisee, programme_id, sport_id, CENTREINTERET_ID, timeframe_id) VALUES (10393, '2018-05-02', 8.61448014006748, 0, 10049, 1, 10000, 20);
INSERT INTO activity(activity_id, date, distance, estrealisee, programme_id, sport_id, CENTREINTERET_ID, timeframe_id) VALUES (10394, '2018-05-03', 10.141567574755687, 0, 10049, 1, 10000, 31);
INSERT INTO activity(activity_id, date, distance, estrealisee, programme_id, sport_id, CENTREINTERET_ID, timeframe_id) VALUES (10395, '2018-05-04', 10.757610941543753, 0, 10049, 1, 10000, 39);
INSERT INTO activity(activity_id, date, distance, estrealisee, programme_id, sport_id, CENTREINTERET_ID, timeframe_id) VALUES (10396, '2018-04-17', 10.423374958678316, 1, 10049, 1, 10000, 43);
INSERT INTO realisation(realisation_id, date, distance, activity_id, programme_id, CENTREINTERET_ID, timeframe_id) VALUES (10196, '2018-04-17', 4, 10396, 10049, 10000, 43);
INSERT INTO activity(activity_id, date, distance, estrealisee, programme_id, sport_id, CENTREINTERET_ID, timeframe_id) VALUES (10397, '2018-04-18', 7.850151430344318, 1, 10049, 1, 10000, 53);
INSERT INTO realisation(realisation_id, date, distance, activity_id, programme_id, CENTREINTERET_ID, timeframe_id) VALUES (10197, '2018-04-18', 4, 10397, 10049, 10000, 53);
INSERT INTO activity(activity_id, date, distance, estrealisee, programme_id, sport_id, CENTREINTERET_ID, timeframe_id) VALUES (10398, '2018-04-19', 8.564690812382025, 1, 10049, 1, 10000, 34);
INSERT INTO realisation(realisation_id, date, distance, activity_id, programme_id, CENTREINTERET_ID, timeframe_id) VALUES (10198, '2018-04-19', 4, 10398, 10049, 10000, 34);
INSERT INTO activity(activity_id, date, distance, estrealisee, programme_id, sport_id, CENTREINTERET_ID, timeframe_id) VALUES (10399, '2018-04-20', 8.731151329084701, 1, 10049, 1, 10000, 42);
INSERT INTO realisation(realisation_id, date, distance, activity_id, programme_id, CENTREINTERET_ID, timeframe_id) VALUES (10199, '2018-04-20', 4, 10399, 10049, 10000, 42);
