INSERT INTO users (ID, USERNAME, PASSWORD, FIRSTNAME, LASTNAME, EMAIL, ENABLED, LASTPASSWORDRESETDATE, OBJECTIFHEBDO) VALUES (100, 'admin', '$2a$08$lDnHPz7eUkSi6ao14Twuau08mzhWrL4kyZGGU5xfiGALO/Vxd5DOi', 'admin', 'admin', 'admin@admin.com', 1, '2003/01/22', -1);
INSERT INTO users (ID, USERNAME, PASSWORD, FIRSTNAME, LASTNAME, EMAIL, ENABLED, LASTPASSWORDRESETDATE, OBJECTIFHEBDO) VALUES (200, 'user', '$2a$08$UkVvwpULis18S19S5pZFn.YHPZt3oaqHZnDwqbCW9pft6uFtkXKDC', 'user', 'user', 'enabled@user.com', 1, '2003/01/22', -1);
INSERT INTO users (ID, USERNAME, PASSWORD, FIRSTNAME, LASTNAME, EMAIL, ENABLED, LASTPASSWORDRESETDATE, OBJECTIFHEBDO) VALUES (300, 'disabled', '$2a$08$UkVvwpULis18S19S5pZFn.YHPZt3oaqHZnDwqbCW9pft6uFtkXKDC', 'user', 'user', 'disabled@user.com', 0, '2003/01/22', -1);

INSERT INTO authority (ID, NAME) VALUES (1, 'ROLE_USER');
INSERT INTO authority (ID, NAME) VALUES (2, 'ROLE_ADMIN');

INSERT INTO user_authority (USER_ID, AUTHORITY_ID) VALUES (100, 1);
INSERT INTO user_authority (USER_ID, AUTHORITY_ID) VALUES (100, 2);
INSERT INTO user_authority (USER_ID, AUTHORITY_ID) VALUES (200, 1);
INSERT INTO user_authority (USER_ID, AUTHORITY_ID) VALUES (300, 1);

INSERT INTO timeframe (ID, HEUREDEBUT, HEUREFIN, NOMJOUR, EVALUATION) VALUES (1, 0, 3, 'LUNDI', -1);
INSERT INTO timeframe (ID, HEUREDEBUT, HEUREFIN, NOMJOUR, EVALUATION) VALUES (2, 3, 6, 'LUNDI', -1);
INSERT INTO timeframe (ID, HEUREDEBUT, HEUREFIN, NOMJOUR, EVALUATION) VALUES (3, 6, 9, 'LUNDI', -1);
INSERT INTO timeframe (ID, HEUREDEBUT, HEUREFIN, NOMJOUR, EVALUATION) VALUES (4, 9, 12, 'LUNDI', -1);
INSERT INTO timeframe (ID, HEUREDEBUT, HEUREFIN, NOMJOUR, EVALUATION) VALUES (5, 12, 15, 'LUNDI', -1);
INSERT INTO timeframe (ID, HEUREDEBUT, HEUREFIN, NOMJOUR, EVALUATION) VALUES (6, 15, 18, 'LUNDI', -1);
INSERT INTO timeframe (ID, HEUREDEBUT, HEUREFIN, NOMJOUR, EVALUATION) VALUES (7, 18, 21, 'LUNDI', -1);
INSERT INTO timeframe (ID, HEUREDEBUT, HEUREFIN, NOMJOUR, EVALUATION) VALUES (8, 21, 24, 'LUNDI', -1);
INSERT INTO timeframe (ID, HEUREDEBUT, HEUREFIN, NOMJOUR, EVALUATION) VALUES (9, 0, 3, 'MARDI', -1);
INSERT INTO timeframe (ID, HEUREDEBUT, HEUREFIN, NOMJOUR, EVALUATION) VALUES (10, 3, 6, 'MARDI', -1);
INSERT INTO timeframe (ID, HEUREDEBUT, HEUREFIN, NOMJOUR, EVALUATION) VALUES (11, 6, 9, 'MARDI', -1);
INSERT INTO timeframe (ID, HEUREDEBUT, HEUREFIN, NOMJOUR, EVALUATION) VALUES (12, 9, 12, 'MARDI', -1);
INSERT INTO timeframe (ID, HEUREDEBUT, HEUREFIN, NOMJOUR, EVALUATION) VALUES (13, 12, 15, 'MARDI', -1);
INSERT INTO timeframe (ID, HEUREDEBUT, HEUREFIN, NOMJOUR, EVALUATION) VALUES (14, 15, 18, 'MARDI', -1);
INSERT INTO timeframe (ID, HEUREDEBUT, HEUREFIN, NOMJOUR, EVALUATION) VALUES (15, 18, 21, 'MARDI', -1);
INSERT INTO timeframe (ID, HEUREDEBUT, HEUREFIN, NOMJOUR, EVALUATION) VALUES (16, 21, 24, 'MARDI', -1);
INSERT INTO timeframe (ID, HEUREDEBUT, HEUREFIN, NOMJOUR, EVALUATION) VALUES (17, 0, 3, 'MERCREDI', -1);
INSERT INTO timeframe (ID, HEUREDEBUT, HEUREFIN, NOMJOUR, EVALUATION) VALUES (18, 3, 6, 'MERCREDI', -1);
INSERT INTO timeframe (ID, HEUREDEBUT, HEUREFIN, NOMJOUR, EVALUATION) VALUES (19, 6, 9, 'MERCREDI', -1);
INSERT INTO timeframe (ID, HEUREDEBUT, HEUREFIN, NOMJOUR, EVALUATION) VALUES (20, 9, 12, 'MERCREDI', -1);
INSERT INTO timeframe (ID, HEUREDEBUT, HEUREFIN, NOMJOUR, EVALUATION) VALUES (21, 12, 15, 'MERCREDI', -1);
INSERT INTO timeframe (ID, HEUREDEBUT, HEUREFIN, NOMJOUR, EVALUATION) VALUES (22, 15, 18, 'MERCREDI', -1);
INSERT INTO timeframe (ID, HEUREDEBUT, HEUREFIN, NOMJOUR, EVALUATION) VALUES (23, 18, 21, 'MERCREDI', -1);
INSERT INTO timeframe (ID, HEUREDEBUT, HEUREFIN, NOMJOUR, EVALUATION) VALUES (24, 21, 24, 'MERCREDI', -1);
INSERT INTO timeframe (ID, HEUREDEBUT, HEUREFIN, NOMJOUR, EVALUATION) VALUES (25, 0, 3, 'JEUDI', -1);
INSERT INTO timeframe (ID, HEUREDEBUT, HEUREFIN, NOMJOUR, EVALUATION) VALUES (26, 3, 6, 'JEUDI', -1);
INSERT INTO timeframe (ID, HEUREDEBUT, HEUREFIN, NOMJOUR, EVALUATION) VALUES (27, 6, 9, 'JEUDI', -1);
INSERT INTO timeframe (ID, HEUREDEBUT, HEUREFIN, NOMJOUR, EVALUATION) VALUES (28, 9, 12, 'JEUDI', -1);
INSERT INTO timeframe (ID, HEUREDEBUT, HEUREFIN, NOMJOUR, EVALUATION) VALUES (29, 12, 15, 'JEUDI', -1);
INSERT INTO timeframe (ID, HEUREDEBUT, HEUREFIN, NOMJOUR, EVALUATION) VALUES (30, 15, 18, 'JEUDI', -1);
INSERT INTO timeframe (ID, HEUREDEBUT, HEUREFIN, NOMJOUR, EVALUATION) VALUES (31, 18, 21, 'JEUDI', -1);
INSERT INTO timeframe (ID, HEUREDEBUT, HEUREFIN, NOMJOUR, EVALUATION) VALUES (32, 21, 24, 'JEUDI', -1);
INSERT INTO timeframe (ID, HEUREDEBUT, HEUREFIN, NOMJOUR, EVALUATION) VALUES (33, 0, 3, 'VENDREDI', -1);
INSERT INTO timeframe (ID, HEUREDEBUT, HEUREFIN, NOMJOUR, EVALUATION) VALUES (34, 3, 6, 'VENDREDI', -1);
INSERT INTO timeframe (ID, HEUREDEBUT, HEUREFIN, NOMJOUR, EVALUATION) VALUES (35, 6, 9, 'VENDREDI', -1);
INSERT INTO timeframe (ID, HEUREDEBUT, HEUREFIN, NOMJOUR, EVALUATION) VALUES (36, 9, 12, 'VENDREDI', -1);
INSERT INTO timeframe (ID, HEUREDEBUT, HEUREFIN, NOMJOUR, EVALUATION) VALUES (37, 12, 15, 'VENDREDI', -1);
INSERT INTO timeframe (ID, HEUREDEBUT, HEUREFIN, NOMJOUR, EVALUATION) VALUES (38, 15, 18, 'VENDREDI', -1);
INSERT INTO timeframe (ID, HEUREDEBUT, HEUREFIN, NOMJOUR, EVALUATION) VALUES (39, 18, 21, 'VENDREDI', -1);
INSERT INTO timeframe (ID, HEUREDEBUT, HEUREFIN, NOMJOUR, EVALUATION) VALUES (40, 21, 24, 'VENDREDI', -1);
INSERT INTO timeframe (ID, HEUREDEBUT, HEUREFIN, NOMJOUR, EVALUATION) VALUES (41, 0, 3, 'SAMEDI', -1);
INSERT INTO timeframe (ID, HEUREDEBUT, HEUREFIN, NOMJOUR, EVALUATION) VALUES (42, 3, 6, 'SAMEDI', -1);
INSERT INTO timeframe (ID, HEUREDEBUT, HEUREFIN, NOMJOUR, EVALUATION) VALUES (43, 6, 9, 'SAMEDI', -1);
INSERT INTO timeframe (ID, HEUREDEBUT, HEUREFIN, NOMJOUR, EVALUATION) VALUES (44, 9, 12, 'SAMEDI', -1);
INSERT INTO timeframe (ID, HEUREDEBUT, HEUREFIN, NOMJOUR, EVALUATION) VALUES (45, 12, 15, 'SAMEDI', -1);
INSERT INTO timeframe (ID, HEUREDEBUT, HEUREFIN, NOMJOUR, EVALUATION) VALUES (46, 15, 18, 'SAMEDI', -1);
INSERT INTO timeframe (ID, HEUREDEBUT, HEUREFIN, NOMJOUR, EVALUATION) VALUES (47, 18, 21, 'SAMEDI', -1);
INSERT INTO timeframe (ID, HEUREDEBUT, HEUREFIN, NOMJOUR, EVALUATION) VALUES (48, 21, 24, 'SAMEDI', -1);
INSERT INTO timeframe (ID, HEUREDEBUT, HEUREFIN, NOMJOUR, EVALUATION) VALUES (49, 0, 3, 'DIMANCHE', -1);
INSERT INTO timeframe (ID, HEUREDEBUT, HEUREFIN, NOMJOUR, EVALUATION) VALUES (50, 3, 6, 'DIMANCHE', -1);
INSERT INTO timeframe (ID, HEUREDEBUT, HEUREFIN, NOMJOUR, EVALUATION) VALUES (51, 6, 9, 'DIMANCHE', -1);
INSERT INTO timeframe (ID, HEUREDEBUT, HEUREFIN, NOMJOUR, EVALUATION) VALUES (52, 9, 12, 'DIMANCHE', -1);
INSERT INTO timeframe (ID, HEUREDEBUT, HEUREFIN, NOMJOUR, EVALUATION) VALUES (53, 12, 15, 'DIMANCHE', -1);
INSERT INTO timeframe (ID, HEUREDEBUT, HEUREFIN, NOMJOUR, EVALUATION) VALUES (54, 15, 18, 'DIMANCHE', -1);
INSERT INTO timeframe (ID, HEUREDEBUT, HEUREFIN, NOMJOUR, EVALUATION) VALUES (55, 18, 21, 'DIMANCHE', -1);
INSERT INTO timeframe (ID, HEUREDEBUT, HEUREFIN, NOMJOUR, EVALUATION) VALUES (56, 21, 24, 'DIMANCHE', -1);

INSERT INTO sport(SPORT_ID, NOM, KMH, KCALH) VALUES (1, 'Course', 12, 880);
INSERT INTO sport(SPORT_ID, NOM, KMH, KCALH) VALUES (2, 'Marche', 4, 245);
INSERT INTO sport(SPORT_ID, NOM, KMH, KCALH) VALUES (3, 'Cyclisme', 20, 690);

INSERT INTO programme(programme_id, date_debut, user_id) VALUES (100, '2018-04-16', 200);
INSERT INTO programme(programme_id, date_debut, user_id) VALUES (200, '2018-04-23', 200);
INSERT INTO programme(programme_id, date_debut, user_id) VALUES (300, '2018-04-09', 200);
INSERT INTO programme(programme_id, date_debut, user_id) VALUES (400, '2018-04-02', 200);
INSERT INTO programme(programme_id, date_debut, user_id) VALUES (500, '2018-04-16', 100);
INSERT INTO programme(programme_id, date_debut, user_id) VALUES (600, '2018-04-23', 100);

INSERT INTO activity(activity_id, date, distance, estrealisee, programme_id, sport_id, centreinteret_id, timeframe_id) VALUES (100, '2018-04-29', 6, 0, 200, 1, 10000, 51);
INSERT INTO activity(activity_id, date, distance, estrealisee, programme_id, sport_id, centreinteret_id, timeframe_id) VALUES (300, '2018-04-27', 8, 0, 200, 2, 10000, 35);
INSERT INTO activity(activity_id, date, distance, estrealisee, programme_id, sport_id, centreinteret_id, timeframe_id) VALUES (200, '2018-04-28', 10, 1, 200, 1, 10000, 44);
INSERT INTO activity(activity_id, date, distance, estrealisee, programme_id, sport_id, centreinteret_id, timeframe_id) VALUES (400, '2018-04-29', 10, 0, 200, 1, 10000, 55);
INSERT INTO activity(activity_id, date, distance, estrealisee, programme_id, sport_id, centreinteret_id, timeframe_id) VALUES (500, '2018-04-25', 12, 0, 200, 2, 10000, 23);
INSERT INTO activity(activity_id, date, distance, estrealisee, programme_id, sport_id, centreinteret_id, timeframe_id) VALUES (600, '2018-04-28', 5, 1, 200, 1, 10000, 47);

INSERT INTO realisation(realisation_id, date, distance, activity_id, programme_id, centreinteret_id) VALUES (100, '2018-04-23', 11, 200, 200, 10000);


INSERT INTO point (ID, x, y) VALUES (10000, 45.77846429629631, 4.852797629629627);
INSERT INTO centreinteret (ID, NAME, POINT_ID) VALUES (10000, "Parc de la Tête d'Or", 10000);
INSERT INTO point (ID, x, y) VALUES (10001, 45.77868958333333, 4.853984940476191);
INSERT INTO centreinteret (ID, NAME, POINT_ID) VALUES (10001, "Tour Parc de la Tête d'Or", 10001);
INSERT INTO point (ID, x, y) VALUES (10002, 45.76518764705882, 4.823596470588235);
INSERT INTO centreinteret (ID, NAME, POINT_ID) VALUES (10002, "Escaliers Nicolas de Lange", 10002);
INSERT INTO point (ID, x, y) VALUES (10003, 45.77069710144926, 4.841091594202898);
INSERT INTO centreinteret (ID, NAME, POINT_ID) VALUES (10003, "Pt Lafayette-Tete or par les quais", 10003);
INSERT INTO point (ID, x, y) VALUES (10004, 45.72979947368422, 4.812275789473685);
INSERT INTO centreinteret (ID, NAME, POINT_ID) VALUES (10004, "descente escalier mulatiere", 10004);
INSERT INTO point (ID, x, y) VALUES (10005, 45.739675, 4.8260112903225805);
INSERT INTO centreinteret (ID, NAME, POINT_ID) VALUES (10005, "Pont a pont", 10005);
INSERT INTO point (ID, x, y) VALUES (10006, 45.74327516129033, 4.829121612903227);
INSERT INTO centreinteret (ID, NAME, POINT_ID) VALUES (10006, "Gwen2kA", 10006);
INSERT INTO point (ID, x, y) VALUES (10007, 45.704891739130424, 4.755103478260869);
INSERT INTO centreinteret (ID, NAME, POINT_ID) VALUES (10007, "Rue Favre Garin Climb", 10007);
INSERT INTO point (ID, x, y) VALUES (10008, 45.789565, 4.754929117647059);
INSERT INTO centreinteret (ID, NAME, POINT_ID) VALUES (10008, "Chemin Du Petit Bois Climb", 10008);
INSERT INTO point (ID, x, y) VALUES (10009, 45.71834150000001, 4.8964025);
INSERT INTO centreinteret (ID, NAME, POINT_ID) VALUES (10009, "Tour de Piste_1 Parilly", 10009);
INSERT INTO point (ID, x, y) VALUES (10010, 45.772916756756764, 4.815414864864865);
INSERT INTO centreinteret (ID, NAME, POINT_ID) VALUES (10010, "Montée des Esses", 10010);
INSERT INTO point (ID, x, y) VALUES (10011, 45.79343764044942, 4.912938314606743);
INSERT INTO centreinteret (ID, NAME, POINT_ID) VALUES (10011, "Piste cyclable vers Miribel-Jonage", 10011);
INSERT INTO point (ID, x, y) VALUES (10012, 45.798205454545446, 4.841378909090911);
INSERT INTO centreinteret (ID, NAME, POINT_ID) VALUES (10012, "Montée Castellane", 10012);
INSERT INTO point (ID, x, y) VALUES (10013, 45.76642445544555, 4.840650792079208);
INSERT INTO centreinteret (ID, NAME, POINT_ID) VALUES (10013, "Berge du Rhône (pont Wilson > Lattre)", 10013);
INSERT INTO point (ID, x, y) VALUES (10014, 45.793744285714304, 4.912491071428572);
INSERT INTO centreinteret (ID, NAME, POINT_ID) VALUES (10014, "voie cyclable vers Parc M. Jonage", 10014);
INSERT INTO point (ID, x, y) VALUES (10015, 45.723371875, 4.76817484375);
INSERT INTO centreinteret (ID, NAME, POINT_ID) VALUES (10015, "Route des Aqueducs", 10015);
INSERT INTO point (ID, x, y) VALUES (10016, 45.751369999999994, 4.763712727272727);
INSERT INTO centreinteret (ID, NAME, POINT_ID) VALUES (10016, "Côte d'Alaï", 10016);
INSERT INTO point (ID, x, y) VALUES (10017, 45.742725555555566, 4.813963703703704);
INSERT INTO centreinteret (ID, NAME, POINT_ID) VALUES (10017, "Quai JJ Rousseau", 10017);


INSERT INTO point (ID, x, y) VALUES (50000, 45.72450056175345, 4.809406179552766);
INSERT INTO users (ID, USERNAME, PASSWORD, FIRSTNAME, LASTNAME, EMAIL, ENABLED, LASTPASSWORDRESETDATE, OBJECTIFHEBDO, Location_id) VALUES (10000, "user0", "$2a$08$UkVvwpULis18S19S5pZFn.YHPZt3oaqHZnDwqbCW9pft6uFtkXKDC", "user0", "user0", "user0@user.com", 1, "2003/01/22", 13, 50000);
INSERT INTO user_authority (USER_ID, AUTHORITY_ID) VALUES (10000, 2);
INSERT INTO programme(programme_id, date_debut, user_id, objectif_distance) VALUES (10000, '2018-04-30', 10000, 11);
INSERT INTO activity(activity_id, date_prevue, distance_prevue, estrealisee, programme_id, sport_id, CENTREINTERET_ID, timeframe_id) VALUES (10000, '2018-05-01', 10.748017061795906, 0, 10000, 1, 10000, 14);
INSERT INTO activity(activity_id, date_prevue, distance_prevue, estrealisee, programme_id, sport_id, CENTREINTERET_ID, timeframe_id) VALUES (10001, '2018-05-02', 11.508228116393127, 0, 10000, 1, 10000, 20);
INSERT INTO activity(activity_id, date_prevue, distance_prevue, estrealisee, programme_id, sport_id, CENTREINTERET_ID, timeframe_id) VALUES (10002, '2018-05-03', 8.318063176883477, 0, 10000, 1, 10000, 31);
INSERT INTO activity(activity_id, date_prevue, distance_prevue, estrealisee, programme_id, sport_id, CENTREINTERET_ID, timeframe_id) VALUES (10003, '2018-05-04', 10.84620395795249, 0, 10000, 1, 10000, 39);
INSERT INTO programme(programme_id, date_debut, user_id, objectif_distance) VALUES (10001, '2018-04-23', 10000, 10);
INSERT INTO activity(activity_id, date_prevue, date_realisee, distance_prevue, distance_realisee, estrealisee, programme_id, sport_id, CENTREINTERET_ID, timeframe_id) VALUES (10004, '2018-04-17', '2018-04-17', 10.818253589554573, 10.818253589554573, 1, 10001, 1, 10000, 32);
INSERT INTO activity(activity_id, date_prevue, date_realisee, distance_prevue, distance_realisee, estrealisee, programme_id, sport_id, CENTREINTERET_ID, timeframe_id) VALUES (10005, '2018-04-18', '2018-04-18', 9.433231963449646, 9.433231963449646, 1, 10001, 1, 10000, 4);
INSERT INTO activity(activity_id, date_prevue, date_realisee, distance_prevue, distance_realisee, estrealisee, programme_id, sport_id, CENTREINTERET_ID, timeframe_id) VALUES (10006, '2018-04-19', '2018-04-19', 11.626447774742182, 11.626447774742182, 1, 10001, 1, 10000, 1);
INSERT INTO activity(activity_id, date_prevue, date_realisee, distance_prevue, distance_realisee, estrealisee, programme_id, sport_id, CENTREINTERET_ID, timeframe_id) VALUES (10007, '2018-04-20', '2018-04-20', 7.887894538141673, 7.887894538141673, 1, 10001, 1, 10000, 48);

INSERT INTO point (ID, x, y) VALUES (50001, 45.762108478952285, 4.890351490035314);
INSERT INTO users (ID, USERNAME, PASSWORD, FIRSTNAME, LASTNAME, EMAIL, ENABLED, LASTPASSWORDRESETDATE, OBJECTIFHEBDO, Location_id) VALUES (10001, "user1", "$2a$08$UkVvwpULis18S19S5pZFn.YHPZt3oaqHZnDwqbCW9pft6uFtkXKDC", "user1", "user1", "user1@user.com", 1, "2003/01/22", 17, 50001);
INSERT INTO user_authority (USER_ID, AUTHORITY_ID) VALUES (10001, 2);
INSERT INTO programme(programme_id, date_debut, user_id, objectif_distance) VALUES (10002, '2018-04-30', 10001, 8);
INSERT INTO activity(activity_id, date_prevue, distance_prevue, estrealisee, programme_id, sport_id, CENTREINTERET_ID, timeframe_id) VALUES (10008, '2018-05-01', 11.792833684714394, 0, 10002, 1, 10000, 14);
INSERT INTO activity(activity_id, date_prevue, distance_prevue, estrealisee, programme_id, sport_id, CENTREINTERET_ID, timeframe_id) VALUES (10009, '2018-05-02', 7.071212300152393, 0, 10002, 1, 10000, 20);
INSERT INTO activity(activity_id, date_prevue, distance_prevue, estrealisee, programme_id, sport_id, CENTREINTERET_ID, timeframe_id) VALUES (10010, '2018-05-03', 10.626547157010691, 0, 10002, 1, 10000, 31);
INSERT INTO activity(activity_id, date_prevue, distance_prevue, estrealisee, programme_id, sport_id, CENTREINTERET_ID, timeframe_id) VALUES (10011, '2018-05-04', 9.854029554592293, 0, 10002, 1, 10000, 39);
INSERT INTO programme(programme_id, date_debut, user_id, objectif_distance) VALUES (10003, '2018-04-23', 10001, 11);
INSERT INTO activity(activity_id, date_prevue, date_realisee, distance_prevue, distance_realisee, estrealisee, programme_id, sport_id, CENTREINTERET_ID, timeframe_id) VALUES (10012, '2018-04-17', '2018-04-17', 11.857331088999105, 11.857331088999105, 1, 10003, 1, 10000, 36);
INSERT INTO activity(activity_id, date_prevue, date_realisee, distance_prevue, distance_realisee, estrealisee, programme_id, sport_id, CENTREINTERET_ID, timeframe_id) VALUES (10013, '2018-04-18', '2018-04-18', 10.835963439451305, 10.835963439451305, 1, 10003, 1, 10000, 15);
INSERT INTO activity(activity_id, date_prevue, date_realisee, distance_prevue, distance_realisee, estrealisee, programme_id, sport_id, CENTREINTERET_ID, timeframe_id) VALUES (10014, '2018-04-19', '2018-04-19', 8.612305450253677, 8.612305450253677, 1, 10003, 1, 10000, 14);
INSERT INTO activity(activity_id, date_prevue, date_realisee, distance_prevue, distance_realisee, estrealisee, programme_id, sport_id, CENTREINTERET_ID, timeframe_id) VALUES (10015, '2018-04-20', '2018-04-20', 8.14175274415842, 8.14175274415842, 1, 10003, 1, 10000, 44);

INSERT INTO point (ID, x, y) VALUES (50002, 45.79583751956602, 4.864827365679415);
INSERT INTO users (ID, USERNAME, PASSWORD, FIRSTNAME, LASTNAME, EMAIL, ENABLED, LASTPASSWORDRESETDATE, OBJECTIFHEBDO, Location_id) VALUES (10002, "user2", "$2a$08$UkVvwpULis18S19S5pZFn.YHPZt3oaqHZnDwqbCW9pft6uFtkXKDC", "user2", "user2", "user2@user.com", 1, "2003/01/22", 17, 50002);
INSERT INTO user_authority (USER_ID, AUTHORITY_ID) VALUES (10002, 2);
INSERT INTO programme(programme_id, date_debut, user_id, objectif_distance) VALUES (10004, '2018-04-30', 10002, 13);
INSERT INTO activity(activity_id, date_prevue, distance_prevue, estrealisee, programme_id, sport_id, CENTREINTERET_ID, timeframe_id) VALUES (10016, '2018-05-01', 9.134061932855852, 0, 10004, 1, 10000, 14);
INSERT INTO activity(activity_id, date_prevue, distance_prevue, estrealisee, programme_id, sport_id, CENTREINTERET_ID, timeframe_id) VALUES (10017, '2018-05-02', 8.560171664418078, 0, 10004, 1, 10000, 20);
INSERT INTO activity(activity_id, date_prevue, distance_prevue, estrealisee, programme_id, sport_id, CENTREINTERET_ID, timeframe_id) VALUES (10018, '2018-05-03', 11.505684897660009, 0, 10004, 1, 10000, 31);
INSERT INTO activity(activity_id, date_prevue, distance_prevue, estrealisee, programme_id, sport_id, CENTREINTERET_ID, timeframe_id) VALUES (10019, '2018-05-04', 9.947984181235515, 0, 10004, 1, 10000, 39);
INSERT INTO programme(programme_id, date_debut, user_id, objectif_distance) VALUES (10005, '2018-04-23', 10002, 15);
INSERT INTO activity(activity_id, date_prevue, date_realisee, distance_prevue, distance_realisee, estrealisee, programme_id, sport_id, CENTREINTERET_ID, timeframe_id) VALUES (10020, '2018-04-17', '2018-04-17', 11.908777967420207, 11.908777967420207, 1, 10005, 1, 10000, 31);
INSERT INTO activity(activity_id, date_prevue, date_realisee, distance_prevue, distance_realisee, estrealisee, programme_id, sport_id, CENTREINTERET_ID, timeframe_id) VALUES (10021, '2018-04-18', '2018-04-18', 11.24996030756924, 11.24996030756924, 1, 10005, 1, 10000, 43);
INSERT INTO activity(activity_id, date_prevue, date_realisee, distance_prevue, distance_realisee, estrealisee, programme_id, sport_id, CENTREINTERET_ID, timeframe_id) VALUES (10022, '2018-04-19', '2018-04-19', 11.510256064262874, 11.510256064262874, 1, 10005, 1, 10000, 31);
INSERT INTO activity(activity_id, date_prevue, date_realisee, distance_prevue, distance_realisee, estrealisee, programme_id, sport_id, CENTREINTERET_ID, timeframe_id) VALUES (10023, '2018-04-20', '2018-04-20', 8.336304766197358, 8.336304766197358, 1, 10005, 1, 10000, 42);

INSERT INTO point (ID, x, y) VALUES (50003, 45.735934711173236, 4.841469561618524);
INSERT INTO users (ID, USERNAME, PASSWORD, FIRSTNAME, LASTNAME, EMAIL, ENABLED, LASTPASSWORDRESETDATE, OBJECTIFHEBDO, Location_id) VALUES (10003, "user3", "$2a$08$UkVvwpULis18S19S5pZFn.YHPZt3oaqHZnDwqbCW9pft6uFtkXKDC", "user3", "user3", "user3@user.com", 1, "2003/01/22", 11, 50003);
INSERT INTO user_authority (USER_ID, AUTHORITY_ID) VALUES (10003, 2);
INSERT INTO programme(programme_id, date_debut, user_id, objectif_distance) VALUES (10006, '2018-04-30', 10003, 14);
INSERT INTO activity(activity_id, date_prevue, distance_prevue, estrealisee, programme_id, sport_id, CENTREINTERET_ID, timeframe_id) VALUES (10024, '2018-05-01', 10.934080133665567, 0, 10006, 1, 10000, 14);
INSERT INTO activity(activity_id, date_prevue, distance_prevue, estrealisee, programme_id, sport_id, CENTREINTERET_ID, timeframe_id) VALUES (10025, '2018-05-02', 10.745164830616009, 0, 10006, 1, 10000, 20);
INSERT INTO activity(activity_id, date_prevue, distance_prevue, estrealisee, programme_id, sport_id, CENTREINTERET_ID, timeframe_id) VALUES (10026, '2018-05-03', 11.887063553184719, 0, 10006, 1, 10000, 31);
INSERT INTO activity(activity_id, date_prevue, distance_prevue, estrealisee, programme_id, sport_id, CENTREINTERET_ID, timeframe_id) VALUES (10027, '2018-05-04', 11.368275230464564, 0, 10006, 1, 10000, 39);
INSERT INTO programme(programme_id, date_debut, user_id, objectif_distance) VALUES (10007, '2018-04-23', 10003, 7);
INSERT INTO activity(activity_id, date_prevue, date_realisee, distance_prevue, distance_realisee, estrealisee, programme_id, sport_id, CENTREINTERET_ID, timeframe_id) VALUES (10028, '2018-04-17', '2018-04-17', 11.90064325038879, 11.90064325038879, 1, 10007, 1, 10000, 49);
INSERT INTO activity(activity_id, date_prevue, date_realisee, distance_prevue, distance_realisee, estrealisee, programme_id, sport_id, CENTREINTERET_ID, timeframe_id) VALUES (10029, '2018-04-18', '2018-04-18', 11.410924942360047, 11.410924942360047, 1, 10007, 1, 10000, 51);
INSERT INTO activity(activity_id, date_prevue, date_realisee, distance_prevue, distance_realisee, estrealisee, programme_id, sport_id, CENTREINTERET_ID, timeframe_id) VALUES (10030, '2018-04-19', '2018-04-19', 9.37525609260279, 9.37525609260279, 1, 10007, 1, 10000, 45);
INSERT INTO activity(activity_id, date_prevue, date_realisee, distance_prevue, distance_realisee, estrealisee, programme_id, sport_id, CENTREINTERET_ID, timeframe_id) VALUES (10031, '2018-04-20', '2018-04-20', 8.444180032787466, 8.444180032787466, 1, 10007, 1, 10000, 43);

INSERT INTO point (ID, x, y) VALUES (50004, 45.75852584077359, 4.841934069663402);
INSERT INTO users (ID, USERNAME, PASSWORD, FIRSTNAME, LASTNAME, EMAIL, ENABLED, LASTPASSWORDRESETDATE, OBJECTIFHEBDO, Location_id) VALUES (10004, "user4", "$2a$08$UkVvwpULis18S19S5pZFn.YHPZt3oaqHZnDwqbCW9pft6uFtkXKDC", "user4", "user4", "user4@user.com", 1, "2003/01/22", 19, 50004);
INSERT INTO user_authority (USER_ID, AUTHORITY_ID) VALUES (10004, 2);
INSERT INTO programme(programme_id, date_debut, user_id, objectif_distance) VALUES (10008, '2018-04-30', 10004, 5);
INSERT INTO activity(activity_id, date_prevue, distance_prevue, estrealisee, programme_id, sport_id, CENTREINTERET_ID, timeframe_id) VALUES (10032, '2018-05-01', 8.975753464551065, 0, 10008, 1, 10000, 14);
INSERT INTO activity(activity_id, date_prevue, distance_prevue, estrealisee, programme_id, sport_id, CENTREINTERET_ID, timeframe_id) VALUES (10033, '2018-05-02', 8.232760740976076, 0, 10008, 1, 10000, 20);
INSERT INTO activity(activity_id, date_prevue, distance_prevue, estrealisee, programme_id, sport_id, CENTREINTERET_ID, timeframe_id) VALUES (10034, '2018-05-03', 8.715310336592642, 0, 10008, 1, 10000, 31);
INSERT INTO activity(activity_id, date_prevue, distance_prevue, estrealisee, programme_id, sport_id, CENTREINTERET_ID, timeframe_id) VALUES (10035, '2018-05-04', 8.598400560933387, 0, 10008, 1, 10000, 39);
INSERT INTO programme(programme_id, date_debut, user_id, objectif_distance) VALUES (10009, '2018-04-23', 10004, 11);
INSERT INTO activity(activity_id, date_prevue, date_realisee, distance_prevue, distance_realisee, estrealisee, programme_id, sport_id, CENTREINTERET_ID, timeframe_id) VALUES (10036, '2018-04-17', '2018-04-17', 11.695510138546979, 11.695510138546979, 1, 10009, 1, 10000, 22);
INSERT INTO activity(activity_id, date_prevue, date_realisee, distance_prevue, distance_realisee, estrealisee, programme_id, sport_id, CENTREINTERET_ID, timeframe_id) VALUES (10037, '2018-04-18', '2018-04-18', 11.565777365688806, 11.565777365688806, 1, 10009, 1, 10000, 11);
INSERT INTO activity(activity_id, date_prevue, date_realisee, distance_prevue, distance_realisee, estrealisee, programme_id, sport_id, CENTREINTERET_ID, timeframe_id) VALUES (10038, '2018-04-19', '2018-04-19', 8.309050870335838, 8.309050870335838, 1, 10009, 1, 10000, 41);
INSERT INTO activity(activity_id, date_prevue, date_realisee, distance_prevue, distance_realisee, estrealisee, programme_id, sport_id, CENTREINTERET_ID, timeframe_id) VALUES (10039, '2018-04-20', '2018-04-20', 7.961718381678871, 7.961718381678871, 1, 10009, 1, 10000, 43);

INSERT INTO point (ID, x, y) VALUES (50005, 45.759454972934584, 4.864827410716787);
INSERT INTO users (ID, USERNAME, PASSWORD, FIRSTNAME, LASTNAME, EMAIL, ENABLED, LASTPASSWORDRESETDATE, OBJECTIFHEBDO, Location_id) VALUES (10005, "user5", "$2a$08$UkVvwpULis18S19S5pZFn.YHPZt3oaqHZnDwqbCW9pft6uFtkXKDC", "user5", "user5", "user5@user.com", 1, "2003/01/22", 7, 50005);
INSERT INTO user_authority (USER_ID, AUTHORITY_ID) VALUES (10005, 2);
INSERT INTO programme(programme_id, date_debut, user_id, objectif_distance) VALUES (10010, '2018-04-30', 10005, 7);
INSERT INTO activity(activity_id, date_prevue, distance_prevue, estrealisee, programme_id, sport_id, CENTREINTERET_ID, timeframe_id) VALUES (10040, '2018-05-01', 10.193954789444689, 0, 10010, 1, 10000, 14);
INSERT INTO activity(activity_id, date_prevue, distance_prevue, estrealisee, programme_id, sport_id, CENTREINTERET_ID, timeframe_id) VALUES (10041, '2018-05-02', 7.166092909641304, 0, 10010, 1, 10000, 20);
INSERT INTO activity(activity_id, date_prevue, distance_prevue, estrealisee, programme_id, sport_id, CENTREINTERET_ID, timeframe_id) VALUES (10042, '2018-05-03', 10.109539527629519, 0, 10010, 1, 10000, 31);
INSERT INTO activity(activity_id, date_prevue, distance_prevue, estrealisee, programme_id, sport_id, CENTREINTERET_ID, timeframe_id) VALUES (10043, '2018-05-04', 11.66047360033081, 0, 10010, 1, 10000, 39);
INSERT INTO programme(programme_id, date_debut, user_id, objectif_distance) VALUES (10011, '2018-04-23', 10005, 10);
INSERT INTO activity(activity_id, date_prevue, date_realisee, distance_prevue, distance_realisee, estrealisee, programme_id, sport_id, CENTREINTERET_ID, timeframe_id) VALUES (10044, '2018-04-17', '2018-04-17', 8.648890799765303, 8.648890799765303, 1, 10011, 1, 10000, 52);
INSERT INTO activity(activity_id, date_prevue, date_realisee, distance_prevue, distance_realisee, estrealisee, programme_id, sport_id, CENTREINTERET_ID, timeframe_id) VALUES (10045, '2018-04-18', '2018-04-18', 8.331047793513369, 8.331047793513369, 1, 10011, 1, 10000, 11);
INSERT INTO activity(activity_id, date_prevue, date_realisee, distance_prevue, distance_realisee, estrealisee, programme_id, sport_id, CENTREINTERET_ID, timeframe_id) VALUES (10046, '2018-04-19', '2018-04-19', 8.878013125602866, 8.878013125602866, 1, 10011, 1, 10000, 20);
INSERT INTO activity(activity_id, date_prevue, date_realisee, distance_prevue, distance_realisee, estrealisee, programme_id, sport_id, CENTREINTERET_ID, timeframe_id) VALUES (10047, '2018-04-20', '2018-04-20', 10.471608664286073, 10.471608664286073, 1, 10011, 1, 10000, 40);

INSERT INTO point (ID, x, y) VALUES (50006, 45.74122601591978, 4.832201545777586);
INSERT INTO users (ID, USERNAME, PASSWORD, FIRSTNAME, LASTNAME, EMAIL, ENABLED, LASTPASSWORDRESETDATE, OBJECTIFHEBDO, Location_id) VALUES (10006, "user6", "$2a$08$UkVvwpULis18S19S5pZFn.YHPZt3oaqHZnDwqbCW9pft6uFtkXKDC", "user6", "user6", "user6@user.com", 1, "2003/01/22", 12, 50006);
INSERT INTO user_authority (USER_ID, AUTHORITY_ID) VALUES (10006, 2);
INSERT INTO programme(programme_id, date_debut, user_id, objectif_distance) VALUES (10012, '2018-04-30', 10006, 9);
INSERT INTO activity(activity_id, date_prevue, distance_prevue, estrealisee, programme_id, sport_id, CENTREINTERET_ID, timeframe_id) VALUES (10048, '2018-05-01', 7.371971142090074, 0, 10012, 1, 10000, 14);
INSERT INTO activity(activity_id, date_prevue, distance_prevue, estrealisee, programme_id, sport_id, CENTREINTERET_ID, timeframe_id) VALUES (10049, '2018-05-02', 9.119099022178412, 0, 10012, 1, 10000, 20);
INSERT INTO activity(activity_id, date_prevue, distance_prevue, estrealisee, programme_id, sport_id, CENTREINTERET_ID, timeframe_id) VALUES (10050, '2018-05-03', 8.615788174972263, 0, 10012, 1, 10000, 31);
INSERT INTO activity(activity_id, date_prevue, distance_prevue, estrealisee, programme_id, sport_id, CENTREINTERET_ID, timeframe_id) VALUES (10051, '2018-05-04', 9.142171675233616, 0, 10012, 1, 10000, 39);
INSERT INTO programme(programme_id, date_debut, user_id, objectif_distance) VALUES (10013, '2018-04-23', 10006, 10);
INSERT INTO activity(activity_id, date_prevue, date_realisee, distance_prevue, distance_realisee, estrealisee, programme_id, sport_id, CENTREINTERET_ID, timeframe_id) VALUES (10052, '2018-04-17', '2018-04-17', 9.964812468897104, 9.964812468897104, 1, 10013, 1, 10000, 40);
INSERT INTO activity(activity_id, date_prevue, date_realisee, distance_prevue, distance_realisee, estrealisee, programme_id, sport_id, CENTREINTERET_ID, timeframe_id) VALUES (10053, '2018-04-18', '2018-04-18', 10.19543148071134, 10.19543148071134, 1, 10013, 1, 10000, 26);
INSERT INTO activity(activity_id, date_prevue, date_realisee, distance_prevue, distance_realisee, estrealisee, programme_id, sport_id, CENTREINTERET_ID, timeframe_id) VALUES (10054, '2018-04-19', '2018-04-19', 8.44091514540886, 8.44091514540886, 1, 10013, 1, 10000, 54);
INSERT INTO activity(activity_id, date_prevue, date_realisee, distance_prevue, distance_realisee, estrealisee, programme_id, sport_id, CENTREINTERET_ID, timeframe_id) VALUES (10055, '2018-04-20', '2018-04-20', 9.30996140044845, 9.30996140044845, 1, 10013, 1, 10000, 39);

INSERT INTO point (ID, x, y) VALUES (50007, 45.75814912706241, 4.872616438186386);
INSERT INTO users (ID, USERNAME, PASSWORD, FIRSTNAME, LASTNAME, EMAIL, ENABLED, LASTPASSWORDRESETDATE, OBJECTIFHEBDO, Location_id) VALUES (10007, "user7", "$2a$08$UkVvwpULis18S19S5pZFn.YHPZt3oaqHZnDwqbCW9pft6uFtkXKDC", "user7", "user7", "user7@user.com", 1, "2003/01/22", 16, 50007);
INSERT INTO user_authority (USER_ID, AUTHORITY_ID) VALUES (10007, 2);
INSERT INTO programme(programme_id, date_debut, user_id, objectif_distance) VALUES (10014, '2018-04-30', 10007, 5);
INSERT INTO activity(activity_id, date_prevue, distance_prevue, estrealisee, programme_id, sport_id, CENTREINTERET_ID, timeframe_id) VALUES (10056, '2018-05-01', 7.3583090127116435, 0, 10014, 1, 10000, 14);
INSERT INTO activity(activity_id, date_prevue, distance_prevue, estrealisee, programme_id, sport_id, CENTREINTERET_ID, timeframe_id) VALUES (10057, '2018-05-02', 11.875937938827818, 0, 10014, 1, 10000, 20);
INSERT INTO activity(activity_id, date_prevue, distance_prevue, estrealisee, programme_id, sport_id, CENTREINTERET_ID, timeframe_id) VALUES (10058, '2018-05-03', 9.870431748433127, 0, 10014, 1, 10000, 31);
INSERT INTO activity(activity_id, date_prevue, distance_prevue, estrealisee, programme_id, sport_id, CENTREINTERET_ID, timeframe_id) VALUES (10059, '2018-05-04', 8.0023288755106, 0, 10014, 1, 10000, 39);
INSERT INTO programme(programme_id, date_debut, user_id, objectif_distance) VALUES (10015, '2018-04-23', 10007, 7);
INSERT INTO activity(activity_id, date_prevue, date_realisee, distance_prevue, distance_realisee, estrealisee, programme_id, sport_id, CENTREINTERET_ID, timeframe_id) VALUES (10060, '2018-04-17', '2018-04-17', 10.054537808872503, 10.054537808872503, 1, 10015, 1, 10000, 20);
INSERT INTO activity(activity_id, date_prevue, date_realisee, distance_prevue, distance_realisee, estrealisee, programme_id, sport_id, CENTREINTERET_ID, timeframe_id) VALUES (10061, '2018-04-18', '2018-04-18', 9.243051578846869, 9.243051578846869, 1, 10015, 1, 10000, 37);
INSERT INTO activity(activity_id, date_prevue, date_realisee, distance_prevue, distance_realisee, estrealisee, programme_id, sport_id, CENTREINTERET_ID, timeframe_id) VALUES (10062, '2018-04-19', '2018-04-19', 8.720568010489064, 8.720568010489064, 1, 10015, 1, 10000, 2);
INSERT INTO activity(activity_id, date_prevue, date_realisee, distance_prevue, distance_realisee, estrealisee, programme_id, sport_id, CENTREINTERET_ID, timeframe_id) VALUES (10063, '2018-04-20', '2018-04-20', 10.885148138640385, 10.885148138640385, 1, 10015, 1, 10000, 9);

INSERT INTO point (ID, x, y) VALUES (50008, 45.78750637230384, 4.84566499004141);
INSERT INTO users (ID, USERNAME, PASSWORD, FIRSTNAME, LASTNAME, EMAIL, ENABLED, LASTPASSWORDRESETDATE, OBJECTIFHEBDO, Location_id) VALUES (10008, "user8", "$2a$08$UkVvwpULis18S19S5pZFn.YHPZt3oaqHZnDwqbCW9pft6uFtkXKDC", "user8", "user8", "user8@user.com", 1, "2003/01/22", 10, 50008);
INSERT INTO user_authority (USER_ID, AUTHORITY_ID) VALUES (10008, 2);
INSERT INTO programme(programme_id, date_debut, user_id, objectif_distance) VALUES (10016, '2018-04-30', 10008, 6);
INSERT INTO activity(activity_id, date_prevue, distance_prevue, estrealisee, programme_id, sport_id, CENTREINTERET_ID, timeframe_id) VALUES (10064, '2018-05-01', 11.028147372420406, 0, 10016, 1, 10000, 14);
INSERT INTO activity(activity_id, date_prevue, distance_prevue, estrealisee, programme_id, sport_id, CENTREINTERET_ID, timeframe_id) VALUES (10065, '2018-05-02', 7.102470598351394, 0, 10016, 1, 10000, 20);
INSERT INTO activity(activity_id, date_prevue, distance_prevue, estrealisee, programme_id, sport_id, CENTREINTERET_ID, timeframe_id) VALUES (10066, '2018-05-03', 11.69502406925612, 0, 10016, 1, 10000, 31);
INSERT INTO activity(activity_id, date_prevue, distance_prevue, estrealisee, programme_id, sport_id, CENTREINTERET_ID, timeframe_id) VALUES (10067, '2018-05-04', 7.089890378969527, 0, 10016, 1, 10000, 39);
INSERT INTO programme(programme_id, date_debut, user_id, objectif_distance) VALUES (10017, '2018-04-23', 10008, 13);
INSERT INTO activity(activity_id, date_prevue, date_realisee, distance_prevue, distance_realisee, estrealisee, programme_id, sport_id, CENTREINTERET_ID, timeframe_id) VALUES (10068, '2018-04-17', '2018-04-17', 11.102384347808666, 11.102384347808666, 1, 10017, 1, 10000, 24);
INSERT INTO activity(activity_id, date_prevue, date_realisee, distance_prevue, distance_realisee, estrealisee, programme_id, sport_id, CENTREINTERET_ID, timeframe_id) VALUES (10069, '2018-04-18', '2018-04-18', 9.502671733195065, 9.502671733195065, 1, 10017, 1, 10000, 8);
INSERT INTO activity(activity_id, date_prevue, date_realisee, distance_prevue, distance_realisee, estrealisee, programme_id, sport_id, CENTREINTERET_ID, timeframe_id) VALUES (10070, '2018-04-19', '2018-04-19', 9.416060081154878, 9.416060081154878, 1, 10017, 1, 10000, 30);
INSERT INTO activity(activity_id, date_prevue, date_realisee, distance_prevue, distance_realisee, estrealisee, programme_id, sport_id, CENTREINTERET_ID, timeframe_id) VALUES (10071, '2018-04-20', '2018-04-20', 9.92711309175399, 9.92711309175399, 1, 10017, 1, 10000, 55);

INSERT INTO point (ID, x, y) VALUES (50009, 45.71870675392763, 4.822135336714967);
INSERT INTO users (ID, USERNAME, PASSWORD, FIRSTNAME, LASTNAME, EMAIL, ENABLED, LASTPASSWORDRESETDATE, OBJECTIFHEBDO, Location_id) VALUES (10009, "user9", "$2a$08$UkVvwpULis18S19S5pZFn.YHPZt3oaqHZnDwqbCW9pft6uFtkXKDC", "user9", "user9", "user9@user.com", 1, "2003/01/22", 8, 50009);
INSERT INTO user_authority (USER_ID, AUTHORITY_ID) VALUES (10009, 2);
INSERT INTO programme(programme_id, date_debut, user_id, objectif_distance) VALUES (10018, '2018-04-30', 10009, 9);
INSERT INTO activity(activity_id, date_prevue, distance_prevue, estrealisee, programme_id, sport_id, CENTREINTERET_ID, timeframe_id) VALUES (10072, '2018-05-01', 9.436878231964029, 0, 10018, 1, 10000, 14);
INSERT INTO activity(activity_id, date_prevue, distance_prevue, estrealisee, programme_id, sport_id, CENTREINTERET_ID, timeframe_id) VALUES (10073, '2018-05-02', 10.645947586732827, 0, 10018, 1, 10000, 20);
INSERT INTO activity(activity_id, date_prevue, distance_prevue, estrealisee, programme_id, sport_id, CENTREINTERET_ID, timeframe_id) VALUES (10074, '2018-05-03', 10.44615869133781, 0, 10018, 1, 10000, 31);
INSERT INTO activity(activity_id, date_prevue, distance_prevue, estrealisee, programme_id, sport_id, CENTREINTERET_ID, timeframe_id) VALUES (10075, '2018-05-04', 7.776000200690859, 0, 10018, 1, 10000, 39);
INSERT INTO programme(programme_id, date_debut, user_id, objectif_distance) VALUES (10019, '2018-04-23', 10009, 12);
INSERT INTO activity(activity_id, date_prevue, date_realisee, distance_prevue, distance_realisee, estrealisee, programme_id, sport_id, CENTREINTERET_ID, timeframe_id) VALUES (10076, '2018-04-17', '2018-04-17', 10.909358705338478, 10.909358705338478, 1, 10019, 1, 10000, 45);
INSERT INTO activity(activity_id, date_prevue, date_realisee, distance_prevue, distance_realisee, estrealisee, programme_id, sport_id, CENTREINTERET_ID, timeframe_id) VALUES (10077, '2018-04-18', '2018-04-18', 8.385299399036114, 8.385299399036114, 1, 10019, 1, 10000, 35);
INSERT INTO activity(activity_id, date_prevue, date_realisee, distance_prevue, distance_realisee, estrealisee, programme_id, sport_id, CENTREINTERET_ID, timeframe_id) VALUES (10078, '2018-04-19', '2018-04-19', 8.249648268218104, 8.249648268218104, 1, 10019, 1, 10000, 52);
INSERT INTO activity(activity_id, date_prevue, date_realisee, distance_prevue, distance_realisee, estrealisee, programme_id, sport_id, CENTREINTERET_ID, timeframe_id) VALUES (10079, '2018-04-20', '2018-04-20', 10.601302021362276, 10.601302021362276, 1, 10019, 1, 10000, 15);

INSERT INTO point (ID, x, y) VALUES (50010, 45.72279308308128, 4.832087887560225);
INSERT INTO users (ID, USERNAME, PASSWORD, FIRSTNAME, LASTNAME, EMAIL, ENABLED, LASTPASSWORDRESETDATE, OBJECTIFHEBDO, Location_id) VALUES (10010, "user10", "$2a$08$UkVvwpULis18S19S5pZFn.YHPZt3oaqHZnDwqbCW9pft6uFtkXKDC", "user10", "user10", "user10@user.com", 1, "2003/01/22", 18, 50010);
INSERT INTO user_authority (USER_ID, AUTHORITY_ID) VALUES (10010, 2);
INSERT INTO programme(programme_id, date_debut, user_id, objectif_distance) VALUES (10020, '2018-04-30', 10010, 10);
INSERT INTO activity(activity_id, date_prevue, distance_prevue, estrealisee, programme_id, sport_id, CENTREINTERET_ID, timeframe_id) VALUES (10080, '2018-05-01', 10.299654447137108, 0, 10020, 1, 10000, 14);
INSERT INTO activity(activity_id, date_prevue, distance_prevue, estrealisee, programme_id, sport_id, CENTREINTERET_ID, timeframe_id) VALUES (10081, '2018-05-02', 11.872728985489747, 0, 10020, 1, 10000, 20);
INSERT INTO activity(activity_id, date_prevue, distance_prevue, estrealisee, programme_id, sport_id, CENTREINTERET_ID, timeframe_id) VALUES (10082, '2018-05-03', 7.853998302730529, 0, 10020, 1, 10000, 31);
INSERT INTO activity(activity_id, date_prevue, distance_prevue, estrealisee, programme_id, sport_id, CENTREINTERET_ID, timeframe_id) VALUES (10083, '2018-05-04', 10.374352094826037, 0, 10020, 1, 10000, 39);
INSERT INTO programme(programme_id, date_debut, user_id, objectif_distance) VALUES (10021, '2018-04-23', 10010, 7);
INSERT INTO activity(activity_id, date_prevue, date_realisee, distance_prevue, distance_realisee, estrealisee, programme_id, sport_id, CENTREINTERET_ID, timeframe_id) VALUES (10084, '2018-04-17', '2018-04-17', 9.791072302545974, 9.791072302545974, 1, 10021, 1, 10000, 50);
INSERT INTO activity(activity_id, date_prevue, date_realisee, distance_prevue, distance_realisee, estrealisee, programme_id, sport_id, CENTREINTERET_ID, timeframe_id) VALUES (10085, '2018-04-18', '2018-04-18', 11.842847942054862, 11.842847942054862, 1, 10021, 1, 10000, 2);
INSERT INTO activity(activity_id, date_prevue, date_realisee, distance_prevue, distance_realisee, estrealisee, programme_id, sport_id, CENTREINTERET_ID, timeframe_id) VALUES (10086, '2018-04-19', '2018-04-19', 8.468040842381772, 8.468040842381772, 1, 10021, 1, 10000, 42);
INSERT INTO activity(activity_id, date_prevue, date_realisee, distance_prevue, distance_realisee, estrealisee, programme_id, sport_id, CENTREINTERET_ID, timeframe_id) VALUES (10087, '2018-04-20', '2018-04-20', 7.0147518305358085, 7.0147518305358085, 1, 10021, 1, 10000, 46);

INSERT INTO point (ID, x, y) VALUES (50011, 45.72211752862481, 4.83426538728738);
INSERT INTO users (ID, USERNAME, PASSWORD, FIRSTNAME, LASTNAME, EMAIL, ENABLED, LASTPASSWORDRESETDATE, OBJECTIFHEBDO, Location_id) VALUES (10011, "user11", "$2a$08$UkVvwpULis18S19S5pZFn.YHPZt3oaqHZnDwqbCW9pft6uFtkXKDC", "user11", "user11", "user11@user.com", 1, "2003/01/22", 9, 50011);
INSERT INTO user_authority (USER_ID, AUTHORITY_ID) VALUES (10011, 2);
INSERT INTO programme(programme_id, date_debut, user_id, objectif_distance) VALUES (10022, '2018-04-30', 10011, 9);
INSERT INTO activity(activity_id, date_prevue, distance_prevue, estrealisee, programme_id, sport_id, CENTREINTERET_ID, timeframe_id) VALUES (10088, '2018-05-01', 7.085124601311727, 0, 10022, 1, 10000, 14);
INSERT INTO activity(activity_id, date_prevue, distance_prevue, estrealisee, programme_id, sport_id, CENTREINTERET_ID, timeframe_id) VALUES (10089, '2018-05-02', 11.72042421854498, 0, 10022, 1, 10000, 20);
INSERT INTO activity(activity_id, date_prevue, distance_prevue, estrealisee, programme_id, sport_id, CENTREINTERET_ID, timeframe_id) VALUES (10090, '2018-05-03', 9.030023652129731, 0, 10022, 1, 10000, 31);
INSERT INTO activity(activity_id, date_prevue, distance_prevue, estrealisee, programme_id, sport_id, CENTREINTERET_ID, timeframe_id) VALUES (10091, '2018-05-04', 8.614162937028654, 0, 10022, 1, 10000, 39);
INSERT INTO programme(programme_id, date_debut, user_id, objectif_distance) VALUES (10023, '2018-04-23', 10011, 7);
INSERT INTO activity(activity_id, date_prevue, date_realisee, distance_prevue, distance_realisee, estrealisee, programme_id, sport_id, CENTREINTERET_ID, timeframe_id) VALUES (10092, '2018-04-17', '2018-04-17', 9.388591998739242, 9.388591998739242, 1, 10023, 1, 10000, 45);
INSERT INTO activity(activity_id, date_prevue, date_realisee, distance_prevue, distance_realisee, estrealisee, programme_id, sport_id, CENTREINTERET_ID, timeframe_id) VALUES (10093, '2018-04-18', '2018-04-18', 7.944626200783598, 7.944626200783598, 1, 10023, 1, 10000, 42);
INSERT INTO activity(activity_id, date_prevue, date_realisee, distance_prevue, distance_realisee, estrealisee, programme_id, sport_id, CENTREINTERET_ID, timeframe_id) VALUES (10094, '2018-04-19', '2018-04-19', 10.916475726166293, 10.916475726166293, 1, 10023, 1, 10000, 24);
INSERT INTO activity(activity_id, date_prevue, date_realisee, distance_prevue, distance_realisee, estrealisee, programme_id, sport_id, CENTREINTERET_ID, timeframe_id) VALUES (10095, '2018-04-20', '2018-04-20', 7.666285453569343, 7.666285453569343, 1, 10023, 1, 10000, 20);

INSERT INTO point (ID, x, y) VALUES (50012, 45.72963580414054, 4.8606825387397485);
INSERT INTO users (ID, USERNAME, PASSWORD, FIRSTNAME, LASTNAME, EMAIL, ENABLED, LASTPASSWORDRESETDATE, OBJECTIFHEBDO, Location_id) VALUES (10012, "user12", "$2a$08$UkVvwpULis18S19S5pZFn.YHPZt3oaqHZnDwqbCW9pft6uFtkXKDC", "user12", "user12", "user12@user.com", 1, "2003/01/22", 11, 50012);
INSERT INTO user_authority (USER_ID, AUTHORITY_ID) VALUES (10012, 2);
INSERT INTO programme(programme_id, date_debut, user_id, objectif_distance) VALUES (10024, '2018-04-30', 10012, 10);
INSERT INTO activity(activity_id, date_prevue, distance_prevue, estrealisee, programme_id, sport_id, CENTREINTERET_ID, timeframe_id) VALUES (10096, '2018-05-01', 10.55797892650033, 0, 10024, 1, 10000, 14);
INSERT INTO activity(activity_id, date_prevue, distance_prevue, estrealisee, programme_id, sport_id, CENTREINTERET_ID, timeframe_id) VALUES (10097, '2018-05-02', 10.657921469982472, 0, 10024, 1, 10000, 20);
INSERT INTO activity(activity_id, date_prevue, distance_prevue, estrealisee, programme_id, sport_id, CENTREINTERET_ID, timeframe_id) VALUES (10098, '2018-05-03', 7.884717636544956, 0, 10024, 1, 10000, 31);
INSERT INTO activity(activity_id, date_prevue, distance_prevue, estrealisee, programme_id, sport_id, CENTREINTERET_ID, timeframe_id) VALUES (10099, '2018-05-04', 10.974471277741475, 0, 10024, 1, 10000, 39);
INSERT INTO programme(programme_id, date_debut, user_id, objectif_distance) VALUES (10025, '2018-04-23', 10012, 11);
INSERT INTO activity(activity_id, date_prevue, date_realisee, distance_prevue, distance_realisee, estrealisee, programme_id, sport_id, CENTREINTERET_ID, timeframe_id) VALUES (10100, '2018-04-17', '2018-04-17', 10.326619020964102, 10.326619020964102, 1, 10025, 1, 10000, 46);
INSERT INTO activity(activity_id, date_prevue, date_realisee, distance_prevue, distance_realisee, estrealisee, programme_id, sport_id, CENTREINTERET_ID, timeframe_id) VALUES (10101, '2018-04-18', '2018-04-18', 10.288855259754957, 10.288855259754957, 1, 10025, 1, 10000, 29);
INSERT INTO activity(activity_id, date_prevue, date_realisee, distance_prevue, distance_realisee, estrealisee, programme_id, sport_id, CENTREINTERET_ID, timeframe_id) VALUES (10102, '2018-04-19', '2018-04-19', 8.258731838369942, 8.258731838369942, 1, 10025, 1, 10000, 12);
INSERT INTO activity(activity_id, date_prevue, date_realisee, distance_prevue, distance_realisee, estrealisee, programme_id, sport_id, CENTREINTERET_ID, timeframe_id) VALUES (10103, '2018-04-20', '2018-04-20', 10.797382575069713, 10.797382575069713, 1, 10025, 1, 10000, 23);

INSERT INTO point (ID, x, y) VALUES (50013, 45.783138887268315, 4.822333041491178);
INSERT INTO users (ID, USERNAME, PASSWORD, FIRSTNAME, LASTNAME, EMAIL, ENABLED, LASTPASSWORDRESETDATE, OBJECTIFHEBDO, Location_id) VALUES (10013, "user13", "$2a$08$UkVvwpULis18S19S5pZFn.YHPZt3oaqHZnDwqbCW9pft6uFtkXKDC", "user13", "user13", "user13@user.com", 1, "2003/01/22", 16, 50013);
INSERT INTO user_authority (USER_ID, AUTHORITY_ID) VALUES (10013, 2);
INSERT INTO programme(programme_id, date_debut, user_id, objectif_distance) VALUES (10026, '2018-04-30', 10013, 15);
INSERT INTO activity(activity_id, date_prevue, distance_prevue, estrealisee, programme_id, sport_id, CENTREINTERET_ID, timeframe_id) VALUES (10104, '2018-05-01', 8.070912275105206, 0, 10026, 1, 10000, 14);
INSERT INTO activity(activity_id, date_prevue, distance_prevue, estrealisee, programme_id, sport_id, CENTREINTERET_ID, timeframe_id) VALUES (10105, '2018-05-02', 8.748136395558886, 0, 10026, 1, 10000, 20);
INSERT INTO activity(activity_id, date_prevue, distance_prevue, estrealisee, programme_id, sport_id, CENTREINTERET_ID, timeframe_id) VALUES (10106, '2018-05-03', 10.888398387426431, 0, 10026, 1, 10000, 31);
INSERT INTO activity(activity_id, date_prevue, distance_prevue, estrealisee, programme_id, sport_id, CENTREINTERET_ID, timeframe_id) VALUES (10107, '2018-05-04', 10.075927069303578, 0, 10026, 1, 10000, 39);
INSERT INTO programme(programme_id, date_debut, user_id, objectif_distance) VALUES (10027, '2018-04-23', 10013, 6);
INSERT INTO activity(activity_id, date_prevue, date_realisee, distance_prevue, distance_realisee, estrealisee, programme_id, sport_id, CENTREINTERET_ID, timeframe_id) VALUES (10108, '2018-04-17', '2018-04-17', 11.674525002997733, 11.674525002997733, 1, 10027, 1, 10000, 54);
INSERT INTO activity(activity_id, date_prevue, date_realisee, distance_prevue, distance_realisee, estrealisee, programme_id, sport_id, CENTREINTERET_ID, timeframe_id) VALUES (10109, '2018-04-18', '2018-04-18', 10.844258616537788, 10.844258616537788, 1, 10027, 1, 10000, 30);
INSERT INTO activity(activity_id, date_prevue, date_realisee, distance_prevue, distance_realisee, estrealisee, programme_id, sport_id, CENTREINTERET_ID, timeframe_id) VALUES (10110, '2018-04-19', '2018-04-19', 8.98143682159257, 8.98143682159257, 1, 10027, 1, 10000, 55);
INSERT INTO activity(activity_id, date_prevue, date_realisee, distance_prevue, distance_realisee, estrealisee, programme_id, sport_id, CENTREINTERET_ID, timeframe_id) VALUES (10111, '2018-04-20', '2018-04-20', 9.077430596232633, 9.077430596232633, 1, 10027, 1, 10000, 20);

INSERT INTO point (ID, x, y) VALUES (50014, 45.768929281858746, 4.830598299594285);
INSERT INTO users (ID, USERNAME, PASSWORD, FIRSTNAME, LASTNAME, EMAIL, ENABLED, LASTPASSWORDRESETDATE, OBJECTIFHEBDO, Location_id) VALUES (10014, "user14", "$2a$08$UkVvwpULis18S19S5pZFn.YHPZt3oaqHZnDwqbCW9pft6uFtkXKDC", "user14", "user14", "user14@user.com", 1, "2003/01/22", 6, 50014);
INSERT INTO user_authority (USER_ID, AUTHORITY_ID) VALUES (10014, 2);
INSERT INTO programme(programme_id, date_debut, user_id, objectif_distance) VALUES (10028, '2018-04-30', 10014, 11);
INSERT INTO activity(activity_id, date_prevue, distance_prevue, estrealisee, programme_id, sport_id, CENTREINTERET_ID, timeframe_id) VALUES (10112, '2018-05-01', 10.44418429331185, 0, 10028, 1, 10000, 14);
INSERT INTO activity(activity_id, date_prevue, distance_prevue, estrealisee, programme_id, sport_id, CENTREINTERET_ID, timeframe_id) VALUES (10113, '2018-05-02', 8.33601517416746, 0, 10028, 1, 10000, 20);
INSERT INTO activity(activity_id, date_prevue, distance_prevue, estrealisee, programme_id, sport_id, CENTREINTERET_ID, timeframe_id) VALUES (10114, '2018-05-03', 10.742767385143098, 0, 10028, 1, 10000, 31);
INSERT INTO activity(activity_id, date_prevue, distance_prevue, estrealisee, programme_id, sport_id, CENTREINTERET_ID, timeframe_id) VALUES (10115, '2018-05-04', 10.942805906987704, 0, 10028, 1, 10000, 39);
INSERT INTO programme(programme_id, date_debut, user_id, objectif_distance) VALUES (10029, '2018-04-23', 10014, 10);
INSERT INTO activity(activity_id, date_prevue, date_realisee, distance_prevue, distance_realisee, estrealisee, programme_id, sport_id, CENTREINTERET_ID, timeframe_id) VALUES (10116, '2018-04-17', '2018-04-17', 10.515004625909352, 10.515004625909352, 1, 10029, 1, 10000, 34);
INSERT INTO activity(activity_id, date_prevue, date_realisee, distance_prevue, distance_realisee, estrealisee, programme_id, sport_id, CENTREINTERET_ID, timeframe_id) VALUES (10117, '2018-04-18', '2018-04-18', 7.28083245398593, 7.28083245398593, 1, 10029, 1, 10000, 14);
INSERT INTO activity(activity_id, date_prevue, date_realisee, distance_prevue, distance_realisee, estrealisee, programme_id, sport_id, CENTREINTERET_ID, timeframe_id) VALUES (10118, '2018-04-19', '2018-04-19', 8.265084816470711, 8.265084816470711, 1, 10029, 1, 10000, 15);
INSERT INTO activity(activity_id, date_prevue, date_realisee, distance_prevue, distance_realisee, estrealisee, programme_id, sport_id, CENTREINTERET_ID, timeframe_id) VALUES (10119, '2018-04-20', '2018-04-20', 11.233231938020067, 11.233231938020067, 1, 10029, 1, 10000, 21);

INSERT INTO point (ID, x, y) VALUES (50015, 45.725767586647805, 4.875532663502766);
INSERT INTO users (ID, USERNAME, PASSWORD, FIRSTNAME, LASTNAME, EMAIL, ENABLED, LASTPASSWORDRESETDATE, OBJECTIFHEBDO, Location_id) VALUES (10015, "user15", "$2a$08$UkVvwpULis18S19S5pZFn.YHPZt3oaqHZnDwqbCW9pft6uFtkXKDC", "user15", "user15", "user15@user.com", 1, "2003/01/22", 10, 50015);
INSERT INTO user_authority (USER_ID, AUTHORITY_ID) VALUES (10015, 2);
INSERT INTO programme(programme_id, date_debut, user_id, objectif_distance) VALUES (10030, '2018-04-30', 10015, 7);
INSERT INTO activity(activity_id, date_prevue, distance_prevue, estrealisee, programme_id, sport_id, CENTREINTERET_ID, timeframe_id) VALUES (10120, '2018-05-01', 11.576713715230776, 0, 10030, 1, 10000, 14);
INSERT INTO activity(activity_id, date_prevue, distance_prevue, estrealisee, programme_id, sport_id, CENTREINTERET_ID, timeframe_id) VALUES (10121, '2018-05-02', 9.38004915500192, 0, 10030, 1, 10000, 20);
INSERT INTO activity(activity_id, date_prevue, distance_prevue, estrealisee, programme_id, sport_id, CENTREINTERET_ID, timeframe_id) VALUES (10122, '2018-05-03', 9.1222065522352, 0, 10030, 1, 10000, 31);
INSERT INTO activity(activity_id, date_prevue, distance_prevue, estrealisee, programme_id, sport_id, CENTREINTERET_ID, timeframe_id) VALUES (10123, '2018-05-04', 7.919638909819916, 0, 10030, 1, 10000, 39);
INSERT INTO programme(programme_id, date_debut, user_id, objectif_distance) VALUES (10031, '2018-04-23', 10015, 10);
INSERT INTO activity(activity_id, date_prevue, date_realisee, distance_prevue, distance_realisee, estrealisee, programme_id, sport_id, CENTREINTERET_ID, timeframe_id) VALUES (10124, '2018-04-17', '2018-04-17', 9.98997081934139, 9.98997081934139, 1, 10031, 1, 10000, 53);
INSERT INTO activity(activity_id, date_prevue, date_realisee, distance_prevue, distance_realisee, estrealisee, programme_id, sport_id, CENTREINTERET_ID, timeframe_id) VALUES (10125, '2018-04-18', '2018-04-18', 10.162044718492407, 10.162044718492407, 1, 10031, 1, 10000, 15);
INSERT INTO activity(activity_id, date_prevue, date_realisee, distance_prevue, distance_realisee, estrealisee, programme_id, sport_id, CENTREINTERET_ID, timeframe_id) VALUES (10126, '2018-04-19', '2018-04-19', 9.488071392297972, 9.488071392297972, 1, 10031, 1, 10000, 18);
INSERT INTO activity(activity_id, date_prevue, date_realisee, distance_prevue, distance_realisee, estrealisee, programme_id, sport_id, CENTREINTERET_ID, timeframe_id) VALUES (10127, '2018-04-20', '2018-04-20', 10.833810041866313, 10.833810041866313, 1, 10031, 1, 10000, 31);

INSERT INTO point (ID, x, y) VALUES (50016, 45.75252622238046, 4.845638957902345);
INSERT INTO users (ID, USERNAME, PASSWORD, FIRSTNAME, LASTNAME, EMAIL, ENABLED, LASTPASSWORDRESETDATE, OBJECTIFHEBDO, Location_id) VALUES (10016, "user16", "$2a$08$UkVvwpULis18S19S5pZFn.YHPZt3oaqHZnDwqbCW9pft6uFtkXKDC", "user16", "user16", "user16@user.com", 1, "2003/01/22", 20, 50016);
INSERT INTO user_authority (USER_ID, AUTHORITY_ID) VALUES (10016, 2);
INSERT INTO programme(programme_id, date_debut, user_id, objectif_distance) VALUES (10032, '2018-04-30', 10016, 14);
INSERT INTO activity(activity_id, date_prevue, distance_prevue, estrealisee, programme_id, sport_id, CENTREINTERET_ID, timeframe_id) VALUES (10128, '2018-05-01', 8.720083409633299, 0, 10032, 1, 10000, 14);
INSERT INTO activity(activity_id, date_prevue, distance_prevue, estrealisee, programme_id, sport_id, CENTREINTERET_ID, timeframe_id) VALUES (10129, '2018-05-02', 7.213596734322227, 0, 10032, 1, 10000, 20);
INSERT INTO activity(activity_id, date_prevue, distance_prevue, estrealisee, programme_id, sport_id, CENTREINTERET_ID, timeframe_id) VALUES (10130, '2018-05-03', 11.663687151190794, 0, 10032, 1, 10000, 31);
INSERT INTO activity(activity_id, date_prevue, distance_prevue, estrealisee, programme_id, sport_id, CENTREINTERET_ID, timeframe_id) VALUES (10131, '2018-05-04', 10.143432675077289, 0, 10032, 1, 10000, 39);
INSERT INTO programme(programme_id, date_debut, user_id, objectif_distance) VALUES (10033, '2018-04-23', 10016, 7);
INSERT INTO activity(activity_id, date_prevue, date_realisee, distance_prevue, distance_realisee, estrealisee, programme_id, sport_id, CENTREINTERET_ID, timeframe_id) VALUES (10132, '2018-04-17', '2018-04-17', 11.040994040594732, 11.040994040594732, 1, 10033, 1, 10000, 44);
INSERT INTO activity(activity_id, date_prevue, date_realisee, distance_prevue, distance_realisee, estrealisee, programme_id, sport_id, CENTREINTERET_ID, timeframe_id) VALUES (10133, '2018-04-18', '2018-04-18', 8.912858523968477, 8.912858523968477, 1, 10033, 1, 10000, 48);
INSERT INTO activity(activity_id, date_prevue, date_realisee, distance_prevue, distance_realisee, estrealisee, programme_id, sport_id, CENTREINTERET_ID, timeframe_id) VALUES (10134, '2018-04-19', '2018-04-19', 9.416591631409863, 9.416591631409863, 1, 10033, 1, 10000, 21);
INSERT INTO activity(activity_id, date_prevue, date_realisee, distance_prevue, distance_realisee, estrealisee, programme_id, sport_id, CENTREINTERET_ID, timeframe_id) VALUES (10135, '2018-04-20', '2018-04-20', 9.766072341574933, 9.766072341574933, 1, 10033, 1, 10000, 35);

INSERT INTO point (ID, x, y) VALUES (50017, 45.758730558344766, 4.865436720705926);
INSERT INTO users (ID, USERNAME, PASSWORD, FIRSTNAME, LASTNAME, EMAIL, ENABLED, LASTPASSWORDRESETDATE, OBJECTIFHEBDO, Location_id) VALUES (10017, "user17", "$2a$08$UkVvwpULis18S19S5pZFn.YHPZt3oaqHZnDwqbCW9pft6uFtkXKDC", "user17", "user17", "user17@user.com", 1, "2003/01/22", 8, 50017);
INSERT INTO user_authority (USER_ID, AUTHORITY_ID) VALUES (10017, 2);
INSERT INTO programme(programme_id, date_debut, user_id, objectif_distance) VALUES (10034, '2018-04-30', 10017, 14);
INSERT INTO activity(activity_id, date_prevue, distance_prevue, estrealisee, programme_id, sport_id, CENTREINTERET_ID, timeframe_id) VALUES (10136, '2018-05-01', 10.294736431451959, 0, 10034, 1, 10000, 14);
INSERT INTO activity(activity_id, date_prevue, distance_prevue, estrealisee, programme_id, sport_id, CENTREINTERET_ID, timeframe_id) VALUES (10137, '2018-05-02', 10.078994860111967, 0, 10034, 1, 10000, 20);
INSERT INTO activity(activity_id, date_prevue, distance_prevue, estrealisee, programme_id, sport_id, CENTREINTERET_ID, timeframe_id) VALUES (10138, '2018-05-03', 10.841445325712405, 0, 10034, 1, 10000, 31);
INSERT INTO activity(activity_id, date_prevue, distance_prevue, estrealisee, programme_id, sport_id, CENTREINTERET_ID, timeframe_id) VALUES (10139, '2018-05-04', 11.40566278437138, 0, 10034, 1, 10000, 39);
INSERT INTO programme(programme_id, date_debut, user_id, objectif_distance) VALUES (10035, '2018-04-23', 10017, 6);
INSERT INTO activity(activity_id, date_prevue, date_realisee, distance_prevue, distance_realisee, estrealisee, programme_id, sport_id, CENTREINTERET_ID, timeframe_id) VALUES (10140, '2018-04-17', '2018-04-17', 9.854677756352217, 9.854677756352217, 1, 10035, 1, 10000, 16);
INSERT INTO activity(activity_id, date_prevue, date_realisee, distance_prevue, distance_realisee, estrealisee, programme_id, sport_id, CENTREINTERET_ID, timeframe_id) VALUES (10141, '2018-04-18', '2018-04-18', 11.791540926747848, 11.791540926747848, 1, 10035, 1, 10000, 55);
INSERT INTO activity(activity_id, date_prevue, date_realisee, distance_prevue, distance_realisee, estrealisee, programme_id, sport_id, CENTREINTERET_ID, timeframe_id) VALUES (10142, '2018-04-19', '2018-04-19', 8.801071557682295, 8.801071557682295, 1, 10035, 1, 10000, 45);
INSERT INTO activity(activity_id, date_prevue, date_realisee, distance_prevue, distance_realisee, estrealisee, programme_id, sport_id, CENTREINTERET_ID, timeframe_id) VALUES (10143, '2018-04-20', '2018-04-20', 7.121730506708761, 7.121730506708761, 1, 10035, 1, 10000, 2);

INSERT INTO point (ID, x, y) VALUES (50018, 45.780667117717485, 4.861785375719548);
INSERT INTO users (ID, USERNAME, PASSWORD, FIRSTNAME, LASTNAME, EMAIL, ENABLED, LASTPASSWORDRESETDATE, OBJECTIFHEBDO, Location_id) VALUES (10018, "user18", "$2a$08$UkVvwpULis18S19S5pZFn.YHPZt3oaqHZnDwqbCW9pft6uFtkXKDC", "user18", "user18", "user18@user.com", 1, "2003/01/22", 8, 50018);
INSERT INTO user_authority (USER_ID, AUTHORITY_ID) VALUES (10018, 2);
INSERT INTO programme(programme_id, date_debut, user_id, objectif_distance) VALUES (10036, '2018-04-30', 10018, 9);
INSERT INTO activity(activity_id, date_prevue, distance_prevue, estrealisee, programme_id, sport_id, CENTREINTERET_ID, timeframe_id) VALUES (10144, '2018-05-01', 7.261974148471152, 0, 10036, 1, 10000, 14);
INSERT INTO activity(activity_id, date_prevue, distance_prevue, estrealisee, programme_id, sport_id, CENTREINTERET_ID, timeframe_id) VALUES (10145, '2018-05-02', 9.94487094469936, 0, 10036, 1, 10000, 20);
INSERT INTO activity(activity_id, date_prevue, distance_prevue, estrealisee, programme_id, sport_id, CENTREINTERET_ID, timeframe_id) VALUES (10146, '2018-05-03', 7.347351657490643, 0, 10036, 1, 10000, 31);
INSERT INTO activity(activity_id, date_prevue, distance_prevue, estrealisee, programme_id, sport_id, CENTREINTERET_ID, timeframe_id) VALUES (10147, '2018-05-04', 8.475731588277242, 0, 10036, 1, 10000, 39);
INSERT INTO programme(programme_id, date_debut, user_id, objectif_distance) VALUES (10037, '2018-04-23', 10018, 10);
INSERT INTO activity(activity_id, date_prevue, date_realisee, distance_prevue, distance_realisee, estrealisee, programme_id, sport_id, CENTREINTERET_ID, timeframe_id) VALUES (10148, '2018-04-17', '2018-04-17', 9.252877951458185, 9.252877951458185, 1, 10037, 1, 10000, 36);
INSERT INTO activity(activity_id, date_prevue, date_realisee, distance_prevue, distance_realisee, estrealisee, programme_id, sport_id, CENTREINTERET_ID, timeframe_id) VALUES (10149, '2018-04-18', '2018-04-18', 11.28379986645933, 11.28379986645933, 1, 10037, 1, 10000, 15);
INSERT INTO activity(activity_id, date_prevue, date_realisee, distance_prevue, distance_realisee, estrealisee, programme_id, sport_id, CENTREINTERET_ID, timeframe_id) VALUES (10150, '2018-04-19', '2018-04-19', 8.253750085906391, 8.253750085906391, 1, 10037, 1, 10000, 42);
INSERT INTO activity(activity_id, date_prevue, date_realisee, distance_prevue, distance_realisee, estrealisee, programme_id, sport_id, CENTREINTERET_ID, timeframe_id) VALUES (10151, '2018-04-20', '2018-04-20', 8.180884124552492, 8.180884124552492, 1, 10037, 1, 10000, 54);

INSERT INTO point (ID, x, y) VALUES (50019, 45.74820143404739, 4.81144712474268);
INSERT INTO users (ID, USERNAME, PASSWORD, FIRSTNAME, LASTNAME, EMAIL, ENABLED, LASTPASSWORDRESETDATE, OBJECTIFHEBDO, Location_id) VALUES (10019, "user19", "$2a$08$UkVvwpULis18S19S5pZFn.YHPZt3oaqHZnDwqbCW9pft6uFtkXKDC", "user19", "user19", "user19@user.com", 1, "2003/01/22", 8, 50019);
INSERT INTO user_authority (USER_ID, AUTHORITY_ID) VALUES (10019, 2);
INSERT INTO programme(programme_id, date_debut, user_id, objectif_distance) VALUES (10038, '2018-04-30', 10019, 5);
INSERT INTO activity(activity_id, date_prevue, distance_prevue, estrealisee, programme_id, sport_id, CENTREINTERET_ID, timeframe_id) VALUES (10152, '2018-05-01', 7.936677323154104, 0, 10038, 1, 10000, 14);
INSERT INTO activity(activity_id, date_prevue, distance_prevue, estrealisee, programme_id, sport_id, CENTREINTERET_ID, timeframe_id) VALUES (10153, '2018-05-02', 9.168755548200888, 0, 10038, 1, 10000, 20);
INSERT INTO activity(activity_id, date_prevue, distance_prevue, estrealisee, programme_id, sport_id, CENTREINTERET_ID, timeframe_id) VALUES (10154, '2018-05-03', 8.150062901524482, 0, 10038, 1, 10000, 31);
INSERT INTO activity(activity_id, date_prevue, distance_prevue, estrealisee, programme_id, sport_id, CENTREINTERET_ID, timeframe_id) VALUES (10155, '2018-05-04', 10.831639496059651, 0, 10038, 1, 10000, 39);
INSERT INTO programme(programme_id, date_debut, user_id, objectif_distance) VALUES (10039, '2018-04-23', 10019, 8);
INSERT INTO activity(activity_id, date_prevue, date_realisee, distance_prevue, distance_realisee, estrealisee, programme_id, sport_id, CENTREINTERET_ID, timeframe_id) VALUES (10156, '2018-04-17', '2018-04-17', 10.9376918121743, 10.9376918121743, 1, 10039, 1, 10000, 47);
INSERT INTO activity(activity_id, date_prevue, date_realisee, distance_prevue, distance_realisee, estrealisee, programme_id, sport_id, CENTREINTERET_ID, timeframe_id) VALUES (10157, '2018-04-18', '2018-04-18', 8.057507260244194, 8.057507260244194, 1, 10039, 1, 10000, 11);
INSERT INTO activity(activity_id, date_prevue, date_realisee, distance_prevue, distance_realisee, estrealisee, programme_id, sport_id, CENTREINTERET_ID, timeframe_id) VALUES (10158, '2018-04-19', '2018-04-19', 7.810219322878831, 7.810219322878831, 1, 10039, 1, 10000, 39);
INSERT INTO activity(activity_id, date_prevue, date_realisee, distance_prevue, distance_realisee, estrealisee, programme_id, sport_id, CENTREINTERET_ID, timeframe_id) VALUES (10159, '2018-04-20', '2018-04-20', 7.236485320312348, 7.236485320312348, 1, 10039, 1, 10000, 25);

INSERT INTO point (ID, x, y) VALUES (50020, 45.78212103335168, 4.870830382923555);
INSERT INTO users (ID, USERNAME, PASSWORD, FIRSTNAME, LASTNAME, EMAIL, ENABLED, LASTPASSWORDRESETDATE, OBJECTIFHEBDO, Location_id) VALUES (10020, "user20", "$2a$08$UkVvwpULis18S19S5pZFn.YHPZt3oaqHZnDwqbCW9pft6uFtkXKDC", "user20", "user20", "user20@user.com", 1, "2003/01/22", 8, 50020);
INSERT INTO user_authority (USER_ID, AUTHORITY_ID) VALUES (10020, 2);
INSERT INTO programme(programme_id, date_debut, user_id, objectif_distance) VALUES (10040, '2018-04-30', 10020, 12);
INSERT INTO activity(activity_id, date_prevue, distance_prevue, estrealisee, programme_id, sport_id, CENTREINTERET_ID, timeframe_id) VALUES (10160, '2018-05-01', 11.098862239527481, 0, 10040, 1, 10000, 14);
INSERT INTO activity(activity_id, date_prevue, distance_prevue, estrealisee, programme_id, sport_id, CENTREINTERET_ID, timeframe_id) VALUES (10161, '2018-05-02', 7.326221386883722, 0, 10040, 1, 10000, 20);
INSERT INTO activity(activity_id, date_prevue, distance_prevue, estrealisee, programme_id, sport_id, CENTREINTERET_ID, timeframe_id) VALUES (10162, '2018-05-03', 10.59371296004067, 0, 10040, 1, 10000, 31);
INSERT INTO activity(activity_id, date_prevue, distance_prevue, estrealisee, programme_id, sport_id, CENTREINTERET_ID, timeframe_id) VALUES (10163, '2018-05-04', 9.982715794806413, 0, 10040, 1, 10000, 39);
INSERT INTO programme(programme_id, date_debut, user_id, objectif_distance) VALUES (10041, '2018-04-23', 10020, 7);
INSERT INTO activity(activity_id, date_prevue, date_realisee, distance_prevue, distance_realisee, estrealisee, programme_id, sport_id, CENTREINTERET_ID, timeframe_id) VALUES (10164, '2018-04-17', '2018-04-17', 8.913800974262143, 8.913800974262143, 1, 10041, 1, 10000, 36);
INSERT INTO activity(activity_id, date_prevue, date_realisee, distance_prevue, distance_realisee, estrealisee, programme_id, sport_id, CENTREINTERET_ID, timeframe_id) VALUES (10165, '2018-04-18', '2018-04-18', 10.425666215693035, 10.425666215693035, 1, 10041, 1, 10000, 9);
INSERT INTO activity(activity_id, date_prevue, date_realisee, distance_prevue, distance_realisee, estrealisee, programme_id, sport_id, CENTREINTERET_ID, timeframe_id) VALUES (10166, '2018-04-19', '2018-04-19', 10.351870280142943, 10.351870280142943, 1, 10041, 1, 10000, 29);
INSERT INTO activity(activity_id, date_prevue, date_realisee, distance_prevue, distance_realisee, estrealisee, programme_id, sport_id, CENTREINTERET_ID, timeframe_id) VALUES (10167, '2018-04-20', '2018-04-20', 9.069408501701673, 9.069408501701673, 1, 10041, 1, 10000, 9);

INSERT INTO point (ID, x, y) VALUES (50021, 45.76683226479474, 4.834880930500555);
INSERT INTO users (ID, USERNAME, PASSWORD, FIRSTNAME, LASTNAME, EMAIL, ENABLED, LASTPASSWORDRESETDATE, OBJECTIFHEBDO, Location_id) VALUES (10021, "user21", "$2a$08$UkVvwpULis18S19S5pZFn.YHPZt3oaqHZnDwqbCW9pft6uFtkXKDC", "user21", "user21", "user21@user.com", 1, "2003/01/22", 7, 50021);
INSERT INTO user_authority (USER_ID, AUTHORITY_ID) VALUES (10021, 2);
INSERT INTO programme(programme_id, date_debut, user_id, objectif_distance) VALUES (10042, '2018-04-30', 10021, 9);
INSERT INTO activity(activity_id, date_prevue, distance_prevue, estrealisee, programme_id, sport_id, CENTREINTERET_ID, timeframe_id) VALUES (10168, '2018-05-01', 9.736557987429535, 0, 10042, 1, 10000, 14);
INSERT INTO activity(activity_id, date_prevue, distance_prevue, estrealisee, programme_id, sport_id, CENTREINTERET_ID, timeframe_id) VALUES (10169, '2018-05-02', 9.318828685744244, 0, 10042, 1, 10000, 20);
INSERT INTO activity(activity_id, date_prevue, distance_prevue, estrealisee, programme_id, sport_id, CENTREINTERET_ID, timeframe_id) VALUES (10170, '2018-05-03', 11.531895742563236, 0, 10042, 1, 10000, 31);
INSERT INTO activity(activity_id, date_prevue, distance_prevue, estrealisee, programme_id, sport_id, CENTREINTERET_ID, timeframe_id) VALUES (10171, '2018-05-04', 9.598411301809183, 0, 10042, 1, 10000, 39);
INSERT INTO programme(programme_id, date_debut, user_id, objectif_distance) VALUES (10043, '2018-04-23', 10021, 7);
INSERT INTO activity(activity_id, date_prevue, date_realisee, distance_prevue, distance_realisee, estrealisee, programme_id, sport_id, CENTREINTERET_ID, timeframe_id) VALUES (10172, '2018-04-17', '2018-04-17', 11.670946554071804, 11.670946554071804, 1, 10043, 1, 10000, 7);
INSERT INTO activity(activity_id, date_prevue, date_realisee, distance_prevue, distance_realisee, estrealisee, programme_id, sport_id, CENTREINTERET_ID, timeframe_id) VALUES (10173, '2018-04-18', '2018-04-18', 8.188498767587776, 8.188498767587776, 1, 10043, 1, 10000, 4);
INSERT INTO activity(activity_id, date_prevue, date_realisee, distance_prevue, distance_realisee, estrealisee, programme_id, sport_id, CENTREINTERET_ID, timeframe_id) VALUES (10174, '2018-04-19', '2018-04-19', 9.350421665899576, 9.350421665899576, 1, 10043, 1, 10000, 35);
INSERT INTO activity(activity_id, date_prevue, date_realisee, distance_prevue, distance_realisee, estrealisee, programme_id, sport_id, CENTREINTERET_ID, timeframe_id) VALUES (10175, '2018-04-20', '2018-04-20', 8.23319366462939, 8.23319366462939, 1, 10043, 1, 10000, 31);

INSERT INTO point (ID, x, y) VALUES (50022, 45.71842584752895, 4.86179986673182);
INSERT INTO users (ID, USERNAME, PASSWORD, FIRSTNAME, LASTNAME, EMAIL, ENABLED, LASTPASSWORDRESETDATE, OBJECTIFHEBDO, Location_id) VALUES (10022, "user22", "$2a$08$UkVvwpULis18S19S5pZFn.YHPZt3oaqHZnDwqbCW9pft6uFtkXKDC", "user22", "user22", "user22@user.com", 1, "2003/01/22", 13, 50022);
INSERT INTO user_authority (USER_ID, AUTHORITY_ID) VALUES (10022, 2);
INSERT INTO programme(programme_id, date_debut, user_id, objectif_distance) VALUES (10044, '2018-04-30', 10022, 6);
INSERT INTO activity(activity_id, date_prevue, distance_prevue, estrealisee, programme_id, sport_id, CENTREINTERET_ID, timeframe_id) VALUES (10176, '2018-05-01', 10.07390637610198, 0, 10044, 1, 10000, 14);
INSERT INTO activity(activity_id, date_prevue, distance_prevue, estrealisee, programme_id, sport_id, CENTREINTERET_ID, timeframe_id) VALUES (10177, '2018-05-02', 11.477245280360492, 0, 10044, 1, 10000, 20);
INSERT INTO activity(activity_id, date_prevue, distance_prevue, estrealisee, programme_id, sport_id, CENTREINTERET_ID, timeframe_id) VALUES (10178, '2018-05-03', 9.987460111984191, 0, 10044, 1, 10000, 31);
INSERT INTO activity(activity_id, date_prevue, distance_prevue, estrealisee, programme_id, sport_id, CENTREINTERET_ID, timeframe_id) VALUES (10179, '2018-05-04', 7.660640819176753, 0, 10044, 1, 10000, 39);
INSERT INTO programme(programme_id, date_debut, user_id, objectif_distance) VALUES (10045, '2018-04-23', 10022, 12);
INSERT INTO activity(activity_id, date_prevue, date_realisee, distance_prevue, distance_realisee, estrealisee, programme_id, sport_id, CENTREINTERET_ID, timeframe_id) VALUES (10180, '2018-04-17', '2018-04-17', 10.973168406571457, 10.973168406571457, 1, 10045, 1, 10000, 19);
INSERT INTO activity(activity_id, date_prevue, date_realisee, distance_prevue, distance_realisee, estrealisee, programme_id, sport_id, CENTREINTERET_ID, timeframe_id) VALUES (10181, '2018-04-18', '2018-04-18', 9.221777803624278, 9.221777803624278, 1, 10045, 1, 10000, 51);
INSERT INTO activity(activity_id, date_prevue, date_realisee, distance_prevue, distance_realisee, estrealisee, programme_id, sport_id, CENTREINTERET_ID, timeframe_id) VALUES (10182, '2018-04-19', '2018-04-19', 7.973958823122372, 7.973958823122372, 1, 10045, 1, 10000, 21);
INSERT INTO activity(activity_id, date_prevue, date_realisee, distance_prevue, distance_realisee, estrealisee, programme_id, sport_id, CENTREINTERET_ID, timeframe_id) VALUES (10183, '2018-04-20', '2018-04-20', 11.137139680448785, 11.137139680448785, 1, 10045, 1, 10000, 53);

INSERT INTO point (ID, x, y) VALUES (50023, 45.766921241730586, 4.880951318401288);
INSERT INTO users (ID, USERNAME, PASSWORD, FIRSTNAME, LASTNAME, EMAIL, ENABLED, LASTPASSWORDRESETDATE, OBJECTIFHEBDO, Location_id) VALUES (10023, "user23", "$2a$08$UkVvwpULis18S19S5pZFn.YHPZt3oaqHZnDwqbCW9pft6uFtkXKDC", "user23", "user23", "user23@user.com", 1, "2003/01/22", 13, 50023);
INSERT INTO user_authority (USER_ID, AUTHORITY_ID) VALUES (10023, 2);
INSERT INTO programme(programme_id, date_debut, user_id, objectif_distance) VALUES (10046, '2018-04-30', 10023, 12);
INSERT INTO activity(activity_id, date_prevue, distance_prevue, estrealisee, programme_id, sport_id, CENTREINTERET_ID, timeframe_id) VALUES (10184, '2018-05-01', 10.06227459128933, 0, 10046, 1, 10000, 14);
INSERT INTO activity(activity_id, date_prevue, distance_prevue, estrealisee, programme_id, sport_id, CENTREINTERET_ID, timeframe_id) VALUES (10185, '2018-05-02', 10.727851887135067, 0, 10046, 1, 10000, 20);
INSERT INTO activity(activity_id, date_prevue, distance_prevue, estrealisee, programme_id, sport_id, CENTREINTERET_ID, timeframe_id) VALUES (10186, '2018-05-03', 10.168021576793269, 0, 10046, 1, 10000, 31);
INSERT INTO activity(activity_id, date_prevue, distance_prevue, estrealisee, programme_id, sport_id, CENTREINTERET_ID, timeframe_id) VALUES (10187, '2018-05-04', 7.488953270194672, 0, 10046, 1, 10000, 39);
INSERT INTO programme(programme_id, date_debut, user_id, objectif_distance) VALUES (10047, '2018-04-23', 10023, 14);
INSERT INTO activity(activity_id, date_prevue, date_realisee, distance_prevue, distance_realisee, estrealisee, programme_id, sport_id, CENTREINTERET_ID, timeframe_id) VALUES (10188, '2018-04-17', '2018-04-17', 9.579246627283492, 9.579246627283492, 1, 10047, 1, 10000, 35);
INSERT INTO activity(activity_id, date_prevue, date_realisee, distance_prevue, distance_realisee, estrealisee, programme_id, sport_id, CENTREINTERET_ID, timeframe_id) VALUES (10189, '2018-04-18', '2018-04-18', 8.83522090570479, 8.83522090570479, 1, 10047, 1, 10000, 49);
INSERT INTO activity(activity_id, date_prevue, date_realisee, distance_prevue, distance_realisee, estrealisee, programme_id, sport_id, CENTREINTERET_ID, timeframe_id) VALUES (10190, '2018-04-19', '2018-04-19', 8.332364517631765, 8.332364517631765, 1, 10047, 1, 10000, 10);
INSERT INTO activity(activity_id, date_prevue, date_realisee, distance_prevue, distance_realisee, estrealisee, programme_id, sport_id, CENTREINTERET_ID, timeframe_id) VALUES (10191, '2018-04-20', '2018-04-20', 9.696522097782347, 9.696522097782347, 1, 10047, 1, 10000, 8);

INSERT INTO point (ID, x, y) VALUES (50024, 45.71618318463344, 4.887110427334907);
INSERT INTO users (ID, USERNAME, PASSWORD, FIRSTNAME, LASTNAME, EMAIL, ENABLED, LASTPASSWORDRESETDATE, OBJECTIFHEBDO, Location_id) VALUES (10024, "user24", "$2a$08$UkVvwpULis18S19S5pZFn.YHPZt3oaqHZnDwqbCW9pft6uFtkXKDC", "user24", "user24", "user24@user.com", 1, "2003/01/22", 18, 50024);
INSERT INTO user_authority (USER_ID, AUTHORITY_ID) VALUES (10024, 2);
INSERT INTO programme(programme_id, date_debut, user_id, objectif_distance) VALUES (10048, '2018-04-30', 10024, 12);
INSERT INTO activity(activity_id, date_prevue, distance_prevue, estrealisee, programme_id, sport_id, CENTREINTERET_ID, timeframe_id) VALUES (10192, '2018-05-01', 9.976542280950483, 0, 10048, 1, 10000, 14);
INSERT INTO activity(activity_id, date_prevue, distance_prevue, estrealisee, programme_id, sport_id, CENTREINTERET_ID, timeframe_id) VALUES (10193, '2018-05-02', 10.910016521579896, 0, 10048, 1, 10000, 20);
INSERT INTO activity(activity_id, date_prevue, distance_prevue, estrealisee, programme_id, sport_id, CENTREINTERET_ID, timeframe_id) VALUES (10194, '2018-05-03', 7.823075286870036, 0, 10048, 1, 10000, 31);
INSERT INTO activity(activity_id, date_prevue, distance_prevue, estrealisee, programme_id, sport_id, CENTREINTERET_ID, timeframe_id) VALUES (10195, '2018-05-04', 8.04164731111495, 0, 10048, 1, 10000, 39);
INSERT INTO programme(programme_id, date_debut, user_id, objectif_distance) VALUES (10049, '2018-04-23', 10024, 9);
INSERT INTO activity(activity_id, date_prevue, date_realisee, distance_prevue, distance_realisee, estrealisee, programme_id, sport_id, CENTREINTERET_ID, timeframe_id) VALUES (10196, '2018-04-17', '2018-04-17', 8.17977704373523, 8.17977704373523, 1, 10049, 1, 10000, 4);
INSERT INTO activity(activity_id, date_prevue, date_realisee, distance_prevue, distance_realisee, estrealisee, programme_id, sport_id, CENTREINTERET_ID, timeframe_id) VALUES (10197, '2018-04-18', '2018-04-18', 8.129383133380554, 8.129383133380554, 1, 10049, 1, 10000, 42);
INSERT INTO activity(activity_id, date_prevue, date_realisee, distance_prevue, distance_realisee, estrealisee, programme_id, sport_id, CENTREINTERET_ID, timeframe_id) VALUES (10198, '2018-04-19', '2018-04-19', 10.193502376397358, 10.193502376397358, 1, 10049, 1, 10000, 46);
INSERT INTO activity(activity_id, date_prevue, date_realisee, distance_prevue, distance_realisee, estrealisee, programme_id, sport_id, CENTREINTERET_ID, timeframe_id) VALUES (10199, '2018-04-20', '2018-04-20', 7.508602169801492, 7.508602169801492, 1, 10049, 1, 10000, 0);

INSERT INTO point (ID, x, y) VALUES (50025, 45.78248547616265, 4.887451910574509);
INSERT INTO users (ID, USERNAME, PASSWORD, FIRSTNAME, LASTNAME, EMAIL, ENABLED, LASTPASSWORDRESETDATE, OBJECTIFHEBDO, Location_id) VALUES (10025, "user25", "$2a$08$UkVvwpULis18S19S5pZFn.YHPZt3oaqHZnDwqbCW9pft6uFtkXKDC", "user25", "user25", "user25@user.com", 1, "2003/01/22", 15, 50025);
INSERT INTO user_authority (USER_ID, AUTHORITY_ID) VALUES (10025, 2);
INSERT INTO programme(programme_id, date_debut, user_id, objectif_distance) VALUES (10050, '2018-04-30', 10025, 14);
INSERT INTO activity(activity_id, date_prevue, distance_prevue, estrealisee, programme_id, sport_id, CENTREINTERET_ID, timeframe_id) VALUES (10200, '2018-05-01', 8.56640787515992, 0, 10050, 1, 10000, 14);
INSERT INTO activity(activity_id, date_prevue, distance_prevue, estrealisee, programme_id, sport_id, CENTREINTERET_ID, timeframe_id) VALUES (10201, '2018-05-02', 8.645395147793534, 0, 10050, 1, 10000, 20);
INSERT INTO activity(activity_id, date_prevue, distance_prevue, estrealisee, programme_id, sport_id, CENTREINTERET_ID, timeframe_id) VALUES (10202, '2018-05-03', 10.005673855709004, 0, 10050, 1, 10000, 31);
INSERT INTO activity(activity_id, date_prevue, distance_prevue, estrealisee, programme_id, sport_id, CENTREINTERET_ID, timeframe_id) VALUES (10203, '2018-05-04', 10.428810983400588, 0, 10050, 1, 10000, 39);
INSERT INTO programme(programme_id, date_debut, user_id, objectif_distance) VALUES (10051, '2018-04-23', 10025, 10);
INSERT INTO activity(activity_id, date_prevue, date_realisee, distance_prevue, distance_realisee, estrealisee, programme_id, sport_id, CENTREINTERET_ID, timeframe_id) VALUES (10204, '2018-04-17', '2018-04-17', 8.559326790723961, 8.559326790723961, 1, 10051, 1, 10000, 42);
INSERT INTO activity(activity_id, date_prevue, date_realisee, distance_prevue, distance_realisee, estrealisee, programme_id, sport_id, CENTREINTERET_ID, timeframe_id) VALUES (10205, '2018-04-18', '2018-04-18', 11.66270537498092, 11.66270537498092, 1, 10051, 1, 10000, 28);
INSERT INTO activity(activity_id, date_prevue, date_realisee, distance_prevue, distance_realisee, estrealisee, programme_id, sport_id, CENTREINTERET_ID, timeframe_id) VALUES (10206, '2018-04-19', '2018-04-19', 8.610441952175835, 8.610441952175835, 1, 10051, 1, 10000, 56);
INSERT INTO activity(activity_id, date_prevue, date_realisee, distance_prevue, distance_realisee, estrealisee, programme_id, sport_id, CENTREINTERET_ID, timeframe_id) VALUES (10207, '2018-04-20', '2018-04-20', 7.30667581173126, 7.30667581173126, 1, 10051, 1, 10000, 17);

INSERT INTO point (ID, x, y) VALUES (50026, 45.764587915665786, 4.812633573393744);
INSERT INTO users (ID, USERNAME, PASSWORD, FIRSTNAME, LASTNAME, EMAIL, ENABLED, LASTPASSWORDRESETDATE, OBJECTIFHEBDO, Location_id) VALUES (10026, "user26", "$2a$08$UkVvwpULis18S19S5pZFn.YHPZt3oaqHZnDwqbCW9pft6uFtkXKDC", "user26", "user26", "user26@user.com", 1, "2003/01/22", 6, 50026);
INSERT INTO user_authority (USER_ID, AUTHORITY_ID) VALUES (10026, 2);
INSERT INTO programme(programme_id, date_debut, user_id, objectif_distance) VALUES (10052, '2018-04-30', 10026, 7);
INSERT INTO activity(activity_id, date_prevue, distance_prevue, estrealisee, programme_id, sport_id, CENTREINTERET_ID, timeframe_id) VALUES (10208, '2018-05-01', 7.078210179135643, 0, 10052, 1, 10000, 14);
INSERT INTO activity(activity_id, date_prevue, distance_prevue, estrealisee, programme_id, sport_id, CENTREINTERET_ID, timeframe_id) VALUES (10209, '2018-05-02', 11.430842395342971, 0, 10052, 1, 10000, 20);
INSERT INTO activity(activity_id, date_prevue, distance_prevue, estrealisee, programme_id, sport_id, CENTREINTERET_ID, timeframe_id) VALUES (10210, '2018-05-03', 10.421744910708124, 0, 10052, 1, 10000, 31);
INSERT INTO activity(activity_id, date_prevue, distance_prevue, estrealisee, programme_id, sport_id, CENTREINTERET_ID, timeframe_id) VALUES (10211, '2018-05-04', 11.45467174387888, 0, 10052, 1, 10000, 39);
INSERT INTO programme(programme_id, date_debut, user_id, objectif_distance) VALUES (10053, '2018-04-23', 10026, 7);
INSERT INTO activity(activity_id, date_prevue, date_realisee, distance_prevue, distance_realisee, estrealisee, programme_id, sport_id, CENTREINTERET_ID, timeframe_id) VALUES (10212, '2018-04-17', '2018-04-17', 7.526370396509346, 7.526370396509346, 1, 10053, 1, 10000, 41);
INSERT INTO activity(activity_id, date_prevue, date_realisee, distance_prevue, distance_realisee, estrealisee, programme_id, sport_id, CENTREINTERET_ID, timeframe_id) VALUES (10213, '2018-04-18', '2018-04-18', 8.641139578414816, 8.641139578414816, 1, 10053, 1, 10000, 55);
INSERT INTO activity(activity_id, date_prevue, date_realisee, distance_prevue, distance_realisee, estrealisee, programme_id, sport_id, CENTREINTERET_ID, timeframe_id) VALUES (10214, '2018-04-19', '2018-04-19', 9.37808297012602, 9.37808297012602, 1, 10053, 1, 10000, 4);
INSERT INTO activity(activity_id, date_prevue, date_realisee, distance_prevue, distance_realisee, estrealisee, programme_id, sport_id, CENTREINTERET_ID, timeframe_id) VALUES (10215, '2018-04-20', '2018-04-20', 10.79232388562842, 10.79232388562842, 1, 10053, 1, 10000, 2);

INSERT INTO point (ID, x, y) VALUES (50027, 45.75640936347359, 4.888905249895145);
INSERT INTO users (ID, USERNAME, PASSWORD, FIRSTNAME, LASTNAME, EMAIL, ENABLED, LASTPASSWORDRESETDATE, OBJECTIFHEBDO, Location_id) VALUES (10027, "user27", "$2a$08$UkVvwpULis18S19S5pZFn.YHPZt3oaqHZnDwqbCW9pft6uFtkXKDC", "user27", "user27", "user27@user.com", 1, "2003/01/22", 18, 50027);
INSERT INTO user_authority (USER_ID, AUTHORITY_ID) VALUES (10027, 2);
INSERT INTO programme(programme_id, date_debut, user_id, objectif_distance) VALUES (10054, '2018-04-30', 10027, 8);
INSERT INTO activity(activity_id, date_prevue, distance_prevue, estrealisee, programme_id, sport_id, CENTREINTERET_ID, timeframe_id) VALUES (10216, '2018-05-01', 11.822568815805099, 0, 10054, 1, 10000, 14);
INSERT INTO activity(activity_id, date_prevue, distance_prevue, estrealisee, programme_id, sport_id, CENTREINTERET_ID, timeframe_id) VALUES (10217, '2018-05-02', 9.269022905413504, 0, 10054, 1, 10000, 20);
INSERT INTO activity(activity_id, date_prevue, distance_prevue, estrealisee, programme_id, sport_id, CENTREINTERET_ID, timeframe_id) VALUES (10218, '2018-05-03', 8.436396049340047, 0, 10054, 1, 10000, 31);
INSERT INTO activity(activity_id, date_prevue, distance_prevue, estrealisee, programme_id, sport_id, CENTREINTERET_ID, timeframe_id) VALUES (10219, '2018-05-04', 10.410608611150966, 0, 10054, 1, 10000, 39);
INSERT INTO programme(programme_id, date_debut, user_id, objectif_distance) VALUES (10055, '2018-04-23', 10027, 9);
INSERT INTO activity(activity_id, date_prevue, date_realisee, distance_prevue, distance_realisee, estrealisee, programme_id, sport_id, CENTREINTERET_ID, timeframe_id) VALUES (10220, '2018-04-17', '2018-04-17', 10.283298559132342, 10.283298559132342, 1, 10055, 1, 10000, 43);
INSERT INTO activity(activity_id, date_prevue, date_realisee, distance_prevue, distance_realisee, estrealisee, programme_id, sport_id, CENTREINTERET_ID, timeframe_id) VALUES (10221, '2018-04-18', '2018-04-18', 10.997661138702252, 10.997661138702252, 1, 10055, 1, 10000, 7);
INSERT INTO activity(activity_id, date_prevue, date_realisee, distance_prevue, distance_realisee, estrealisee, programme_id, sport_id, CENTREINTERET_ID, timeframe_id) VALUES (10222, '2018-04-19', '2018-04-19', 11.043867294675003, 11.043867294675003, 1, 10055, 1, 10000, 40);
INSERT INTO activity(activity_id, date_prevue, date_realisee, distance_prevue, distance_realisee, estrealisee, programme_id, sport_id, CENTREINTERET_ID, timeframe_id) VALUES (10223, '2018-04-20', '2018-04-20', 11.82471871864881, 11.82471871864881, 1, 10055, 1, 10000, 8);

INSERT INTO point (ID, x, y) VALUES (50028, 45.78779344393195, 4.839071882624426);
INSERT INTO users (ID, USERNAME, PASSWORD, FIRSTNAME, LASTNAME, EMAIL, ENABLED, LASTPASSWORDRESETDATE, OBJECTIFHEBDO, Location_id) VALUES (10028, "user28", "$2a$08$UkVvwpULis18S19S5pZFn.YHPZt3oaqHZnDwqbCW9pft6uFtkXKDC", "user28", "user28", "user28@user.com", 1, "2003/01/22", 15, 50028);
INSERT INTO user_authority (USER_ID, AUTHORITY_ID) VALUES (10028, 2);
INSERT INTO programme(programme_id, date_debut, user_id, objectif_distance) VALUES (10056, '2018-04-30', 10028, 12);
INSERT INTO activity(activity_id, date_prevue, distance_prevue, estrealisee, programme_id, sport_id, CENTREINTERET_ID, timeframe_id) VALUES (10224, '2018-05-01', 11.330769537803523, 0, 10056, 1, 10000, 14);
INSERT INTO activity(activity_id, date_prevue, distance_prevue, estrealisee, programme_id, sport_id, CENTREINTERET_ID, timeframe_id) VALUES (10225, '2018-05-02', 8.071612428669344, 0, 10056, 1, 10000, 20);
INSERT INTO activity(activity_id, date_prevue, distance_prevue, estrealisee, programme_id, sport_id, CENTREINTERET_ID, timeframe_id) VALUES (10226, '2018-05-03', 11.485976792570824, 0, 10056, 1, 10000, 31);
INSERT INTO activity(activity_id, date_prevue, distance_prevue, estrealisee, programme_id, sport_id, CENTREINTERET_ID, timeframe_id) VALUES (10227, '2018-05-04', 10.395763327669027, 0, 10056, 1, 10000, 39);
INSERT INTO programme(programme_id, date_debut, user_id, objectif_distance) VALUES (10057, '2018-04-23', 10028, 11);
INSERT INTO activity(activity_id, date_prevue, date_realisee, distance_prevue, distance_realisee, estrealisee, programme_id, sport_id, CENTREINTERET_ID, timeframe_id) VALUES (10228, '2018-04-17', '2018-04-17', 11.299429407059066, 11.299429407059066, 1, 10057, 1, 10000, 28);
INSERT INTO activity(activity_id, date_prevue, date_realisee, distance_prevue, distance_realisee, estrealisee, programme_id, sport_id, CENTREINTERET_ID, timeframe_id) VALUES (10229, '2018-04-18', '2018-04-18', 7.192545998966813, 7.192545998966813, 1, 10057, 1, 10000, 28);
INSERT INTO activity(activity_id, date_prevue, date_realisee, distance_prevue, distance_realisee, estrealisee, programme_id, sport_id, CENTREINTERET_ID, timeframe_id) VALUES (10230, '2018-04-19', '2018-04-19', 7.604792448088585, 7.604792448088585, 1, 10057, 1, 10000, 21);
INSERT INTO activity(activity_id, date_prevue, date_realisee, distance_prevue, distance_realisee, estrealisee, programme_id, sport_id, CENTREINTERET_ID, timeframe_id) VALUES (10231, '2018-04-20', '2018-04-20', 11.647191193124186, 11.647191193124186, 1, 10057, 1, 10000, 47);

INSERT INTO point (ID, x, y) VALUES (50029, 45.723456855318965, 4.816190123879557);
INSERT INTO users (ID, USERNAME, PASSWORD, FIRSTNAME, LASTNAME, EMAIL, ENABLED, LASTPASSWORDRESETDATE, OBJECTIFHEBDO, Location_id) VALUES (10029, "user29", "$2a$08$UkVvwpULis18S19S5pZFn.YHPZt3oaqHZnDwqbCW9pft6uFtkXKDC", "user29", "user29", "user29@user.com", 1, "2003/01/22", 18, 50029);
INSERT INTO user_authority (USER_ID, AUTHORITY_ID) VALUES (10029, 2);
INSERT INTO programme(programme_id, date_debut, user_id, objectif_distance) VALUES (10058, '2018-04-30', 10029, 12);
INSERT INTO activity(activity_id, date_prevue, distance_prevue, estrealisee, programme_id, sport_id, CENTREINTERET_ID, timeframe_id) VALUES (10232, '2018-05-01', 11.222686403877557, 0, 10058, 1, 10000, 14);
INSERT INTO activity(activity_id, date_prevue, distance_prevue, estrealisee, programme_id, sport_id, CENTREINTERET_ID, timeframe_id) VALUES (10233, '2018-05-02', 9.023143429866487, 0, 10058, 1, 10000, 20);
INSERT INTO activity(activity_id, date_prevue, distance_prevue, estrealisee, programme_id, sport_id, CENTREINTERET_ID, timeframe_id) VALUES (10234, '2018-05-03', 10.793238251937925, 0, 10058, 1, 10000, 31);
INSERT INTO activity(activity_id, date_prevue, distance_prevue, estrealisee, programme_id, sport_id, CENTREINTERET_ID, timeframe_id) VALUES (10235, '2018-05-04', 7.429227659816572, 0, 10058, 1, 10000, 39);
INSERT INTO programme(programme_id, date_debut, user_id, objectif_distance) VALUES (10059, '2018-04-23', 10029, 9);
INSERT INTO activity(activity_id, date_prevue, date_realisee, distance_prevue, distance_realisee, estrealisee, programme_id, sport_id, CENTREINTERET_ID, timeframe_id) VALUES (10236, '2018-04-17', '2018-04-17', 7.169349514815229, 7.169349514815229, 1, 10059, 1, 10000, 16);
INSERT INTO activity(activity_id, date_prevue, date_realisee, distance_prevue, distance_realisee, estrealisee, programme_id, sport_id, CENTREINTERET_ID, timeframe_id) VALUES (10237, '2018-04-18', '2018-04-18', 8.216995722886438, 8.216995722886438, 1, 10059, 1, 10000, 39);
INSERT INTO activity(activity_id, date_prevue, date_realisee, distance_prevue, distance_realisee, estrealisee, programme_id, sport_id, CENTREINTERET_ID, timeframe_id) VALUES (10238, '2018-04-19', '2018-04-19', 10.984601075639688, 10.984601075639688, 1, 10059, 1, 10000, 21);
INSERT INTO activity(activity_id, date_prevue, date_realisee, distance_prevue, distance_realisee, estrealisee, programme_id, sport_id, CENTREINTERET_ID, timeframe_id) VALUES (10239, '2018-04-20', '2018-04-20', 9.497057227063246, 9.497057227063246, 1, 10059, 1, 10000, 51);

INSERT INTO point (ID, x, y) VALUES (50030, 45.7156616588229, 4.878216764433998);
INSERT INTO users (ID, USERNAME, PASSWORD, FIRSTNAME, LASTNAME, EMAIL, ENABLED, LASTPASSWORDRESETDATE, OBJECTIFHEBDO, Location_id) VALUES (10030, "user30", "$2a$08$UkVvwpULis18S19S5pZFn.YHPZt3oaqHZnDwqbCW9pft6uFtkXKDC", "user30", "user30", "user30@user.com", 1, "2003/01/22", 16, 50030);
INSERT INTO user_authority (USER_ID, AUTHORITY_ID) VALUES (10030, 2);
INSERT INTO programme(programme_id, date_debut, user_id, objectif_distance) VALUES (10060, '2018-04-30', 10030, 13);
INSERT INTO activity(activity_id, date_prevue, distance_prevue, estrealisee, programme_id, sport_id, CENTREINTERET_ID, timeframe_id) VALUES (10240, '2018-05-01', 9.031363469817137, 0, 10060, 1, 10000, 14);
INSERT INTO activity(activity_id, date_prevue, distance_prevue, estrealisee, programme_id, sport_id, CENTREINTERET_ID, timeframe_id) VALUES (10241, '2018-05-02', 10.094304164796148, 0, 10060, 1, 10000, 20);
INSERT INTO activity(activity_id, date_prevue, distance_prevue, estrealisee, programme_id, sport_id, CENTREINTERET_ID, timeframe_id) VALUES (10242, '2018-05-03', 7.25160094212512, 0, 10060, 1, 10000, 31);
INSERT INTO activity(activity_id, date_prevue, distance_prevue, estrealisee, programme_id, sport_id, CENTREINTERET_ID, timeframe_id) VALUES (10243, '2018-05-04', 11.211806037266012, 0, 10060, 1, 10000, 39);
INSERT INTO programme(programme_id, date_debut, user_id, objectif_distance) VALUES (10061, '2018-04-23', 10030, 10);
INSERT INTO activity(activity_id, date_prevue, date_realisee, distance_prevue, distance_realisee, estrealisee, programme_id, sport_id, CENTREINTERET_ID, timeframe_id) VALUES (10244, '2018-04-17', '2018-04-17', 8.054153127938605, 8.054153127938605, 1, 10061, 1, 10000, 35);
INSERT INTO activity(activity_id, date_prevue, date_realisee, distance_prevue, distance_realisee, estrealisee, programme_id, sport_id, CENTREINTERET_ID, timeframe_id) VALUES (10245, '2018-04-18', '2018-04-18', 7.468616225945616, 7.468616225945616, 1, 10061, 1, 10000, 37);
INSERT INTO activity(activity_id, date_prevue, date_realisee, distance_prevue, distance_realisee, estrealisee, programme_id, sport_id, CENTREINTERET_ID, timeframe_id) VALUES (10246, '2018-04-19', '2018-04-19', 11.392963543728612, 11.392963543728612, 1, 10061, 1, 10000, 35);
INSERT INTO activity(activity_id, date_prevue, date_realisee, distance_prevue, distance_realisee, estrealisee, programme_id, sport_id, CENTREINTERET_ID, timeframe_id) VALUES (10247, '2018-04-20', '2018-04-20', 11.574115344413435, 11.574115344413435, 1, 10061, 1, 10000, 15);

INSERT INTO point (ID, x, y) VALUES (50031, 45.77958885973512, 4.833735542140349);
INSERT INTO users (ID, USERNAME, PASSWORD, FIRSTNAME, LASTNAME, EMAIL, ENABLED, LASTPASSWORDRESETDATE, OBJECTIFHEBDO, Location_id) VALUES (10031, "user31", "$2a$08$UkVvwpULis18S19S5pZFn.YHPZt3oaqHZnDwqbCW9pft6uFtkXKDC", "user31", "user31", "user31@user.com", 1, "2003/01/22", 14, 50031);
INSERT INTO user_authority (USER_ID, AUTHORITY_ID) VALUES (10031, 2);
INSERT INTO programme(programme_id, date_debut, user_id, objectif_distance) VALUES (10062, '2018-04-30', 10031, 14);
INSERT INTO activity(activity_id, date_prevue, distance_prevue, estrealisee, programme_id, sport_id, CENTREINTERET_ID, timeframe_id) VALUES (10248, '2018-05-01', 9.21950521161551, 0, 10062, 1, 10000, 14);
INSERT INTO activity(activity_id, date_prevue, distance_prevue, estrealisee, programme_id, sport_id, CENTREINTERET_ID, timeframe_id) VALUES (10249, '2018-05-02', 10.723518621206555, 0, 10062, 1, 10000, 20);
INSERT INTO activity(activity_id, date_prevue, distance_prevue, estrealisee, programme_id, sport_id, CENTREINTERET_ID, timeframe_id) VALUES (10250, '2018-05-03', 7.139124686190144, 0, 10062, 1, 10000, 31);
INSERT INTO activity(activity_id, date_prevue, distance_prevue, estrealisee, programme_id, sport_id, CENTREINTERET_ID, timeframe_id) VALUES (10251, '2018-05-04', 8.455361296306666, 0, 10062, 1, 10000, 39);
INSERT INTO programme(programme_id, date_debut, user_id, objectif_distance) VALUES (10063, '2018-04-23', 10031, 15);
INSERT INTO activity(activity_id, date_prevue, date_realisee, distance_prevue, distance_realisee, estrealisee, programme_id, sport_id, CENTREINTERET_ID, timeframe_id) VALUES (10252, '2018-04-17', '2018-04-17', 11.359898010591545, 11.359898010591545, 1, 10063, 1, 10000, 8);
INSERT INTO activity(activity_id, date_prevue, date_realisee, distance_prevue, distance_realisee, estrealisee, programme_id, sport_id, CENTREINTERET_ID, timeframe_id) VALUES (10253, '2018-04-18', '2018-04-18', 11.211891083247004, 11.211891083247004, 1, 10063, 1, 10000, 43);
INSERT INTO activity(activity_id, date_prevue, date_realisee, distance_prevue, distance_realisee, estrealisee, programme_id, sport_id, CENTREINTERET_ID, timeframe_id) VALUES (10254, '2018-04-19', '2018-04-19', 9.049013069747108, 9.049013069747108, 1, 10063, 1, 10000, 49);
INSERT INTO activity(activity_id, date_prevue, date_realisee, distance_prevue, distance_realisee, estrealisee, programme_id, sport_id, CENTREINTERET_ID, timeframe_id) VALUES (10255, '2018-04-20', '2018-04-20', 9.520911067311253, 9.520911067311253, 1, 10063, 1, 10000, 19);

INSERT INTO point (ID, x, y) VALUES (50032, 45.7912839159081, 4.823859866763553);
INSERT INTO users (ID, USERNAME, PASSWORD, FIRSTNAME, LASTNAME, EMAIL, ENABLED, LASTPASSWORDRESETDATE, OBJECTIFHEBDO, Location_id) VALUES (10032, "user32", "$2a$08$UkVvwpULis18S19S5pZFn.YHPZt3oaqHZnDwqbCW9pft6uFtkXKDC", "user32", "user32", "user32@user.com", 1, "2003/01/22", 12, 50032);
INSERT INTO user_authority (USER_ID, AUTHORITY_ID) VALUES (10032, 2);
INSERT INTO programme(programme_id, date_debut, user_id, objectif_distance) VALUES (10064, '2018-04-30', 10032, 6);
INSERT INTO activity(activity_id, date_prevue, distance_prevue, estrealisee, programme_id, sport_id, CENTREINTERET_ID, timeframe_id) VALUES (10256, '2018-05-01', 9.300592992050063, 0, 10064, 1, 10000, 14);
INSERT INTO activity(activity_id, date_prevue, distance_prevue, estrealisee, programme_id, sport_id, CENTREINTERET_ID, timeframe_id) VALUES (10257, '2018-05-02', 10.891660880343071, 0, 10064, 1, 10000, 20);
INSERT INTO activity(activity_id, date_prevue, distance_prevue, estrealisee, programme_id, sport_id, CENTREINTERET_ID, timeframe_id) VALUES (10258, '2018-05-03', 8.75093110742705, 0, 10064, 1, 10000, 31);
INSERT INTO activity(activity_id, date_prevue, distance_prevue, estrealisee, programme_id, sport_id, CENTREINTERET_ID, timeframe_id) VALUES (10259, '2018-05-04', 8.196716004514972, 0, 10064, 1, 10000, 39);
INSERT INTO programme(programme_id, date_debut, user_id, objectif_distance) VALUES (10065, '2018-04-23', 10032, 10);
INSERT INTO activity(activity_id, date_prevue, date_realisee, distance_prevue, distance_realisee, estrealisee, programme_id, sport_id, CENTREINTERET_ID, timeframe_id) VALUES (10260, '2018-04-17', '2018-04-17', 10.472498263618995, 10.472498263618995, 1, 10065, 1, 10000, 2);
INSERT INTO activity(activity_id, date_prevue, date_realisee, distance_prevue, distance_realisee, estrealisee, programme_id, sport_id, CENTREINTERET_ID, timeframe_id) VALUES (10261, '2018-04-18', '2018-04-18', 10.408118402180353, 10.408118402180353, 1, 10065, 1, 10000, 42);
INSERT INTO activity(activity_id, date_prevue, date_realisee, distance_prevue, distance_realisee, estrealisee, programme_id, sport_id, CENTREINTERET_ID, timeframe_id) VALUES (10262, '2018-04-19', '2018-04-19', 10.178007873320071, 10.178007873320071, 1, 10065, 1, 10000, 33);
INSERT INTO activity(activity_id, date_prevue, date_realisee, distance_prevue, distance_realisee, estrealisee, programme_id, sport_id, CENTREINTERET_ID, timeframe_id) VALUES (10263, '2018-04-20', '2018-04-20', 7.207528354277585, 7.207528354277585, 1, 10065, 1, 10000, 31);

INSERT INTO point (ID, x, y) VALUES (50033, 45.77683066007813, 4.8417650173431745);
INSERT INTO users (ID, USERNAME, PASSWORD, FIRSTNAME, LASTNAME, EMAIL, ENABLED, LASTPASSWORDRESETDATE, OBJECTIFHEBDO, Location_id) VALUES (10033, "user33", "$2a$08$UkVvwpULis18S19S5pZFn.YHPZt3oaqHZnDwqbCW9pft6uFtkXKDC", "user33", "user33", "user33@user.com", 1, "2003/01/22", 16, 50033);
INSERT INTO user_authority (USER_ID, AUTHORITY_ID) VALUES (10033, 2);
INSERT INTO programme(programme_id, date_debut, user_id, objectif_distance) VALUES (10066, '2018-04-30', 10033, 8);
INSERT INTO activity(activity_id, date_prevue, distance_prevue, estrealisee, programme_id, sport_id, CENTREINTERET_ID, timeframe_id) VALUES (10264, '2018-05-01', 11.442738863569854, 0, 10066, 1, 10000, 14);
INSERT INTO activity(activity_id, date_prevue, distance_prevue, estrealisee, programme_id, sport_id, CENTREINTERET_ID, timeframe_id) VALUES (10265, '2018-05-02', 8.402248620774312, 0, 10066, 1, 10000, 20);
INSERT INTO activity(activity_id, date_prevue, distance_prevue, estrealisee, programme_id, sport_id, CENTREINTERET_ID, timeframe_id) VALUES (10266, '2018-05-03', 10.94719830889666, 0, 10066, 1, 10000, 31);
INSERT INTO activity(activity_id, date_prevue, distance_prevue, estrealisee, programme_id, sport_id, CENTREINTERET_ID, timeframe_id) VALUES (10267, '2018-05-04', 9.000612576142599, 0, 10066, 1, 10000, 39);
INSERT INTO programme(programme_id, date_debut, user_id, objectif_distance) VALUES (10067, '2018-04-23', 10033, 12);
INSERT INTO activity(activity_id, date_prevue, date_realisee, distance_prevue, distance_realisee, estrealisee, programme_id, sport_id, CENTREINTERET_ID, timeframe_id) VALUES (10268, '2018-04-17', '2018-04-17', 7.558598867800461, 7.558598867800461, 1, 10067, 1, 10000, 23);
INSERT INTO activity(activity_id, date_prevue, date_realisee, distance_prevue, distance_realisee, estrealisee, programme_id, sport_id, CENTREINTERET_ID, timeframe_id) VALUES (10269, '2018-04-18', '2018-04-18', 10.56700623747248, 10.56700623747248, 1, 10067, 1, 10000, 46);
INSERT INTO activity(activity_id, date_prevue, date_realisee, distance_prevue, distance_realisee, estrealisee, programme_id, sport_id, CENTREINTERET_ID, timeframe_id) VALUES (10270, '2018-04-19', '2018-04-19', 9.574521988492391, 9.574521988492391, 1, 10067, 1, 10000, 42);
INSERT INTO activity(activity_id, date_prevue, date_realisee, distance_prevue, distance_realisee, estrealisee, programme_id, sport_id, CENTREINTERET_ID, timeframe_id) VALUES (10271, '2018-04-20', '2018-04-20', 10.38304432155671, 10.38304432155671, 1, 10067, 1, 10000, 40);

INSERT INTO point (ID, x, y) VALUES (50034, 45.76919918790706, 4.844368492541378);
INSERT INTO users (ID, USERNAME, PASSWORD, FIRSTNAME, LASTNAME, EMAIL, ENABLED, LASTPASSWORDRESETDATE, OBJECTIFHEBDO, Location_id) VALUES (10034, "user34", "$2a$08$UkVvwpULis18S19S5pZFn.YHPZt3oaqHZnDwqbCW9pft6uFtkXKDC", "user34", "user34", "user34@user.com", 1, "2003/01/22", 19, 50034);
INSERT INTO user_authority (USER_ID, AUTHORITY_ID) VALUES (10034, 2);
INSERT INTO programme(programme_id, date_debut, user_id, objectif_distance) VALUES (10068, '2018-04-30', 10034, 10);
INSERT INTO activity(activity_id, date_prevue, distance_prevue, estrealisee, programme_id, sport_id, CENTREINTERET_ID, timeframe_id) VALUES (10272, '2018-05-01', 9.638057111172074, 0, 10068, 1, 10000, 14);
INSERT INTO activity(activity_id, date_prevue, distance_prevue, estrealisee, programme_id, sport_id, CENTREINTERET_ID, timeframe_id) VALUES (10273, '2018-05-02', 10.556968493871047, 0, 10068, 1, 10000, 20);
INSERT INTO activity(activity_id, date_prevue, distance_prevue, estrealisee, programme_id, sport_id, CENTREINTERET_ID, timeframe_id) VALUES (10274, '2018-05-03', 8.8116412913024, 0, 10068, 1, 10000, 31);
INSERT INTO activity(activity_id, date_prevue, distance_prevue, estrealisee, programme_id, sport_id, CENTREINTERET_ID, timeframe_id) VALUES (10275, '2018-05-04', 7.6263318559714754, 0, 10068, 1, 10000, 39);
INSERT INTO programme(programme_id, date_debut, user_id, objectif_distance) VALUES (10069, '2018-04-23', 10034, 13);
INSERT INTO activity(activity_id, date_prevue, date_realisee, distance_prevue, distance_realisee, estrealisee, programme_id, sport_id, CENTREINTERET_ID, timeframe_id) VALUES (10276, '2018-04-17', '2018-04-17', 10.566335004586529, 10.566335004586529, 1, 10069, 1, 10000, 22);
INSERT INTO activity(activity_id, date_prevue, date_realisee, distance_prevue, distance_realisee, estrealisee, programme_id, sport_id, CENTREINTERET_ID, timeframe_id) VALUES (10277, '2018-04-18', '2018-04-18', 7.799548327061328, 7.799548327061328, 1, 10069, 1, 10000, 44);
INSERT INTO activity(activity_id, date_prevue, date_realisee, distance_prevue, distance_realisee, estrealisee, programme_id, sport_id, CENTREINTERET_ID, timeframe_id) VALUES (10278, '2018-04-19', '2018-04-19', 9.525756003973958, 9.525756003973958, 1, 10069, 1, 10000, 32);
INSERT INTO activity(activity_id, date_prevue, date_realisee, distance_prevue, distance_realisee, estrealisee, programme_id, sport_id, CENTREINTERET_ID, timeframe_id) VALUES (10279, '2018-04-20', '2018-04-20', 11.705488163689614, 11.705488163689614, 1, 10069, 1, 10000, 21);

INSERT INTO point (ID, x, y) VALUES (50035, 45.727855689086816, 4.833966466799095);
INSERT INTO users (ID, USERNAME, PASSWORD, FIRSTNAME, LASTNAME, EMAIL, ENABLED, LASTPASSWORDRESETDATE, OBJECTIFHEBDO, Location_id) VALUES (10035, "user35", "$2a$08$UkVvwpULis18S19S5pZFn.YHPZt3oaqHZnDwqbCW9pft6uFtkXKDC", "user35", "user35", "user35@user.com", 1, "2003/01/22", 5, 50035);
INSERT INTO user_authority (USER_ID, AUTHORITY_ID) VALUES (10035, 2);
INSERT INTO programme(programme_id, date_debut, user_id, objectif_distance) VALUES (10070, '2018-04-30', 10035, 8);
INSERT INTO activity(activity_id, date_prevue, distance_prevue, estrealisee, programme_id, sport_id, CENTREINTERET_ID, timeframe_id) VALUES (10280, '2018-05-01', 10.326506233839435, 0, 10070, 1, 10000, 14);
INSERT INTO activity(activity_id, date_prevue, distance_prevue, estrealisee, programme_id, sport_id, CENTREINTERET_ID, timeframe_id) VALUES (10281, '2018-05-02', 7.402546699109621, 0, 10070, 1, 10000, 20);
INSERT INTO activity(activity_id, date_prevue, distance_prevue, estrealisee, programme_id, sport_id, CENTREINTERET_ID, timeframe_id) VALUES (10282, '2018-05-03', 8.43020427953046, 0, 10070, 1, 10000, 31);
INSERT INTO activity(activity_id, date_prevue, distance_prevue, estrealisee, programme_id, sport_id, CENTREINTERET_ID, timeframe_id) VALUES (10283, '2018-05-04', 7.678327901896182, 0, 10070, 1, 10000, 39);
INSERT INTO programme(programme_id, date_debut, user_id, objectif_distance) VALUES (10071, '2018-04-23', 10035, 10);
INSERT INTO activity(activity_id, date_prevue, date_realisee, distance_prevue, distance_realisee, estrealisee, programme_id, sport_id, CENTREINTERET_ID, timeframe_id) VALUES (10284, '2018-04-17', '2018-04-17', 10.472973386491244, 10.472973386491244, 1, 10071, 1, 10000, 6);
INSERT INTO activity(activity_id, date_prevue, date_realisee, distance_prevue, distance_realisee, estrealisee, programme_id, sport_id, CENTREINTERET_ID, timeframe_id) VALUES (10285, '2018-04-18', '2018-04-18', 9.708948346441016, 9.708948346441016, 1, 10071, 1, 10000, 25);
INSERT INTO activity(activity_id, date_prevue, date_realisee, distance_prevue, distance_realisee, estrealisee, programme_id, sport_id, CENTREINTERET_ID, timeframe_id) VALUES (10286, '2018-04-19', '2018-04-19', 10.660369414232488, 10.660369414232488, 1, 10071, 1, 10000, 6);
INSERT INTO activity(activity_id, date_prevue, date_realisee, distance_prevue, distance_realisee, estrealisee, programme_id, sport_id, CENTREINTERET_ID, timeframe_id) VALUES (10287, '2018-04-20', '2018-04-20', 10.842044870822146, 10.842044870822146, 1, 10071, 1, 10000, 12);

INSERT INTO point (ID, x, y) VALUES (50036, 45.77468828156023, 4.847793964745137);
INSERT INTO users (ID, USERNAME, PASSWORD, FIRSTNAME, LASTNAME, EMAIL, ENABLED, LASTPASSWORDRESETDATE, OBJECTIFHEBDO, Location_id) VALUES (10036, "user36", "$2a$08$UkVvwpULis18S19S5pZFn.YHPZt3oaqHZnDwqbCW9pft6uFtkXKDC", "user36", "user36", "user36@user.com", 1, "2003/01/22", 18, 50036);
INSERT INTO user_authority (USER_ID, AUTHORITY_ID) VALUES (10036, 2);
INSERT INTO programme(programme_id, date_debut, user_id, objectif_distance) VALUES (10072, '2018-04-30', 10036, 13);
INSERT INTO activity(activity_id, date_prevue, distance_prevue, estrealisee, programme_id, sport_id, CENTREINTERET_ID, timeframe_id) VALUES (10288, '2018-05-01', 10.50806721053036, 0, 10072, 1, 10000, 14);
INSERT INTO activity(activity_id, date_prevue, distance_prevue, estrealisee, programme_id, sport_id, CENTREINTERET_ID, timeframe_id) VALUES (10289, '2018-05-02', 7.97472432882621, 0, 10072, 1, 10000, 20);
INSERT INTO activity(activity_id, date_prevue, distance_prevue, estrealisee, programme_id, sport_id, CENTREINTERET_ID, timeframe_id) VALUES (10290, '2018-05-03', 8.053235657732294, 0, 10072, 1, 10000, 31);
INSERT INTO activity(activity_id, date_prevue, distance_prevue, estrealisee, programme_id, sport_id, CENTREINTERET_ID, timeframe_id) VALUES (10291, '2018-05-04', 7.08971828996016, 0, 10072, 1, 10000, 39);
INSERT INTO programme(programme_id, date_debut, user_id, objectif_distance) VALUES (10073, '2018-04-23', 10036, 5);
INSERT INTO activity(activity_id, date_prevue, date_realisee, distance_prevue, distance_realisee, estrealisee, programme_id, sport_id, CENTREINTERET_ID, timeframe_id) VALUES (10292, '2018-04-17', '2018-04-17', 10.855052977284167, 10.855052977284167, 1, 10073, 1, 10000, 42);
INSERT INTO activity(activity_id, date_prevue, date_realisee, distance_prevue, distance_realisee, estrealisee, programme_id, sport_id, CENTREINTERET_ID, timeframe_id) VALUES (10293, '2018-04-18', '2018-04-18', 9.168791000864541, 9.168791000864541, 1, 10073, 1, 10000, 47);
INSERT INTO activity(activity_id, date_prevue, date_realisee, distance_prevue, distance_realisee, estrealisee, programme_id, sport_id, CENTREINTERET_ID, timeframe_id) VALUES (10294, '2018-04-19', '2018-04-19', 10.339788759121388, 10.339788759121388, 1, 10073, 1, 10000, 49);
INSERT INTO activity(activity_id, date_prevue, date_realisee, distance_prevue, distance_realisee, estrealisee, programme_id, sport_id, CENTREINTERET_ID, timeframe_id) VALUES (10295, '2018-04-20', '2018-04-20', 8.071130626062644, 8.071130626062644, 1, 10073, 1, 10000, 38);

INSERT INTO point (ID, x, y) VALUES (50037, 45.785894937131815, 4.8841263153266254);
INSERT INTO users (ID, USERNAME, PASSWORD, FIRSTNAME, LASTNAME, EMAIL, ENABLED, LASTPASSWORDRESETDATE, OBJECTIFHEBDO, Location_id) VALUES (10037, "user37", "$2a$08$UkVvwpULis18S19S5pZFn.YHPZt3oaqHZnDwqbCW9pft6uFtkXKDC", "user37", "user37", "user37@user.com", 1, "2003/01/22", 6, 50037);
INSERT INTO user_authority (USER_ID, AUTHORITY_ID) VALUES (10037, 2);
INSERT INTO programme(programme_id, date_debut, user_id, objectif_distance) VALUES (10074, '2018-04-30', 10037, 10);
INSERT INTO activity(activity_id, date_prevue, distance_prevue, estrealisee, programme_id, sport_id, CENTREINTERET_ID, timeframe_id) VALUES (10296, '2018-05-01', 10.247219073574936, 0, 10074, 1, 10000, 14);
INSERT INTO activity(activity_id, date_prevue, distance_prevue, estrealisee, programme_id, sport_id, CENTREINTERET_ID, timeframe_id) VALUES (10297, '2018-05-02', 10.351000993947961, 0, 10074, 1, 10000, 20);
INSERT INTO activity(activity_id, date_prevue, distance_prevue, estrealisee, programme_id, sport_id, CENTREINTERET_ID, timeframe_id) VALUES (10298, '2018-05-03', 9.163151233984806, 0, 10074, 1, 10000, 31);
INSERT INTO activity(activity_id, date_prevue, distance_prevue, estrealisee, programme_id, sport_id, CENTREINTERET_ID, timeframe_id) VALUES (10299, '2018-05-04', 9.347270340973168, 0, 10074, 1, 10000, 39);
INSERT INTO programme(programme_id, date_debut, user_id, objectif_distance) VALUES (10075, '2018-04-23', 10037, 14);
INSERT INTO activity(activity_id, date_prevue, date_realisee, distance_prevue, distance_realisee, estrealisee, programme_id, sport_id, CENTREINTERET_ID, timeframe_id) VALUES (10300, '2018-04-17', '2018-04-17', 8.653791115376693, 8.653791115376693, 1, 10075, 1, 10000, 45);
INSERT INTO activity(activity_id, date_prevue, date_realisee, distance_prevue, distance_realisee, estrealisee, programme_id, sport_id, CENTREINTERET_ID, timeframe_id) VALUES (10301, '2018-04-18', '2018-04-18', 8.783805419046283, 8.783805419046283, 1, 10075, 1, 10000, 20);
INSERT INTO activity(activity_id, date_prevue, date_realisee, distance_prevue, distance_realisee, estrealisee, programme_id, sport_id, CENTREINTERET_ID, timeframe_id) VALUES (10302, '2018-04-19', '2018-04-19', 8.253645568213292, 8.253645568213292, 1, 10075, 1, 10000, 31);
INSERT INTO activity(activity_id, date_prevue, date_realisee, distance_prevue, distance_realisee, estrealisee, programme_id, sport_id, CENTREINTERET_ID, timeframe_id) VALUES (10303, '2018-04-20', '2018-04-20', 8.667777799331501, 8.667777799331501, 1, 10075, 1, 10000, 43);

INSERT INTO point (ID, x, y) VALUES (50038, 45.78311371975933, 4.867739552748353);
INSERT INTO users (ID, USERNAME, PASSWORD, FIRSTNAME, LASTNAME, EMAIL, ENABLED, LASTPASSWORDRESETDATE, OBJECTIFHEBDO, Location_id) VALUES (10038, "user38", "$2a$08$UkVvwpULis18S19S5pZFn.YHPZt3oaqHZnDwqbCW9pft6uFtkXKDC", "user38", "user38", "user38@user.com", 1, "2003/01/22", 16, 50038);
INSERT INTO user_authority (USER_ID, AUTHORITY_ID) VALUES (10038, 2);
INSERT INTO programme(programme_id, date_debut, user_id, objectif_distance) VALUES (10076, '2018-04-30', 10038, 12);
INSERT INTO activity(activity_id, date_prevue, distance_prevue, estrealisee, programme_id, sport_id, CENTREINTERET_ID, timeframe_id) VALUES (10304, '2018-05-01', 7.437821797563574, 0, 10076, 1, 10000, 14);
INSERT INTO activity(activity_id, date_prevue, distance_prevue, estrealisee, programme_id, sport_id, CENTREINTERET_ID, timeframe_id) VALUES (10305, '2018-05-02', 10.66121860576101, 0, 10076, 1, 10000, 20);
INSERT INTO activity(activity_id, date_prevue, distance_prevue, estrealisee, programme_id, sport_id, CENTREINTERET_ID, timeframe_id) VALUES (10306, '2018-05-03', 9.798413558750307, 0, 10076, 1, 10000, 31);
INSERT INTO activity(activity_id, date_prevue, distance_prevue, estrealisee, programme_id, sport_id, CENTREINTERET_ID, timeframe_id) VALUES (10307, '2018-05-04', 11.397076628302614, 0, 10076, 1, 10000, 39);
INSERT INTO programme(programme_id, date_debut, user_id, objectif_distance) VALUES (10077, '2018-04-23', 10038, 7);
INSERT INTO activity(activity_id, date_prevue, date_realisee, distance_prevue, distance_realisee, estrealisee, programme_id, sport_id, CENTREINTERET_ID, timeframe_id) VALUES (10308, '2018-04-17', '2018-04-17', 9.621454635733077, 9.621454635733077, 1, 10077, 1, 10000, 41);
INSERT INTO activity(activity_id, date_prevue, date_realisee, distance_prevue, distance_realisee, estrealisee, programme_id, sport_id, CENTREINTERET_ID, timeframe_id) VALUES (10309, '2018-04-18', '2018-04-18', 8.156075018586806, 8.156075018586806, 1, 10077, 1, 10000, 32);
INSERT INTO activity(activity_id, date_prevue, date_realisee, distance_prevue, distance_realisee, estrealisee, programme_id, sport_id, CENTREINTERET_ID, timeframe_id) VALUES (10310, '2018-04-19', '2018-04-19', 7.857807594830239, 7.857807594830239, 1, 10077, 1, 10000, 11);
INSERT INTO activity(activity_id, date_prevue, date_realisee, distance_prevue, distance_realisee, estrealisee, programme_id, sport_id, CENTREINTERET_ID, timeframe_id) VALUES (10311, '2018-04-20', '2018-04-20', 8.316888500914825, 8.316888500914825, 1, 10077, 1, 10000, 26);

INSERT INTO point (ID, x, y) VALUES (50039, 45.79586256805295, 4.890842326639171);
INSERT INTO users (ID, USERNAME, PASSWORD, FIRSTNAME, LASTNAME, EMAIL, ENABLED, LASTPASSWORDRESETDATE, OBJECTIFHEBDO, Location_id) VALUES (10039, "user39", "$2a$08$UkVvwpULis18S19S5pZFn.YHPZt3oaqHZnDwqbCW9pft6uFtkXKDC", "user39", "user39", "user39@user.com", 1, "2003/01/22", 9, 50039);
INSERT INTO user_authority (USER_ID, AUTHORITY_ID) VALUES (10039, 2);
INSERT INTO programme(programme_id, date_debut, user_id, objectif_distance) VALUES (10078, '2018-04-30', 10039, 13);
INSERT INTO activity(activity_id, date_prevue, distance_prevue, estrealisee, programme_id, sport_id, CENTREINTERET_ID, timeframe_id) VALUES (10312, '2018-05-01', 8.885941953254825, 0, 10078, 1, 10000, 14);
INSERT INTO activity(activity_id, date_prevue, distance_prevue, estrealisee, programme_id, sport_id, CENTREINTERET_ID, timeframe_id) VALUES (10313, '2018-05-02', 7.1878672850517225, 0, 10078, 1, 10000, 20);
INSERT INTO activity(activity_id, date_prevue, distance_prevue, estrealisee, programme_id, sport_id, CENTREINTERET_ID, timeframe_id) VALUES (10314, '2018-05-03', 10.719254109989775, 0, 10078, 1, 10000, 31);
INSERT INTO activity(activity_id, date_prevue, distance_prevue, estrealisee, programme_id, sport_id, CENTREINTERET_ID, timeframe_id) VALUES (10315, '2018-05-04', 11.386098841141397, 0, 10078, 1, 10000, 39);
INSERT INTO programme(programme_id, date_debut, user_id, objectif_distance) VALUES (10079, '2018-04-23', 10039, 11);
INSERT INTO activity(activity_id, date_prevue, date_realisee, distance_prevue, distance_realisee, estrealisee, programme_id, sport_id, CENTREINTERET_ID, timeframe_id) VALUES (10316, '2018-04-17', '2018-04-17', 10.612909814497382, 10.612909814497382, 1, 10079, 1, 10000, 18);
INSERT INTO activity(activity_id, date_prevue, date_realisee, distance_prevue, distance_realisee, estrealisee, programme_id, sport_id, CENTREINTERET_ID, timeframe_id) VALUES (10317, '2018-04-18', '2018-04-18', 9.818376965908962, 9.818376965908962, 1, 10079, 1, 10000, 47);
INSERT INTO activity(activity_id, date_prevue, date_realisee, distance_prevue, distance_realisee, estrealisee, programme_id, sport_id, CENTREINTERET_ID, timeframe_id) VALUES (10318, '2018-04-19', '2018-04-19', 11.82936989965101, 11.82936989965101, 1, 10079, 1, 10000, 26);
INSERT INTO activity(activity_id, date_prevue, date_realisee, distance_prevue, distance_realisee, estrealisee, programme_id, sport_id, CENTREINTERET_ID, timeframe_id) VALUES (10319, '2018-04-20', '2018-04-20', 11.240171678855994, 11.240171678855994, 1, 10079, 1, 10000, 20);

INSERT INTO point (ID, x, y) VALUES (50040, 45.73810806061401, 4.825055120374657);
INSERT INTO users (ID, USERNAME, PASSWORD, FIRSTNAME, LASTNAME, EMAIL, ENABLED, LASTPASSWORDRESETDATE, OBJECTIFHEBDO, Location_id) VALUES (10040, "user40", "$2a$08$UkVvwpULis18S19S5pZFn.YHPZt3oaqHZnDwqbCW9pft6uFtkXKDC", "user40", "user40", "user40@user.com", 1, "2003/01/22", 13, 50040);
INSERT INTO user_authority (USER_ID, AUTHORITY_ID) VALUES (10040, 2);
INSERT INTO programme(programme_id, date_debut, user_id, objectif_distance) VALUES (10080, '2018-04-30', 10040, 9);
INSERT INTO activity(activity_id, date_prevue, distance_prevue, estrealisee, programme_id, sport_id, CENTREINTERET_ID, timeframe_id) VALUES (10320, '2018-05-01', 10.369065819787103, 0, 10080, 1, 10000, 14);
INSERT INTO activity(activity_id, date_prevue, distance_prevue, estrealisee, programme_id, sport_id, CENTREINTERET_ID, timeframe_id) VALUES (10321, '2018-05-02', 11.40296377900881, 0, 10080, 1, 10000, 20);
INSERT INTO activity(activity_id, date_prevue, distance_prevue, estrealisee, programme_id, sport_id, CENTREINTERET_ID, timeframe_id) VALUES (10322, '2018-05-03', 8.952612154467515, 0, 10080, 1, 10000, 31);
INSERT INTO activity(activity_id, date_prevue, distance_prevue, estrealisee, programme_id, sport_id, CENTREINTERET_ID, timeframe_id) VALUES (10323, '2018-05-04', 7.581269842827147, 0, 10080, 1, 10000, 39);
INSERT INTO programme(programme_id, date_debut, user_id, objectif_distance) VALUES (10081, '2018-04-23', 10040, 13);
INSERT INTO activity(activity_id, date_prevue, date_realisee, distance_prevue, distance_realisee, estrealisee, programme_id, sport_id, CENTREINTERET_ID, timeframe_id) VALUES (10324, '2018-04-17', '2018-04-17', 10.375910517096438, 10.375910517096438, 1, 10081, 1, 10000, 28);
INSERT INTO activity(activity_id, date_prevue, date_realisee, distance_prevue, distance_realisee, estrealisee, programme_id, sport_id, CENTREINTERET_ID, timeframe_id) VALUES (10325, '2018-04-18', '2018-04-18', 8.324491244061585, 8.324491244061585, 1, 10081, 1, 10000, 7);
INSERT INTO activity(activity_id, date_prevue, date_realisee, distance_prevue, distance_realisee, estrealisee, programme_id, sport_id, CENTREINTERET_ID, timeframe_id) VALUES (10326, '2018-04-19', '2018-04-19', 9.305980424150423, 9.305980424150423, 1, 10081, 1, 10000, 18);
INSERT INTO activity(activity_id, date_prevue, date_realisee, distance_prevue, distance_realisee, estrealisee, programme_id, sport_id, CENTREINTERET_ID, timeframe_id) VALUES (10327, '2018-04-20', '2018-04-20', 9.941891687503656, 9.941891687503656, 1, 10081, 1, 10000, 48);

INSERT INTO point (ID, x, y) VALUES (50041, 45.72958797081624, 4.869353174442291);
INSERT INTO users (ID, USERNAME, PASSWORD, FIRSTNAME, LASTNAME, EMAIL, ENABLED, LASTPASSWORDRESETDATE, OBJECTIFHEBDO, Location_id) VALUES (10041, "user41", "$2a$08$UkVvwpULis18S19S5pZFn.YHPZt3oaqHZnDwqbCW9pft6uFtkXKDC", "user41", "user41", "user41@user.com", 1, "2003/01/22", 10, 50041);
INSERT INTO user_authority (USER_ID, AUTHORITY_ID) VALUES (10041, 2);
INSERT INTO programme(programme_id, date_debut, user_id, objectif_distance) VALUES (10082, '2018-04-30', 10041, 5);
INSERT INTO activity(activity_id, date_prevue, distance_prevue, estrealisee, programme_id, sport_id, CENTREINTERET_ID, timeframe_id) VALUES (10328, '2018-05-01', 10.355178026799473, 0, 10082, 1, 10000, 14);
INSERT INTO activity(activity_id, date_prevue, distance_prevue, estrealisee, programme_id, sport_id, CENTREINTERET_ID, timeframe_id) VALUES (10329, '2018-05-02', 8.108780371357522, 0, 10082, 1, 10000, 20);
INSERT INTO activity(activity_id, date_prevue, distance_prevue, estrealisee, programme_id, sport_id, CENTREINTERET_ID, timeframe_id) VALUES (10330, '2018-05-03', 7.961233860893457, 0, 10082, 1, 10000, 31);
INSERT INTO activity(activity_id, date_prevue, distance_prevue, estrealisee, programme_id, sport_id, CENTREINTERET_ID, timeframe_id) VALUES (10331, '2018-05-04', 10.733907576496112, 0, 10082, 1, 10000, 39);
INSERT INTO programme(programme_id, date_debut, user_id, objectif_distance) VALUES (10083, '2018-04-23', 10041, 10);
INSERT INTO activity(activity_id, date_prevue, date_realisee, distance_prevue, distance_realisee, estrealisee, programme_id, sport_id, CENTREINTERET_ID, timeframe_id) VALUES (10332, '2018-04-17', '2018-04-17', 10.275578371981556, 10.275578371981556, 1, 10083, 1, 10000, 22);
INSERT INTO activity(activity_id, date_prevue, date_realisee, distance_prevue, distance_realisee, estrealisee, programme_id, sport_id, CENTREINTERET_ID, timeframe_id) VALUES (10333, '2018-04-18', '2018-04-18', 11.739524563588576, 11.739524563588576, 1, 10083, 1, 10000, 35);
INSERT INTO activity(activity_id, date_prevue, date_realisee, distance_prevue, distance_realisee, estrealisee, programme_id, sport_id, CENTREINTERET_ID, timeframe_id) VALUES (10334, '2018-04-19', '2018-04-19', 7.58250879188995, 7.58250879188995, 1, 10083, 1, 10000, 21);
INSERT INTO activity(activity_id, date_prevue, date_realisee, distance_prevue, distance_realisee, estrealisee, programme_id, sport_id, CENTREINTERET_ID, timeframe_id) VALUES (10335, '2018-04-20', '2018-04-20', 10.9079281795226, 10.9079281795226, 1, 10083, 1, 10000, 19);

INSERT INTO point (ID, x, y) VALUES (50042, 45.76880160187432, 4.821076110642198);
INSERT INTO users (ID, USERNAME, PASSWORD, FIRSTNAME, LASTNAME, EMAIL, ENABLED, LASTPASSWORDRESETDATE, OBJECTIFHEBDO, Location_id) VALUES (10042, "user42", "$2a$08$UkVvwpULis18S19S5pZFn.YHPZt3oaqHZnDwqbCW9pft6uFtkXKDC", "user42", "user42", "user42@user.com", 1, "2003/01/22", 19, 50042);
INSERT INTO user_authority (USER_ID, AUTHORITY_ID) VALUES (10042, 2);
INSERT INTO programme(programme_id, date_debut, user_id, objectif_distance) VALUES (10084, '2018-04-30', 10042, 9);
INSERT INTO activity(activity_id, date_prevue, distance_prevue, estrealisee, programme_id, sport_id, CENTREINTERET_ID, timeframe_id) VALUES (10336, '2018-05-01', 11.354532712672105, 0, 10084, 1, 10000, 14);
INSERT INTO activity(activity_id, date_prevue, distance_prevue, estrealisee, programme_id, sport_id, CENTREINTERET_ID, timeframe_id) VALUES (10337, '2018-05-02', 9.748978194970384, 0, 10084, 1, 10000, 20);
INSERT INTO activity(activity_id, date_prevue, distance_prevue, estrealisee, programme_id, sport_id, CENTREINTERET_ID, timeframe_id) VALUES (10338, '2018-05-03', 8.920391172111323, 0, 10084, 1, 10000, 31);
INSERT INTO activity(activity_id, date_prevue, distance_prevue, estrealisee, programme_id, sport_id, CENTREINTERET_ID, timeframe_id) VALUES (10339, '2018-05-04', 10.543494017104784, 0, 10084, 1, 10000, 39);
INSERT INTO programme(programme_id, date_debut, user_id, objectif_distance) VALUES (10085, '2018-04-23', 10042, 11);
INSERT INTO activity(activity_id, date_prevue, date_realisee, distance_prevue, distance_realisee, estrealisee, programme_id, sport_id, CENTREINTERET_ID, timeframe_id) VALUES (10340, '2018-04-17', '2018-04-17', 10.00385555064965, 10.00385555064965, 1, 10085, 1, 10000, 20);
INSERT INTO activity(activity_id, date_prevue, date_realisee, distance_prevue, distance_realisee, estrealisee, programme_id, sport_id, CENTREINTERET_ID, timeframe_id) VALUES (10341, '2018-04-18', '2018-04-18', 11.147187229940155, 11.147187229940155, 1, 10085, 1, 10000, 33);
INSERT INTO activity(activity_id, date_prevue, date_realisee, distance_prevue, distance_realisee, estrealisee, programme_id, sport_id, CENTREINTERET_ID, timeframe_id) VALUES (10342, '2018-04-19', '2018-04-19', 11.831211597880396, 11.831211597880396, 1, 10085, 1, 10000, 8);
INSERT INTO activity(activity_id, date_prevue, date_realisee, distance_prevue, distance_realisee, estrealisee, programme_id, sport_id, CENTREINTERET_ID, timeframe_id) VALUES (10343, '2018-04-20', '2018-04-20', 8.392884345411654, 8.392884345411654, 1, 10085, 1, 10000, 54);

INSERT INTO point (ID, x, y) VALUES (50043, 45.75489487173947, 4.848200307476414);
INSERT INTO users (ID, USERNAME, PASSWORD, FIRSTNAME, LASTNAME, EMAIL, ENABLED, LASTPASSWORDRESETDATE, OBJECTIFHEBDO, Location_id) VALUES (10043, "user43", "$2a$08$UkVvwpULis18S19S5pZFn.YHPZt3oaqHZnDwqbCW9pft6uFtkXKDC", "user43", "user43", "user43@user.com", 1, "2003/01/22", 19, 50043);
INSERT INTO user_authority (USER_ID, AUTHORITY_ID) VALUES (10043, 2);
INSERT INTO programme(programme_id, date_debut, user_id, objectif_distance) VALUES (10086, '2018-04-30', 10043, 7);
INSERT INTO activity(activity_id, date_prevue, distance_prevue, estrealisee, programme_id, sport_id, CENTREINTERET_ID, timeframe_id) VALUES (10344, '2018-05-01', 10.060280143049276, 0, 10086, 1, 10000, 14);
INSERT INTO activity(activity_id, date_prevue, distance_prevue, estrealisee, programme_id, sport_id, CENTREINTERET_ID, timeframe_id) VALUES (10345, '2018-05-02', 7.328979559452922, 0, 10086, 1, 10000, 20);
INSERT INTO activity(activity_id, date_prevue, distance_prevue, estrealisee, programme_id, sport_id, CENTREINTERET_ID, timeframe_id) VALUES (10346, '2018-05-03', 8.115218496440894, 0, 10086, 1, 10000, 31);
INSERT INTO activity(activity_id, date_prevue, distance_prevue, estrealisee, programme_id, sport_id, CENTREINTERET_ID, timeframe_id) VALUES (10347, '2018-05-04', 7.6941281819146825, 0, 10086, 1, 10000, 39);
INSERT INTO programme(programme_id, date_debut, user_id, objectif_distance) VALUES (10087, '2018-04-23', 10043, 8);
INSERT INTO activity(activity_id, date_prevue, date_realisee, distance_prevue, distance_realisee, estrealisee, programme_id, sport_id, CENTREINTERET_ID, timeframe_id) VALUES (10348, '2018-04-17', '2018-04-17', 11.934896311825945, 11.934896311825945, 1, 10087, 1, 10000, 33);
INSERT INTO activity(activity_id, date_prevue, date_realisee, distance_prevue, distance_realisee, estrealisee, programme_id, sport_id, CENTREINTERET_ID, timeframe_id) VALUES (10349, '2018-04-18', '2018-04-18', 9.026553693872426, 9.026553693872426, 1, 10087, 1, 10000, 44);
INSERT INTO activity(activity_id, date_prevue, date_realisee, distance_prevue, distance_realisee, estrealisee, programme_id, sport_id, CENTREINTERET_ID, timeframe_id) VALUES (10350, '2018-04-19', '2018-04-19', 10.812975211555194, 10.812975211555194, 1, 10087, 1, 10000, 24);
INSERT INTO activity(activity_id, date_prevue, date_realisee, distance_prevue, distance_realisee, estrealisee, programme_id, sport_id, CENTREINTERET_ID, timeframe_id) VALUES (10351, '2018-04-20', '2018-04-20', 7.3152539566049795, 7.3152539566049795, 1, 10087, 1, 10000, 12);

INSERT INTO point (ID, x, y) VALUES (50044, 45.72883496108715, 4.889013934223703);
INSERT INTO users (ID, USERNAME, PASSWORD, FIRSTNAME, LASTNAME, EMAIL, ENABLED, LASTPASSWORDRESETDATE, OBJECTIFHEBDO, Location_id) VALUES (10044, "user44", "$2a$08$UkVvwpULis18S19S5pZFn.YHPZt3oaqHZnDwqbCW9pft6uFtkXKDC", "user44", "user44", "user44@user.com", 1, "2003/01/22", 9, 50044);
INSERT INTO user_authority (USER_ID, AUTHORITY_ID) VALUES (10044, 2);
INSERT INTO programme(programme_id, date_debut, user_id, objectif_distance) VALUES (10088, '2018-04-30', 10044, 8);
INSERT INTO activity(activity_id, date_prevue, distance_prevue, estrealisee, programme_id, sport_id, CENTREINTERET_ID, timeframe_id) VALUES (10352, '2018-05-01', 8.93273485503465, 0, 10088, 1, 10000, 14);
INSERT INTO activity(activity_id, date_prevue, distance_prevue, estrealisee, programme_id, sport_id, CENTREINTERET_ID, timeframe_id) VALUES (10353, '2018-05-02', 7.307623585739005, 0, 10088, 1, 10000, 20);
INSERT INTO activity(activity_id, date_prevue, distance_prevue, estrealisee, programme_id, sport_id, CENTREINTERET_ID, timeframe_id) VALUES (10354, '2018-05-03', 9.28745083761298, 0, 10088, 1, 10000, 31);
INSERT INTO activity(activity_id, date_prevue, distance_prevue, estrealisee, programme_id, sport_id, CENTREINTERET_ID, timeframe_id) VALUES (10355, '2018-05-04', 9.72932932708506, 0, 10088, 1, 10000, 39);
INSERT INTO programme(programme_id, date_debut, user_id, objectif_distance) VALUES (10089, '2018-04-23', 10044, 10);
INSERT INTO activity(activity_id, date_prevue, date_realisee, distance_prevue, distance_realisee, estrealisee, programme_id, sport_id, CENTREINTERET_ID, timeframe_id) VALUES (10356, '2018-04-17', '2018-04-17', 7.705761238518967, 7.705761238518967, 1, 10089, 1, 10000, 31);
INSERT INTO activity(activity_id, date_prevue, date_realisee, distance_prevue, distance_realisee, estrealisee, programme_id, sport_id, CENTREINTERET_ID, timeframe_id) VALUES (10357, '2018-04-18', '2018-04-18', 8.137043865871924, 8.137043865871924, 1, 10089, 1, 10000, 3);
INSERT INTO activity(activity_id, date_prevue, date_realisee, distance_prevue, distance_realisee, estrealisee, programme_id, sport_id, CENTREINTERET_ID, timeframe_id) VALUES (10358, '2018-04-19', '2018-04-19', 8.314257054959956, 8.314257054959956, 1, 10089, 1, 10000, 50);
INSERT INTO activity(activity_id, date_prevue, date_realisee, distance_prevue, distance_realisee, estrealisee, programme_id, sport_id, CENTREINTERET_ID, timeframe_id) VALUES (10359, '2018-04-20', '2018-04-20', 10.180864437715256, 10.180864437715256, 1, 10089, 1, 10000, 10);

INSERT INTO point (ID, x, y) VALUES (50045, 45.737301737167506, 4.867129722388449);
INSERT INTO users (ID, USERNAME, PASSWORD, FIRSTNAME, LASTNAME, EMAIL, ENABLED, LASTPASSWORDRESETDATE, OBJECTIFHEBDO, Location_id) VALUES (10045, "user45", "$2a$08$UkVvwpULis18S19S5pZFn.YHPZt3oaqHZnDwqbCW9pft6uFtkXKDC", "user45", "user45", "user45@user.com", 1, "2003/01/22", 5, 50045);
INSERT INTO user_authority (USER_ID, AUTHORITY_ID) VALUES (10045, 2);
INSERT INTO programme(programme_id, date_debut, user_id, objectif_distance) VALUES (10090, '2018-04-30', 10045, 8);
INSERT INTO activity(activity_id, date_prevue, distance_prevue, estrealisee, programme_id, sport_id, CENTREINTERET_ID, timeframe_id) VALUES (10360, '2018-05-01', 10.763219161928802, 0, 10090, 1, 10000, 14);
INSERT INTO activity(activity_id, date_prevue, distance_prevue, estrealisee, programme_id, sport_id, CENTREINTERET_ID, timeframe_id) VALUES (10361, '2018-05-02', 8.36604879373667, 0, 10090, 1, 10000, 20);
INSERT INTO activity(activity_id, date_prevue, distance_prevue, estrealisee, programme_id, sport_id, CENTREINTERET_ID, timeframe_id) VALUES (10362, '2018-05-03', 11.244269777495907, 0, 10090, 1, 10000, 31);
INSERT INTO activity(activity_id, date_prevue, distance_prevue, estrealisee, programme_id, sport_id, CENTREINTERET_ID, timeframe_id) VALUES (10363, '2018-05-04', 11.890790368127112, 0, 10090, 1, 10000, 39);
INSERT INTO programme(programme_id, date_debut, user_id, objectif_distance) VALUES (10091, '2018-04-23', 10045, 7);
INSERT INTO activity(activity_id, date_prevue, date_realisee, distance_prevue, distance_realisee, estrealisee, programme_id, sport_id, CENTREINTERET_ID, timeframe_id) VALUES (10364, '2018-04-17', '2018-04-17', 8.849315565639708, 8.849315565639708, 1, 10091, 1, 10000, 30);
INSERT INTO activity(activity_id, date_prevue, date_realisee, distance_prevue, distance_realisee, estrealisee, programme_id, sport_id, CENTREINTERET_ID, timeframe_id) VALUES (10365, '2018-04-18', '2018-04-18', 9.619462978680119, 9.619462978680119, 1, 10091, 1, 10000, 48);
INSERT INTO activity(activity_id, date_prevue, date_realisee, distance_prevue, distance_realisee, estrealisee, programme_id, sport_id, CENTREINTERET_ID, timeframe_id) VALUES (10366, '2018-04-19', '2018-04-19', 11.929220428978454, 11.929220428978454, 1, 10091, 1, 10000, 19);
INSERT INTO activity(activity_id, date_prevue, date_realisee, distance_prevue, distance_realisee, estrealisee, programme_id, sport_id, CENTREINTERET_ID, timeframe_id) VALUES (10367, '2018-04-20', '2018-04-20', 9.012929357514523, 9.012929357514523, 1, 10091, 1, 10000, 7);

INSERT INTO point (ID, x, y) VALUES (50046, 45.758374029814384, 4.8487069213492155);
INSERT INTO users (ID, USERNAME, PASSWORD, FIRSTNAME, LASTNAME, EMAIL, ENABLED, LASTPASSWORDRESETDATE, OBJECTIFHEBDO, Location_id) VALUES (10046, "user46", "$2a$08$UkVvwpULis18S19S5pZFn.YHPZt3oaqHZnDwqbCW9pft6uFtkXKDC", "user46", "user46", "user46@user.com", 1, "2003/01/22", 12, 50046);
INSERT INTO user_authority (USER_ID, AUTHORITY_ID) VALUES (10046, 2);
INSERT INTO programme(programme_id, date_debut, user_id, objectif_distance) VALUES (10092, '2018-04-30', 10046, 9);
INSERT INTO activity(activity_id, date_prevue, distance_prevue, estrealisee, programme_id, sport_id, CENTREINTERET_ID, timeframe_id) VALUES (10368, '2018-05-01', 11.87694275559214, 0, 10092, 1, 10000, 14);
INSERT INTO activity(activity_id, date_prevue, distance_prevue, estrealisee, programme_id, sport_id, CENTREINTERET_ID, timeframe_id) VALUES (10369, '2018-05-02', 8.52887850959129, 0, 10092, 1, 10000, 20);
INSERT INTO activity(activity_id, date_prevue, distance_prevue, estrealisee, programme_id, sport_id, CENTREINTERET_ID, timeframe_id) VALUES (10370, '2018-05-03', 8.813249147469318, 0, 10092, 1, 10000, 31);
INSERT INTO activity(activity_id, date_prevue, distance_prevue, estrealisee, programme_id, sport_id, CENTREINTERET_ID, timeframe_id) VALUES (10371, '2018-05-04', 7.197930068018527, 0, 10092, 1, 10000, 39);
INSERT INTO programme(programme_id, date_debut, user_id, objectif_distance) VALUES (10093, '2018-04-23', 10046, 10);
INSERT INTO activity(activity_id, date_prevue, date_realisee, distance_prevue, distance_realisee, estrealisee, programme_id, sport_id, CENTREINTERET_ID, timeframe_id) VALUES (10372, '2018-04-17', '2018-04-17', 8.905140761553408, 8.905140761553408, 1, 10093, 1, 10000, 6);
INSERT INTO activity(activity_id, date_prevue, date_realisee, distance_prevue, distance_realisee, estrealisee, programme_id, sport_id, CENTREINTERET_ID, timeframe_id) VALUES (10373, '2018-04-18', '2018-04-18', 9.265301486622658, 9.265301486622658, 1, 10093, 1, 10000, 1);
INSERT INTO activity(activity_id, date_prevue, date_realisee, distance_prevue, distance_realisee, estrealisee, programme_id, sport_id, CENTREINTERET_ID, timeframe_id) VALUES (10374, '2018-04-19', '2018-04-19', 7.294767328277192, 7.294767328277192, 1, 10093, 1, 10000, 30);
INSERT INTO activity(activity_id, date_prevue, date_realisee, distance_prevue, distance_realisee, estrealisee, programme_id, sport_id, CENTREINTERET_ID, timeframe_id) VALUES (10375, '2018-04-20', '2018-04-20', 8.084995413632543, 8.084995413632543, 1, 10093, 1, 10000, 38);

INSERT INTO point (ID, x, y) VALUES (50047, 45.728267814561214, 4.869938642843897);
INSERT INTO users (ID, USERNAME, PASSWORD, FIRSTNAME, LASTNAME, EMAIL, ENABLED, LASTPASSWORDRESETDATE, OBJECTIFHEBDO, Location_id) VALUES (10047, "user47", "$2a$08$UkVvwpULis18S19S5pZFn.YHPZt3oaqHZnDwqbCW9pft6uFtkXKDC", "user47", "user47", "user47@user.com", 1, "2003/01/22", 7, 50047);
INSERT INTO user_authority (USER_ID, AUTHORITY_ID) VALUES (10047, 2);
INSERT INTO programme(programme_id, date_debut, user_id, objectif_distance) VALUES (10094, '2018-04-30', 10047, 12);
INSERT INTO activity(activity_id, date_prevue, distance_prevue, estrealisee, programme_id, sport_id, CENTREINTERET_ID, timeframe_id) VALUES (10376, '2018-05-01', 8.057642239832258, 0, 10094, 1, 10000, 14);
INSERT INTO activity(activity_id, date_prevue, distance_prevue, estrealisee, programme_id, sport_id, CENTREINTERET_ID, timeframe_id) VALUES (10377, '2018-05-02', 7.022782171063244, 0, 10094, 1, 10000, 20);
INSERT INTO activity(activity_id, date_prevue, distance_prevue, estrealisee, programme_id, sport_id, CENTREINTERET_ID, timeframe_id) VALUES (10378, '2018-05-03', 8.393063115059146, 0, 10094, 1, 10000, 31);
INSERT INTO activity(activity_id, date_prevue, distance_prevue, estrealisee, programme_id, sport_id, CENTREINTERET_ID, timeframe_id) VALUES (10379, '2018-05-04', 7.105003617698295, 0, 10094, 1, 10000, 39);
INSERT INTO programme(programme_id, date_debut, user_id, objectif_distance) VALUES (10095, '2018-04-23', 10047, 5);
INSERT INTO activity(activity_id, date_prevue, date_realisee, distance_prevue, distance_realisee, estrealisee, programme_id, sport_id, CENTREINTERET_ID, timeframe_id) VALUES (10380, '2018-04-17', '2018-04-17', 9.228261400096741, 9.228261400096741, 1, 10095, 1, 10000, 49);
INSERT INTO activity(activity_id, date_prevue, date_realisee, distance_prevue, distance_realisee, estrealisee, programme_id, sport_id, CENTREINTERET_ID, timeframe_id) VALUES (10381, '2018-04-18', '2018-04-18', 10.234305846865691, 10.234305846865691, 1, 10095, 1, 10000, 11);
INSERT INTO activity(activity_id, date_prevue, date_realisee, distance_prevue, distance_realisee, estrealisee, programme_id, sport_id, CENTREINTERET_ID, timeframe_id) VALUES (10382, '2018-04-19', '2018-04-19', 11.030749345729348, 11.030749345729348, 1, 10095, 1, 10000, 27);
INSERT INTO activity(activity_id, date_prevue, date_realisee, distance_prevue, distance_realisee, estrealisee, programme_id, sport_id, CENTREINTERET_ID, timeframe_id) VALUES (10383, '2018-04-20', '2018-04-20', 9.498149397372703, 9.498149397372703, 1, 10095, 1, 10000, 7);

INSERT INTO point (ID, x, y) VALUES (50048, 45.740397508114526, 4.829438097702831);
INSERT INTO users (ID, USERNAME, PASSWORD, FIRSTNAME, LASTNAME, EMAIL, ENABLED, LASTPASSWORDRESETDATE, OBJECTIFHEBDO, Location_id) VALUES (10048, "user48", "$2a$08$UkVvwpULis18S19S5pZFn.YHPZt3oaqHZnDwqbCW9pft6uFtkXKDC", "user48", "user48", "user48@user.com", 1, "2003/01/22", 8, 50048);
INSERT INTO user_authority (USER_ID, AUTHORITY_ID) VALUES (10048, 2);
INSERT INTO programme(programme_id, date_debut, user_id, objectif_distance) VALUES (10096, '2018-04-30', 10048, 10);
INSERT INTO activity(activity_id, date_prevue, distance_prevue, estrealisee, programme_id, sport_id, CENTREINTERET_ID, timeframe_id) VALUES (10384, '2018-05-01', 10.516694044055694, 0, 10096, 1, 10000, 14);
INSERT INTO activity(activity_id, date_prevue, distance_prevue, estrealisee, programme_id, sport_id, CENTREINTERET_ID, timeframe_id) VALUES (10385, '2018-05-02', 11.552358690421064, 0, 10096, 1, 10000, 20);
INSERT INTO activity(activity_id, date_prevue, distance_prevue, estrealisee, programme_id, sport_id, CENTREINTERET_ID, timeframe_id) VALUES (10386, '2018-05-03', 10.194460910782798, 0, 10096, 1, 10000, 31);
INSERT INTO activity(activity_id, date_prevue, distance_prevue, estrealisee, programme_id, sport_id, CENTREINTERET_ID, timeframe_id) VALUES (10387, '2018-05-04', 8.457274183503944, 0, 10096, 1, 10000, 39);
INSERT INTO programme(programme_id, date_debut, user_id, objectif_distance) VALUES (10097, '2018-04-23', 10048, 11);
INSERT INTO activity(activity_id, date_prevue, date_realisee, distance_prevue, distance_realisee, estrealisee, programme_id, sport_id, CENTREINTERET_ID, timeframe_id) VALUES (10388, '2018-04-17', '2018-04-17', 9.11029560349514, 9.11029560349514, 1, 10097, 1, 10000, 31);
INSERT INTO activity(activity_id, date_prevue, date_realisee, distance_prevue, distance_realisee, estrealisee, programme_id, sport_id, CENTREINTERET_ID, timeframe_id) VALUES (10389, '2018-04-18', '2018-04-18', 11.20688497165507, 11.20688497165507, 1, 10097, 1, 10000, 38);
INSERT INTO activity(activity_id, date_prevue, date_realisee, distance_prevue, distance_realisee, estrealisee, programme_id, sport_id, CENTREINTERET_ID, timeframe_id) VALUES (10390, '2018-04-19', '2018-04-19', 9.810914371974887, 9.810914371974887, 1, 10097, 1, 10000, 36);
INSERT INTO activity(activity_id, date_prevue, date_realisee, distance_prevue, distance_realisee, estrealisee, programme_id, sport_id, CENTREINTERET_ID, timeframe_id) VALUES (10391, '2018-04-20', '2018-04-20', 11.751973070360709, 11.751973070360709, 1, 10097, 1, 10000, 34);

INSERT INTO point (ID, x, y) VALUES (50049, 45.78169987343207, 4.859912391775696);
INSERT INTO users (ID, USERNAME, PASSWORD, FIRSTNAME, LASTNAME, EMAIL, ENABLED, LASTPASSWORDRESETDATE, OBJECTIFHEBDO, Location_id) VALUES (10049, "user49", "$2a$08$UkVvwpULis18S19S5pZFn.YHPZt3oaqHZnDwqbCW9pft6uFtkXKDC", "user49", "user49", "user49@user.com", 1, "2003/01/22", 6, 50049);
INSERT INTO user_authority (USER_ID, AUTHORITY_ID) VALUES (10049, 2);
INSERT INTO programme(programme_id, date_debut, user_id, objectif_distance) VALUES (10098, '2018-04-30', 10049, 8);
INSERT INTO activity(activity_id, date_prevue, distance_prevue, estrealisee, programme_id, sport_id, CENTREINTERET_ID, timeframe_id) VALUES (10392, '2018-05-01', 9.384277900288259, 0, 10098, 1, 10000, 14);
INSERT INTO activity(activity_id, date_prevue, distance_prevue, estrealisee, programme_id, sport_id, CENTREINTERET_ID, timeframe_id) VALUES (10393, '2018-05-02', 7.881466091328264, 0, 10098, 1, 10000, 20);
INSERT INTO activity(activity_id, date_prevue, distance_prevue, estrealisee, programme_id, sport_id, CENTREINTERET_ID, timeframe_id) VALUES (10394, '2018-05-03', 10.26568570572234, 0, 10098, 1, 10000, 31);
INSERT INTO activity(activity_id, date_prevue, distance_prevue, estrealisee, programme_id, sport_id, CENTREINTERET_ID, timeframe_id) VALUES (10395, '2018-05-04', 7.619231074422721, 0, 10098, 1, 10000, 39);
INSERT INTO programme(programme_id, date_debut, user_id, objectif_distance) VALUES (10099, '2018-04-23', 10049, 8);
INSERT INTO activity(activity_id, date_prevue, date_realisee, distance_prevue, distance_realisee, estrealisee, programme_id, sport_id, CENTREINTERET_ID, timeframe_id) VALUES (10396, '2018-04-17', '2018-04-17', 8.946598032923871, 8.946598032923871, 1, 10099, 1, 10000, 20);
INSERT INTO activity(activity_id, date_prevue, date_realisee, distance_prevue, distance_realisee, estrealisee, programme_id, sport_id, CENTREINTERET_ID, timeframe_id) VALUES (10397, '2018-04-18', '2018-04-18', 9.930837638411539, 9.930837638411539, 1, 10099, 1, 10000, 13);
INSERT INTO activity(activity_id, date_prevue, date_realisee, distance_prevue, distance_realisee, estrealisee, programme_id, sport_id, CENTREINTERET_ID, timeframe_id) VALUES (10398, '2018-04-19', '2018-04-19', 8.230502500800954, 8.230502500800954, 1, 10099, 1, 10000, 21);
INSERT INTO activity(activity_id, date_prevue, date_realisee, distance_prevue, distance_realisee, estrealisee, programme_id, sport_id, CENTREINTERET_ID, timeframe_id) VALUES (10399, '2018-04-20', '2018-04-20', 11.535739581475257, 11.535739581475257, 1, 10099, 1, 10000, 37);



