INSERT INTO users (ID, USERNAME, PASSWORD, FIRSTNAME, LASTNAME, EMAIL, ENABLED, LASTPASSWORDRESETDATE, OBJECTIFHEBDO) VALUES (100, 'admin', '$2a$08$lDnHPz7eUkSi6ao14Twuau08mzhWrL4kyZGGU5xfiGALO/Vxd5DOi', 'admin', 'admin', 'admin@admin.com', 1, '2003/01/22', -1);
INSERT INTO users (ID, USERNAME, PASSWORD, FIRSTNAME, LASTNAME, EMAIL, ENABLED, LASTPASSWORDRESETDATE, OBJECTIFHEBDO) VALUES (200, 'user', '$2a$08$UkVvwpULis18S19S5pZFn.YHPZt3oaqHZnDwqbCW9pft6uFtkXKDC', 'user', 'user', 'enabled@user.com', 1, '2003/01/22', -1);
INSERT INTO users (ID, USERNAME, PASSWORD, FIRSTNAME, LASTNAME, EMAIL, ENABLED, LASTPASSWORDRESETDATE, OBJECTIFHEBDO) VALUES (300, 'disabled', '$2a$08$UkVvwpULis18S19S5pZFn.YHPZt3oaqHZnDwqbCW9pft6uFtkXKDC', 'user', 'user', 'disabled@user.com', 0, '2003/01/22', -1);

INSERT INTO authority (ID, NAME) VALUES (1, 'ROLE_USER');
INSERT INTO authority (ID, NAME) VALUES (2, 'ROLE_ADMIN');

INSERT INTO user_authority (USER_ID, AUTHORITY_ID) VALUES (100, 1);
INSERT INTO user_authority (USER_ID, AUTHORITY_ID) VALUES (100, 2);
INSERT INTO user_authority (USER_ID, AUTHORITY_ID) VALUES (200, 1);
INSERT INTO user_authority (USER_ID, AUTHORITY_ID) VALUES (300, 1);

INSERT INTO timeframe (ID, HEUREDEBUT, HEUREFIN, NOMJOUR, EVALUATION) VALUES (1, 0, 3, 'LUNDI', -1);
INSERT INTO timeframe (ID, HEUREDEBUT, HEUREFIN, NOMJOUR, EVALUATION) VALUES (2, 3, 6, 'LUNDI', -1);
INSERT INTO timeframe (ID, HEUREDEBUT, HEUREFIN, NOMJOUR, EVALUATION) VALUES (3, 6, 9, 'LUNDI', -1);
INSERT INTO timeframe (ID, HEUREDEBUT, HEUREFIN, NOMJOUR, EVALUATION) VALUES (4, 9, 12, 'LUNDI', -1);
INSERT INTO timeframe (ID, HEUREDEBUT, HEUREFIN, NOMJOUR, EVALUATION) VALUES (5, 12, 15, 'LUNDI', -1);
INSERT INTO timeframe (ID, HEUREDEBUT, HEUREFIN, NOMJOUR, EVALUATION) VALUES (6, 15, 18, 'LUNDI', -1);
INSERT INTO timeframe (ID, HEUREDEBUT, HEUREFIN, NOMJOUR, EVALUATION) VALUES (7, 18, 21, 'LUNDI', -1);
INSERT INTO timeframe (ID, HEUREDEBUT, HEUREFIN, NOMJOUR, EVALUATION) VALUES (8, 21, 24, 'LUNDI', -1);
INSERT INTO timeframe (ID, HEUREDEBUT, HEUREFIN, NOMJOUR, EVALUATION) VALUES (9, 0, 3, 'MARDI', -1);
INSERT INTO timeframe (ID, HEUREDEBUT, HEUREFIN, NOMJOUR, EVALUATION) VALUES (10, 3, 6, 'MARDI', -1);
INSERT INTO timeframe (ID, HEUREDEBUT, HEUREFIN, NOMJOUR, EVALUATION) VALUES (11, 6, 9, 'MARDI', -1);
INSERT INTO timeframe (ID, HEUREDEBUT, HEUREFIN, NOMJOUR, EVALUATION) VALUES (12, 9, 12, 'MARDI', -1);
INSERT INTO timeframe (ID, HEUREDEBUT, HEUREFIN, NOMJOUR, EVALUATION) VALUES (13, 12, 15, 'MARDI', -1);
INSERT INTO timeframe (ID, HEUREDEBUT, HEUREFIN, NOMJOUR, EVALUATION) VALUES (14, 15, 18, 'MARDI', -1);
INSERT INTO timeframe (ID, HEUREDEBUT, HEUREFIN, NOMJOUR, EVALUATION) VALUES (15, 18, 21, 'MARDI', -1);
INSERT INTO timeframe (ID, HEUREDEBUT, HEUREFIN, NOMJOUR, EVALUATION) VALUES (16, 21, 24, 'MARDI', -1);
INSERT INTO timeframe (ID, HEUREDEBUT, HEUREFIN, NOMJOUR, EVALUATION) VALUES (17, 0, 3, 'MERCREDI', -1);
INSERT INTO timeframe (ID, HEUREDEBUT, HEUREFIN, NOMJOUR, EVALUATION) VALUES (18, 3, 6, 'MERCREDI', -1);
INSERT INTO timeframe (ID, HEUREDEBUT, HEUREFIN, NOMJOUR, EVALUATION) VALUES (19, 6, 9, 'MERCREDI', -1);
INSERT INTO timeframe (ID, HEUREDEBUT, HEUREFIN, NOMJOUR, EVALUATION) VALUES (20, 9, 12, 'MERCREDI', -1);
INSERT INTO timeframe (ID, HEUREDEBUT, HEUREFIN, NOMJOUR, EVALUATION) VALUES (21, 12, 15, 'MERCREDI', -1);
INSERT INTO timeframe (ID, HEUREDEBUT, HEUREFIN, NOMJOUR, EVALUATION) VALUES (22, 15, 18, 'MERCREDI', -1);
INSERT INTO timeframe (ID, HEUREDEBUT, HEUREFIN, NOMJOUR, EVALUATION) VALUES (23, 18, 21, 'MERCREDI', -1);
INSERT INTO timeframe (ID, HEUREDEBUT, HEUREFIN, NOMJOUR, EVALUATION) VALUES (24, 21, 24, 'MERCREDI', -1);
INSERT INTO timeframe (ID, HEUREDEBUT, HEUREFIN, NOMJOUR, EVALUATION) VALUES (25, 0, 3, 'JEUDI', -1);
INSERT INTO timeframe (ID, HEUREDEBUT, HEUREFIN, NOMJOUR, EVALUATION) VALUES (26, 3, 6, 'JEUDI', -1);
INSERT INTO timeframe (ID, HEUREDEBUT, HEUREFIN, NOMJOUR, EVALUATION) VALUES (27, 6, 9, 'JEUDI', -1);
INSERT INTO timeframe (ID, HEUREDEBUT, HEUREFIN, NOMJOUR, EVALUATION) VALUES (28, 9, 12, 'JEUDI', -1);
INSERT INTO timeframe (ID, HEUREDEBUT, HEUREFIN, NOMJOUR, EVALUATION) VALUES (29, 12, 15, 'JEUDI', -1);
INSERT INTO timeframe (ID, HEUREDEBUT, HEUREFIN, NOMJOUR, EVALUATION) VALUES (30, 15, 18, 'JEUDI', -1);
INSERT INTO timeframe (ID, HEUREDEBUT, HEUREFIN, NOMJOUR, EVALUATION) VALUES (31, 18, 21, 'JEUDI', -1);
INSERT INTO timeframe (ID, HEUREDEBUT, HEUREFIN, NOMJOUR, EVALUATION) VALUES (32, 21, 24, 'JEUDI', -1);
INSERT INTO timeframe (ID, HEUREDEBUT, HEUREFIN, NOMJOUR, EVALUATION) VALUES (33, 0, 3, 'VENDREDI', -1);
INSERT INTO timeframe (ID, HEUREDEBUT, HEUREFIN, NOMJOUR, EVALUATION) VALUES (34, 3, 6, 'VENDREDI', -1);
INSERT INTO timeframe (ID, HEUREDEBUT, HEUREFIN, NOMJOUR, EVALUATION) VALUES (35, 6, 9, 'VENDREDI', -1);
INSERT INTO timeframe (ID, HEUREDEBUT, HEUREFIN, NOMJOUR, EVALUATION) VALUES (36, 9, 12, 'VENDREDI', -1);
INSERT INTO timeframe (ID, HEUREDEBUT, HEUREFIN, NOMJOUR, EVALUATION) VALUES (37, 12, 15, 'VENDREDI', -1);
INSERT INTO timeframe (ID, HEUREDEBUT, HEUREFIN, NOMJOUR, EVALUATION) VALUES (38, 15, 18, 'VENDREDI', -1);
INSERT INTO timeframe (ID, HEUREDEBUT, HEUREFIN, NOMJOUR, EVALUATION) VALUES (39, 18, 21, 'VENDREDI', -1);
INSERT INTO timeframe (ID, HEUREDEBUT, HEUREFIN, NOMJOUR, EVALUATION) VALUES (40, 21, 24, 'VENDREDI', -1);
INSERT INTO timeframe (ID, HEUREDEBUT, HEUREFIN, NOMJOUR, EVALUATION) VALUES (41, 0, 3, 'SAMEDI', -1);
INSERT INTO timeframe (ID, HEUREDEBUT, HEUREFIN, NOMJOUR, EVALUATION) VALUES (42, 3, 6, 'SAMEDI', -1);
INSERT INTO timeframe (ID, HEUREDEBUT, HEUREFIN, NOMJOUR, EVALUATION) VALUES (43, 6, 9, 'SAMEDI', -1);
INSERT INTO timeframe (ID, HEUREDEBUT, HEUREFIN, NOMJOUR, EVALUATION) VALUES (44, 9, 12, 'SAMEDI', -1);
INSERT INTO timeframe (ID, HEUREDEBUT, HEUREFIN, NOMJOUR, EVALUATION) VALUES (45, 12, 15, 'SAMEDI', -1);
INSERT INTO timeframe (ID, HEUREDEBUT, HEUREFIN, NOMJOUR, EVALUATION) VALUES (46, 15, 18, 'SAMEDI', -1);
INSERT INTO timeframe (ID, HEUREDEBUT, HEUREFIN, NOMJOUR, EVALUATION) VALUES (47, 18, 21, 'SAMEDI', -1);
INSERT INTO timeframe (ID, HEUREDEBUT, HEUREFIN, NOMJOUR, EVALUATION) VALUES (48, 21, 24, 'SAMEDI', -1);
INSERT INTO timeframe (ID, HEUREDEBUT, HEUREFIN, NOMJOUR, EVALUATION) VALUES (49, 0, 3, 'DIMANCHE', -1);
INSERT INTO timeframe (ID, HEUREDEBUT, HEUREFIN, NOMJOUR, EVALUATION) VALUES (50, 3, 6, 'DIMANCHE', -1);
INSERT INTO timeframe (ID, HEUREDEBUT, HEUREFIN, NOMJOUR, EVALUATION) VALUES (51, 6, 9, 'DIMANCHE', -1);
INSERT INTO timeframe (ID, HEUREDEBUT, HEUREFIN, NOMJOUR, EVALUATION) VALUES (52, 9, 12, 'DIMANCHE', -1);
INSERT INTO timeframe (ID, HEUREDEBUT, HEUREFIN, NOMJOUR, EVALUATION) VALUES (53, 12, 15, 'DIMANCHE', -1);
INSERT INTO timeframe (ID, HEUREDEBUT, HEUREFIN, NOMJOUR, EVALUATION) VALUES (54, 15, 18, 'DIMANCHE', -1);
INSERT INTO timeframe (ID, HEUREDEBUT, HEUREFIN, NOMJOUR, EVALUATION) VALUES (55, 18, 21, 'DIMANCHE', -1);
INSERT INTO timeframe (ID, HEUREDEBUT, HEUREFIN, NOMJOUR, EVALUATION) VALUES (56, 21, 24, 'DIMANCHE', -1);

INSERT INTO sport(SPORT_ID, NOM, KMH, KCALH) VALUES (1, 'Course', 12, 880);
INSERT INTO sport(SPORT_ID, NOM, KMH, KCALH) VALUES (2, 'Marche', 4, 245);
INSERT INTO sport(SPORT_ID, NOM, KMH, KCALH) VALUES (3, 'Cyclisme', 20, 690);

INSERT INTO programme(programme_id, date_debut, user_id) VALUES (100, '2018-04-16', 200);
INSERT INTO programme(programme_id, date_debut, user_id) VALUES (200, '2018-04-23', 200);
INSERT INTO programme(programme_id, date_debut, user_id) VALUES (300, '2018-04-09', 200);
INSERT INTO programme(programme_id, date_debut, user_id) VALUES (400, '2018-04-02', 200);
INSERT INTO programme(programme_id, date_debut, user_id) VALUES (500, '2018-04-16', 100);
INSERT INTO programme(programme_id, date_debut, user_id) VALUES (600, '2018-04-23', 100);

INSERT INTO activity(activity_id, date, distance, estrealisee, programme_id, sport_id, centreinteret_id, timeframe_id) VALUES (100, '2018-04-29', 6, 0, 200, 1, 10000, 51);
INSERT INTO activity(activity_id, date, distance, estrealisee, programme_id, sport_id, centreinteret_id, timeframe_id) VALUES (300, '2018-04-27', 8, 0, 200, 2, 10000, 35);
INSERT INTO activity(activity_id, date, distance, estrealisee, programme_id, sport_id, centreinteret_id, timeframe_id) VALUES (200, '2018-04-28', 10, 1, 200, 1, 10000, 44);
INSERT INTO activity(activity_id, date, distance, estrealisee, programme_id, sport_id, centreinteret_id, timeframe_id) VALUES (400, '2018-04-29', 10, 0, 200, 1, 10000, 55);
INSERT INTO activity(activity_id, date, distance, estrealisee, programme_id, sport_id, centreinteret_id, timeframe_id) VALUES (500, '2018-04-25', 12, 0, 200, 2, 10000, 23);
INSERT INTO activity(activity_id, date, distance, estrealisee, programme_id, sport_id, centreinteret_id, timeframe_id) VALUES (600, '2018-04-28', 5, 1, 200, 1, 10000, 47);

INSERT INTO realisation(realisation_id, date, distance, activity_id, programme_id, centreinteret_id) VALUES (100, '2018-04-23', 11, 200, 200, 10000);


INSERT INTO point (ID, x, y, CENTRE_INTERET_ID) VALUES (10000, 45.77846429629631, 4.852797629629627, 10000);
INSERT INTO centreinteret (ID, NAME, POINT_ID) VALUES (10000, "Parc de la Tête d'Or", 10000);
INSERT INTO point (ID, x, y, CENTRE_INTERET_ID) VALUES (10001, 45.77868958333333, 4.853984940476191, 10001);
INSERT INTO centreinteret (ID, NAME, POINT_ID) VALUES (10001, "Tour Parc de la Tête d'Or", 10001);
INSERT INTO point (ID, x, y, CENTRE_INTERET_ID) VALUES (10002, 45.76518764705882, 4.823596470588235,10002);
INSERT INTO centreinteret (ID, NAME, POINT_ID) VALUES (10002, "Escaliers Nicolas de Lange", 10002);
INSERT INTO point (ID, x, y, CENTRE_INTERET_ID) VALUES (10003, 45.77069710144926, 4.841091594202898, 10003);
INSERT INTO centreinteret (ID, NAME, POINT_ID) VALUES (10003, "Pt Lafayette-Tete or par les quais", 10003);
INSERT INTO point (ID, x, y, CENTRE_INTERET_ID) VALUES (10004, 45.72979947368422, 4.812275789473685, 10004);
INSERT INTO centreinteret (ID, NAME, POINT_ID) VALUES (10004, "descente escalier mulatiere", 10004);
INSERT INTO point (ID, x, y, CENTRE_INTERET_ID) VALUES (10005, 45.739675, 4.8260112903225805, 10005);
INSERT INTO centreinteret (ID, NAME, POINT_ID) VALUES (10005, "Pont a pont", 10005);
INSERT INTO point (ID, x, y, CENTRE_INTERET_ID) VALUES (10006, 45.74327516129033, 4.829121612903227, 10006);
INSERT INTO centreinteret (ID, NAME, POINT_ID) VALUES (10006, "Gwen2kA", 10006);
INSERT INTO point (ID, x, y, CENTRE_INTERET_ID) VALUES (10007, 45.704891739130424, 4.755103478260869, 10007);
INSERT INTO centreinteret (ID, NAME, POINT_ID) VALUES (10007, "Rue Favre Garin Climb", 10007);
INSERT INTO point (ID, x, y, CENTRE_INTERET_ID) VALUES (10008, 45.789565, 4.754929117647059, 10008);
INSERT INTO centreinteret (ID, NAME, POINT_ID) VALUES (10008, "Chemin Du Petit Bois Climb", 10008);
INSERT INTO point (ID, x, y, CENTRE_INTERET_ID) VALUES (10009, 45.71834150000001, 4.8964025, 10009);
INSERT INTO centreinteret (ID, NAME, POINT_ID) VALUES (10009, "Tour de Piste_1 Parilly", 10009);
INSERT INTO point (ID, x, y, CENTRE_INTERET_ID) VALUES (10010, 45.772916756756764, 4.815414864864865, 10010);
INSERT INTO centreinteret (ID, NAME, POINT_ID) VALUES (10010, "Montée des Esses", 10010);
INSERT INTO point (ID, x, y, CENTRE_INTERET_ID) VALUES (10011, 45.79343764044942, 4.912938314606743, 10011);
INSERT INTO centreinteret (ID, NAME, POINT_ID) VALUES (10011, "Piste cyclable vers Miribel-Jonage", 10011);
INSERT INTO point (ID, x, y, CENTRE_INTERET_ID) VALUES (10012, 45.798205454545446, 4.841378909090911, 10012);
INSERT INTO centreinteret (ID, NAME, POINT_ID) VALUES (10012, "Montée Castellane", 10012);
INSERT INTO point (ID, x, y, CENTRE_INTERET_ID) VALUES (10013, 45.76642445544555, 4.840650792079208, 10013);
INSERT INTO centreinteret (ID, NAME, POINT_ID) VALUES (10013, "Berge du Rhône (pont Wilson > Lattre)", 10013);
INSERT INTO point (ID, x, y, CENTRE_INTERET_ID) VALUES (10014, 45.793744285714304, 4.912491071428572, 10014);
INSERT INTO centreinteret (ID, NAME, POINT_ID) VALUES (10014, "voie cyclable vers Parc M. Jonage", 10014);
INSERT INTO point (ID, x, y, CENTRE_INTERET_ID) VALUES (10015, 45.723371875, 4.76817484375 , 10015);
INSERT INTO centreinteret (ID, NAME, POINT_ID) VALUES (10015, "Route des Aqueducs", 10015);
INSERT INTO point (ID, x, y, CENTRE_INTERET_ID) VALUES (10016, 45.751369999999994, 4.763712727272727, 10016);
INSERT INTO centreinteret (ID, NAME, POINT_ID) VALUES (10016, "Côte d'Alaï", 10016);
INSERT INTO point (ID, x, y, CENTRE_INTERET_ID) VALUES (10017, 45.742725555555566, 4.813963703703704, 10017);
INSERT INTO centreinteret (ID, NAME, POINT_ID) VALUES (10017, "Quai JJ Rousseau", 10017);


INSERT INTO point (ID, x, y) VALUES (50000, 45.7209633070088, 4.815958977449385);
INSERT INTO users (ID, USERNAME, PASSWORD, FIRSTNAME, LASTNAME, EMAIL, ENABLED, LASTPASSWORDRESETDATE, OBJECTIFHEBDO, Location_id) VALUES (10000, "user0", "$2a$08$UkVvwpULis18S19S5pZFn.YHPZt3oaqHZnDwqbCW9pft6uFtkXKDC", "user0", "user0", "user0@user.com", 1, "2003/01/22", 13, 50000);
INSERT INTO user_authority (USER_ID, AUTHORITY_ID) VALUES (10000, 2);
INSERT INTO programme(programme_id, date_debut, user_id, objectif_distance) VALUES (10000, '2018-04-30', 10000, 12);
INSERT INTO activity(activity_id, date, distance, estrealisee, programme_id, sport_id, CENTREINTERET_ID, timeframe_id) VALUES (10000, '2018-05-01', 11.308185128620767, 0, 10000, 1, 10000, 14);
INSERT INTO activity(activity_id, date, distance, estrealisee, programme_id, sport_id, CENTREINTERET_ID, timeframe_id) VALUES (10001, '2018-05-02', 10.174093637479043, 0, 10000, 1, 10000, 20);
INSERT INTO activity(activity_id, date, distance, estrealisee, programme_id, sport_id, CENTREINTERET_ID, timeframe_id) VALUES (10002, '2018-05-03', 10.979996168137133, 0, 10000, 1, 10000, 31);
INSERT INTO activity(activity_id, date, distance, estrealisee, programme_id, sport_id, CENTREINTERET_ID, timeframe_id) VALUES (10003, '2018-05-04', 9.577529605461963, 0, 10000, 1, 10000, 39);
INSERT INTO programme(programme_id, date_debut, user_id, objectif_distance) VALUES (10001, '2018-04-23', 10000, 9);
INSERT INTO activity(activity_id, date, distance, estrealisee, programme_id, sport_id, CENTREINTERET_ID, timeframe_id) VALUES (10004, '2018-04-17', 11.256759208879485, 1, 10001, 1, 10000, 13);
INSERT INTO realisation(realisation_id, date, distance, activity_id, programme_id, CENTREINTERET_ID, timeframe_id) VALUES (10000, '2018-04-17', 4, 10004, 10001, 10000, 13);
INSERT INTO activity(activity_id, date, distance, estrealisee, programme_id, sport_id, CENTREINTERET_ID, timeframe_id) VALUES (10005, '2018-04-18', 8.918147189675222, 1, 10001, 1, 10000, 10);
INSERT INTO realisation(realisation_id, date, distance, activity_id, programme_id, CENTREINTERET_ID, timeframe_id) VALUES (10001, '2018-04-18', 4, 10005, 10001, 10000, 10);
INSERT INTO activity(activity_id, date, distance, estrealisee, programme_id, sport_id, CENTREINTERET_ID, timeframe_id) VALUES (10006, '2018-04-19', 10.963783373600364, 1, 10001, 1, 10000, 4);
INSERT INTO realisation(realisation_id, date, distance, activity_id, programme_id, CENTREINTERET_ID, timeframe_id) VALUES (10002, '2018-04-19', 4, 10006, 10001, 10000, 4);
INSERT INTO activity(activity_id, date, distance, estrealisee, programme_id, sport_id, CENTREINTERET_ID, timeframe_id) VALUES (10007, '2018-04-20', 9.677501873279127, 1, 10001, 1, 10000, 41);
INSERT INTO realisation(realisation_id, date, distance, activity_id, programme_id, CENTREINTERET_ID, timeframe_id) VALUES (10003, '2018-04-20', 4, 10007, 10001, 10000, 41);

INSERT INTO point (ID, x, y) VALUES (50001, 45.78933913958098, 4.845688665111891);
INSERT INTO users (ID, USERNAME, PASSWORD, FIRSTNAME, LASTNAME, EMAIL, ENABLED, LASTPASSWORDRESETDATE, OBJECTIFHEBDO, Location_id) VALUES (10001, "user1", "$2a$08$UkVvwpULis18S19S5pZFn.YHPZt3oaqHZnDwqbCW9pft6uFtkXKDC", "user1", "user1", "user1@user.com", 1, "2003/01/22", 18, 50001);
INSERT INTO user_authority (USER_ID, AUTHORITY_ID) VALUES (10001, 2);
INSERT INTO programme(programme_id, date_debut, user_id, objectif_distance) VALUES (10002, '2018-04-30', 10001, 15);
INSERT INTO activity(activity_id, date, distance, estrealisee, programme_id, sport_id, CENTREINTERET_ID, timeframe_id) VALUES (10008, '2018-05-01', 8.939675999641802, 0, 10002, 1, 10000, 14);
INSERT INTO activity(activity_id, date, distance, estrealisee, programme_id, sport_id, CENTREINTERET_ID, timeframe_id) VALUES (10009, '2018-05-02', 9.577748698434466, 0, 10002, 1, 10000, 20);
INSERT INTO activity(activity_id, date, distance, estrealisee, programme_id, sport_id, CENTREINTERET_ID, timeframe_id) VALUES (10010, '2018-05-03', 8.531558839302983, 0, 10002, 1, 10000, 31);
INSERT INTO activity(activity_id, date, distance, estrealisee, programme_id, sport_id, CENTREINTERET_ID, timeframe_id) VALUES (10011, '2018-05-04', 7.9394175663617705, 0, 10002, 1, 10000, 39);
INSERT INTO programme(programme_id, date_debut, user_id, objectif_distance) VALUES (10003, '2018-04-23', 10001, 9);
INSERT INTO activity(activity_id, date, distance, estrealisee, programme_id, sport_id, CENTREINTERET_ID, timeframe_id) VALUES (10012, '2018-04-17', 11.947829548293088, 1, 10003, 1, 10000, 51);
INSERT INTO realisation(realisation_id, date, distance, activity_id, programme_id, CENTREINTERET_ID, timeframe_id) VALUES (10004, '2018-04-17', 4, 10012, 10003, 10000, 51);
INSERT INTO activity(activity_id, date, distance, estrealisee, programme_id, sport_id, CENTREINTERET_ID, timeframe_id) VALUES (10013, '2018-04-18', 11.832187900415823, 1, 10003, 1, 10000, 54);
INSERT INTO realisation(realisation_id, date, distance, activity_id, programme_id, CENTREINTERET_ID, timeframe_id) VALUES (10005, '2018-04-18', 4, 10013, 10003, 10000, 54);
INSERT INTO activity(activity_id, date, distance, estrealisee, programme_id, sport_id, CENTREINTERET_ID, timeframe_id) VALUES (10014, '2018-04-19', 7.297518408848218, 1, 10003, 1, 10000, 6);
INSERT INTO realisation(realisation_id, date, distance, activity_id, programme_id, CENTREINTERET_ID, timeframe_id) VALUES (10006, '2018-04-19', 4, 10014, 10003, 10000, 6);
INSERT INTO activity(activity_id, date, distance, estrealisee, programme_id, sport_id, CENTREINTERET_ID, timeframe_id) VALUES (10015, '2018-04-20', 10.7128517342188, 1, 10003, 1, 10000, 12);
INSERT INTO realisation(realisation_id, date, distance, activity_id, programme_id, CENTREINTERET_ID, timeframe_id) VALUES (10007, '2018-04-20', 4, 10015, 10003, 10000, 12);

INSERT INTO point (ID, x, y) VALUES (50002, 45.775049457134756, 4.8171368716819725);
INSERT INTO users (ID, USERNAME, PASSWORD, FIRSTNAME, LASTNAME, EMAIL, ENABLED, LASTPASSWORDRESETDATE, OBJECTIFHEBDO, Location_id) VALUES (10002, "user2", "$2a$08$UkVvwpULis18S19S5pZFn.YHPZt3oaqHZnDwqbCW9pft6uFtkXKDC", "user2", "user2", "user2@user.com", 1, "2003/01/22", 11, 50002);
INSERT INTO user_authority (USER_ID, AUTHORITY_ID) VALUES (10002, 2);
INSERT INTO programme(programme_id, date_debut, user_id, objectif_distance) VALUES (10004, '2018-04-30', 10002, 7);
INSERT INTO activity(activity_id, date, distance, estrealisee, programme_id, sport_id, CENTREINTERET_ID, timeframe_id) VALUES (10016, '2018-05-01', 10.480258450514333, 0, 10004, 1, 10000, 14);
INSERT INTO activity(activity_id, date, distance, estrealisee, programme_id, sport_id, CENTREINTERET_ID, timeframe_id) VALUES (10017, '2018-05-02', 11.84544778656614, 0, 10004, 1, 10000, 20);
INSERT INTO activity(activity_id, date, distance, estrealisee, programme_id, sport_id, CENTREINTERET_ID, timeframe_id) VALUES (10018, '2018-05-03', 8.885181555309202, 0, 10004, 1, 10000, 31);
INSERT INTO activity(activity_id, date, distance, estrealisee, programme_id, sport_id, CENTREINTERET_ID, timeframe_id) VALUES (10019, '2018-05-04', 11.625683310838454, 0, 10004, 1, 10000, 39);
INSERT INTO programme(programme_id, date_debut, user_id, objectif_distance) VALUES (10005, '2018-04-23', 10002, 14);
INSERT INTO activity(activity_id, date, distance, estrealisee, programme_id, sport_id, CENTREINTERET_ID, timeframe_id) VALUES (10020, '2018-04-17', 8.890463828785997, 1, 10005, 1, 10000, 11);
INSERT INTO realisation(realisation_id, date, distance, activity_id, programme_id, CENTREINTERET_ID, timeframe_id) VALUES (10008, '2018-04-17', 4, 10020, 10005, 10000, 11);
INSERT INTO activity(activity_id, date, distance, estrealisee, programme_id, sport_id, CENTREINTERET_ID, timeframe_id) VALUES (10021, '2018-04-18', 11.215503399013224, 1, 10005, 1, 10000, 17);
INSERT INTO realisation(realisation_id, date, distance, activity_id, programme_id, CENTREINTERET_ID, timeframe_id) VALUES (10009, '2018-04-18', 4, 10021, 10005, 10000, 17);
INSERT INTO activity(activity_id, date, distance, estrealisee, programme_id, sport_id, CENTREINTERET_ID, timeframe_id) VALUES (10022, '2018-04-19', 9.918204308512358, 1, 10005, 1, 10000, 41);
INSERT INTO realisation(realisation_id, date, distance, activity_id, programme_id, CENTREINTERET_ID, timeframe_id) VALUES (10010, '2018-04-19', 4, 10022, 10005, 10000, 41);
INSERT INTO activity(activity_id, date, distance, estrealisee, programme_id, sport_id, CENTREINTERET_ID, timeframe_id) VALUES (10023, '2018-04-20', 7.216414135261612, 1, 10005, 1, 10000, 42);
INSERT INTO realisation(realisation_id, date, distance, activity_id, programme_id, CENTREINTERET_ID, timeframe_id) VALUES (10011, '2018-04-20', 4, 10023, 10005, 10000, 42);

INSERT INTO point (ID, x, y) VALUES (50003, 45.767654416493414, 4.859045726516995);
INSERT INTO users (ID, USERNAME, PASSWORD, FIRSTNAME, LASTNAME, EMAIL, ENABLED, LASTPASSWORDRESETDATE, OBJECTIFHEBDO, Location_id) VALUES (10003, "user3", "$2a$08$UkVvwpULis18S19S5pZFn.YHPZt3oaqHZnDwqbCW9pft6uFtkXKDC", "user3", "user3", "user3@user.com", 1, "2003/01/22", 19, 50003);
INSERT INTO user_authority (USER_ID, AUTHORITY_ID) VALUES (10003, 2);
INSERT INTO programme(programme_id, date_debut, user_id, objectif_distance) VALUES (10006, '2018-04-30', 10003, 8);
INSERT INTO activity(activity_id, date, distance, estrealisee, programme_id, sport_id, CENTREINTERET_ID, timeframe_id) VALUES (10024, '2018-05-01', 11.355797390176178, 0, 10006, 1, 10000, 14);
INSERT INTO activity(activity_id, date, distance, estrealisee, programme_id, sport_id, CENTREINTERET_ID, timeframe_id) VALUES (10025, '2018-05-02', 11.890601716873515, 0, 10006, 1, 10000, 20);
INSERT INTO activity(activity_id, date, distance, estrealisee, programme_id, sport_id, CENTREINTERET_ID, timeframe_id) VALUES (10026, '2018-05-03', 8.853713409848886, 0, 10006, 1, 10000, 31);
INSERT INTO activity(activity_id, date, distance, estrealisee, programme_id, sport_id, CENTREINTERET_ID, timeframe_id) VALUES (10027, '2018-05-04', 8.961655343737698, 0, 10006, 1, 10000, 39);
INSERT INTO programme(programme_id, date_debut, user_id, objectif_distance) VALUES (10007, '2018-04-23', 10003, 14);
INSERT INTO activity(activity_id, date, distance, estrealisee, programme_id, sport_id, CENTREINTERET_ID, timeframe_id) VALUES (10028, '2018-04-17', 9.215770954356845, 1, 10007, 1, 10000, 32);
INSERT INTO realisation(realisation_id, date, distance, activity_id, programme_id, CENTREINTERET_ID, timeframe_id) VALUES (10012, '2018-04-17', 4, 10028, 10007, 10000, 32);
INSERT INTO activity(activity_id, date, distance, estrealisee, programme_id, sport_id, CENTREINTERET_ID, timeframe_id) VALUES (10029, '2018-04-18', 8.725228315933535, 1, 10007, 1, 10000, 3);
INSERT INTO realisation(realisation_id, date, distance, activity_id, programme_id, CENTREINTERET_ID, timeframe_id) VALUES (10013, '2018-04-18', 4, 10029, 10007, 10000, 3);
INSERT INTO activity(activity_id, date, distance, estrealisee, programme_id, sport_id, CENTREINTERET_ID, timeframe_id) VALUES (10030, '2018-04-19', 7.518546646239616, 1, 10007, 1, 10000, 49);
INSERT INTO realisation(realisation_id, date, distance, activity_id, programme_id, CENTREINTERET_ID, timeframe_id) VALUES (10014, '2018-04-19', 4, 10030, 10007, 10000, 49);
INSERT INTO activity(activity_id, date, distance, estrealisee, programme_id, sport_id, CENTREINTERET_ID, timeframe_id) VALUES (10031, '2018-04-20', 11.408232668191943, 1, 10007, 1, 10000, 2);
INSERT INTO realisation(realisation_id, date, distance, activity_id, programme_id, CENTREINTERET_ID, timeframe_id) VALUES (10015, '2018-04-20', 4, 10031, 10007, 10000, 2);

INSERT INTO point (ID, x, y) VALUES (50004, 45.769111273806224, 4.84238251325449);
INSERT INTO users (ID, USERNAME, PASSWORD, FIRSTNAME, LASTNAME, EMAIL, ENABLED, LASTPASSWORDRESETDATE, OBJECTIFHEBDO, Location_id) VALUES (10004, "user4", "$2a$08$UkVvwpULis18S19S5pZFn.YHPZt3oaqHZnDwqbCW9pft6uFtkXKDC", "user4", "user4", "user4@user.com", 1, "2003/01/22", 12, 50004);
INSERT INTO user_authority (USER_ID, AUTHORITY_ID) VALUES (10004, 2);
INSERT INTO programme(programme_id, date_debut, user_id, objectif_distance) VALUES (10008, '2018-04-30', 10004, 9);
INSERT INTO activity(activity_id, date, distance, estrealisee, programme_id, sport_id, CENTREINTERET_ID, timeframe_id) VALUES (10032, '2018-05-01', 7.767383357591744, 0, 10008, 1, 10000, 14);
INSERT INTO activity(activity_id, date, distance, estrealisee, programme_id, sport_id, CENTREINTERET_ID, timeframe_id) VALUES (10033, '2018-05-02', 7.054670420425172, 0, 10008, 1, 10000, 20);
INSERT INTO activity(activity_id, date, distance, estrealisee, programme_id, sport_id, CENTREINTERET_ID, timeframe_id) VALUES (10034, '2018-05-03', 9.785997783790021, 0, 10008, 1, 10000, 31);
INSERT INTO activity(activity_id, date, distance, estrealisee, programme_id, sport_id, CENTREINTERET_ID, timeframe_id) VALUES (10035, '2018-05-04', 8.62152095919486, 0, 10008, 1, 10000, 39);
INSERT INTO programme(programme_id, date_debut, user_id, objectif_distance) VALUES (10009, '2018-04-23', 10004, 12);
INSERT INTO activity(activity_id, date, distance, estrealisee, programme_id, sport_id, CENTREINTERET_ID, timeframe_id) VALUES (10036, '2018-04-17', 11.883929374191887, 1, 10009, 1, 10000, 13);
INSERT INTO realisation(realisation_id, date, distance, activity_id, programme_id, CENTREINTERET_ID, timeframe_id) VALUES (10016, '2018-04-17', 4, 10036, 10009, 10000, 13);
INSERT INTO activity(activity_id, date, distance, estrealisee, programme_id, sport_id, CENTREINTERET_ID, timeframe_id) VALUES (10037, '2018-04-18', 8.20634200926977, 1, 10009, 1, 10000, 20);
INSERT INTO realisation(realisation_id, date, distance, activity_id, programme_id, CENTREINTERET_ID, timeframe_id) VALUES (10017, '2018-04-18', 4, 10037, 10009, 10000, 20);
INSERT INTO activity(activity_id, date, distance, estrealisee, programme_id, sport_id, CENTREINTERET_ID, timeframe_id) VALUES (10038, '2018-04-19', 9.996819913515711, 1, 10009, 1, 10000, 20);
INSERT INTO realisation(realisation_id, date, distance, activity_id, programme_id, CENTREINTERET_ID, timeframe_id) VALUES (10018, '2018-04-19', 4, 10038, 10009, 10000, 20);
INSERT INTO activity(activity_id, date, distance, estrealisee, programme_id, sport_id, CENTREINTERET_ID, timeframe_id) VALUES (10039, '2018-04-20', 7.8367260791033075, 1, 10009, 1, 10000, 46);
INSERT INTO realisation(realisation_id, date, distance, activity_id, programme_id, CENTREINTERET_ID, timeframe_id) VALUES (10019, '2018-04-20', 4, 10039, 10009, 10000, 46);

INSERT INTO point (ID, x, y) VALUES (50005, 45.76048277665928, 4.855573659714404);
INSERT INTO users (ID, USERNAME, PASSWORD, FIRSTNAME, LASTNAME, EMAIL, ENABLED, LASTPASSWORDRESETDATE, OBJECTIFHEBDO, Location_id) VALUES (10005, "user5", "$2a$08$UkVvwpULis18S19S5pZFn.YHPZt3oaqHZnDwqbCW9pft6uFtkXKDC", "user5", "user5", "user5@user.com", 1, "2003/01/22", 11, 50005);
INSERT INTO user_authority (USER_ID, AUTHORITY_ID) VALUES (10005, 2);
INSERT INTO programme(programme_id, date_debut, user_id, objectif_distance) VALUES (10010, '2018-04-30', 10005, 10);
INSERT INTO activity(activity_id, date, distance, estrealisee, programme_id, sport_id, CENTREINTERET_ID, timeframe_id) VALUES (10040, '2018-05-01', 7.951908081401306, 0, 10010, 1, 10000, 14);
INSERT INTO activity(activity_id, date, distance, estrealisee, programme_id, sport_id, CENTREINTERET_ID, timeframe_id) VALUES (10041, '2018-05-02', 9.794068805550957, 0, 10010, 1, 10000, 20);
INSERT INTO activity(activity_id, date, distance, estrealisee, programme_id, sport_id, CENTREINTERET_ID, timeframe_id) VALUES (10042, '2018-05-03', 7.633357956528097, 0, 10010, 1, 10000, 31);
INSERT INTO activity(activity_id, date, distance, estrealisee, programme_id, sport_id, CENTREINTERET_ID, timeframe_id) VALUES (10043, '2018-05-04', 7.402427900216868, 0, 10010, 1, 10000, 39);
INSERT INTO programme(programme_id, date_debut, user_id, objectif_distance) VALUES (10011, '2018-04-23', 10005, 15);
INSERT INTO activity(activity_id, date, distance, estrealisee, programme_id, sport_id, CENTREINTERET_ID, timeframe_id) VALUES (10044, '2018-04-17', 9.83767408304557, 1, 10011, 1, 10000, 12);
INSERT INTO realisation(realisation_id, date, distance, activity_id, programme_id, CENTREINTERET_ID, timeframe_id) VALUES (10020, '2018-04-17', 4, 10044, 10011, 10000, 12);
INSERT INTO activity(activity_id, date, distance, estrealisee, programme_id, sport_id, CENTREINTERET_ID, timeframe_id) VALUES (10045, '2018-04-18', 8.851040551481505, 1, 10011, 1, 10000, 6);
INSERT INTO realisation(realisation_id, date, distance, activity_id, programme_id, CENTREINTERET_ID, timeframe_id) VALUES (10021, '2018-04-18', 4, 10045, 10011, 10000, 6);
INSERT INTO activity(activity_id, date, distance, estrealisee, programme_id, sport_id, CENTREINTERET_ID, timeframe_id) VALUES (10046, '2018-04-19', 10.651245835266662, 1, 10011, 1, 10000, 54);
INSERT INTO realisation(realisation_id, date, distance, activity_id, programme_id, CENTREINTERET_ID, timeframe_id) VALUES (10022, '2018-04-19', 4, 10046, 10011, 10000, 54);
INSERT INTO activity(activity_id, date, distance, estrealisee, programme_id, sport_id, CENTREINTERET_ID, timeframe_id) VALUES (10047, '2018-04-20', 8.347089598774172, 1, 10011, 1, 10000, 15);
INSERT INTO realisation(realisation_id, date, distance, activity_id, programme_id, CENTREINTERET_ID, timeframe_id) VALUES (10023, '2018-04-20', 4, 10047, 10011, 10000, 15);

INSERT INTO point (ID, x, y) VALUES (50006, 45.74463303217028, 4.866085286986907);
INSERT INTO users (ID, USERNAME, PASSWORD, FIRSTNAME, LASTNAME, EMAIL, ENABLED, LASTPASSWORDRESETDATE, OBJECTIFHEBDO, Location_id) VALUES (10006, "user6", "$2a$08$UkVvwpULis18S19S5pZFn.YHPZt3oaqHZnDwqbCW9pft6uFtkXKDC", "user6", "user6", "user6@user.com", 1, "2003/01/22", 8, 50006);
INSERT INTO user_authority (USER_ID, AUTHORITY_ID) VALUES (10006, 2);
INSERT INTO programme(programme_id, date_debut, user_id, objectif_distance) VALUES (10012, '2018-04-30', 10006, 6);
INSERT INTO activity(activity_id, date, distance, estrealisee, programme_id, sport_id, CENTREINTERET_ID, timeframe_id) VALUES (10048, '2018-05-01', 10.309687237449417, 0, 10012, 1, 10000, 14);
INSERT INTO activity(activity_id, date, distance, estrealisee, programme_id, sport_id, CENTREINTERET_ID, timeframe_id) VALUES (10049, '2018-05-02', 8.302409405519306, 0, 10012, 1, 10000, 20);
INSERT INTO activity(activity_id, date, distance, estrealisee, programme_id, sport_id, CENTREINTERET_ID, timeframe_id) VALUES (10050, '2018-05-03', 10.475368213975681, 0, 10012, 1, 10000, 31);
INSERT INTO activity(activity_id, date, distance, estrealisee, programme_id, sport_id, CENTREINTERET_ID, timeframe_id) VALUES (10051, '2018-05-04', 8.610532968083774, 0, 10012, 1, 10000, 39);
INSERT INTO programme(programme_id, date_debut, user_id, objectif_distance) VALUES (10013, '2018-04-23', 10006, 11);
INSERT INTO activity(activity_id, date, distance, estrealisee, programme_id, sport_id, CENTREINTERET_ID, timeframe_id) VALUES (10052, '2018-04-17', 9.64458831551994, 1, 10013, 1, 10000, 24);
INSERT INTO realisation(realisation_id, date, distance, activity_id, programme_id, CENTREINTERET_ID, timeframe_id) VALUES (10024, '2018-04-17', 4, 10052, 10013, 10000, 24);
INSERT INTO activity(activity_id, date, distance, estrealisee, programme_id, sport_id, CENTREINTERET_ID, timeframe_id) VALUES (10053, '2018-04-18', 11.787841496403988, 1, 10013, 1, 10000, 16);
INSERT INTO realisation(realisation_id, date, distance, activity_id, programme_id, CENTREINTERET_ID, timeframe_id) VALUES (10025, '2018-04-18', 4, 10053, 10013, 10000, 16);
INSERT INTO activity(activity_id, date, distance, estrealisee, programme_id, sport_id, CENTREINTERET_ID, timeframe_id) VALUES (10054, '2018-04-19', 8.227985117337367, 1, 10013, 1, 10000, 10);
INSERT INTO realisation(realisation_id, date, distance, activity_id, programme_id, CENTREINTERET_ID, timeframe_id) VALUES (10026, '2018-04-19', 4, 10054, 10013, 10000, 10);
INSERT INTO activity(activity_id, date, distance, estrealisee, programme_id, sport_id, CENTREINTERET_ID, timeframe_id) VALUES (10055, '2018-04-20', 11.96170344852261, 1, 10013, 1, 10000, 27);
INSERT INTO realisation(realisation_id, date, distance, activity_id, programme_id, CENTREINTERET_ID, timeframe_id) VALUES (10027, '2018-04-20', 4, 10055, 10013, 10000, 27);

INSERT INTO point (ID, x, y) VALUES (50007, 45.738151480144666, 4.850234789885954);
INSERT INTO users (ID, USERNAME, PASSWORD, FIRSTNAME, LASTNAME, EMAIL, ENABLED, LASTPASSWORDRESETDATE, OBJECTIFHEBDO, Location_id) VALUES (10007, "user7", "$2a$08$UkVvwpULis18S19S5pZFn.YHPZt3oaqHZnDwqbCW9pft6uFtkXKDC", "user7", "user7", "user7@user.com", 1, "2003/01/22", 10, 50007);
INSERT INTO user_authority (USER_ID, AUTHORITY_ID) VALUES (10007, 2);
INSERT INTO programme(programme_id, date_debut, user_id, objectif_distance) VALUES (10014, '2018-04-30', 10007, 5);
INSERT INTO activity(activity_id, date, distance, estrealisee, programme_id, sport_id, CENTREINTERET_ID, timeframe_id) VALUES (10056, '2018-05-01', 8.400234252684765, 0, 10014, 1, 10000, 14);
INSERT INTO activity(activity_id, date, distance, estrealisee, programme_id, sport_id, CENTREINTERET_ID, timeframe_id) VALUES (10057, '2018-05-02', 10.077687278686462, 0, 10014, 1, 10000, 20);
INSERT INTO activity(activity_id, date, distance, estrealisee, programme_id, sport_id, CENTREINTERET_ID, timeframe_id) VALUES (10058, '2018-05-03', 7.15277694739142, 0, 10014, 1, 10000, 31);
INSERT INTO activity(activity_id, date, distance, estrealisee, programme_id, sport_id, CENTREINTERET_ID, timeframe_id) VALUES (10059, '2018-05-04', 8.375044773755688, 0, 10014, 1, 10000, 39);
INSERT INTO programme(programme_id, date_debut, user_id, objectif_distance) VALUES (10015, '2018-04-23', 10007, 11);
INSERT INTO activity(activity_id, date, distance, estrealisee, programme_id, sport_id, CENTREINTERET_ID, timeframe_id) VALUES (10060, '2018-04-17', 11.356860716646267, 1, 10015, 1, 10000, 55);
INSERT INTO realisation(realisation_id, date, distance, activity_id, programme_id, CENTREINTERET_ID, timeframe_id) VALUES (10028, '2018-04-17', 4, 10060, 10015, 10000, 55);
INSERT INTO activity(activity_id, date, distance, estrealisee, programme_id, sport_id, CENTREINTERET_ID, timeframe_id) VALUES (10061, '2018-04-18', 10.989989947236317, 1, 10015, 1, 10000, 8);
INSERT INTO realisation(realisation_id, date, distance, activity_id, programme_id, CENTREINTERET_ID, timeframe_id) VALUES (10029, '2018-04-18', 4, 10061, 10015, 10000, 8);
INSERT INTO activity(activity_id, date, distance, estrealisee, programme_id, sport_id, CENTREINTERET_ID, timeframe_id) VALUES (10062, '2018-04-19', 9.639603792700441, 1, 10015, 1, 10000, 43);
INSERT INTO realisation(realisation_id, date, distance, activity_id, programme_id, CENTREINTERET_ID, timeframe_id) VALUES (10030, '2018-04-19', 4, 10062, 10015, 10000, 43);
INSERT INTO activity(activity_id, date, distance, estrealisee, programme_id, sport_id, CENTREINTERET_ID, timeframe_id) VALUES (10063, '2018-04-20', 7.53921170932859, 1, 10015, 1, 10000, 46);
INSERT INTO realisation(realisation_id, date, distance, activity_id, programme_id, CENTREINTERET_ID, timeframe_id) VALUES (10031, '2018-04-20', 4, 10063, 10015, 10000, 46);

INSERT INTO point (ID, x, y) VALUES (50008, 45.7405296354659, 4.846865435779629);
INSERT INTO users (ID, USERNAME, PASSWORD, FIRSTNAME, LASTNAME, EMAIL, ENABLED, LASTPASSWORDRESETDATE, OBJECTIFHEBDO, Location_id) VALUES (10008, "user8", "$2a$08$UkVvwpULis18S19S5pZFn.YHPZt3oaqHZnDwqbCW9pft6uFtkXKDC", "user8", "user8", "user8@user.com", 1, "2003/01/22", 15, 50008);
INSERT INTO user_authority (USER_ID, AUTHORITY_ID) VALUES (10008, 2);
INSERT INTO programme(programme_id, date_debut, user_id, objectif_distance) VALUES (10016, '2018-04-30', 10008, 9);
INSERT INTO activity(activity_id, date, distance, estrealisee, programme_id, sport_id, CENTREINTERET_ID, timeframe_id) VALUES (10064, '2018-05-01', 11.453355706238735, 0, 10016, 1, 10000, 14);
INSERT INTO activity(activity_id, date, distance, estrealisee, programme_id, sport_id, CENTREINTERET_ID, timeframe_id) VALUES (10065, '2018-05-02', 11.537986328696983, 0, 10016, 1, 10000, 20);
INSERT INTO activity(activity_id, date, distance, estrealisee, programme_id, sport_id, CENTREINTERET_ID, timeframe_id) VALUES (10066, '2018-05-03', 10.174225739495846, 0, 10016, 1, 10000, 31);
INSERT INTO activity(activity_id, date, distance, estrealisee, programme_id, sport_id, CENTREINTERET_ID, timeframe_id) VALUES (10067, '2018-05-04', 7.615205507294142, 0, 10016, 1, 10000, 39);
INSERT INTO programme(programme_id, date_debut, user_id, objectif_distance) VALUES (10017, '2018-04-23', 10008, 13);
INSERT INTO activity(activity_id, date, distance, estrealisee, programme_id, sport_id, CENTREINTERET_ID, timeframe_id) VALUES (10068, '2018-04-17', 11.705309545508822, 1, 10017, 1, 10000, 51);
INSERT INTO realisation(realisation_id, date, distance, activity_id, programme_id, CENTREINTERET_ID, timeframe_id) VALUES (10032, '2018-04-17', 4, 10068, 10017, 10000, 51);
INSERT INTO activity(activity_id, date, distance, estrealisee, programme_id, sport_id, CENTREINTERET_ID, timeframe_id) VALUES (10069, '2018-04-18', 11.553158240717433, 1, 10017, 1, 10000, 27);
INSERT INTO realisation(realisation_id, date, distance, activity_id, programme_id, CENTREINTERET_ID, timeframe_id) VALUES (10033, '2018-04-18', 4, 10069, 10017, 10000, 27);
INSERT INTO activity(activity_id, date, distance, estrealisee, programme_id, sport_id, CENTREINTERET_ID, timeframe_id) VALUES (10070, '2018-04-19', 9.30426559996988, 1, 10017, 1, 10000, 48);
INSERT INTO realisation(realisation_id, date, distance, activity_id, programme_id, CENTREINTERET_ID, timeframe_id) VALUES (10034, '2018-04-19', 4, 10070, 10017, 10000, 48);
INSERT INTO activity(activity_id, date, distance, estrealisee, programme_id, sport_id, CENTREINTERET_ID, timeframe_id) VALUES (10071, '2018-04-20', 8.949277449318126, 1, 10017, 1, 10000, 40);
INSERT INTO realisation(realisation_id, date, distance, activity_id, programme_id, CENTREINTERET_ID, timeframe_id) VALUES (10035, '2018-04-20', 4, 10071, 10017, 10000, 40);

INSERT INTO point (ID, x, y) VALUES (50009, 45.77469854608575, 4.88552162543048);
INSERT INTO users (ID, USERNAME, PASSWORD, FIRSTNAME, LASTNAME, EMAIL, ENABLED, LASTPASSWORDRESETDATE, OBJECTIFHEBDO, Location_id) VALUES (10009, "user9", "$2a$08$UkVvwpULis18S19S5pZFn.YHPZt3oaqHZnDwqbCW9pft6uFtkXKDC", "user9", "user9", "user9@user.com", 1, "2003/01/22", 13, 50009);
INSERT INTO user_authority (USER_ID, AUTHORITY_ID) VALUES (10009, 2);
INSERT INTO programme(programme_id, date_debut, user_id, objectif_distance) VALUES (10018, '2018-04-30', 10009, 8);
INSERT INTO activity(activity_id, date, distance, estrealisee, programme_id, sport_id, CENTREINTERET_ID, timeframe_id) VALUES (10072, '2018-05-01', 11.331992920419399, 0, 10018, 1, 10000, 14);
INSERT INTO activity(activity_id, date, distance, estrealisee, programme_id, sport_id, CENTREINTERET_ID, timeframe_id) VALUES (10073, '2018-05-02', 9.362684281011344, 0, 10018, 1, 10000, 20);
INSERT INTO activity(activity_id, date, distance, estrealisee, programme_id, sport_id, CENTREINTERET_ID, timeframe_id) VALUES (10074, '2018-05-03', 10.566063340442057, 0, 10018, 1, 10000, 31);
INSERT INTO activity(activity_id, date, distance, estrealisee, programme_id, sport_id, CENTREINTERET_ID, timeframe_id) VALUES (10075, '2018-05-04', 10.877060334908347, 0, 10018, 1, 10000, 39);
INSERT INTO programme(programme_id, date_debut, user_id, objectif_distance) VALUES (10019, '2018-04-23', 10009, 8);
INSERT INTO activity(activity_id, date, distance, estrealisee, programme_id, sport_id, CENTREINTERET_ID, timeframe_id) VALUES (10076, '2018-04-17', 10.069430072687995, 1, 10019, 1, 10000, 47);
INSERT INTO realisation(realisation_id, date, distance, activity_id, programme_id, CENTREINTERET_ID, timeframe_id) VALUES (10036, '2018-04-17', 4, 10076, 10019, 10000, 47);
INSERT INTO activity(activity_id, date, distance, estrealisee, programme_id, sport_id, CENTREINTERET_ID, timeframe_id) VALUES (10077, '2018-04-18', 8.491033846709739, 1, 10019, 1, 10000, 15);
INSERT INTO realisation(realisation_id, date, distance, activity_id, programme_id, CENTREINTERET_ID, timeframe_id) VALUES (10037, '2018-04-18', 4, 10077, 10019, 10000, 15);
INSERT INTO activity(activity_id, date, distance, estrealisee, programme_id, sport_id, CENTREINTERET_ID, timeframe_id) VALUES (10078, '2018-04-19', 10.52633073891941, 1, 10019, 1, 10000, 11);
INSERT INTO realisation(realisation_id, date, distance, activity_id, programme_id, CENTREINTERET_ID, timeframe_id) VALUES (10038, '2018-04-19', 4, 10078, 10019, 10000, 11);
INSERT INTO activity(activity_id, date, distance, estrealisee, programme_id, sport_id, CENTREINTERET_ID, timeframe_id) VALUES (10079, '2018-04-20', 11.885074793396782, 1, 10019, 1, 10000, 4);
INSERT INTO realisation(realisation_id, date, distance, activity_id, programme_id, CENTREINTERET_ID, timeframe_id) VALUES (10039, '2018-04-20', 4, 10079, 10019, 10000, 4);

INSERT INTO point (ID, x, y) VALUES (50010, 45.74522038990513, 4.810771111625652);
INSERT INTO users (ID, USERNAME, PASSWORD, FIRSTNAME, LASTNAME, EMAIL, ENABLED, LASTPASSWORDRESETDATE, OBJECTIFHEBDO, Location_id) VALUES (10010, "user10", "$2a$08$UkVvwpULis18S19S5pZFn.YHPZt3oaqHZnDwqbCW9pft6uFtkXKDC", "user10", "user10", "user10@user.com", 1, "2003/01/22", 9, 50010);
INSERT INTO user_authority (USER_ID, AUTHORITY_ID) VALUES (10010, 2);
INSERT INTO programme(programme_id, date_debut, user_id, objectif_distance) VALUES (10020, '2018-04-30', 10010, 7);
INSERT INTO activity(activity_id, date, distance, estrealisee, programme_id, sport_id, CENTREINTERET_ID, timeframe_id) VALUES (10080, '2018-05-01', 11.66057167924431, 0, 10020, 1, 10000, 14);
INSERT INTO activity(activity_id, date, distance, estrealisee, programme_id, sport_id, CENTREINTERET_ID, timeframe_id) VALUES (10081, '2018-05-02', 7.807101092049191, 0, 10020, 1, 10000, 20);
INSERT INTO activity(activity_id, date, distance, estrealisee, programme_id, sport_id, CENTREINTERET_ID, timeframe_id) VALUES (10082, '2018-05-03', 8.203774497580415, 0, 10020, 1, 10000, 31);
INSERT INTO activity(activity_id, date, distance, estrealisee, programme_id, sport_id, CENTREINTERET_ID, timeframe_id) VALUES (10083, '2018-05-04', 10.624027512515138, 0, 10020, 1, 10000, 39);
INSERT INTO programme(programme_id, date_debut, user_id, objectif_distance) VALUES (10021, '2018-04-23', 10010, 10);
INSERT INTO activity(activity_id, date, distance, estrealisee, programme_id, sport_id, CENTREINTERET_ID, timeframe_id) VALUES (10084, '2018-04-17', 11.35224574454076, 1, 10021, 1, 10000, 1);
INSERT INTO realisation(realisation_id, date, distance, activity_id, programme_id, CENTREINTERET_ID, timeframe_id) VALUES (10040, '2018-04-17', 4, 10084, 10021, 10000, 1);
INSERT INTO activity(activity_id, date, distance, estrealisee, programme_id, sport_id, CENTREINTERET_ID, timeframe_id) VALUES (10085, '2018-04-18', 10.365570005081146, 1, 10021, 1, 10000, 5);
INSERT INTO realisation(realisation_id, date, distance, activity_id, programme_id, CENTREINTERET_ID, timeframe_id) VALUES (10041, '2018-04-18', 4, 10085, 10021, 10000, 5);
INSERT INTO activity(activity_id, date, distance, estrealisee, programme_id, sport_id, CENTREINTERET_ID, timeframe_id) VALUES (10086, '2018-04-19', 7.741416046608228, 1, 10021, 1, 10000, 11);
INSERT INTO realisation(realisation_id, date, distance, activity_id, programme_id, CENTREINTERET_ID, timeframe_id) VALUES (10042, '2018-04-19', 4, 10086, 10021, 10000, 11);
INSERT INTO activity(activity_id, date, distance, estrealisee, programme_id, sport_id, CENTREINTERET_ID, timeframe_id) VALUES (10087, '2018-04-20', 9.350899832674159, 1, 10021, 1, 10000, 34);
INSERT INTO realisation(realisation_id, date, distance, activity_id, programme_id, CENTREINTERET_ID, timeframe_id) VALUES (10043, '2018-04-20', 4, 10087, 10021, 10000, 34);

INSERT INTO point (ID, x, y) VALUES (50011, 45.75952469760544, 4.853051489899822);
INSERT INTO users (ID, USERNAME, PASSWORD, FIRSTNAME, LASTNAME, EMAIL, ENABLED, LASTPASSWORDRESETDATE, OBJECTIFHEBDO, Location_id) VALUES (10011, "user11", "$2a$08$UkVvwpULis18S19S5pZFn.YHPZt3oaqHZnDwqbCW9pft6uFtkXKDC", "user11", "user11", "user11@user.com", 1, "2003/01/22", 7, 50011);
INSERT INTO user_authority (USER_ID, AUTHORITY_ID) VALUES (10011, 2);
INSERT INTO programme(programme_id, date_debut, user_id, objectif_distance) VALUES (10022, '2018-04-30', 10011, 14);
INSERT INTO activity(activity_id, date, distance, estrealisee, programme_id, sport_id, CENTREINTERET_ID, timeframe_id) VALUES (10088, '2018-05-01', 9.118452787481335, 0, 10022, 1, 10000, 14);
INSERT INTO activity(activity_id, date, distance, estrealisee, programme_id, sport_id, CENTREINTERET_ID, timeframe_id) VALUES (10089, '2018-05-02', 8.122377897568635, 0, 10022, 1, 10000, 20);
INSERT INTO activity(activity_id, date, distance, estrealisee, programme_id, sport_id, CENTREINTERET_ID, timeframe_id) VALUES (10090, '2018-05-03', 10.40034875738467, 0, 10022, 1, 10000, 31);
INSERT INTO activity(activity_id, date, distance, estrealisee, programme_id, sport_id, CENTREINTERET_ID, timeframe_id) VALUES (10091, '2018-05-04', 8.852389802608746, 0, 10022, 1, 10000, 39);
INSERT INTO programme(programme_id, date_debut, user_id, objectif_distance) VALUES (10023, '2018-04-23', 10011, 9);
INSERT INTO activity(activity_id, date, distance, estrealisee, programme_id, sport_id, CENTREINTERET_ID, timeframe_id) VALUES (10092, '2018-04-17', 10.476382026516657, 1, 10023, 1, 10000, 13);
INSERT INTO realisation(realisation_id, date, distance, activity_id, programme_id, CENTREINTERET_ID, timeframe_id) VALUES (10044, '2018-04-17', 4, 10092, 10023, 10000, 13);
INSERT INTO activity(activity_id, date, distance, estrealisee, programme_id, sport_id, CENTREINTERET_ID, timeframe_id) VALUES (10093, '2018-04-18', 7.31899062421075, 1, 10023, 1, 10000, 30);
INSERT INTO realisation(realisation_id, date, distance, activity_id, programme_id, CENTREINTERET_ID, timeframe_id) VALUES (10045, '2018-04-18', 4, 10093, 10023, 10000, 30);
INSERT INTO activity(activity_id, date, distance, estrealisee, programme_id, sport_id, CENTREINTERET_ID, timeframe_id) VALUES (10094, '2018-04-19', 7.028436493340019, 1, 10023, 1, 10000, 42);
INSERT INTO realisation(realisation_id, date, distance, activity_id, programme_id, CENTREINTERET_ID, timeframe_id) VALUES (10046, '2018-04-19', 4, 10094, 10023, 10000, 42);
INSERT INTO activity(activity_id, date, distance, estrealisee, programme_id, sport_id, CENTREINTERET_ID, timeframe_id) VALUES (10095, '2018-04-20', 10.932121392886959, 1, 10023, 1, 10000, 7);
INSERT INTO realisation(realisation_id, date, distance, activity_id, programme_id, CENTREINTERET_ID, timeframe_id) VALUES (10047, '2018-04-20', 4, 10095, 10023, 10000, 7);

INSERT INTO point (ID, x, y) VALUES (50012, 45.77472968002944, 4.850089107712805);
INSERT INTO users (ID, USERNAME, PASSWORD, FIRSTNAME, LASTNAME, EMAIL, ENABLED, LASTPASSWORDRESETDATE, OBJECTIFHEBDO, Location_id) VALUES (10012, "user12", "$2a$08$UkVvwpULis18S19S5pZFn.YHPZt3oaqHZnDwqbCW9pft6uFtkXKDC", "user12", "user12", "user12@user.com", 1, "2003/01/22", 17, 50012);
INSERT INTO user_authority (USER_ID, AUTHORITY_ID) VALUES (10012, 2);
INSERT INTO programme(programme_id, date_debut, user_id, objectif_distance) VALUES (10024, '2018-04-30', 10012, 12);
INSERT INTO activity(activity_id, date, distance, estrealisee, programme_id, sport_id, CENTREINTERET_ID, timeframe_id) VALUES (10096, '2018-05-01', 8.861433891600445, 0, 10024, 1, 10000, 14);
INSERT INTO activity(activity_id, date, distance, estrealisee, programme_id, sport_id, CENTREINTERET_ID, timeframe_id) VALUES (10097, '2018-05-02', 8.020606936396998, 0, 10024, 1, 10000, 20);
INSERT INTO activity(activity_id, date, distance, estrealisee, programme_id, sport_id, CENTREINTERET_ID, timeframe_id) VALUES (10098, '2018-05-03', 7.61872588332304, 0, 10024, 1, 10000, 31);
INSERT INTO activity(activity_id, date, distance, estrealisee, programme_id, sport_id, CENTREINTERET_ID, timeframe_id) VALUES (10099, '2018-05-04', 9.98564413783795, 0, 10024, 1, 10000, 39);
INSERT INTO programme(programme_id, date_debut, user_id, objectif_distance) VALUES (10025, '2018-04-23', 10012, 13);
INSERT INTO activity(activity_id, date, distance, estrealisee, programme_id, sport_id, CENTREINTERET_ID, timeframe_id) VALUES (10100, '2018-04-17', 10.579623037761285, 1, 10025, 1, 10000, 52);
INSERT INTO realisation(realisation_id, date, distance, activity_id, programme_id, CENTREINTERET_ID, timeframe_id) VALUES (10048, '2018-04-17', 4, 10100, 10025, 10000, 52);
INSERT INTO activity(activity_id, date, distance, estrealisee, programme_id, sport_id, CENTREINTERET_ID, timeframe_id) VALUES (10101, '2018-04-18', 10.501190198018767, 1, 10025, 1, 10000, 51);
INSERT INTO realisation(realisation_id, date, distance, activity_id, programme_id, CENTREINTERET_ID, timeframe_id) VALUES (10049, '2018-04-18', 4, 10101, 10025, 10000, 51);
INSERT INTO activity(activity_id, date, distance, estrealisee, programme_id, sport_id, CENTREINTERET_ID, timeframe_id) VALUES (10102, '2018-04-19', 7.083509054752401, 1, 10025, 1, 10000, 27);
INSERT INTO realisation(realisation_id, date, distance, activity_id, programme_id, CENTREINTERET_ID, timeframe_id) VALUES (10050, '2018-04-19', 4, 10102, 10025, 10000, 27);
INSERT INTO activity(activity_id, date, distance, estrealisee, programme_id, sport_id, CENTREINTERET_ID, timeframe_id) VALUES (10103, '2018-04-20', 7.747948465542153, 1, 10025, 1, 10000, 4);
INSERT INTO realisation(realisation_id, date, distance, activity_id, programme_id, CENTREINTERET_ID, timeframe_id) VALUES (10051, '2018-04-20', 4, 10103, 10025, 10000, 4);

INSERT INTO point (ID, x, y) VALUES (50013, 45.73214483899164, 4.8348273777264765);
INSERT INTO users (ID, USERNAME, PASSWORD, FIRSTNAME, LASTNAME, EMAIL, ENABLED, LASTPASSWORDRESETDATE, OBJECTIFHEBDO, Location_id) VALUES (10013, "user13", "$2a$08$UkVvwpULis18S19S5pZFn.YHPZt3oaqHZnDwqbCW9pft6uFtkXKDC", "user13", "user13", "user13@user.com", 1, "2003/01/22", 11, 50013);
INSERT INTO user_authority (USER_ID, AUTHORITY_ID) VALUES (10013, 2);
INSERT INTO programme(programme_id, date_debut, user_id, objectif_distance) VALUES (10026, '2018-04-30', 10013, 10);
INSERT INTO activity(activity_id, date, distance, estrealisee, programme_id, sport_id, CENTREINTERET_ID, timeframe_id) VALUES (10104, '2018-05-01', 9.501285521803808, 0, 10026, 1, 10000, 14);
INSERT INTO activity(activity_id, date, distance, estrealisee, programme_id, sport_id, CENTREINTERET_ID, timeframe_id) VALUES (10105, '2018-05-02', 9.788613195057474, 0, 10026, 1, 10000, 20);
INSERT INTO activity(activity_id, date, distance, estrealisee, programme_id, sport_id, CENTREINTERET_ID, timeframe_id) VALUES (10106, '2018-05-03', 10.330285822548346, 0, 10026, 1, 10000, 31);
INSERT INTO activity(activity_id, date, distance, estrealisee, programme_id, sport_id, CENTREINTERET_ID, timeframe_id) VALUES (10107, '2018-05-04', 7.263020326803137, 0, 10026, 1, 10000, 39);
INSERT INTO programme(programme_id, date_debut, user_id, objectif_distance) VALUES (10027, '2018-04-23', 10013, 15);
INSERT INTO activity(activity_id, date, distance, estrealisee, programme_id, sport_id, CENTREINTERET_ID, timeframe_id) VALUES (10108, '2018-04-17', 7.340257597280781, 1, 10027, 1, 10000, 12);
INSERT INTO realisation(realisation_id, date, distance, activity_id, programme_id, CENTREINTERET_ID, timeframe_id) VALUES (10052, '2018-04-17', 4, 10108, 10027, 10000, 12);
INSERT INTO activity(activity_id, date, distance, estrealisee, programme_id, sport_id, CENTREINTERET_ID, timeframe_id) VALUES (10109, '2018-04-18', 9.698580334665008, 1, 10027, 1, 10000, 40);
INSERT INTO realisation(realisation_id, date, distance, activity_id, programme_id, CENTREINTERET_ID, timeframe_id) VALUES (10053, '2018-04-18', 4, 10109, 10027, 10000, 40);
INSERT INTO activity(activity_id, date, distance, estrealisee, programme_id, sport_id, CENTREINTERET_ID, timeframe_id) VALUES (10110, '2018-04-19', 11.165820304763649, 1, 10027, 1, 10000, 33);
INSERT INTO realisation(realisation_id, date, distance, activity_id, programme_id, CENTREINTERET_ID, timeframe_id) VALUES (10054, '2018-04-19', 4, 10110, 10027, 10000, 33);
INSERT INTO activity(activity_id, date, distance, estrealisee, programme_id, sport_id, CENTREINTERET_ID, timeframe_id) VALUES (10111, '2018-04-20', 7.21780980985621, 1, 10027, 1, 10000, 0);
INSERT INTO realisation(realisation_id, date, distance, activity_id, programme_id, CENTREINTERET_ID, timeframe_id) VALUES (10055, '2018-04-20', 4, 10111, 10027, 10000, 0);

INSERT INTO point (ID, x, y) VALUES (50014, 45.71448258674507, 4.8821943341031755);
INSERT INTO users (ID, USERNAME, PASSWORD, FIRSTNAME, LASTNAME, EMAIL, ENABLED, LASTPASSWORDRESETDATE, OBJECTIFHEBDO, Location_id) VALUES (10014, "user14", "$2a$08$UkVvwpULis18S19S5pZFn.YHPZt3oaqHZnDwqbCW9pft6uFtkXKDC", "user14", "user14", "user14@user.com", 1, "2003/01/22", 10, 50014);
INSERT INTO user_authority (USER_ID, AUTHORITY_ID) VALUES (10014, 2);
INSERT INTO programme(programme_id, date_debut, user_id, objectif_distance) VALUES (10028, '2018-04-30', 10014, 7);
INSERT INTO activity(activity_id, date, distance, estrealisee, programme_id, sport_id, CENTREINTERET_ID, timeframe_id) VALUES (10112, '2018-05-01', 11.571672999716226, 0, 10028, 1, 10000, 14);
INSERT INTO activity(activity_id, date, distance, estrealisee, programme_id, sport_id, CENTREINTERET_ID, timeframe_id) VALUES (10113, '2018-05-02', 10.519439234668107, 0, 10028, 1, 10000, 20);
INSERT INTO activity(activity_id, date, distance, estrealisee, programme_id, sport_id, CENTREINTERET_ID, timeframe_id) VALUES (10114, '2018-05-03', 10.559740025299634, 0, 10028, 1, 10000, 31);
INSERT INTO activity(activity_id, date, distance, estrealisee, programme_id, sport_id, CENTREINTERET_ID, timeframe_id) VALUES (10115, '2018-05-04', 8.565825024411172, 0, 10028, 1, 10000, 39);
INSERT INTO programme(programme_id, date_debut, user_id, objectif_distance) VALUES (10029, '2018-04-23', 10014, 13);
INSERT INTO activity(activity_id, date, distance, estrealisee, programme_id, sport_id, CENTREINTERET_ID, timeframe_id) VALUES (10116, '2018-04-17', 7.261517087625923, 1, 10029, 1, 10000, 53);
INSERT INTO realisation(realisation_id, date, distance, activity_id, programme_id, CENTREINTERET_ID, timeframe_id) VALUES (10056, '2018-04-17', 4, 10116, 10029, 10000, 53);
INSERT INTO activity(activity_id, date, distance, estrealisee, programme_id, sport_id, CENTREINTERET_ID, timeframe_id) VALUES (10117, '2018-04-18', 8.575188598909795, 1, 10029, 1, 10000, 9);
INSERT INTO realisation(realisation_id, date, distance, activity_id, programme_id, CENTREINTERET_ID, timeframe_id) VALUES (10057, '2018-04-18', 4, 10117, 10029, 10000, 9);
INSERT INTO activity(activity_id, date, distance, estrealisee, programme_id, sport_id, CENTREINTERET_ID, timeframe_id) VALUES (10118, '2018-04-19', 8.50030454908854, 1, 10029, 1, 10000, 52);
INSERT INTO realisation(realisation_id, date, distance, activity_id, programme_id, CENTREINTERET_ID, timeframe_id) VALUES (10058, '2018-04-19', 4, 10118, 10029, 10000, 52);
INSERT INTO activity(activity_id, date, distance, estrealisee, programme_id, sport_id, CENTREINTERET_ID, timeframe_id) VALUES (10119, '2018-04-20', 10.677668046344944, 1, 10029, 1, 10000, 37);
INSERT INTO realisation(realisation_id, date, distance, activity_id, programme_id, CENTREINTERET_ID, timeframe_id) VALUES (10059, '2018-04-20', 4, 10119, 10029, 10000, 37);

INSERT INTO point (ID, x, y) VALUES (50015, 45.76584822439551, 4.857120806234634);
INSERT INTO users (ID, USERNAME, PASSWORD, FIRSTNAME, LASTNAME, EMAIL, ENABLED, LASTPASSWORDRESETDATE, OBJECTIFHEBDO, Location_id) VALUES (10015, "user15", "$2a$08$UkVvwpULis18S19S5pZFn.YHPZt3oaqHZnDwqbCW9pft6uFtkXKDC", "user15", "user15", "user15@user.com", 1, "2003/01/22", 6, 50015);
INSERT INTO user_authority (USER_ID, AUTHORITY_ID) VALUES (10015, 2);
INSERT INTO programme(programme_id, date_debut, user_id, objectif_distance) VALUES (10030, '2018-04-30', 10015, 15);
INSERT INTO activity(activity_id, date, distance, estrealisee, programme_id, sport_id, CENTREINTERET_ID, timeframe_id) VALUES (10120, '2018-05-01', 9.672213842846242, 0, 10030, 1, 10000, 14);
INSERT INTO activity(activity_id, date, distance, estrealisee, programme_id, sport_id, CENTREINTERET_ID, timeframe_id) VALUES (10121, '2018-05-02', 7.458500558179241, 0, 10030, 1, 10000, 20);
INSERT INTO activity(activity_id, date, distance, estrealisee, programme_id, sport_id, CENTREINTERET_ID, timeframe_id) VALUES (10122, '2018-05-03', 7.274221783244015, 0, 10030, 1, 10000, 31);
INSERT INTO activity(activity_id, date, distance, estrealisee, programme_id, sport_id, CENTREINTERET_ID, timeframe_id) VALUES (10123, '2018-05-04', 10.891242284970325, 0, 10030, 1, 10000, 39);
INSERT INTO programme(programme_id, date_debut, user_id, objectif_distance) VALUES (10031, '2018-04-23', 10015, 11);
INSERT INTO activity(activity_id, date, distance, estrealisee, programme_id, sport_id, CENTREINTERET_ID, timeframe_id) VALUES (10124, '2018-04-17', 11.911190077631614, 1, 10031, 1, 10000, 48);
INSERT INTO realisation(realisation_id, date, distance, activity_id, programme_id, CENTREINTERET_ID, timeframe_id) VALUES (10060, '2018-04-17', 4, 10124, 10031, 10000, 48);
INSERT INTO activity(activity_id, date, distance, estrealisee, programme_id, sport_id, CENTREINTERET_ID, timeframe_id) VALUES (10125, '2018-04-18', 10.529882817829796, 1, 10031, 1, 10000, 22);
INSERT INTO realisation(realisation_id, date, distance, activity_id, programme_id, CENTREINTERET_ID, timeframe_id) VALUES (10061, '2018-04-18', 4, 10125, 10031, 10000, 22);
INSERT INTO activity(activity_id, date, distance, estrealisee, programme_id, sport_id, CENTREINTERET_ID, timeframe_id) VALUES (10126, '2018-04-19', 10.56144604705159, 1, 10031, 1, 10000, 5);
INSERT INTO realisation(realisation_id, date, distance, activity_id, programme_id, CENTREINTERET_ID, timeframe_id) VALUES (10062, '2018-04-19', 4, 10126, 10031, 10000, 5);
INSERT INTO activity(activity_id, date, distance, estrealisee, programme_id, sport_id, CENTREINTERET_ID, timeframe_id) VALUES (10127, '2018-04-20', 9.063753662541814, 1, 10031, 1, 10000, 51);
INSERT INTO realisation(realisation_id, date, distance, activity_id, programme_id, CENTREINTERET_ID, timeframe_id) VALUES (10063, '2018-04-20', 4, 10127, 10031, 10000, 51);

INSERT INTO point (ID, x, y) VALUES (50016, 45.72046394664152, 4.87381866850082);
INSERT INTO users (ID, USERNAME, PASSWORD, FIRSTNAME, LASTNAME, EMAIL, ENABLED, LASTPASSWORDRESETDATE, OBJECTIFHEBDO, Location_id) VALUES (10016, "user16", "$2a$08$UkVvwpULis18S19S5pZFn.YHPZt3oaqHZnDwqbCW9pft6uFtkXKDC", "user16", "user16", "user16@user.com", 1, "2003/01/22", 20, 50016);
INSERT INTO user_authority (USER_ID, AUTHORITY_ID) VALUES (10016, 2);
INSERT INTO programme(programme_id, date_debut, user_id, objectif_distance) VALUES (10032, '2018-04-30', 10016, 13);
INSERT INTO activity(activity_id, date, distance, estrealisee, programme_id, sport_id, CENTREINTERET_ID, timeframe_id) VALUES (10128, '2018-05-01', 7.066564642684591, 0, 10032, 1, 10000, 14);
INSERT INTO activity(activity_id, date, distance, estrealisee, programme_id, sport_id, CENTREINTERET_ID, timeframe_id) VALUES (10129, '2018-05-02', 9.018394114082577, 0, 10032, 1, 10000, 20);
INSERT INTO activity(activity_id, date, distance, estrealisee, programme_id, sport_id, CENTREINTERET_ID, timeframe_id) VALUES (10130, '2018-05-03', 10.53090268112977, 0, 10032, 1, 10000, 31);
INSERT INTO activity(activity_id, date, distance, estrealisee, programme_id, sport_id, CENTREINTERET_ID, timeframe_id) VALUES (10131, '2018-05-04', 10.385498311349625, 0, 10032, 1, 10000, 39);
INSERT INTO programme(programme_id, date_debut, user_id, objectif_distance) VALUES (10033, '2018-04-23', 10016, 9);
INSERT INTO activity(activity_id, date, distance, estrealisee, programme_id, sport_id, CENTREINTERET_ID, timeframe_id) VALUES (10132, '2018-04-17', 8.519457426627282, 1, 10033, 1, 10000, 39);
INSERT INTO realisation(realisation_id, date, distance, activity_id, programme_id, CENTREINTERET_ID, timeframe_id) VALUES (10064, '2018-04-17', 4, 10132, 10033, 10000, 39);
INSERT INTO activity(activity_id, date, distance, estrealisee, programme_id, sport_id, CENTREINTERET_ID, timeframe_id) VALUES (10133, '2018-04-18', 10.202297738823134, 1, 10033, 1, 10000, 27);
INSERT INTO realisation(realisation_id, date, distance, activity_id, programme_id, CENTREINTERET_ID, timeframe_id) VALUES (10065, '2018-04-18', 4, 10133, 10033, 10000, 27);
INSERT INTO activity(activity_id, date, distance, estrealisee, programme_id, sport_id, CENTREINTERET_ID, timeframe_id) VALUES (10134, '2018-04-19', 11.781373072055313, 1, 10033, 1, 10000, 37);
INSERT INTO realisation(realisation_id, date, distance, activity_id, programme_id, CENTREINTERET_ID, timeframe_id) VALUES (10066, '2018-04-19', 4, 10134, 10033, 10000, 37);
INSERT INTO activity(activity_id, date, distance, estrealisee, programme_id, sport_id, CENTREINTERET_ID, timeframe_id) VALUES (10135, '2018-04-20', 9.244323927592461, 1, 10033, 1, 10000, 47);
INSERT INTO realisation(realisation_id, date, distance, activity_id, programme_id, CENTREINTERET_ID, timeframe_id) VALUES (10067, '2018-04-20', 4, 10135, 10033, 10000, 47);

INSERT INTO point (ID, x, y) VALUES (50017, 45.71662264732252, 4.859870877204252);
INSERT INTO users (ID, USERNAME, PASSWORD, FIRSTNAME, LASTNAME, EMAIL, ENABLED, LASTPASSWORDRESETDATE, OBJECTIFHEBDO, Location_id) VALUES (10017, "user17", "$2a$08$UkVvwpULis18S19S5pZFn.YHPZt3oaqHZnDwqbCW9pft6uFtkXKDC", "user17", "user17", "user17@user.com", 1, "2003/01/22", 12, 50017);
INSERT INTO user_authority (USER_ID, AUTHORITY_ID) VALUES (10017, 2);
INSERT INTO programme(programme_id, date_debut, user_id, objectif_distance) VALUES (10034, '2018-04-30', 10017, 11);
INSERT INTO activity(activity_id, date, distance, estrealisee, programme_id, sport_id, CENTREINTERET_ID, timeframe_id) VALUES (10136, '2018-05-01', 8.5064806965649, 0, 10034, 1, 10000, 14);
INSERT INTO activity(activity_id, date, distance, estrealisee, programme_id, sport_id, CENTREINTERET_ID, timeframe_id) VALUES (10137, '2018-05-02', 10.435287239102891, 0, 10034, 1, 10000, 20);
INSERT INTO activity(activity_id, date, distance, estrealisee, programme_id, sport_id, CENTREINTERET_ID, timeframe_id) VALUES (10138, '2018-05-03', 9.613779959657226, 0, 10034, 1, 10000, 31);
INSERT INTO activity(activity_id, date, distance, estrealisee, programme_id, sport_id, CENTREINTERET_ID, timeframe_id) VALUES (10139, '2018-05-04', 9.81240433873619, 0, 10034, 1, 10000, 39);
INSERT INTO programme(programme_id, date_debut, user_id, objectif_distance) VALUES (10035, '2018-04-23', 10017, 5);
INSERT INTO activity(activity_id, date, distance, estrealisee, programme_id, sport_id, CENTREINTERET_ID, timeframe_id) VALUES (10140, '2018-04-17', 7.082579098503906, 1, 10035, 1, 10000, 27);
INSERT INTO realisation(realisation_id, date, distance, activity_id, programme_id, CENTREINTERET_ID, timeframe_id) VALUES (10068, '2018-04-17', 4, 10140, 10035, 10000, 27);
INSERT INTO activity(activity_id, date, distance, estrealisee, programme_id, sport_id, CENTREINTERET_ID, timeframe_id) VALUES (10141, '2018-04-18', 7.2134404933764165, 1, 10035, 1, 10000, 36);
INSERT INTO realisation(realisation_id, date, distance, activity_id, programme_id, CENTREINTERET_ID, timeframe_id) VALUES (10069, '2018-04-18', 4, 10141, 10035, 10000, 36);
INSERT INTO activity(activity_id, date, distance, estrealisee, programme_id, sport_id, CENTREINTERET_ID, timeframe_id) VALUES (10142, '2018-04-19', 11.95568606179873, 1, 10035, 1, 10000, 22);
INSERT INTO realisation(realisation_id, date, distance, activity_id, programme_id, CENTREINTERET_ID, timeframe_id) VALUES (10070, '2018-04-19', 4, 10142, 10035, 10000, 22);
INSERT INTO activity(activity_id, date, distance, estrealisee, programme_id, sport_id, CENTREINTERET_ID, timeframe_id) VALUES (10143, '2018-04-20', 9.950864980925058, 1, 10035, 1, 10000, 50);
INSERT INTO realisation(realisation_id, date, distance, activity_id, programme_id, CENTREINTERET_ID, timeframe_id) VALUES (10071, '2018-04-20', 4, 10143, 10035, 10000, 50);

INSERT INTO point (ID, x, y) VALUES (50018, 45.73850319407141, 4.8894396194660645);
INSERT INTO users (ID, USERNAME, PASSWORD, FIRSTNAME, LASTNAME, EMAIL, ENABLED, LASTPASSWORDRESETDATE, OBJECTIFHEBDO, Location_id) VALUES (10018, "user18", "$2a$08$UkVvwpULis18S19S5pZFn.YHPZt3oaqHZnDwqbCW9pft6uFtkXKDC", "user18", "user18", "user18@user.com", 1, "2003/01/22", 12, 50018);
INSERT INTO user_authority (USER_ID, AUTHORITY_ID) VALUES (10018, 2);
INSERT INTO programme(programme_id, date_debut, user_id, objectif_distance) VALUES (10036, '2018-04-30', 10018, 12);
INSERT INTO activity(activity_id, date, distance, estrealisee, programme_id, sport_id, CENTREINTERET_ID, timeframe_id) VALUES (10144, '2018-05-01', 10.966587151448842, 0, 10036, 1, 10000, 14);
INSERT INTO activity(activity_id, date, distance, estrealisee, programme_id, sport_id, CENTREINTERET_ID, timeframe_id) VALUES (10145, '2018-05-02', 10.89687662372205, 0, 10036, 1, 10000, 20);
INSERT INTO activity(activity_id, date, distance, estrealisee, programme_id, sport_id, CENTREINTERET_ID, timeframe_id) VALUES (10146, '2018-05-03', 9.459937241237881, 0, 10036, 1, 10000, 31);
INSERT INTO activity(activity_id, date, distance, estrealisee, programme_id, sport_id, CENTREINTERET_ID, timeframe_id) VALUES (10147, '2018-05-04', 8.009149778615141, 0, 10036, 1, 10000, 39);
INSERT INTO programme(programme_id, date_debut, user_id, objectif_distance) VALUES (10037, '2018-04-23', 10018, 8);
INSERT INTO activity(activity_id, date, distance, estrealisee, programme_id, sport_id, CENTREINTERET_ID, timeframe_id) VALUES (10148, '2018-04-17', 8.017967120473713, 1, 10037, 1, 10000, 33);
INSERT INTO realisation(realisation_id, date, distance, activity_id, programme_id, CENTREINTERET_ID, timeframe_id) VALUES (10072, '2018-04-17', 4, 10148, 10037, 10000, 33);
INSERT INTO activity(activity_id, date, distance, estrealisee, programme_id, sport_id, CENTREINTERET_ID, timeframe_id) VALUES (10149, '2018-04-18', 7.729731177453599, 1, 10037, 1, 10000, 41);
INSERT INTO realisation(realisation_id, date, distance, activity_id, programme_id, CENTREINTERET_ID, timeframe_id) VALUES (10073, '2018-04-18', 4, 10149, 10037, 10000, 41);
INSERT INTO activity(activity_id, date, distance, estrealisee, programme_id, sport_id, CENTREINTERET_ID, timeframe_id) VALUES (10150, '2018-04-19', 9.244330188159067, 1, 10037, 1, 10000, 30);
INSERT INTO realisation(realisation_id, date, distance, activity_id, programme_id, CENTREINTERET_ID, timeframe_id) VALUES (10074, '2018-04-19', 4, 10150, 10037, 10000, 30);
INSERT INTO activity(activity_id, date, distance, estrealisee, programme_id, sport_id, CENTREINTERET_ID, timeframe_id) VALUES (10151, '2018-04-20', 7.4969906736611645, 1, 10037, 1, 10000, 52);
INSERT INTO realisation(realisation_id, date, distance, activity_id, programme_id, CENTREINTERET_ID, timeframe_id) VALUES (10075, '2018-04-20', 4, 10151, 10037, 10000, 52);

INSERT INTO point (ID, x, y) VALUES (50019, 45.756818078313756, 4.821714427493967);
INSERT INTO users (ID, USERNAME, PASSWORD, FIRSTNAME, LASTNAME, EMAIL, ENABLED, LASTPASSWORDRESETDATE, OBJECTIFHEBDO, Location_id) VALUES (10019, "user19", "$2a$08$UkVvwpULis18S19S5pZFn.YHPZt3oaqHZnDwqbCW9pft6uFtkXKDC", "user19", "user19", "user19@user.com", 1, "2003/01/22", 14, 50019);
INSERT INTO user_authority (USER_ID, AUTHORITY_ID) VALUES (10019, 2);
INSERT INTO programme(programme_id, date_debut, user_id, objectif_distance) VALUES (10038, '2018-04-30', 10019, 9);
INSERT INTO activity(activity_id, date, distance, estrealisee, programme_id, sport_id, CENTREINTERET_ID, timeframe_id) VALUES (10152, '2018-05-01', 11.782305221503298, 0, 10038, 1, 10000, 14);
INSERT INTO activity(activity_id, date, distance, estrealisee, programme_id, sport_id, CENTREINTERET_ID, timeframe_id) VALUES (10153, '2018-05-02', 11.114278748367955, 0, 10038, 1, 10000, 20);
INSERT INTO activity(activity_id, date, distance, estrealisee, programme_id, sport_id, CENTREINTERET_ID, timeframe_id) VALUES (10154, '2018-05-03', 10.95977069228163, 0, 10038, 1, 10000, 31);
INSERT INTO activity(activity_id, date, distance, estrealisee, programme_id, sport_id, CENTREINTERET_ID, timeframe_id) VALUES (10155, '2018-05-04', 11.222166944241472, 0, 10038, 1, 10000, 39);
INSERT INTO programme(programme_id, date_debut, user_id, objectif_distance) VALUES (10039, '2018-04-23', 10019, 10);
INSERT INTO activity(activity_id, date, distance, estrealisee, programme_id, sport_id, CENTREINTERET_ID, timeframe_id) VALUES (10156, '2018-04-17', 7.894931640231457, 1, 10039, 1, 10000, 53);
INSERT INTO realisation(realisation_id, date, distance, activity_id, programme_id, CENTREINTERET_ID, timeframe_id) VALUES (10076, '2018-04-17', 4, 10156, 10039, 10000, 53);
INSERT INTO activity(activity_id, date, distance, estrealisee, programme_id, sport_id, CENTREINTERET_ID, timeframe_id) VALUES (10157, '2018-04-18', 8.205579884788499, 1, 10039, 1, 10000, 9);
INSERT INTO realisation(realisation_id, date, distance, activity_id, programme_id, CENTREINTERET_ID, timeframe_id) VALUES (10077, '2018-04-18', 4, 10157, 10039, 10000, 9);
INSERT INTO activity(activity_id, date, distance, estrealisee, programme_id, sport_id, CENTREINTERET_ID, timeframe_id) VALUES (10158, '2018-04-19', 10.992524672273248, 1, 10039, 1, 10000, 26);
INSERT INTO realisation(realisation_id, date, distance, activity_id, programme_id, CENTREINTERET_ID, timeframe_id) VALUES (10078, '2018-04-19', 4, 10158, 10039, 10000, 26);
INSERT INTO activity(activity_id, date, distance, estrealisee, programme_id, sport_id, CENTREINTERET_ID, timeframe_id) VALUES (10159, '2018-04-20', 11.723750209818807, 1, 10039, 1, 10000, 22);
INSERT INTO realisation(realisation_id, date, distance, activity_id, programme_id, CENTREINTERET_ID, timeframe_id) VALUES (10079, '2018-04-20', 4, 10159, 10039, 10000, 22);

INSERT INTO point (ID, x, y) VALUES (50020, 45.77120036169459, 4.842335243629637);
INSERT INTO users (ID, USERNAME, PASSWORD, FIRSTNAME, LASTNAME, EMAIL, ENABLED, LASTPASSWORDRESETDATE, OBJECTIFHEBDO, Location_id) VALUES (10020, "user20", "$2a$08$UkVvwpULis18S19S5pZFn.YHPZt3oaqHZnDwqbCW9pft6uFtkXKDC", "user20", "user20", "user20@user.com", 1, "2003/01/22", 6, 50020);
INSERT INTO user_authority (USER_ID, AUTHORITY_ID) VALUES (10020, 2);
INSERT INTO programme(programme_id, date_debut, user_id, objectif_distance) VALUES (10040, '2018-04-30', 10020, 8);
INSERT INTO activity(activity_id, date, distance, estrealisee, programme_id, sport_id, CENTREINTERET_ID, timeframe_id) VALUES (10160, '2018-05-01', 7.423887528864844, 0, 10040, 1, 10000, 14);
INSERT INTO activity(activity_id, date, distance, estrealisee, programme_id, sport_id, CENTREINTERET_ID, timeframe_id) VALUES (10161, '2018-05-02', 8.2973555220523, 0, 10040, 1, 10000, 20);
INSERT INTO activity(activity_id, date, distance, estrealisee, programme_id, sport_id, CENTREINTERET_ID, timeframe_id) VALUES (10162, '2018-05-03', 11.751897653348172, 0, 10040, 1, 10000, 31);
INSERT INTO activity(activity_id, date, distance, estrealisee, programme_id, sport_id, CENTREINTERET_ID, timeframe_id) VALUES (10163, '2018-05-04', 8.932927754588556, 0, 10040, 1, 10000, 39);
INSERT INTO programme(programme_id, date_debut, user_id, objectif_distance) VALUES (10041, '2018-04-23', 10020, 12);
INSERT INTO activity(activity_id, date, distance, estrealisee, programme_id, sport_id, CENTREINTERET_ID, timeframe_id) VALUES (10164, '2018-04-17', 7.676421683755873, 1, 10041, 1, 10000, 49);
INSERT INTO realisation(realisation_id, date, distance, activity_id, programme_id, CENTREINTERET_ID, timeframe_id) VALUES (10080, '2018-04-17', 4, 10164, 10041, 10000, 49);
INSERT INTO activity(activity_id, date, distance, estrealisee, programme_id, sport_id, CENTREINTERET_ID, timeframe_id) VALUES (10165, '2018-04-18', 7.340804392081358, 1, 10041, 1, 10000, 52);
INSERT INTO realisation(realisation_id, date, distance, activity_id, programme_id, CENTREINTERET_ID, timeframe_id) VALUES (10081, '2018-04-18', 4, 10165, 10041, 10000, 52);
INSERT INTO activity(activity_id, date, distance, estrealisee, programme_id, sport_id, CENTREINTERET_ID, timeframe_id) VALUES (10166, '2018-04-19', 8.01498418878908, 1, 10041, 1, 10000, 10);
INSERT INTO realisation(realisation_id, date, distance, activity_id, programme_id, CENTREINTERET_ID, timeframe_id) VALUES (10082, '2018-04-19', 4, 10166, 10041, 10000, 10);
INSERT INTO activity(activity_id, date, distance, estrealisee, programme_id, sport_id, CENTREINTERET_ID, timeframe_id) VALUES (10167, '2018-04-20', 8.523676900931939, 1, 10041, 1, 10000, 16);
INSERT INTO realisation(realisation_id, date, distance, activity_id, programme_id, CENTREINTERET_ID, timeframe_id) VALUES (10083, '2018-04-20', 4, 10167, 10041, 10000, 16);

INSERT INTO point (ID, x, y) VALUES (50021, 45.752878231690566, 4.843013511049589);
INSERT INTO users (ID, USERNAME, PASSWORD, FIRSTNAME, LASTNAME, EMAIL, ENABLED, LASTPASSWORDRESETDATE, OBJECTIFHEBDO, Location_id) VALUES (10021, "user21", "$2a$08$UkVvwpULis18S19S5pZFn.YHPZt3oaqHZnDwqbCW9pft6uFtkXKDC", "user21", "user21", "user21@user.com", 1, "2003/01/22", 10, 50021);
INSERT INTO user_authority (USER_ID, AUTHORITY_ID) VALUES (10021, 2);
INSERT INTO programme(programme_id, date_debut, user_id, objectif_distance) VALUES (10042, '2018-04-30', 10021, 6);
INSERT INTO activity(activity_id, date, distance, estrealisee, programme_id, sport_id, CENTREINTERET_ID, timeframe_id) VALUES (10168, '2018-05-01', 7.027418599916319, 0, 10042, 1, 10000, 14);
INSERT INTO activity(activity_id, date, distance, estrealisee, programme_id, sport_id, CENTREINTERET_ID, timeframe_id) VALUES (10169, '2018-05-02', 7.616109127008154, 0, 10042, 1, 10000, 20);
INSERT INTO activity(activity_id, date, distance, estrealisee, programme_id, sport_id, CENTREINTERET_ID, timeframe_id) VALUES (10170, '2018-05-03', 11.105090498846698, 0, 10042, 1, 10000, 31);
INSERT INTO activity(activity_id, date, distance, estrealisee, programme_id, sport_id, CENTREINTERET_ID, timeframe_id) VALUES (10171, '2018-05-04', 8.968658675847019, 0, 10042, 1, 10000, 39);
INSERT INTO programme(programme_id, date_debut, user_id, objectif_distance) VALUES (10043, '2018-04-23', 10021, 7);
INSERT INTO activity(activity_id, date, distance, estrealisee, programme_id, sport_id, CENTREINTERET_ID, timeframe_id) VALUES (10172, '2018-04-17', 8.348173804136248, 1, 10043, 1, 10000, 22);
INSERT INTO realisation(realisation_id, date, distance, activity_id, programme_id, CENTREINTERET_ID, timeframe_id) VALUES (10084, '2018-04-17', 4, 10172, 10043, 10000, 22);
INSERT INTO activity(activity_id, date, distance, estrealisee, programme_id, sport_id, CENTREINTERET_ID, timeframe_id) VALUES (10173, '2018-04-18', 8.817755551309615, 1, 10043, 1, 10000, 45);
INSERT INTO realisation(realisation_id, date, distance, activity_id, programme_id, CENTREINTERET_ID, timeframe_id) VALUES (10085, '2018-04-18', 4, 10173, 10043, 10000, 45);
INSERT INTO activity(activity_id, date, distance, estrealisee, programme_id, sport_id, CENTREINTERET_ID, timeframe_id) VALUES (10174, '2018-04-19', 11.636924504563282, 1, 10043, 1, 10000, 1);
INSERT INTO realisation(realisation_id, date, distance, activity_id, programme_id, CENTREINTERET_ID, timeframe_id) VALUES (10086, '2018-04-19', 4, 10174, 10043, 10000, 1);
INSERT INTO activity(activity_id, date, distance, estrealisee, programme_id, sport_id, CENTREINTERET_ID, timeframe_id) VALUES (10175, '2018-04-20', 11.52169729063248, 1, 10043, 1, 10000, 16);
INSERT INTO realisation(realisation_id, date, distance, activity_id, programme_id, CENTREINTERET_ID, timeframe_id) VALUES (10087, '2018-04-20', 4, 10175, 10043, 10000, 16);

INSERT INTO point (ID, x, y) VALUES (50022, 45.72224100572514, 4.8645841610595895);
INSERT INTO users (ID, USERNAME, PASSWORD, FIRSTNAME, LASTNAME, EMAIL, ENABLED, LASTPASSWORDRESETDATE, OBJECTIFHEBDO, Location_id) VALUES (10022, "user22", "$2a$08$UkVvwpULis18S19S5pZFn.YHPZt3oaqHZnDwqbCW9pft6uFtkXKDC", "user22", "user22", "user22@user.com", 1, "2003/01/22", 7, 50022);
INSERT INTO user_authority (USER_ID, AUTHORITY_ID) VALUES (10022, 2);
INSERT INTO programme(programme_id, date_debut, user_id, objectif_distance) VALUES (10044, '2018-04-30', 10022, 5);
INSERT INTO activity(activity_id, date, distance, estrealisee, programme_id, sport_id, CENTREINTERET_ID, timeframe_id) VALUES (10176, '2018-05-01', 11.898927439729718, 0, 10044, 1, 10000, 14);
INSERT INTO activity(activity_id, date, distance, estrealisee, programme_id, sport_id, CENTREINTERET_ID, timeframe_id) VALUES (10177, '2018-05-02', 9.678727250708913, 0, 10044, 1, 10000, 20);
INSERT INTO activity(activity_id, date, distance, estrealisee, programme_id, sport_id, CENTREINTERET_ID, timeframe_id) VALUES (10178, '2018-05-03', 8.952817702060983, 0, 10044, 1, 10000, 31);
INSERT INTO activity(activity_id, date, distance, estrealisee, programme_id, sport_id, CENTREINTERET_ID, timeframe_id) VALUES (10179, '2018-05-04', 9.08357768197919, 0, 10044, 1, 10000, 39);
INSERT INTO programme(programme_id, date_debut, user_id, objectif_distance) VALUES (10045, '2018-04-23', 10022, 13);
INSERT INTO activity(activity_id, date, distance, estrealisee, programme_id, sport_id, CENTREINTERET_ID, timeframe_id) VALUES (10180, '2018-04-17', 8.623109077102942, 1, 10045, 1, 10000, 9);
INSERT INTO realisation(realisation_id, date, distance, activity_id, programme_id, CENTREINTERET_ID, timeframe_id) VALUES (10088, '2018-04-17', 4, 10180, 10045, 10000, 9);
INSERT INTO activity(activity_id, date, distance, estrealisee, programme_id, sport_id, CENTREINTERET_ID, timeframe_id) VALUES (10181, '2018-04-18', 8.466435389099983, 1, 10045, 1, 10000, 15);
INSERT INTO realisation(realisation_id, date, distance, activity_id, programme_id, CENTREINTERET_ID, timeframe_id) VALUES (10089, '2018-04-18', 4, 10181, 10045, 10000, 15);
INSERT INTO activity(activity_id, date, distance, estrealisee, programme_id, sport_id, CENTREINTERET_ID, timeframe_id) VALUES (10182, '2018-04-19', 8.417148225815856, 1, 10045, 1, 10000, 43);
INSERT INTO realisation(realisation_id, date, distance, activity_id, programme_id, CENTREINTERET_ID, timeframe_id) VALUES (10090, '2018-04-19', 4, 10182, 10045, 10000, 43);
INSERT INTO activity(activity_id, date, distance, estrealisee, programme_id, sport_id, CENTREINTERET_ID, timeframe_id) VALUES (10183, '2018-04-20', 9.95872216053332, 1, 10045, 1, 10000, 31);
INSERT INTO realisation(realisation_id, date, distance, activity_id, programme_id, CENTREINTERET_ID, timeframe_id) VALUES (10091, '2018-04-20', 4, 10183, 10045, 10000, 31);

INSERT INTO point (ID, x, y) VALUES (50023, 45.74835190951057, 4.861904202009558);
INSERT INTO users (ID, USERNAME, PASSWORD, FIRSTNAME, LASTNAME, EMAIL, ENABLED, LASTPASSWORDRESETDATE, OBJECTIFHEBDO, Location_id) VALUES (10023, "user23", "$2a$08$UkVvwpULis18S19S5pZFn.YHPZt3oaqHZnDwqbCW9pft6uFtkXKDC", "user23", "user23", "user23@user.com", 1, "2003/01/22", 12, 50023);
INSERT INTO user_authority (USER_ID, AUTHORITY_ID) VALUES (10023, 2);
INSERT INTO programme(programme_id, date_debut, user_id, objectif_distance) VALUES (10046, '2018-04-30', 10023, 13);
INSERT INTO activity(activity_id, date, distance, estrealisee, programme_id, sport_id, CENTREINTERET_ID, timeframe_id) VALUES (10184, '2018-05-01', 8.006162747074766, 0, 10046, 1, 10000, 14);
INSERT INTO activity(activity_id, date, distance, estrealisee, programme_id, sport_id, CENTREINTERET_ID, timeframe_id) VALUES (10185, '2018-05-02', 8.57128506076847, 0, 10046, 1, 10000, 20);
INSERT INTO activity(activity_id, date, distance, estrealisee, programme_id, sport_id, CENTREINTERET_ID, timeframe_id) VALUES (10186, '2018-05-03', 10.413953778342272, 0, 10046, 1, 10000, 31);
INSERT INTO activity(activity_id, date, distance, estrealisee, programme_id, sport_id, CENTREINTERET_ID, timeframe_id) VALUES (10187, '2018-05-04', 10.359294505075404, 0, 10046, 1, 10000, 39);
INSERT INTO programme(programme_id, date_debut, user_id, objectif_distance) VALUES (10047, '2018-04-23', 10023, 9);
INSERT INTO activity(activity_id, date, distance, estrealisee, programme_id, sport_id, CENTREINTERET_ID, timeframe_id) VALUES (10188, '2018-04-17', 11.577577213785801, 1, 10047, 1, 10000, 45);
INSERT INTO realisation(realisation_id, date, distance, activity_id, programme_id, CENTREINTERET_ID, timeframe_id) VALUES (10092, '2018-04-17', 4, 10188, 10047, 10000, 45);
INSERT INTO activity(activity_id, date, distance, estrealisee, programme_id, sport_id, CENTREINTERET_ID, timeframe_id) VALUES (10189, '2018-04-18', 11.5264726849371, 1, 10047, 1, 10000, 25);
INSERT INTO realisation(realisation_id, date, distance, activity_id, programme_id, CENTREINTERET_ID, timeframe_id) VALUES (10093, '2018-04-18', 4, 10189, 10047, 10000, 25);
INSERT INTO activity(activity_id, date, distance, estrealisee, programme_id, sport_id, CENTREINTERET_ID, timeframe_id) VALUES (10190, '2018-04-19', 9.097211408149077, 1, 10047, 1, 10000, 20);
INSERT INTO realisation(realisation_id, date, distance, activity_id, programme_id, CENTREINTERET_ID, timeframe_id) VALUES (10094, '2018-04-19', 4, 10190, 10047, 10000, 20);
INSERT INTO activity(activity_id, date, distance, estrealisee, programme_id, sport_id, CENTREINTERET_ID, timeframe_id) VALUES (10191, '2018-04-20', 9.684762822194426, 1, 10047, 1, 10000, 30);
INSERT INTO realisation(realisation_id, date, distance, activity_id, programme_id, CENTREINTERET_ID, timeframe_id) VALUES (10095, '2018-04-20', 4, 10191, 10047, 10000, 30);

INSERT INTO point (ID, x, y) VALUES (50024, 45.72174275099454, 4.824404933457788);
INSERT INTO users (ID, USERNAME, PASSWORD, FIRSTNAME, LASTNAME, EMAIL, ENABLED, LASTPASSWORDRESETDATE, OBJECTIFHEBDO, Location_id) VALUES (10024, "user24", "$2a$08$UkVvwpULis18S19S5pZFn.YHPZt3oaqHZnDwqbCW9pft6uFtkXKDC", "user24", "user24", "user24@user.com", 1, "2003/01/22", 17, 50024);
INSERT INTO user_authority (USER_ID, AUTHORITY_ID) VALUES (10024, 2);
INSERT INTO programme(programme_id, date_debut, user_id, objectif_distance) VALUES (10048, '2018-04-30', 10024, 6);
INSERT INTO activity(activity_id, date, distance, estrealisee, programme_id, sport_id, CENTREINTERET_ID, timeframe_id) VALUES (10192, '2018-05-01', 11.799332085376783, 0, 10048, 1, 10000, 14);
INSERT INTO activity(activity_id, date, distance, estrealisee, programme_id, sport_id, CENTREINTERET_ID, timeframe_id) VALUES (10193, '2018-05-02', 7.039166522879286, 0, 10048, 1, 10000, 20);
INSERT INTO activity(activity_id, date, distance, estrealisee, programme_id, sport_id, CENTREINTERET_ID, timeframe_id) VALUES (10194, '2018-05-03', 9.440089318004073, 0, 10048, 1, 10000, 31);
INSERT INTO activity(activity_id, date, distance, estrealisee, programme_id, sport_id, CENTREINTERET_ID, timeframe_id) VALUES (10195, '2018-05-04', 9.44296135053658, 0, 10048, 1, 10000, 39);
INSERT INTO programme(programme_id, date_debut, user_id, objectif_distance) VALUES (10049, '2018-04-23', 10024, 12);
INSERT INTO activity(activity_id, date, distance, estrealisee, programme_id, sport_id, CENTREINTERET_ID, timeframe_id) VALUES (10196, '2018-04-17', 10.64029275377297, 1, 10049, 1, 10000, 46);
INSERT INTO realisation(realisation_id, date, distance, activity_id, programme_id, CENTREINTERET_ID, timeframe_id) VALUES (10096, '2018-04-17', 4, 10196, 10049, 10000, 46);
INSERT INTO activity(activity_id, date, distance, estrealisee, programme_id, sport_id, CENTREINTERET_ID, timeframe_id) VALUES (10197, '2018-04-18', 8.403291934347545, 1, 10049, 1, 10000, 38);
INSERT INTO realisation(realisation_id, date, distance, activity_id, programme_id, CENTREINTERET_ID, timeframe_id) VALUES (10097, '2018-04-18', 4, 10197, 10049, 10000, 38);
INSERT INTO activity(activity_id, date, distance, estrealisee, programme_id, sport_id, CENTREINTERET_ID, timeframe_id) VALUES (10198, '2018-04-19', 8.186487550985126, 1, 10049, 1, 10000, 18);
INSERT INTO realisation(realisation_id, date, distance, activity_id, programme_id, CENTREINTERET_ID, timeframe_id) VALUES (10098, '2018-04-19', 4, 10198, 10049, 10000, 18);
INSERT INTO activity(activity_id, date, distance, estrealisee, programme_id, sport_id, CENTREINTERET_ID, timeframe_id) VALUES (10199, '2018-04-20', 10.61790098132683, 1, 10049, 1, 10000, 10);
INSERT INTO realisation(realisation_id, date, distance, activity_id, programme_id, CENTREINTERET_ID, timeframe_id) VALUES (10099, '2018-04-20', 4, 10199, 10049, 10000, 10);

INSERT INTO point (ID, x, y) VALUES (50025, 45.79175378913061, 4.868388290883793);
INSERT INTO users (ID, USERNAME, PASSWORD, FIRSTNAME, LASTNAME, EMAIL, ENABLED, LASTPASSWORDRESETDATE, OBJECTIFHEBDO, Location_id) VALUES (10025, "user25", "$2a$08$UkVvwpULis18S19S5pZFn.YHPZt3oaqHZnDwqbCW9pft6uFtkXKDC", "user25", "user25", "user25@user.com", 1, "2003/01/22", 11, 50025);
INSERT INTO user_authority (USER_ID, AUTHORITY_ID) VALUES (10025, 2);
INSERT INTO programme(programme_id, date_debut, user_id, objectif_distance) VALUES (10050, '2018-04-30', 10025, 6);
INSERT INTO activity(activity_id, date, distance, estrealisee, programme_id, sport_id, CENTREINTERET_ID, timeframe_id) VALUES (10200, '2018-05-01', 8.914152538654733, 0, 10050, 1, 10000, 14);
INSERT INTO activity(activity_id, date, distance, estrealisee, programme_id, sport_id, CENTREINTERET_ID, timeframe_id) VALUES (10201, '2018-05-02', 8.341954233697956, 0, 10050, 1, 10000, 20);
INSERT INTO activity(activity_id, date, distance, estrealisee, programme_id, sport_id, CENTREINTERET_ID, timeframe_id) VALUES (10202, '2018-05-03', 11.205591386005088, 0, 10050, 1, 10000, 31);
INSERT INTO activity(activity_id, date, distance, estrealisee, programme_id, sport_id, CENTREINTERET_ID, timeframe_id) VALUES (10203, '2018-05-04', 8.08576990148171, 0, 10050, 1, 10000, 39);
INSERT INTO programme(programme_id, date_debut, user_id, objectif_distance) VALUES (10051, '2018-04-23', 10025, 7);
INSERT INTO activity(activity_id, date, distance, estrealisee, programme_id, sport_id, CENTREINTERET_ID, timeframe_id) VALUES (10204, '2018-04-17', 8.993444973195167, 1, 10051, 1, 10000, 51);
INSERT INTO realisation(realisation_id, date, distance, activity_id, programme_id, CENTREINTERET_ID, timeframe_id) VALUES (10100, '2018-04-17', 4, 10204, 10051, 10000, 51);
INSERT INTO activity(activity_id, date, distance, estrealisee, programme_id, sport_id, CENTREINTERET_ID, timeframe_id) VALUES (10205, '2018-04-18', 7.5041894129193425, 1, 10051, 1, 10000, 28);
INSERT INTO realisation(realisation_id, date, distance, activity_id, programme_id, CENTREINTERET_ID, timeframe_id) VALUES (10101, '2018-04-18', 4, 10205, 10051, 10000, 28);
INSERT INTO activity(activity_id, date, distance, estrealisee, programme_id, sport_id, CENTREINTERET_ID, timeframe_id) VALUES (10206, '2018-04-19', 7.8100886618001635, 1, 10051, 1, 10000, 36);
INSERT INTO realisation(realisation_id, date, distance, activity_id, programme_id, CENTREINTERET_ID, timeframe_id) VALUES (10102, '2018-04-19', 4, 10206, 10051, 10000, 36);
INSERT INTO activity(activity_id, date, distance, estrealisee, programme_id, sport_id, CENTREINTERET_ID, timeframe_id) VALUES (10207, '2018-04-20', 11.783101393704813, 1, 10051, 1, 10000, 7);
INSERT INTO realisation(realisation_id, date, distance, activity_id, programme_id, CENTREINTERET_ID, timeframe_id) VALUES (10103, '2018-04-20', 4, 10207, 10051, 10000, 7);

INSERT INTO point (ID, x, y) VALUES (50026, 45.75909500881441, 4.872442999780634);
INSERT INTO users (ID, USERNAME, PASSWORD, FIRSTNAME, LASTNAME, EMAIL, ENABLED, LASTPASSWORDRESETDATE, OBJECTIFHEBDO, Location_id) VALUES (10026, "user26", "$2a$08$UkVvwpULis18S19S5pZFn.YHPZt3oaqHZnDwqbCW9pft6uFtkXKDC", "user26", "user26", "user26@user.com", 1, "2003/01/22", 17, 50026);
INSERT INTO user_authority (USER_ID, AUTHORITY_ID) VALUES (10026, 2);
INSERT INTO programme(programme_id, date_debut, user_id, objectif_distance) VALUES (10052, '2018-04-30', 10026, 6);
INSERT INTO activity(activity_id, date, distance, estrealisee, programme_id, sport_id, CENTREINTERET_ID, timeframe_id) VALUES (10208, '2018-05-01', 10.333730253199718, 0, 10052, 1, 10000, 14);
INSERT INTO activity(activity_id, date, distance, estrealisee, programme_id, sport_id, CENTREINTERET_ID, timeframe_id) VALUES (10209, '2018-05-02', 9.968956275992621, 0, 10052, 1, 10000, 20);
INSERT INTO activity(activity_id, date, distance, estrealisee, programme_id, sport_id, CENTREINTERET_ID, timeframe_id) VALUES (10210, '2018-05-03', 7.884825766537317, 0, 10052, 1, 10000, 31);
INSERT INTO activity(activity_id, date, distance, estrealisee, programme_id, sport_id, CENTREINTERET_ID, timeframe_id) VALUES (10211, '2018-05-04', 10.839192315260807, 0, 10052, 1, 10000, 39);
INSERT INTO programme(programme_id, date_debut, user_id, objectif_distance) VALUES (10053, '2018-04-23', 10026, 11);
INSERT INTO activity(activity_id, date, distance, estrealisee, programme_id, sport_id, CENTREINTERET_ID, timeframe_id) VALUES (10212, '2018-04-17', 11.189690450800263, 1, 10053, 1, 10000, 11);
INSERT INTO realisation(realisation_id, date, distance, activity_id, programme_id, CENTREINTERET_ID, timeframe_id) VALUES (10104, '2018-04-17', 4, 10212, 10053, 10000, 11);
INSERT INTO activity(activity_id, date, distance, estrealisee, programme_id, sport_id, CENTREINTERET_ID, timeframe_id) VALUES (10213, '2018-04-18', 9.879380081746286, 1, 10053, 1, 10000, 52);
INSERT INTO realisation(realisation_id, date, distance, activity_id, programme_id, CENTREINTERET_ID, timeframe_id) VALUES (10105, '2018-04-18', 4, 10213, 10053, 10000, 52);
INSERT INTO activity(activity_id, date, distance, estrealisee, programme_id, sport_id, CENTREINTERET_ID, timeframe_id) VALUES (10214, '2018-04-19', 10.801434343634096, 1, 10053, 1, 10000, 56);
INSERT INTO realisation(realisation_id, date, distance, activity_id, programme_id, CENTREINTERET_ID, timeframe_id) VALUES (10106, '2018-04-19', 4, 10214, 10053, 10000, 56);
INSERT INTO activity(activity_id, date, distance, estrealisee, programme_id, sport_id, CENTREINTERET_ID, timeframe_id) VALUES (10215, '2018-04-20', 11.18840192703857, 1, 10053, 1, 10000, 21);
INSERT INTO realisation(realisation_id, date, distance, activity_id, programme_id, CENTREINTERET_ID, timeframe_id) VALUES (10107, '2018-04-20', 4, 10215, 10053, 10000, 21);

INSERT INTO point (ID, x, y) VALUES (50027, 45.76527515201923, 4.864768692366059);
INSERT INTO users (ID, USERNAME, PASSWORD, FIRSTNAME, LASTNAME, EMAIL, ENABLED, LASTPASSWORDRESETDATE, OBJECTIFHEBDO, Location_id) VALUES (10027, "user27", "$2a$08$UkVvwpULis18S19S5pZFn.YHPZt3oaqHZnDwqbCW9pft6uFtkXKDC", "user27", "user27", "user27@user.com", 1, "2003/01/22", 12, 50027);
INSERT INTO user_authority (USER_ID, AUTHORITY_ID) VALUES (10027, 2);
INSERT INTO programme(programme_id, date_debut, user_id, objectif_distance) VALUES (10054, '2018-04-30', 10027, 13);
INSERT INTO activity(activity_id, date, distance, estrealisee, programme_id, sport_id, CENTREINTERET_ID, timeframe_id) VALUES (10216, '2018-05-01', 11.786097153272276, 0, 10054, 1, 10000, 14);
INSERT INTO activity(activity_id, date, distance, estrealisee, programme_id, sport_id, CENTREINTERET_ID, timeframe_id) VALUES (10217, '2018-05-02', 9.323081565624346, 0, 10054, 1, 10000, 20);
INSERT INTO activity(activity_id, date, distance, estrealisee, programme_id, sport_id, CENTREINTERET_ID, timeframe_id) VALUES (10218, '2018-05-03', 8.539537565642775, 0, 10054, 1, 10000, 31);
INSERT INTO activity(activity_id, date, distance, estrealisee, programme_id, sport_id, CENTREINTERET_ID, timeframe_id) VALUES (10219, '2018-05-04', 8.656742927309411, 0, 10054, 1, 10000, 39);
INSERT INTO programme(programme_id, date_debut, user_id, objectif_distance) VALUES (10055, '2018-04-23', 10027, 7);
INSERT INTO activity(activity_id, date, distance, estrealisee, programme_id, sport_id, CENTREINTERET_ID, timeframe_id) VALUES (10220, '2018-04-17', 8.777801794054385, 1, 10055, 1, 10000, 41);
INSERT INTO realisation(realisation_id, date, distance, activity_id, programme_id, CENTREINTERET_ID, timeframe_id) VALUES (10108, '2018-04-17', 4, 10220, 10055, 10000, 41);
INSERT INTO activity(activity_id, date, distance, estrealisee, programme_id, sport_id, CENTREINTERET_ID, timeframe_id) VALUES (10221, '2018-04-18', 10.411387914336004, 1, 10055, 1, 10000, 38);
INSERT INTO realisation(realisation_id, date, distance, activity_id, programme_id, CENTREINTERET_ID, timeframe_id) VALUES (10109, '2018-04-18', 4, 10221, 10055, 10000, 38);
INSERT INTO activity(activity_id, date, distance, estrealisee, programme_id, sport_id, CENTREINTERET_ID, timeframe_id) VALUES (10222, '2018-04-19', 11.248934337843265, 1, 10055, 1, 10000, 55);
INSERT INTO realisation(realisation_id, date, distance, activity_id, programme_id, CENTREINTERET_ID, timeframe_id) VALUES (10110, '2018-04-19', 4, 10222, 10055, 10000, 55);
INSERT INTO activity(activity_id, date, distance, estrealisee, programme_id, sport_id, CENTREINTERET_ID, timeframe_id) VALUES (10223, '2018-04-20', 8.607509146909777, 1, 10055, 1, 10000, 18);
INSERT INTO realisation(realisation_id, date, distance, activity_id, programme_id, CENTREINTERET_ID, timeframe_id) VALUES (10111, '2018-04-20', 4, 10223, 10055, 10000, 18);

INSERT INTO point (ID, x, y) VALUES (50028, 45.78592420323747, 4.832762505285445);
INSERT INTO users (ID, USERNAME, PASSWORD, FIRSTNAME, LASTNAME, EMAIL, ENABLED, LASTPASSWORDRESETDATE, OBJECTIFHEBDO, Location_id) VALUES (10028, "user28", "$2a$08$UkVvwpULis18S19S5pZFn.YHPZt3oaqHZnDwqbCW9pft6uFtkXKDC", "user28", "user28", "user28@user.com", 1, "2003/01/22", 16, 50028);
INSERT INTO user_authority (USER_ID, AUTHORITY_ID) VALUES (10028, 2);
INSERT INTO programme(programme_id, date_debut, user_id, objectif_distance) VALUES (10056, '2018-04-30', 10028, 15);
INSERT INTO activity(activity_id, date, distance, estrealisee, programme_id, sport_id, CENTREINTERET_ID, timeframe_id) VALUES (10224, '2018-05-01', 9.328368505633431, 0, 10056, 1, 10000, 14);
INSERT INTO activity(activity_id, date, distance, estrealisee, programme_id, sport_id, CENTREINTERET_ID, timeframe_id) VALUES (10225, '2018-05-02', 8.53551451646442, 0, 10056, 1, 10000, 20);
INSERT INTO activity(activity_id, date, distance, estrealisee, programme_id, sport_id, CENTREINTERET_ID, timeframe_id) VALUES (10226, '2018-05-03', 7.491849009517162, 0, 10056, 1, 10000, 31);
INSERT INTO activity(activity_id, date, distance, estrealisee, programme_id, sport_id, CENTREINTERET_ID, timeframe_id) VALUES (10227, '2018-05-04', 7.1281242445470685, 0, 10056, 1, 10000, 39);
INSERT INTO programme(programme_id, date_debut, user_id, objectif_distance) VALUES (10057, '2018-04-23', 10028, 10);
INSERT INTO activity(activity_id, date, distance, estrealisee, programme_id, sport_id, CENTREINTERET_ID, timeframe_id) VALUES (10228, '2018-04-17', 7.174028455483699, 1, 10057, 1, 10000, 19);
INSERT INTO realisation(realisation_id, date, distance, activity_id, programme_id, CENTREINTERET_ID, timeframe_id) VALUES (10112, '2018-04-17', 4, 10228, 10057, 10000, 19);
INSERT INTO activity(activity_id, date, distance, estrealisee, programme_id, sport_id, CENTREINTERET_ID, timeframe_id) VALUES (10229, '2018-04-18', 10.563531313805315, 1, 10057, 1, 10000, 38);
INSERT INTO realisation(realisation_id, date, distance, activity_id, programme_id, CENTREINTERET_ID, timeframe_id) VALUES (10113, '2018-04-18', 4, 10229, 10057, 10000, 38);
INSERT INTO activity(activity_id, date, distance, estrealisee, programme_id, sport_id, CENTREINTERET_ID, timeframe_id) VALUES (10230, '2018-04-19', 10.745562946305064, 1, 10057, 1, 10000, 13);
INSERT INTO realisation(realisation_id, date, distance, activity_id, programme_id, CENTREINTERET_ID, timeframe_id) VALUES (10114, '2018-04-19', 4, 10230, 10057, 10000, 13);
INSERT INTO activity(activity_id, date, distance, estrealisee, programme_id, sport_id, CENTREINTERET_ID, timeframe_id) VALUES (10231, '2018-04-20', 8.565593887347367, 1, 10057, 1, 10000, 44);
INSERT INTO realisation(realisation_id, date, distance, activity_id, programme_id, CENTREINTERET_ID, timeframe_id) VALUES (10115, '2018-04-20', 4, 10231, 10057, 10000, 44);

INSERT INTO point (ID, x, y) VALUES (50029, 45.76147364921245, 4.8343923179853);
INSERT INTO users (ID, USERNAME, PASSWORD, FIRSTNAME, LASTNAME, EMAIL, ENABLED, LASTPASSWORDRESETDATE, OBJECTIFHEBDO, Location_id) VALUES (10029, "user29", "$2a$08$UkVvwpULis18S19S5pZFn.YHPZt3oaqHZnDwqbCW9pft6uFtkXKDC", "user29", "user29", "user29@user.com", 1, "2003/01/22", 14, 50029);
INSERT INTO user_authority (USER_ID, AUTHORITY_ID) VALUES (10029, 2);
INSERT INTO programme(programme_id, date_debut, user_id, objectif_distance) VALUES (10058, '2018-04-30', 10029, 5);
INSERT INTO activity(activity_id, date, distance, estrealisee, programme_id, sport_id, CENTREINTERET_ID, timeframe_id) VALUES (10232, '2018-05-01', 9.790229401636498, 0, 10058, 1, 10000, 14);
INSERT INTO activity(activity_id, date, distance, estrealisee, programme_id, sport_id, CENTREINTERET_ID, timeframe_id) VALUES (10233, '2018-05-02', 8.376385509158748, 0, 10058, 1, 10000, 20);
INSERT INTO activity(activity_id, date, distance, estrealisee, programme_id, sport_id, CENTREINTERET_ID, timeframe_id) VALUES (10234, '2018-05-03', 9.98825181072722, 0, 10058, 1, 10000, 31);
INSERT INTO activity(activity_id, date, distance, estrealisee, programme_id, sport_id, CENTREINTERET_ID, timeframe_id) VALUES (10235, '2018-05-04', 10.024850218924392, 0, 10058, 1, 10000, 39);
INSERT INTO programme(programme_id, date_debut, user_id, objectif_distance) VALUES (10059, '2018-04-23', 10029, 9);
INSERT INTO activity(activity_id, date, distance, estrealisee, programme_id, sport_id, CENTREINTERET_ID, timeframe_id) VALUES (10236, '2018-04-17', 7.551189329796497, 1, 10059, 1, 10000, 1);
INSERT INTO realisation(realisation_id, date, distance, activity_id, programme_id, CENTREINTERET_ID, timeframe_id) VALUES (10116, '2018-04-17', 4, 10236, 10059, 10000, 1);
INSERT INTO activity(activity_id, date, distance, estrealisee, programme_id, sport_id, CENTREINTERET_ID, timeframe_id) VALUES (10237, '2018-04-18', 7.006541572987805, 1, 10059, 1, 10000, 2);
INSERT INTO realisation(realisation_id, date, distance, activity_id, programme_id, CENTREINTERET_ID, timeframe_id) VALUES (10117, '2018-04-18', 4, 10237, 10059, 10000, 2);
INSERT INTO activity(activity_id, date, distance, estrealisee, programme_id, sport_id, CENTREINTERET_ID, timeframe_id) VALUES (10238, '2018-04-19', 7.4427050401150225, 1, 10059, 1, 10000, 27);
INSERT INTO realisation(realisation_id, date, distance, activity_id, programme_id, CENTREINTERET_ID, timeframe_id) VALUES (10118, '2018-04-19', 4, 10238, 10059, 10000, 27);
INSERT INTO activity(activity_id, date, distance, estrealisee, programme_id, sport_id, CENTREINTERET_ID, timeframe_id) VALUES (10239, '2018-04-20', 11.755398250463344, 1, 10059, 1, 10000, 48);
INSERT INTO realisation(realisation_id, date, distance, activity_id, programme_id, CENTREINTERET_ID, timeframe_id) VALUES (10119, '2018-04-20', 4, 10239, 10059, 10000, 48);

INSERT INTO point (ID, x, y) VALUES (50030, 45.77601590018519, 4.871646774981148);
INSERT INTO users (ID, USERNAME, PASSWORD, FIRSTNAME, LASTNAME, EMAIL, ENABLED, LASTPASSWORDRESETDATE, OBJECTIFHEBDO, Location_id) VALUES (10030, "user30", "$2a$08$UkVvwpULis18S19S5pZFn.YHPZt3oaqHZnDwqbCW9pft6uFtkXKDC", "user30", "user30", "user30@user.com", 1, "2003/01/22", 7, 50030);
INSERT INTO user_authority (USER_ID, AUTHORITY_ID) VALUES (10030, 2);
INSERT INTO programme(programme_id, date_debut, user_id, objectif_distance) VALUES (10060, '2018-04-30', 10030, 14);
INSERT INTO activity(activity_id, date, distance, estrealisee, programme_id, sport_id, CENTREINTERET_ID, timeframe_id) VALUES (10240, '2018-05-01', 8.680886293041095, 0, 10060, 1, 10000, 14);
INSERT INTO activity(activity_id, date, distance, estrealisee, programme_id, sport_id, CENTREINTERET_ID, timeframe_id) VALUES (10241, '2018-05-02', 11.155123935509655, 0, 10060, 1, 10000, 20);
INSERT INTO activity(activity_id, date, distance, estrealisee, programme_id, sport_id, CENTREINTERET_ID, timeframe_id) VALUES (10242, '2018-05-03', 10.146263987184538, 0, 10060, 1, 10000, 31);
INSERT INTO activity(activity_id, date, distance, estrealisee, programme_id, sport_id, CENTREINTERET_ID, timeframe_id) VALUES (10243, '2018-05-04', 7.5573659562942455, 0, 10060, 1, 10000, 39);
INSERT INTO programme(programme_id, date_debut, user_id, objectif_distance) VALUES (10061, '2018-04-23', 10030, 12);
INSERT INTO activity(activity_id, date, distance, estrealisee, programme_id, sport_id, CENTREINTERET_ID, timeframe_id) VALUES (10244, '2018-04-17', 11.381458145145597, 1, 10061, 1, 10000, 37);
INSERT INTO realisation(realisation_id, date, distance, activity_id, programme_id, CENTREINTERET_ID, timeframe_id) VALUES (10120, '2018-04-17', 4, 10244, 10061, 10000, 37);
INSERT INTO activity(activity_id, date, distance, estrealisee, programme_id, sport_id, CENTREINTERET_ID, timeframe_id) VALUES (10245, '2018-04-18', 9.522828109786328, 1, 10061, 1, 10000, 25);
INSERT INTO realisation(realisation_id, date, distance, activity_id, programme_id, CENTREINTERET_ID, timeframe_id) VALUES (10121, '2018-04-18', 4, 10245, 10061, 10000, 25);
INSERT INTO activity(activity_id, date, distance, estrealisee, programme_id, sport_id, CENTREINTERET_ID, timeframe_id) VALUES (10246, '2018-04-19', 7.65293960583144, 1, 10061, 1, 10000, 35);
INSERT INTO realisation(realisation_id, date, distance, activity_id, programme_id, CENTREINTERET_ID, timeframe_id) VALUES (10122, '2018-04-19', 4, 10246, 10061, 10000, 35);
INSERT INTO activity(activity_id, date, distance, estrealisee, programme_id, sport_id, CENTREINTERET_ID, timeframe_id) VALUES (10247, '2018-04-20', 11.142813646982809, 1, 10061, 1, 10000, 23);
INSERT INTO realisation(realisation_id, date, distance, activity_id, programme_id, CENTREINTERET_ID, timeframe_id) VALUES (10123, '2018-04-20', 4, 10247, 10061, 10000, 23);

INSERT INTO point (ID, x, y) VALUES (50031, 45.723769926331926, 4.828920412497565);
INSERT INTO users (ID, USERNAME, PASSWORD, FIRSTNAME, LASTNAME, EMAIL, ENABLED, LASTPASSWORDRESETDATE, OBJECTIFHEBDO, Location_id) VALUES (10031, "user31", "$2a$08$UkVvwpULis18S19S5pZFn.YHPZt3oaqHZnDwqbCW9pft6uFtkXKDC", "user31", "user31", "user31@user.com", 1, "2003/01/22", 15, 50031);
INSERT INTO user_authority (USER_ID, AUTHORITY_ID) VALUES (10031, 2);
INSERT INTO programme(programme_id, date_debut, user_id, objectif_distance) VALUES (10062, '2018-04-30', 10031, 14);
INSERT INTO activity(activity_id, date, distance, estrealisee, programme_id, sport_id, CENTREINTERET_ID, timeframe_id) VALUES (10248, '2018-05-01', 7.6532327595887235, 0, 10062, 1, 10000, 14);
INSERT INTO activity(activity_id, date, distance, estrealisee, programme_id, sport_id, CENTREINTERET_ID, timeframe_id) VALUES (10249, '2018-05-02', 7.410635904848911, 0, 10062, 1, 10000, 20);
INSERT INTO activity(activity_id, date, distance, estrealisee, programme_id, sport_id, CENTREINTERET_ID, timeframe_id) VALUES (10250, '2018-05-03', 7.715809023402619, 0, 10062, 1, 10000, 31);
INSERT INTO activity(activity_id, date, distance, estrealisee, programme_id, sport_id, CENTREINTERET_ID, timeframe_id) VALUES (10251, '2018-05-04', 7.576165657159065, 0, 10062, 1, 10000, 39);
INSERT INTO programme(programme_id, date_debut, user_id, objectif_distance) VALUES (10063, '2018-04-23', 10031, 8);
INSERT INTO activity(activity_id, date, distance, estrealisee, programme_id, sport_id, CENTREINTERET_ID, timeframe_id) VALUES (10252, '2018-04-17', 8.971497359829451, 1, 10063, 1, 10000, 47);
INSERT INTO realisation(realisation_id, date, distance, activity_id, programme_id, CENTREINTERET_ID, timeframe_id) VALUES (10124, '2018-04-17', 4, 10252, 10063, 10000, 47);
INSERT INTO activity(activity_id, date, distance, estrealisee, programme_id, sport_id, CENTREINTERET_ID, timeframe_id) VALUES (10253, '2018-04-18', 8.315878954090888, 1, 10063, 1, 10000, 46);
INSERT INTO realisation(realisation_id, date, distance, activity_id, programme_id, CENTREINTERET_ID, timeframe_id) VALUES (10125, '2018-04-18', 4, 10253, 10063, 10000, 46);
INSERT INTO activity(activity_id, date, distance, estrealisee, programme_id, sport_id, CENTREINTERET_ID, timeframe_id) VALUES (10254, '2018-04-19', 7.107640887760338, 1, 10063, 1, 10000, 10);
INSERT INTO realisation(realisation_id, date, distance, activity_id, programme_id, CENTREINTERET_ID, timeframe_id) VALUES (10126, '2018-04-19', 4, 10254, 10063, 10000, 10);
INSERT INTO activity(activity_id, date, distance, estrealisee, programme_id, sport_id, CENTREINTERET_ID, timeframe_id) VALUES (10255, '2018-04-20', 10.094264536973414, 1, 10063, 1, 10000, 4);
INSERT INTO realisation(realisation_id, date, distance, activity_id, programme_id, CENTREINTERET_ID, timeframe_id) VALUES (10127, '2018-04-20', 4, 10255, 10063, 10000, 4);

INSERT INTO point (ID, x, y) VALUES (50032, 45.71116293606504, 4.865932358903275);
INSERT INTO users (ID, USERNAME, PASSWORD, FIRSTNAME, LASTNAME, EMAIL, ENABLED, LASTPASSWORDRESETDATE, OBJECTIFHEBDO, Location_id) VALUES (10032, "user32", "$2a$08$UkVvwpULis18S19S5pZFn.YHPZt3oaqHZnDwqbCW9pft6uFtkXKDC", "user32", "user32", "user32@user.com", 1, "2003/01/22", 12, 50032);
INSERT INTO user_authority (USER_ID, AUTHORITY_ID) VALUES (10032, 2);
INSERT INTO programme(programme_id, date_debut, user_id, objectif_distance) VALUES (10064, '2018-04-30', 10032, 5);
INSERT INTO activity(activity_id, date, distance, estrealisee, programme_id, sport_id, CENTREINTERET_ID, timeframe_id) VALUES (10256, '2018-05-01', 8.159085695060934, 0, 10064, 1, 10000, 14);
INSERT INTO activity(activity_id, date, distance, estrealisee, programme_id, sport_id, CENTREINTERET_ID, timeframe_id) VALUES (10257, '2018-05-02', 11.660789615258455, 0, 10064, 1, 10000, 20);
INSERT INTO activity(activity_id, date, distance, estrealisee, programme_id, sport_id, CENTREINTERET_ID, timeframe_id) VALUES (10258, '2018-05-03', 10.688900208060495, 0, 10064, 1, 10000, 31);
INSERT INTO activity(activity_id, date, distance, estrealisee, programme_id, sport_id, CENTREINTERET_ID, timeframe_id) VALUES (10259, '2018-05-04', 11.645318315172617, 0, 10064, 1, 10000, 39);
INSERT INTO programme(programme_id, date_debut, user_id, objectif_distance) VALUES (10065, '2018-04-23', 10032, 13);
INSERT INTO activity(activity_id, date, distance, estrealisee, programme_id, sport_id, CENTREINTERET_ID, timeframe_id) VALUES (10260, '2018-04-17', 7.271325732316539, 1, 10065, 1, 10000, 45);
INSERT INTO realisation(realisation_id, date, distance, activity_id, programme_id, CENTREINTERET_ID, timeframe_id) VALUES (10128, '2018-04-17', 4, 10260, 10065, 10000, 45);
INSERT INTO activity(activity_id, date, distance, estrealisee, programme_id, sport_id, CENTREINTERET_ID, timeframe_id) VALUES (10261, '2018-04-18', 9.534447754277425, 1, 10065, 1, 10000, 32);
INSERT INTO realisation(realisation_id, date, distance, activity_id, programme_id, CENTREINTERET_ID, timeframe_id) VALUES (10129, '2018-04-18', 4, 10261, 10065, 10000, 32);
INSERT INTO activity(activity_id, date, distance, estrealisee, programme_id, sport_id, CENTREINTERET_ID, timeframe_id) VALUES (10262, '2018-04-19', 7.732414726633188, 1, 10065, 1, 10000, 4);
INSERT INTO realisation(realisation_id, date, distance, activity_id, programme_id, CENTREINTERET_ID, timeframe_id) VALUES (10130, '2018-04-19', 4, 10262, 10065, 10000, 4);
INSERT INTO activity(activity_id, date, distance, estrealisee, programme_id, sport_id, CENTREINTERET_ID, timeframe_id) VALUES (10263, '2018-04-20', 11.096303643051236, 1, 10065, 1, 10000, 31);
INSERT INTO realisation(realisation_id, date, distance, activity_id, programme_id, CENTREINTERET_ID, timeframe_id) VALUES (10131, '2018-04-20', 4, 10263, 10065, 10000, 31);

INSERT INTO point (ID, x, y) VALUES (50033, 45.74443475137996, 4.82063278578763);
INSERT INTO users (ID, USERNAME, PASSWORD, FIRSTNAME, LASTNAME, EMAIL, ENABLED, LASTPASSWORDRESETDATE, OBJECTIFHEBDO, Location_id) VALUES (10033, "user33", "$2a$08$UkVvwpULis18S19S5pZFn.YHPZt3oaqHZnDwqbCW9pft6uFtkXKDC", "user33", "user33", "user33@user.com", 1, "2003/01/22", 7, 50033);
INSERT INTO user_authority (USER_ID, AUTHORITY_ID) VALUES (10033, 2);
INSERT INTO programme(programme_id, date_debut, user_id, objectif_distance) VALUES (10066, '2018-04-30', 10033, 12);
INSERT INTO activity(activity_id, date, distance, estrealisee, programme_id, sport_id, CENTREINTERET_ID, timeframe_id) VALUES (10264, '2018-05-01', 11.396926349395727, 0, 10066, 1, 10000, 14);
INSERT INTO activity(activity_id, date, distance, estrealisee, programme_id, sport_id, CENTREINTERET_ID, timeframe_id) VALUES (10265, '2018-05-02', 10.437163660489416, 0, 10066, 1, 10000, 20);
INSERT INTO activity(activity_id, date, distance, estrealisee, programme_id, sport_id, CENTREINTERET_ID, timeframe_id) VALUES (10266, '2018-05-03', 8.157417251028738, 0, 10066, 1, 10000, 31);
INSERT INTO activity(activity_id, date, distance, estrealisee, programme_id, sport_id, CENTREINTERET_ID, timeframe_id) VALUES (10267, '2018-05-04', 11.821922921127106, 0, 10066, 1, 10000, 39);
INSERT INTO programme(programme_id, date_debut, user_id, objectif_distance) VALUES (10067, '2018-04-23', 10033, 14);
INSERT INTO activity(activity_id, date, distance, estrealisee, programme_id, sport_id, CENTREINTERET_ID, timeframe_id) VALUES (10268, '2018-04-17', 11.289560416892938, 1, 10067, 1, 10000, 17);
INSERT INTO realisation(realisation_id, date, distance, activity_id, programme_id, CENTREINTERET_ID, timeframe_id) VALUES (10132, '2018-04-17', 4, 10268, 10067, 10000, 17);
INSERT INTO activity(activity_id, date, distance, estrealisee, programme_id, sport_id, CENTREINTERET_ID, timeframe_id) VALUES (10269, '2018-04-18', 10.68839881350932, 1, 10067, 1, 10000, 8);
INSERT INTO realisation(realisation_id, date, distance, activity_id, programme_id, CENTREINTERET_ID, timeframe_id) VALUES (10133, '2018-04-18', 4, 10269, 10067, 10000, 8);
INSERT INTO activity(activity_id, date, distance, estrealisee, programme_id, sport_id, CENTREINTERET_ID, timeframe_id) VALUES (10270, '2018-04-19', 7.018849745871523, 1, 10067, 1, 10000, 30);
INSERT INTO realisation(realisation_id, date, distance, activity_id, programme_id, CENTREINTERET_ID, timeframe_id) VALUES (10134, '2018-04-19', 4, 10270, 10067, 10000, 30);
INSERT INTO activity(activity_id, date, distance, estrealisee, programme_id, sport_id, CENTREINTERET_ID, timeframe_id) VALUES (10271, '2018-04-20', 10.7028400314455, 1, 10067, 1, 10000, 2);
INSERT INTO realisation(realisation_id, date, distance, activity_id, programme_id, CENTREINTERET_ID, timeframe_id) VALUES (10135, '2018-04-20', 4, 10271, 10067, 10000, 2);

INSERT INTO point (ID, x, y) VALUES (50034, 45.78238678006157, 4.842657028773684);
INSERT INTO users (ID, USERNAME, PASSWORD, FIRSTNAME, LASTNAME, EMAIL, ENABLED, LASTPASSWORDRESETDATE, OBJECTIFHEBDO, Location_id) VALUES (10034, "user34", "$2a$08$UkVvwpULis18S19S5pZFn.YHPZt3oaqHZnDwqbCW9pft6uFtkXKDC", "user34", "user34", "user34@user.com", 1, "2003/01/22", 11, 50034);
INSERT INTO user_authority (USER_ID, AUTHORITY_ID) VALUES (10034, 2);
INSERT INTO programme(programme_id, date_debut, user_id, objectif_distance) VALUES (10068, '2018-04-30', 10034, 14);
INSERT INTO activity(activity_id, date, distance, estrealisee, programme_id, sport_id, CENTREINTERET_ID, timeframe_id) VALUES (10272, '2018-05-01', 7.623897362894937, 0, 10068, 1, 10000, 14);
INSERT INTO activity(activity_id, date, distance, estrealisee, programme_id, sport_id, CENTREINTERET_ID, timeframe_id) VALUES (10273, '2018-05-02', 8.669107087087925, 0, 10068, 1, 10000, 20);
INSERT INTO activity(activity_id, date, distance, estrealisee, programme_id, sport_id, CENTREINTERET_ID, timeframe_id) VALUES (10274, '2018-05-03', 7.473302984263753, 0, 10068, 1, 10000, 31);
INSERT INTO activity(activity_id, date, distance, estrealisee, programme_id, sport_id, CENTREINTERET_ID, timeframe_id) VALUES (10275, '2018-05-04', 11.23678690236225, 0, 10068, 1, 10000, 39);
INSERT INTO programme(programme_id, date_debut, user_id, objectif_distance) VALUES (10069, '2018-04-23', 10034, 12);
INSERT INTO activity(activity_id, date, distance, estrealisee, programme_id, sport_id, CENTREINTERET_ID, timeframe_id) VALUES (10276, '2018-04-17', 10.216267048515101, 1, 10069, 1, 10000, 3);
INSERT INTO realisation(realisation_id, date, distance, activity_id, programme_id, CENTREINTERET_ID, timeframe_id) VALUES (10136, '2018-04-17', 4, 10276, 10069, 10000, 3);
INSERT INTO activity(activity_id, date, distance, estrealisee, programme_id, sport_id, CENTREINTERET_ID, timeframe_id) VALUES (10277, '2018-04-18', 11.286721611681454, 1, 10069, 1, 10000, 45);
INSERT INTO realisation(realisation_id, date, distance, activity_id, programme_id, CENTREINTERET_ID, timeframe_id) VALUES (10137, '2018-04-18', 4, 10277, 10069, 10000, 45);
INSERT INTO activity(activity_id, date, distance, estrealisee, programme_id, sport_id, CENTREINTERET_ID, timeframe_id) VALUES (10278, '2018-04-19', 11.442115983653927, 1, 10069, 1, 10000, 14);
INSERT INTO realisation(realisation_id, date, distance, activity_id, programme_id, CENTREINTERET_ID, timeframe_id) VALUES (10138, '2018-04-19', 4, 10278, 10069, 10000, 14);
INSERT INTO activity(activity_id, date, distance, estrealisee, programme_id, sport_id, CENTREINTERET_ID, timeframe_id) VALUES (10279, '2018-04-20', 7.22734660535713, 1, 10069, 1, 10000, 23);
INSERT INTO realisation(realisation_id, date, distance, activity_id, programme_id, CENTREINTERET_ID, timeframe_id) VALUES (10139, '2018-04-20', 4, 10279, 10069, 10000, 23);

INSERT INTO point (ID, x, y) VALUES (50035, 45.78932688767947, 4.833102001387378);
INSERT INTO users (ID, USERNAME, PASSWORD, FIRSTNAME, LASTNAME, EMAIL, ENABLED, LASTPASSWORDRESETDATE, OBJECTIFHEBDO, Location_id) VALUES (10035, "user35", "$2a$08$UkVvwpULis18S19S5pZFn.YHPZt3oaqHZnDwqbCW9pft6uFtkXKDC", "user35", "user35", "user35@user.com", 1, "2003/01/22", 18, 50035);
INSERT INTO user_authority (USER_ID, AUTHORITY_ID) VALUES (10035, 2);
INSERT INTO programme(programme_id, date_debut, user_id, objectif_distance) VALUES (10070, '2018-04-30', 10035, 6);
INSERT INTO activity(activity_id, date, distance, estrealisee, programme_id, sport_id, CENTREINTERET_ID, timeframe_id) VALUES (10280, '2018-05-01', 11.295576858462596, 0, 10070, 1, 10000, 14);
INSERT INTO activity(activity_id, date, distance, estrealisee, programme_id, sport_id, CENTREINTERET_ID, timeframe_id) VALUES (10281, '2018-05-02', 9.492442837610032, 0, 10070, 1, 10000, 20);
INSERT INTO activity(activity_id, date, distance, estrealisee, programme_id, sport_id, CENTREINTERET_ID, timeframe_id) VALUES (10282, '2018-05-03', 8.648422169429026, 0, 10070, 1, 10000, 31);
INSERT INTO activity(activity_id, date, distance, estrealisee, programme_id, sport_id, CENTREINTERET_ID, timeframe_id) VALUES (10283, '2018-05-04', 7.497405176537678, 0, 10070, 1, 10000, 39);
INSERT INTO programme(programme_id, date_debut, user_id, objectif_distance) VALUES (10071, '2018-04-23', 10035, 7);
INSERT INTO activity(activity_id, date, distance, estrealisee, programme_id, sport_id, CENTREINTERET_ID, timeframe_id) VALUES (10284, '2018-04-17', 7.134944858779357, 1, 10071, 1, 10000, 17);
INSERT INTO realisation(realisation_id, date, distance, activity_id, programme_id, CENTREINTERET_ID, timeframe_id) VALUES (10140, '2018-04-17', 4, 10284, 10071, 10000, 17);
INSERT INTO activity(activity_id, date, distance, estrealisee, programme_id, sport_id, CENTREINTERET_ID, timeframe_id) VALUES (10285, '2018-04-18', 11.536719106055749, 1, 10071, 1, 10000, 33);
INSERT INTO realisation(realisation_id, date, distance, activity_id, programme_id, CENTREINTERET_ID, timeframe_id) VALUES (10141, '2018-04-18', 4, 10285, 10071, 10000, 33);
INSERT INTO activity(activity_id, date, distance, estrealisee, programme_id, sport_id, CENTREINTERET_ID, timeframe_id) VALUES (10286, '2018-04-19', 8.248060852844421, 1, 10071, 1, 10000, 42);
INSERT INTO realisation(realisation_id, date, distance, activity_id, programme_id, CENTREINTERET_ID, timeframe_id) VALUES (10142, '2018-04-19', 4, 10286, 10071, 10000, 42);
INSERT INTO activity(activity_id, date, distance, estrealisee, programme_id, sport_id, CENTREINTERET_ID, timeframe_id) VALUES (10287, '2018-04-20', 11.99903829090534, 1, 10071, 1, 10000, 26);
INSERT INTO realisation(realisation_id, date, distance, activity_id, programme_id, CENTREINTERET_ID, timeframe_id) VALUES (10143, '2018-04-20', 4, 10287, 10071, 10000, 26);

INSERT INTO point (ID, x, y) VALUES (50036, 45.73601616162292, 4.82603615604202);
INSERT INTO users (ID, USERNAME, PASSWORD, FIRSTNAME, LASTNAME, EMAIL, ENABLED, LASTPASSWORDRESETDATE, OBJECTIFHEBDO, Location_id) VALUES (10036, "user36", "$2a$08$UkVvwpULis18S19S5pZFn.YHPZt3oaqHZnDwqbCW9pft6uFtkXKDC", "user36", "user36", "user36@user.com", 1, "2003/01/22", 10, 50036);
INSERT INTO user_authority (USER_ID, AUTHORITY_ID) VALUES (10036, 2);
INSERT INTO programme(programme_id, date_debut, user_id, objectif_distance) VALUES (10072, '2018-04-30', 10036, 15);
INSERT INTO activity(activity_id, date, distance, estrealisee, programme_id, sport_id, CENTREINTERET_ID, timeframe_id) VALUES (10288, '2018-05-01', 8.773590121948343, 0, 10072, 1, 10000, 14);
INSERT INTO activity(activity_id, date, distance, estrealisee, programme_id, sport_id, CENTREINTERET_ID, timeframe_id) VALUES (10289, '2018-05-02', 7.970624247262608, 0, 10072, 1, 10000, 20);
INSERT INTO activity(activity_id, date, distance, estrealisee, programme_id, sport_id, CENTREINTERET_ID, timeframe_id) VALUES (10290, '2018-05-03', 10.06836403175285, 0, 10072, 1, 10000, 31);
INSERT INTO activity(activity_id, date, distance, estrealisee, programme_id, sport_id, CENTREINTERET_ID, timeframe_id) VALUES (10291, '2018-05-04', 10.144382532154749, 0, 10072, 1, 10000, 39);
INSERT INTO programme(programme_id, date_debut, user_id, objectif_distance) VALUES (10073, '2018-04-23', 10036, 14);
INSERT INTO activity(activity_id, date, distance, estrealisee, programme_id, sport_id, CENTREINTERET_ID, timeframe_id) VALUES (10292, '2018-04-17', 9.264189495532364, 1, 10073, 1, 10000, 18);
INSERT INTO realisation(realisation_id, date, distance, activity_id, programme_id, CENTREINTERET_ID, timeframe_id) VALUES (10144, '2018-04-17', 4, 10292, 10073, 10000, 18);
INSERT INTO activity(activity_id, date, distance, estrealisee, programme_id, sport_id, CENTREINTERET_ID, timeframe_id) VALUES (10293, '2018-04-18', 7.149114711124257, 1, 10073, 1, 10000, 48);
INSERT INTO realisation(realisation_id, date, distance, activity_id, programme_id, CENTREINTERET_ID, timeframe_id) VALUES (10145, '2018-04-18', 4, 10293, 10073, 10000, 48);
INSERT INTO activity(activity_id, date, distance, estrealisee, programme_id, sport_id, CENTREINTERET_ID, timeframe_id) VALUES (10294, '2018-04-19', 9.095540536677202, 1, 10073, 1, 10000, 54);
INSERT INTO realisation(realisation_id, date, distance, activity_id, programme_id, CENTREINTERET_ID, timeframe_id) VALUES (10146, '2018-04-19', 4, 10294, 10073, 10000, 54);
INSERT INTO activity(activity_id, date, distance, estrealisee, programme_id, sport_id, CENTREINTERET_ID, timeframe_id) VALUES (10295, '2018-04-20', 7.563430368447859, 1, 10073, 1, 10000, 56);
INSERT INTO realisation(realisation_id, date, distance, activity_id, programme_id, CENTREINTERET_ID, timeframe_id) VALUES (10147, '2018-04-20', 4, 10295, 10073, 10000, 56);

INSERT INTO point (ID, x, y) VALUES (50037, 45.78464295011518, 4.828842092777954);
INSERT INTO users (ID, USERNAME, PASSWORD, FIRSTNAME, LASTNAME, EMAIL, ENABLED, LASTPASSWORDRESETDATE, OBJECTIFHEBDO, Location_id) VALUES (10037, "user37", "$2a$08$UkVvwpULis18S19S5pZFn.YHPZt3oaqHZnDwqbCW9pft6uFtkXKDC", "user37", "user37", "user37@user.com", 1, "2003/01/22", 6, 50037);
INSERT INTO user_authority (USER_ID, AUTHORITY_ID) VALUES (10037, 2);
INSERT INTO programme(programme_id, date_debut, user_id, objectif_distance) VALUES (10074, '2018-04-30', 10037, 5);
INSERT INTO activity(activity_id, date, distance, estrealisee, programme_id, sport_id, CENTREINTERET_ID, timeframe_id) VALUES (10296, '2018-05-01', 10.473457651679862, 0, 10074, 1, 10000, 14);
INSERT INTO activity(activity_id, date, distance, estrealisee, programme_id, sport_id, CENTREINTERET_ID, timeframe_id) VALUES (10297, '2018-05-02', 8.104517447585728, 0, 10074, 1, 10000, 20);
INSERT INTO activity(activity_id, date, distance, estrealisee, programme_id, sport_id, CENTREINTERET_ID, timeframe_id) VALUES (10298, '2018-05-03', 11.380122566663024, 0, 10074, 1, 10000, 31);
INSERT INTO activity(activity_id, date, distance, estrealisee, programme_id, sport_id, CENTREINTERET_ID, timeframe_id) VALUES (10299, '2018-05-04', 10.512251112991587, 0, 10074, 1, 10000, 39);
INSERT INTO programme(programme_id, date_debut, user_id, objectif_distance) VALUES (10075, '2018-04-23', 10037, 6);
INSERT INTO activity(activity_id, date, distance, estrealisee, programme_id, sport_id, CENTREINTERET_ID, timeframe_id) VALUES (10300, '2018-04-17', 7.073079973467699, 1, 10075, 1, 10000, 5);
INSERT INTO realisation(realisation_id, date, distance, activity_id, programme_id, CENTREINTERET_ID, timeframe_id) VALUES (10148, '2018-04-17', 4, 10300, 10075, 10000, 5);
INSERT INTO activity(activity_id, date, distance, estrealisee, programme_id, sport_id, CENTREINTERET_ID, timeframe_id) VALUES (10301, '2018-04-18', 10.813257318707715, 1, 10075, 1, 10000, 47);
INSERT INTO realisation(realisation_id, date, distance, activity_id, programme_id, CENTREINTERET_ID, timeframe_id) VALUES (10149, '2018-04-18', 4, 10301, 10075, 10000, 47);
INSERT INTO activity(activity_id, date, distance, estrealisee, programme_id, sport_id, CENTREINTERET_ID, timeframe_id) VALUES (10302, '2018-04-19', 11.425451653298193, 1, 10075, 1, 10000, 52);
INSERT INTO realisation(realisation_id, date, distance, activity_id, programme_id, CENTREINTERET_ID, timeframe_id) VALUES (10150, '2018-04-19', 4, 10302, 10075, 10000, 52);
INSERT INTO activity(activity_id, date, distance, estrealisee, programme_id, sport_id, CENTREINTERET_ID, timeframe_id) VALUES (10303, '2018-04-20', 9.432657732356546, 1, 10075, 1, 10000, 9);
INSERT INTO realisation(realisation_id, date, distance, activity_id, programme_id, CENTREINTERET_ID, timeframe_id) VALUES (10151, '2018-04-20', 4, 10303, 10075, 10000, 9);

INSERT INTO point (ID, x, y) VALUES (50038, 45.73488361835167, 4.867474195797119);
INSERT INTO users (ID, USERNAME, PASSWORD, FIRSTNAME, LASTNAME, EMAIL, ENABLED, LASTPASSWORDRESETDATE, OBJECTIFHEBDO, Location_id) VALUES (10038, "user38", "$2a$08$UkVvwpULis18S19S5pZFn.YHPZt3oaqHZnDwqbCW9pft6uFtkXKDC", "user38", "user38", "user38@user.com", 1, "2003/01/22", 8, 50038);
INSERT INTO user_authority (USER_ID, AUTHORITY_ID) VALUES (10038, 2);
INSERT INTO programme(programme_id, date_debut, user_id, objectif_distance) VALUES (10076, '2018-04-30', 10038, 12);
INSERT INTO activity(activity_id, date, distance, estrealisee, programme_id, sport_id, CENTREINTERET_ID, timeframe_id) VALUES (10304, '2018-05-01', 8.337544775916573, 0, 10076, 1, 10000, 14);
INSERT INTO activity(activity_id, date, distance, estrealisee, programme_id, sport_id, CENTREINTERET_ID, timeframe_id) VALUES (10305, '2018-05-02', 8.209328568882025, 0, 10076, 1, 10000, 20);
INSERT INTO activity(activity_id, date, distance, estrealisee, programme_id, sport_id, CENTREINTERET_ID, timeframe_id) VALUES (10306, '2018-05-03', 9.938078031642235, 0, 10076, 1, 10000, 31);
INSERT INTO activity(activity_id, date, distance, estrealisee, programme_id, sport_id, CENTREINTERET_ID, timeframe_id) VALUES (10307, '2018-05-04', 11.2946483584523, 0, 10076, 1, 10000, 39);
INSERT INTO programme(programme_id, date_debut, user_id, objectif_distance) VALUES (10077, '2018-04-23', 10038, 11);
INSERT INTO activity(activity_id, date, distance, estrealisee, programme_id, sport_id, CENTREINTERET_ID, timeframe_id) VALUES (10308, '2018-04-17', 9.645065451198397, 1, 10077, 1, 10000, 10);
INSERT INTO realisation(realisation_id, date, distance, activity_id, programme_id, CENTREINTERET_ID, timeframe_id) VALUES (10152, '2018-04-17', 4, 10308, 10077, 10000, 10);
INSERT INTO activity(activity_id, date, distance, estrealisee, programme_id, sport_id, CENTREINTERET_ID, timeframe_id) VALUES (10309, '2018-04-18', 10.34057810671666, 1, 10077, 1, 10000, 51);
INSERT INTO realisation(realisation_id, date, distance, activity_id, programme_id, CENTREINTERET_ID, timeframe_id) VALUES (10153, '2018-04-18', 4, 10309, 10077, 10000, 51);
INSERT INTO activity(activity_id, date, distance, estrealisee, programme_id, sport_id, CENTREINTERET_ID, timeframe_id) VALUES (10310, '2018-04-19', 7.148480107484282, 1, 10077, 1, 10000, 41);
INSERT INTO realisation(realisation_id, date, distance, activity_id, programme_id, CENTREINTERET_ID, timeframe_id) VALUES (10154, '2018-04-19', 4, 10310, 10077, 10000, 41);
INSERT INTO activity(activity_id, date, distance, estrealisee, programme_id, sport_id, CENTREINTERET_ID, timeframe_id) VALUES (10311, '2018-04-20', 7.555122844639366, 1, 10077, 1, 10000, 46);
INSERT INTO realisation(realisation_id, date, distance, activity_id, programme_id, CENTREINTERET_ID, timeframe_id) VALUES (10155, '2018-04-20', 4, 10311, 10077, 10000, 46);

INSERT INTO point (ID, x, y) VALUES (50039, 45.76974859737773, 4.872772114554064);
INSERT INTO users (ID, USERNAME, PASSWORD, FIRSTNAME, LASTNAME, EMAIL, ENABLED, LASTPASSWORDRESETDATE, OBJECTIFHEBDO, Location_id) VALUES (10039, "user39", "$2a$08$UkVvwpULis18S19S5pZFn.YHPZt3oaqHZnDwqbCW9pft6uFtkXKDC", "user39", "user39", "user39@user.com", 1, "2003/01/22", 17, 50039);
INSERT INTO user_authority (USER_ID, AUTHORITY_ID) VALUES (10039, 2);
INSERT INTO programme(programme_id, date_debut, user_id, objectif_distance) VALUES (10078, '2018-04-30', 10039, 8);
INSERT INTO activity(activity_id, date, distance, estrealisee, programme_id, sport_id, CENTREINTERET_ID, timeframe_id) VALUES (10312, '2018-05-01', 7.722437839604022, 0, 10078, 1, 10000, 14);
INSERT INTO activity(activity_id, date, distance, estrealisee, programme_id, sport_id, CENTREINTERET_ID, timeframe_id) VALUES (10313, '2018-05-02', 10.111056939426282, 0, 10078, 1, 10000, 20);
INSERT INTO activity(activity_id, date, distance, estrealisee, programme_id, sport_id, CENTREINTERET_ID, timeframe_id) VALUES (10314, '2018-05-03', 7.552043114154075, 0, 10078, 1, 10000, 31);
INSERT INTO activity(activity_id, date, distance, estrealisee, programme_id, sport_id, CENTREINTERET_ID, timeframe_id) VALUES (10315, '2018-05-04', 9.402241593248057, 0, 10078, 1, 10000, 39);
INSERT INTO programme(programme_id, date_debut, user_id, objectif_distance) VALUES (10079, '2018-04-23', 10039, 13);
INSERT INTO activity(activity_id, date, distance, estrealisee, programme_id, sport_id, CENTREINTERET_ID, timeframe_id) VALUES (10316, '2018-04-17', 9.911820323131778, 1, 10079, 1, 10000, 35);
INSERT INTO realisation(realisation_id, date, distance, activity_id, programme_id, CENTREINTERET_ID, timeframe_id) VALUES (10156, '2018-04-17', 4, 10316, 10079, 10000, 35);
INSERT INTO activity(activity_id, date, distance, estrealisee, programme_id, sport_id, CENTREINTERET_ID, timeframe_id) VALUES (10317, '2018-04-18', 10.294739209857678, 1, 10079, 1, 10000, 7);
INSERT INTO realisation(realisation_id, date, distance, activity_id, programme_id, CENTREINTERET_ID, timeframe_id) VALUES (10157, '2018-04-18', 4, 10317, 10079, 10000, 7);
INSERT INTO activity(activity_id, date, distance, estrealisee, programme_id, sport_id, CENTREINTERET_ID, timeframe_id) VALUES (10318, '2018-04-19', 9.041082363447815, 1, 10079, 1, 10000, 31);
INSERT INTO realisation(realisation_id, date, distance, activity_id, programme_id, CENTREINTERET_ID, timeframe_id) VALUES (10158, '2018-04-19', 4, 10318, 10079, 10000, 31);
INSERT INTO activity(activity_id, date, distance, estrealisee, programme_id, sport_id, CENTREINTERET_ID, timeframe_id) VALUES (10319, '2018-04-20', 9.588878063864625, 1, 10079, 1, 10000, 52);
INSERT INTO realisation(realisation_id, date, distance, activity_id, programme_id, CENTREINTERET_ID, timeframe_id) VALUES (10159, '2018-04-20', 4, 10319, 10079, 10000, 52);

INSERT INTO point (ID, x, y) VALUES (50040, 45.77682791379522, 4.879501954725505);
INSERT INTO users (ID, USERNAME, PASSWORD, FIRSTNAME, LASTNAME, EMAIL, ENABLED, LASTPASSWORDRESETDATE, OBJECTIFHEBDO, Location_id) VALUES (10040, "user40", "$2a$08$UkVvwpULis18S19S5pZFn.YHPZt3oaqHZnDwqbCW9pft6uFtkXKDC", "user40", "user40", "user40@user.com", 1, "2003/01/22", 12, 50040);
INSERT INTO user_authority (USER_ID, AUTHORITY_ID) VALUES (10040, 2);
INSERT INTO programme(programme_id, date_debut, user_id, objectif_distance) VALUES (10080, '2018-04-30', 10040, 14);
INSERT INTO activity(activity_id, date, distance, estrealisee, programme_id, sport_id, CENTREINTERET_ID, timeframe_id) VALUES (10320, '2018-05-01', 9.035086394622027, 0, 10080, 1, 10000, 14);
INSERT INTO activity(activity_id, date, distance, estrealisee, programme_id, sport_id, CENTREINTERET_ID, timeframe_id) VALUES (10321, '2018-05-02', 11.187414757024191, 0, 10080, 1, 10000, 20);
INSERT INTO activity(activity_id, date, distance, estrealisee, programme_id, sport_id, CENTREINTERET_ID, timeframe_id) VALUES (10322, '2018-05-03', 11.726046341374648, 0, 10080, 1, 10000, 31);
INSERT INTO activity(activity_id, date, distance, estrealisee, programme_id, sport_id, CENTREINTERET_ID, timeframe_id) VALUES (10323, '2018-05-04', 10.008032780599686, 0, 10080, 1, 10000, 39);
INSERT INTO programme(programme_id, date_debut, user_id, objectif_distance) VALUES (10081, '2018-04-23', 10040, 11);
INSERT INTO activity(activity_id, date, distance, estrealisee, programme_id, sport_id, CENTREINTERET_ID, timeframe_id) VALUES (10324, '2018-04-17', 7.074463003680869, 1, 10081, 1, 10000, 44);
INSERT INTO realisation(realisation_id, date, distance, activity_id, programme_id, CENTREINTERET_ID, timeframe_id) VALUES (10160, '2018-04-17', 4, 10324, 10081, 10000, 44);
INSERT INTO activity(activity_id, date, distance, estrealisee, programme_id, sport_id, CENTREINTERET_ID, timeframe_id) VALUES (10325, '2018-04-18', 11.216270199136835, 1, 10081, 1, 10000, 10);
INSERT INTO realisation(realisation_id, date, distance, activity_id, programme_id, CENTREINTERET_ID, timeframe_id) VALUES (10161, '2018-04-18', 4, 10325, 10081, 10000, 10);
INSERT INTO activity(activity_id, date, distance, estrealisee, programme_id, sport_id, CENTREINTERET_ID, timeframe_id) VALUES (10326, '2018-04-19', 7.244685295732458, 1, 10081, 1, 10000, 6);
INSERT INTO realisation(realisation_id, date, distance, activity_id, programme_id, CENTREINTERET_ID, timeframe_id) VALUES (10162, '2018-04-19', 4, 10326, 10081, 10000, 6);
INSERT INTO activity(activity_id, date, distance, estrealisee, programme_id, sport_id, CENTREINTERET_ID, timeframe_id) VALUES (10327, '2018-04-20', 10.558539225538036, 1, 10081, 1, 10000, 8);
INSERT INTO realisation(realisation_id, date, distance, activity_id, programme_id, CENTREINTERET_ID, timeframe_id) VALUES (10163, '2018-04-20', 4, 10327, 10081, 10000, 8);

INSERT INTO point (ID, x, y) VALUES (50041, 45.76884441142328, 4.888963312968351);
INSERT INTO users (ID, USERNAME, PASSWORD, FIRSTNAME, LASTNAME, EMAIL, ENABLED, LASTPASSWORDRESETDATE, OBJECTIFHEBDO, Location_id) VALUES (10041, "user41", "$2a$08$UkVvwpULis18S19S5pZFn.YHPZt3oaqHZnDwqbCW9pft6uFtkXKDC", "user41", "user41", "user41@user.com", 1, "2003/01/22", 12, 50041);
INSERT INTO user_authority (USER_ID, AUTHORITY_ID) VALUES (10041, 2);
INSERT INTO programme(programme_id, date_debut, user_id, objectif_distance) VALUES (10082, '2018-04-30', 10041, 9);
INSERT INTO activity(activity_id, date, distance, estrealisee, programme_id, sport_id, CENTREINTERET_ID, timeframe_id) VALUES (10328, '2018-05-01', 11.8945780999193, 0, 10082, 1, 10000, 14);
INSERT INTO activity(activity_id, date, distance, estrealisee, programme_id, sport_id, CENTREINTERET_ID, timeframe_id) VALUES (10329, '2018-05-02', 7.384798695088189, 0, 10082, 1, 10000, 20);
INSERT INTO activity(activity_id, date, distance, estrealisee, programme_id, sport_id, CENTREINTERET_ID, timeframe_id) VALUES (10330, '2018-05-03', 8.396220446494048, 0, 10082, 1, 10000, 31);
INSERT INTO activity(activity_id, date, distance, estrealisee, programme_id, sport_id, CENTREINTERET_ID, timeframe_id) VALUES (10331, '2018-05-04', 9.605638556508069, 0, 10082, 1, 10000, 39);
INSERT INTO programme(programme_id, date_debut, user_id, objectif_distance) VALUES (10083, '2018-04-23', 10041, 13);
INSERT INTO activity(activity_id, date, distance, estrealisee, programme_id, sport_id, CENTREINTERET_ID, timeframe_id) VALUES (10332, '2018-04-17', 11.61622731416297, 1, 10083, 1, 10000, 6);
INSERT INTO realisation(realisation_id, date, distance, activity_id, programme_id, CENTREINTERET_ID, timeframe_id) VALUES (10164, '2018-04-17', 4, 10332, 10083, 10000, 6);
INSERT INTO activity(activity_id, date, distance, estrealisee, programme_id, sport_id, CENTREINTERET_ID, timeframe_id) VALUES (10333, '2018-04-18', 11.586061975903366, 1, 10083, 1, 10000, 40);
INSERT INTO realisation(realisation_id, date, distance, activity_id, programme_id, CENTREINTERET_ID, timeframe_id) VALUES (10165, '2018-04-18', 4, 10333, 10083, 10000, 40);
INSERT INTO activity(activity_id, date, distance, estrealisee, programme_id, sport_id, CENTREINTERET_ID, timeframe_id) VALUES (10334, '2018-04-19', 8.951887969989016, 1, 10083, 1, 10000, 23);
INSERT INTO realisation(realisation_id, date, distance, activity_id, programme_id, CENTREINTERET_ID, timeframe_id) VALUES (10166, '2018-04-19', 4, 10334, 10083, 10000, 23);
INSERT INTO activity(activity_id, date, distance, estrealisee, programme_id, sport_id, CENTREINTERET_ID, timeframe_id) VALUES (10335, '2018-04-20', 7.928237021485673, 1, 10083, 1, 10000, 19);
INSERT INTO realisation(realisation_id, date, distance, activity_id, programme_id, CENTREINTERET_ID, timeframe_id) VALUES (10167, '2018-04-20', 4, 10335, 10083, 10000, 19);

INSERT INTO point (ID, x, y) VALUES (50042, 45.7951540430214, 4.889743342915381);
INSERT INTO users (ID, USERNAME, PASSWORD, FIRSTNAME, LASTNAME, EMAIL, ENABLED, LASTPASSWORDRESETDATE, OBJECTIFHEBDO, Location_id) VALUES (10042, "user42", "$2a$08$UkVvwpULis18S19S5pZFn.YHPZt3oaqHZnDwqbCW9pft6uFtkXKDC", "user42", "user42", "user42@user.com", 1, "2003/01/22", 15, 50042);
INSERT INTO user_authority (USER_ID, AUTHORITY_ID) VALUES (10042, 2);
INSERT INTO programme(programme_id, date_debut, user_id, objectif_distance) VALUES (10084, '2018-04-30', 10042, 14);
INSERT INTO activity(activity_id, date, distance, estrealisee, programme_id, sport_id, CENTREINTERET_ID, timeframe_id) VALUES (10336, '2018-05-01', 8.906634947320477, 0, 10084, 1, 10000, 14);
INSERT INTO activity(activity_id, date, distance, estrealisee, programme_id, sport_id, CENTREINTERET_ID, timeframe_id) VALUES (10337, '2018-05-02', 7.746400963733226, 0, 10084, 1, 10000, 20);
INSERT INTO activity(activity_id, date, distance, estrealisee, programme_id, sport_id, CENTREINTERET_ID, timeframe_id) VALUES (10338, '2018-05-03', 9.37560599253532, 0, 10084, 1, 10000, 31);
INSERT INTO activity(activity_id, date, distance, estrealisee, programme_id, sport_id, CENTREINTERET_ID, timeframe_id) VALUES (10339, '2018-05-04', 8.7145916758987, 0, 10084, 1, 10000, 39);
INSERT INTO programme(programme_id, date_debut, user_id, objectif_distance) VALUES (10085, '2018-04-23', 10042, 13);
INSERT INTO activity(activity_id, date, distance, estrealisee, programme_id, sport_id, CENTREINTERET_ID, timeframe_id) VALUES (10340, '2018-04-17', 9.699742227723814, 1, 10085, 1, 10000, 24);
INSERT INTO realisation(realisation_id, date, distance, activity_id, programme_id, CENTREINTERET_ID, timeframe_id) VALUES (10168, '2018-04-17', 4, 10340, 10085, 10000, 24);
INSERT INTO activity(activity_id, date, distance, estrealisee, programme_id, sport_id, CENTREINTERET_ID, timeframe_id) VALUES (10341, '2018-04-18', 11.009585938253561, 1, 10085, 1, 10000, 27);
INSERT INTO realisation(realisation_id, date, distance, activity_id, programme_id, CENTREINTERET_ID, timeframe_id) VALUES (10169, '2018-04-18', 4, 10341, 10085, 10000, 27);
INSERT INTO activity(activity_id, date, distance, estrealisee, programme_id, sport_id, CENTREINTERET_ID, timeframe_id) VALUES (10342, '2018-04-19', 9.784013225079313, 1, 10085, 1, 10000, 1);
INSERT INTO realisation(realisation_id, date, distance, activity_id, programme_id, CENTREINTERET_ID, timeframe_id) VALUES (10170, '2018-04-19', 4, 10342, 10085, 10000, 1);
INSERT INTO activity(activity_id, date, distance, estrealisee, programme_id, sport_id, CENTREINTERET_ID, timeframe_id) VALUES (10343, '2018-04-20', 10.444110006177976, 1, 10085, 1, 10000, 25);
INSERT INTO realisation(realisation_id, date, distance, activity_id, programme_id, CENTREINTERET_ID, timeframe_id) VALUES (10171, '2018-04-20', 4, 10343, 10085, 10000, 25);

INSERT INTO point (ID, x, y) VALUES (50043, 45.72819668690087, 4.820288560231998);
INSERT INTO users (ID, USERNAME, PASSWORD, FIRSTNAME, LASTNAME, EMAIL, ENABLED, LASTPASSWORDRESETDATE, OBJECTIFHEBDO, Location_id) VALUES (10043, "user43", "$2a$08$UkVvwpULis18S19S5pZFn.YHPZt3oaqHZnDwqbCW9pft6uFtkXKDC", "user43", "user43", "user43@user.com", 1, "2003/01/22", 9, 50043);
INSERT INTO user_authority (USER_ID, AUTHORITY_ID) VALUES (10043, 2);
INSERT INTO programme(programme_id, date_debut, user_id, objectif_distance) VALUES (10086, '2018-04-30', 10043, 10);
INSERT INTO activity(activity_id, date, distance, estrealisee, programme_id, sport_id, CENTREINTERET_ID, timeframe_id) VALUES (10344, '2018-05-01', 10.687463195643923, 0, 10086, 1, 10000, 14);
INSERT INTO activity(activity_id, date, distance, estrealisee, programme_id, sport_id, CENTREINTERET_ID, timeframe_id) VALUES (10345, '2018-05-02', 11.096652164204155, 0, 10086, 1, 10000, 20);
INSERT INTO activity(activity_id, date, distance, estrealisee, programme_id, sport_id, CENTREINTERET_ID, timeframe_id) VALUES (10346, '2018-05-03', 8.457804621426252, 0, 10086, 1, 10000, 31);
INSERT INTO activity(activity_id, date, distance, estrealisee, programme_id, sport_id, CENTREINTERET_ID, timeframe_id) VALUES (10347, '2018-05-04', 8.167041712907244, 0, 10086, 1, 10000, 39);
INSERT INTO programme(programme_id, date_debut, user_id, objectif_distance) VALUES (10087, '2018-04-23', 10043, 5);
INSERT INTO activity(activity_id, date, distance, estrealisee, programme_id, sport_id, CENTREINTERET_ID, timeframe_id) VALUES (10348, '2018-04-17', 9.58459537198747, 1, 10087, 1, 10000, 32);
INSERT INTO realisation(realisation_id, date, distance, activity_id, programme_id, CENTREINTERET_ID, timeframe_id) VALUES (10172, '2018-04-17', 4, 10348, 10087, 10000, 32);
INSERT INTO activity(activity_id, date, distance, estrealisee, programme_id, sport_id, CENTREINTERET_ID, timeframe_id) VALUES (10349, '2018-04-18', 7.3401601982000715, 1, 10087, 1, 10000, 19);
INSERT INTO realisation(realisation_id, date, distance, activity_id, programme_id, CENTREINTERET_ID, timeframe_id) VALUES (10173, '2018-04-18', 4, 10349, 10087, 10000, 19);
INSERT INTO activity(activity_id, date, distance, estrealisee, programme_id, sport_id, CENTREINTERET_ID, timeframe_id) VALUES (10350, '2018-04-19', 9.81709567928232, 1, 10087, 1, 10000, 56);
INSERT INTO realisation(realisation_id, date, distance, activity_id, programme_id, CENTREINTERET_ID, timeframe_id) VALUES (10174, '2018-04-19', 4, 10350, 10087, 10000, 56);
INSERT INTO activity(activity_id, date, distance, estrealisee, programme_id, sport_id, CENTREINTERET_ID, timeframe_id) VALUES (10351, '2018-04-20', 11.013208523522255, 1, 10087, 1, 10000, 52);
INSERT INTO realisation(realisation_id, date, distance, activity_id, programme_id, CENTREINTERET_ID, timeframe_id) VALUES (10175, '2018-04-20', 4, 10351, 10087, 10000, 52);

INSERT INTO point (ID, x, y) VALUES (50044, 45.746340222698464, 4.829638997744368);
INSERT INTO users (ID, USERNAME, PASSWORD, FIRSTNAME, LASTNAME, EMAIL, ENABLED, LASTPASSWORDRESETDATE, OBJECTIFHEBDO, Location_id) VALUES (10044, "user44", "$2a$08$UkVvwpULis18S19S5pZFn.YHPZt3oaqHZnDwqbCW9pft6uFtkXKDC", "user44", "user44", "user44@user.com", 1, "2003/01/22", 14, 50044);
INSERT INTO user_authority (USER_ID, AUTHORITY_ID) VALUES (10044, 2);
INSERT INTO programme(programme_id, date_debut, user_id, objectif_distance) VALUES (10088, '2018-04-30', 10044, 8);
INSERT INTO activity(activity_id, date, distance, estrealisee, programme_id, sport_id, CENTREINTERET_ID, timeframe_id) VALUES (10352, '2018-05-01', 11.905717967196964, 0, 10088, 1, 10000, 14);
INSERT INTO activity(activity_id, date, distance, estrealisee, programme_id, sport_id, CENTREINTERET_ID, timeframe_id) VALUES (10353, '2018-05-02', 7.986832482593128, 0, 10088, 1, 10000, 20);
INSERT INTO activity(activity_id, date, distance, estrealisee, programme_id, sport_id, CENTREINTERET_ID, timeframe_id) VALUES (10354, '2018-05-03', 7.994130326673544, 0, 10088, 1, 10000, 31);
INSERT INTO activity(activity_id, date, distance, estrealisee, programme_id, sport_id, CENTREINTERET_ID, timeframe_id) VALUES (10355, '2018-05-04', 8.41726901514788, 0, 10088, 1, 10000, 39);
INSERT INTO programme(programme_id, date_debut, user_id, objectif_distance) VALUES (10089, '2018-04-23', 10044, 13);
INSERT INTO activity(activity_id, date, distance, estrealisee, programme_id, sport_id, CENTREINTERET_ID, timeframe_id) VALUES (10356, '2018-04-17', 9.308093598770709, 1, 10089, 1, 10000, 36);
INSERT INTO realisation(realisation_id, date, distance, activity_id, programme_id, CENTREINTERET_ID, timeframe_id) VALUES (10176, '2018-04-17', 4, 10356, 10089, 10000, 36);
INSERT INTO activity(activity_id, date, distance, estrealisee, programme_id, sport_id, CENTREINTERET_ID, timeframe_id) VALUES (10357, '2018-04-18', 9.241560078784449, 1, 10089, 1, 10000, 35);
INSERT INTO realisation(realisation_id, date, distance, activity_id, programme_id, CENTREINTERET_ID, timeframe_id) VALUES (10177, '2018-04-18', 4, 10357, 10089, 10000, 35);
INSERT INTO activity(activity_id, date, distance, estrealisee, programme_id, sport_id, CENTREINTERET_ID, timeframe_id) VALUES (10358, '2018-04-19', 8.693615372134703, 1, 10089, 1, 10000, 1);
INSERT INTO realisation(realisation_id, date, distance, activity_id, programme_id, CENTREINTERET_ID, timeframe_id) VALUES (10178, '2018-04-19', 4, 10358, 10089, 10000, 1);
INSERT INTO activity(activity_id, date, distance, estrealisee, programme_id, sport_id, CENTREINTERET_ID, timeframe_id) VALUES (10359, '2018-04-20', 10.260279961760157, 1, 10089, 1, 10000, 34);
INSERT INTO realisation(realisation_id, date, distance, activity_id, programme_id, CENTREINTERET_ID, timeframe_id) VALUES (10179, '2018-04-20', 4, 10359, 10089, 10000, 34);

INSERT INTO point (ID, x, y) VALUES (50045, 45.73755567686414, 4.813873595507477);
INSERT INTO users (ID, USERNAME, PASSWORD, FIRSTNAME, LASTNAME, EMAIL, ENABLED, LASTPASSWORDRESETDATE, OBJECTIFHEBDO, Location_id) VALUES (10045, "user45", "$2a$08$UkVvwpULis18S19S5pZFn.YHPZt3oaqHZnDwqbCW9pft6uFtkXKDC", "user45", "user45", "user45@user.com", 1, "2003/01/22", 17, 50045);
INSERT INTO user_authority (USER_ID, AUTHORITY_ID) VALUES (10045, 2);
INSERT INTO programme(programme_id, date_debut, user_id, objectif_distance) VALUES (10090, '2018-04-30', 10045, 13);
INSERT INTO activity(activity_id, date, distance, estrealisee, programme_id, sport_id, CENTREINTERET_ID, timeframe_id) VALUES (10360, '2018-05-01', 10.689923853181234, 0, 10090, 1, 10000, 14);
INSERT INTO activity(activity_id, date, distance, estrealisee, programme_id, sport_id, CENTREINTERET_ID, timeframe_id) VALUES (10361, '2018-05-02', 9.12798115707639, 0, 10090, 1, 10000, 20);
INSERT INTO activity(activity_id, date, distance, estrealisee, programme_id, sport_id, CENTREINTERET_ID, timeframe_id) VALUES (10362, '2018-05-03', 9.372326297827472, 0, 10090, 1, 10000, 31);
INSERT INTO activity(activity_id, date, distance, estrealisee, programme_id, sport_id, CENTREINTERET_ID, timeframe_id) VALUES (10363, '2018-05-04', 11.523861435998537, 0, 10090, 1, 10000, 39);
INSERT INTO programme(programme_id, date_debut, user_id, objectif_distance) VALUES (10091, '2018-04-23', 10045, 11);
INSERT INTO activity(activity_id, date, distance, estrealisee, programme_id, sport_id, CENTREINTERET_ID, timeframe_id) VALUES (10364, '2018-04-17', 11.86042713119173, 1, 10091, 1, 10000, 33);
INSERT INTO realisation(realisation_id, date, distance, activity_id, programme_id, CENTREINTERET_ID, timeframe_id) VALUES (10180, '2018-04-17', 4, 10364, 10091, 10000, 33);
INSERT INTO activity(activity_id, date, distance, estrealisee, programme_id, sport_id, CENTREINTERET_ID, timeframe_id) VALUES (10365, '2018-04-18', 10.567381852722525, 1, 10091, 1, 10000, 43);
INSERT INTO realisation(realisation_id, date, distance, activity_id, programme_id, CENTREINTERET_ID, timeframe_id) VALUES (10181, '2018-04-18', 4, 10365, 10091, 10000, 43);
INSERT INTO activity(activity_id, date, distance, estrealisee, programme_id, sport_id, CENTREINTERET_ID, timeframe_id) VALUES (10366, '2018-04-19', 11.732351951790573, 1, 10091, 1, 10000, 34);
INSERT INTO realisation(realisation_id, date, distance, activity_id, programme_id, CENTREINTERET_ID, timeframe_id) VALUES (10182, '2018-04-19', 4, 10366, 10091, 10000, 34);
INSERT INTO activity(activity_id, date, distance, estrealisee, programme_id, sport_id, CENTREINTERET_ID, timeframe_id) VALUES (10367, '2018-04-20', 11.332206437346382, 1, 10091, 1, 10000, 38);
INSERT INTO realisation(realisation_id, date, distance, activity_id, programme_id, CENTREINTERET_ID, timeframe_id) VALUES (10183, '2018-04-20', 4, 10367, 10091, 10000, 38);

INSERT INTO point (ID, x, y) VALUES (50046, 45.77180835937307, 4.812494559721612);
INSERT INTO users (ID, USERNAME, PASSWORD, FIRSTNAME, LASTNAME, EMAIL, ENABLED, LASTPASSWORDRESETDATE, OBJECTIFHEBDO, Location_id) VALUES (10046, "user46", "$2a$08$UkVvwpULis18S19S5pZFn.YHPZt3oaqHZnDwqbCW9pft6uFtkXKDC", "user46", "user46", "user46@user.com", 1, "2003/01/22", 11, 50046);
INSERT INTO user_authority (USER_ID, AUTHORITY_ID) VALUES (10046, 2);
INSERT INTO programme(programme_id, date_debut, user_id, objectif_distance) VALUES (10092, '2018-04-30', 10046, 7);
INSERT INTO activity(activity_id, date, distance, estrealisee, programme_id, sport_id, CENTREINTERET_ID, timeframe_id) VALUES (10368, '2018-05-01', 9.624237735453786, 0, 10092, 1, 10000, 14);
INSERT INTO activity(activity_id, date, distance, estrealisee, programme_id, sport_id, CENTREINTERET_ID, timeframe_id) VALUES (10369, '2018-05-02', 7.134440125904916, 0, 10092, 1, 10000, 20);
INSERT INTO activity(activity_id, date, distance, estrealisee, programme_id, sport_id, CENTREINTERET_ID, timeframe_id) VALUES (10370, '2018-05-03', 8.653725864322022, 0, 10092, 1, 10000, 31);
INSERT INTO activity(activity_id, date, distance, estrealisee, programme_id, sport_id, CENTREINTERET_ID, timeframe_id) VALUES (10371, '2018-05-04', 10.171776612339233, 0, 10092, 1, 10000, 39);
INSERT INTO programme(programme_id, date_debut, user_id, objectif_distance) VALUES (10093, '2018-04-23', 10046, 8);
INSERT INTO activity(activity_id, date, distance, estrealisee, programme_id, sport_id, CENTREINTERET_ID, timeframe_id) VALUES (10372, '2018-04-17', 9.835733852970902, 1, 10093, 1, 10000, 51);
INSERT INTO realisation(realisation_id, date, distance, activity_id, programme_id, CENTREINTERET_ID, timeframe_id) VALUES (10184, '2018-04-17', 4, 10372, 10093, 10000, 51);
INSERT INTO activity(activity_id, date, distance, estrealisee, programme_id, sport_id, CENTREINTERET_ID, timeframe_id) VALUES (10373, '2018-04-18', 11.095744187478246, 1, 10093, 1, 10000, 20);
INSERT INTO realisation(realisation_id, date, distance, activity_id, programme_id, CENTREINTERET_ID, timeframe_id) VALUES (10185, '2018-04-18', 4, 10373, 10093, 10000, 20);
INSERT INTO activity(activity_id, date, distance, estrealisee, programme_id, sport_id, CENTREINTERET_ID, timeframe_id) VALUES (10374, '2018-04-19', 9.95206995902857, 1, 10093, 1, 10000, 52);
INSERT INTO realisation(realisation_id, date, distance, activity_id, programme_id, CENTREINTERET_ID, timeframe_id) VALUES (10186, '2018-04-19', 4, 10374, 10093, 10000, 52);
INSERT INTO activity(activity_id, date, distance, estrealisee, programme_id, sport_id, CENTREINTERET_ID, timeframe_id) VALUES (10375, '2018-04-20', 7.699152969806585, 1, 10093, 1, 10000, 14);
INSERT INTO realisation(realisation_id, date, distance, activity_id, programme_id, CENTREINTERET_ID, timeframe_id) VALUES (10187, '2018-04-20', 4, 10375, 10093, 10000, 14);

INSERT INTO point (ID, x, y) VALUES (50047, 45.75874508275436, 4.835482912983522);
INSERT INTO users (ID, USERNAME, PASSWORD, FIRSTNAME, LASTNAME, EMAIL, ENABLED, LASTPASSWORDRESETDATE, OBJECTIFHEBDO, Location_id) VALUES (10047, "user47", "$2a$08$UkVvwpULis18S19S5pZFn.YHPZt3oaqHZnDwqbCW9pft6uFtkXKDC", "user47", "user47", "user47@user.com", 1, "2003/01/22", 19, 50047);
INSERT INTO user_authority (USER_ID, AUTHORITY_ID) VALUES (10047, 2);
INSERT INTO programme(programme_id, date_debut, user_id, objectif_distance) VALUES (10094, '2018-04-30', 10047, 6);
INSERT INTO activity(activity_id, date, distance, estrealisee, programme_id, sport_id, CENTREINTERET_ID, timeframe_id) VALUES (10376, '2018-05-01', 9.200639515308326, 0, 10094, 1, 10000, 14);
INSERT INTO activity(activity_id, date, distance, estrealisee, programme_id, sport_id, CENTREINTERET_ID, timeframe_id) VALUES (10377, '2018-05-02', 8.426633525379682, 0, 10094, 1, 10000, 20);
INSERT INTO activity(activity_id, date, distance, estrealisee, programme_id, sport_id, CENTREINTERET_ID, timeframe_id) VALUES (10378, '2018-05-03', 8.604826593195646, 0, 10094, 1, 10000, 31);
INSERT INTO activity(activity_id, date, distance, estrealisee, programme_id, sport_id, CENTREINTERET_ID, timeframe_id) VALUES (10379, '2018-05-04', 8.588057493923365, 0, 10094, 1, 10000, 39);
INSERT INTO programme(programme_id, date_debut, user_id, objectif_distance) VALUES (10095, '2018-04-23', 10047, 13);
INSERT INTO activity(activity_id, date, distance, estrealisee, programme_id, sport_id, CENTREINTERET_ID, timeframe_id) VALUES (10380, '2018-04-17', 8.182310427703435, 1, 10095, 1, 10000, 50);
INSERT INTO realisation(realisation_id, date, distance, activity_id, programme_id, CENTREINTERET_ID, timeframe_id) VALUES (10188, '2018-04-17', 4, 10380, 10095, 10000, 50);
INSERT INTO activity(activity_id, date, distance, estrealisee, programme_id, sport_id, CENTREINTERET_ID, timeframe_id) VALUES (10381, '2018-04-18', 11.93711161054867, 1, 10095, 1, 10000, 6);
INSERT INTO realisation(realisation_id, date, distance, activity_id, programme_id, CENTREINTERET_ID, timeframe_id) VALUES (10189, '2018-04-18', 4, 10381, 10095, 10000, 6);
INSERT INTO activity(activity_id, date, distance, estrealisee, programme_id, sport_id, CENTREINTERET_ID, timeframe_id) VALUES (10382, '2018-04-19', 8.381008333652558, 1, 10095, 1, 10000, 43);
INSERT INTO realisation(realisation_id, date, distance, activity_id, programme_id, CENTREINTERET_ID, timeframe_id) VALUES (10190, '2018-04-19', 4, 10382, 10095, 10000, 43);
INSERT INTO activity(activity_id, date, distance, estrealisee, programme_id, sport_id, CENTREINTERET_ID, timeframe_id) VALUES (10383, '2018-04-20', 7.695021363118066, 1, 10095, 1, 10000, 54);
INSERT INTO realisation(realisation_id, date, distance, activity_id, programme_id, CENTREINTERET_ID, timeframe_id) VALUES (10191, '2018-04-20', 4, 10383, 10095, 10000, 54);

INSERT INTO point (ID, x, y) VALUES (50048, 45.75061719105792, 4.87842303609927);
INSERT INTO users (ID, USERNAME, PASSWORD, FIRSTNAME, LASTNAME, EMAIL, ENABLED, LASTPASSWORDRESETDATE, OBJECTIFHEBDO, Location_id) VALUES (10048, "user48", "$2a$08$UkVvwpULis18S19S5pZFn.YHPZt3oaqHZnDwqbCW9pft6uFtkXKDC", "user48", "user48", "user48@user.com", 1, "2003/01/22", 13, 50048);
INSERT INTO user_authority (USER_ID, AUTHORITY_ID) VALUES (10048, 2);
INSERT INTO programme(programme_id, date_debut, user_id, objectif_distance) VALUES (10096, '2018-04-30', 10048, 10);
INSERT INTO activity(activity_id, date, distance, estrealisee, programme_id, sport_id, CENTREINTERET_ID, timeframe_id) VALUES (10384, '2018-05-01', 11.10451285271961, 0, 10096, 1, 10000, 14);
INSERT INTO activity(activity_id, date, distance, estrealisee, programme_id, sport_id, CENTREINTERET_ID, timeframe_id) VALUES (10385, '2018-05-02', 10.332449007348213, 0, 10096, 1, 10000, 20);
INSERT INTO activity(activity_id, date, distance, estrealisee, programme_id, sport_id, CENTREINTERET_ID, timeframe_id) VALUES (10386, '2018-05-03', 7.8172752816188735, 0, 10096, 1, 10000, 31);
INSERT INTO activity(activity_id, date, distance, estrealisee, programme_id, sport_id, CENTREINTERET_ID, timeframe_id) VALUES (10387, '2018-05-04', 7.852362679748053, 0, 10096, 1, 10000, 39);
INSERT INTO programme(programme_id, date_debut, user_id, objectif_distance) VALUES (10097, '2018-04-23', 10048, 9);
INSERT INTO activity(activity_id, date, distance, estrealisee, programme_id, sport_id, CENTREINTERET_ID, timeframe_id) VALUES (10388, '2018-04-17', 8.002451775191119, 1, 10097, 1, 10000, 12);
INSERT INTO realisation(realisation_id, date, distance, activity_id, programme_id, CENTREINTERET_ID, timeframe_id) VALUES (10192, '2018-04-17', 4, 10388, 10097, 10000, 12);
INSERT INTO activity(activity_id, date, distance, estrealisee, programme_id, sport_id, CENTREINTERET_ID, timeframe_id) VALUES (10389, '2018-04-18', 7.442990252370333, 1, 10097, 1, 10000, 12);
INSERT INTO realisation(realisation_id, date, distance, activity_id, programme_id, CENTREINTERET_ID, timeframe_id) VALUES (10193, '2018-04-18', 4, 10389, 10097, 10000, 12);
INSERT INTO activity(activity_id, date, distance, estrealisee, programme_id, sport_id, CENTREINTERET_ID, timeframe_id) VALUES (10390, '2018-04-19', 9.055303015533974, 1, 10097, 1, 10000, 45);
INSERT INTO realisation(realisation_id, date, distance, activity_id, programme_id, CENTREINTERET_ID, timeframe_id) VALUES (10194, '2018-04-19', 4, 10390, 10097, 10000, 45);
INSERT INTO activity(activity_id, date, distance, estrealisee, programme_id, sport_id, CENTREINTERET_ID, timeframe_id) VALUES (10391, '2018-04-20', 11.771154705581752, 1, 10097, 1, 10000, 55);
INSERT INTO realisation(realisation_id, date, distance, activity_id, programme_id, CENTREINTERET_ID, timeframe_id) VALUES (10195, '2018-04-20', 4, 10391, 10097, 10000, 55);

INSERT INTO point (ID, x, y) VALUES (50049, 45.783709357554514, 4.815002729272675);
INSERT INTO users (ID, USERNAME, PASSWORD, FIRSTNAME, LASTNAME, EMAIL, ENABLED, LASTPASSWORDRESETDATE, OBJECTIFHEBDO, Location_id) VALUES (10049, "user49", "$2a$08$UkVvwpULis18S19S5pZFn.YHPZt3oaqHZnDwqbCW9pft6uFtkXKDC", "user49", "user49", "user49@user.com", 1, "2003/01/22", 7, 50049);
INSERT INTO user_authority (USER_ID, AUTHORITY_ID) VALUES (10049, 2);
INSERT INTO programme(programme_id, date_debut, user_id, objectif_distance) VALUES (10098, '2018-04-30', 10049, 6);
INSERT INTO activity(activity_id, date, distance, estrealisee, programme_id, sport_id, CENTREINTERET_ID, timeframe_id) VALUES (10392, '2018-05-01', 9.252522304598633, 0, 10098, 1, 10000, 14);
INSERT INTO activity(activity_id, date, distance, estrealisee, programme_id, sport_id, CENTREINTERET_ID, timeframe_id) VALUES (10393, '2018-05-02', 10.519389115217695, 0, 10098, 1, 10000, 20);
INSERT INTO activity(activity_id, date, distance, estrealisee, programme_id, sport_id, CENTREINTERET_ID, timeframe_id) VALUES (10394, '2018-05-03', 7.762283050183276, 0, 10098, 1, 10000, 31);
INSERT INTO activity(activity_id, date, distance, estrealisee, programme_id, sport_id, CENTREINTERET_ID, timeframe_id) VALUES (10395, '2018-05-04', 7.003155028763376, 0, 10098, 1, 10000, 39);
INSERT INTO programme(programme_id, date_debut, user_id, objectif_distance) VALUES (10099, '2018-04-23', 10049, 12);
INSERT INTO activity(activity_id, date, distance, estrealisee, programme_id, sport_id, CENTREINTERET_ID, timeframe_id) VALUES (10396, '2018-04-17', 8.807001375108083, 1, 10099, 1, 10000, 18);
INSERT INTO realisation(realisation_id, date, distance, activity_id, programme_id, CENTREINTERET_ID, timeframe_id) VALUES (10196, '2018-04-17', 4, 10396, 10099, 10000, 18);
INSERT INTO activity(activity_id, date, distance, estrealisee, programme_id, sport_id, CENTREINTERET_ID, timeframe_id) VALUES (10397, '2018-04-18', 7.7761110782656, 1, 10099, 1, 10000, 40);
INSERT INTO realisation(realisation_id, date, distance, activity_id, programme_id, CENTREINTERET_ID, timeframe_id) VALUES (10197, '2018-04-18', 4, 10397, 10099, 10000, 40);
INSERT INTO activity(activity_id, date, distance, estrealisee, programme_id, sport_id, CENTREINTERET_ID, timeframe_id) VALUES (10398, '2018-04-19', 7.413925889590371, 1, 10099, 1, 10000, 48);
INSERT INTO realisation(realisation_id, date, distance, activity_id, programme_id, CENTREINTERET_ID, timeframe_id) VALUES (10198, '2018-04-19', 4, 10398, 10099, 10000, 48);
INSERT INTO activity(activity_id, date, distance, estrealisee, programme_id, sport_id, CENTREINTERET_ID, timeframe_id) VALUES (10399, '2018-04-20', 11.527303582869102, 1, 10099, 1, 10000, 5);
INSERT INTO realisation(realisation_id, date, distance, activity_id, programme_id, CENTREINTERET_ID, timeframe_id) VALUES (10199, '2018-04-20', 4, 10399, 10099, 10000, 5);
