INSERT INTO users (ID, USERNAME, PASSWORD, FIRSTNAME, LASTNAME, EMAIL, ENABLED, LASTPASSWORDRESETDATE, OBJECTIFHEBDO) VALUES (100, 'admin', '$2a$08$lDnHPz7eUkSi6ao14Twuau08mzhWrL4kyZGGU5xfiGALO/Vxd5DOi', 'admin', 'admin', 'admin@admin.com', 1, '2003/01/22', -1);
INSERT INTO users (ID, USERNAME, PASSWORD, FIRSTNAME, LASTNAME, EMAIL, ENABLED, LASTPASSWORDRESETDATE, OBJECTIFHEBDO) VALUES (200, 'user', '$2a$08$UkVvwpULis18S19S5pZFn.YHPZt3oaqHZnDwqbCW9pft6uFtkXKDC', 'user', 'user', 'enabled@user.com', 1, '2003/01/22', -1);
INSERT INTO users (ID, USERNAME, PASSWORD, FIRSTNAME, LASTNAME, EMAIL, ENABLED, LASTPASSWORDRESETDATE, OBJECTIFHEBDO) VALUES (300, 'disabled', '$2a$08$UkVvwpULis18S19S5pZFn.YHPZt3oaqHZnDwqbCW9pft6uFtkXKDC', 'user', 'user', 'disabled@user.com', 0, '2003/01/22', -1);

INSERT INTO authority (ID, NAME) VALUES (1, 'ROLE_USER');
INSERT INTO authority (ID, NAME) VALUES (2, 'ROLE_ADMIN');

INSERT INTO user_authority (USER_ID, AUTHORITY_ID) VALUES (100, 1);
INSERT INTO user_authority (USER_ID, AUTHORITY_ID) VALUES (100, 2);
INSERT INTO user_authority (USER_ID, AUTHORITY_ID) VALUES (200, 1);
INSERT INTO user_authority (USER_ID, AUTHORITY_ID) VALUES (300, 1);

INSERT INTO timeframe (ID, HEUREDEBUT, HEUREFIN, NOMJOUR, EVALUATION) VALUES (1, 0, 3, 'LUNDI', -1);
INSERT INTO timeframe (ID, HEUREDEBUT, HEUREFIN, NOMJOUR, EVALUATION) VALUES (2, 3, 6, 'LUNDI', -1);
INSERT INTO timeframe (ID, HEUREDEBUT, HEUREFIN, NOMJOUR, EVALUATION) VALUES (3, 6, 9, 'LUNDI', -1);
INSERT INTO timeframe (ID, HEUREDEBUT, HEUREFIN, NOMJOUR, EVALUATION) VALUES (4, 9, 12, 'LUNDI', -1);
INSERT INTO timeframe (ID, HEUREDEBUT, HEUREFIN, NOMJOUR, EVALUATION) VALUES (5, 12, 15, 'LUNDI', -1);
INSERT INTO timeframe (ID, HEUREDEBUT, HEUREFIN, NOMJOUR, EVALUATION) VALUES (6, 15, 18, 'LUNDI', -1);
INSERT INTO timeframe (ID, HEUREDEBUT, HEUREFIN, NOMJOUR, EVALUATION) VALUES (7, 18, 21, 'LUNDI', -1);
INSERT INTO timeframe (ID, HEUREDEBUT, HEUREFIN, NOMJOUR, EVALUATION) VALUES (8, 21, 24, 'LUNDI', -1);
INSERT INTO timeframe (ID, HEUREDEBUT, HEUREFIN, NOMJOUR, EVALUATION) VALUES (9, 0, 3, 'MARDI', -1);
INSERT INTO timeframe (ID, HEUREDEBUT, HEUREFIN, NOMJOUR, EVALUATION) VALUES (10, 3, 6, 'MARDI', -1);
INSERT INTO timeframe (ID, HEUREDEBUT, HEUREFIN, NOMJOUR, EVALUATION) VALUES (11, 6, 9, 'MARDI', -1);
INSERT INTO timeframe (ID, HEUREDEBUT, HEUREFIN, NOMJOUR, EVALUATION) VALUES (12, 9, 12, 'MARDI', -1);
INSERT INTO timeframe (ID, HEUREDEBUT, HEUREFIN, NOMJOUR, EVALUATION) VALUES (13, 12, 15, 'MARDI', -1);
INSERT INTO timeframe (ID, HEUREDEBUT, HEUREFIN, NOMJOUR, EVALUATION) VALUES (14, 15, 18, 'MARDI', -1);
INSERT INTO timeframe (ID, HEUREDEBUT, HEUREFIN, NOMJOUR, EVALUATION) VALUES (15, 18, 21, 'MARDI', -1);
INSERT INTO timeframe (ID, HEUREDEBUT, HEUREFIN, NOMJOUR, EVALUATION) VALUES (16, 21, 24, 'MARDI', -1);
INSERT INTO timeframe (ID, HEUREDEBUT, HEUREFIN, NOMJOUR, EVALUATION) VALUES (17, 0, 3, 'MERCREDI', -1);
INSERT INTO timeframe (ID, HEUREDEBUT, HEUREFIN, NOMJOUR, EVALUATION) VALUES (18, 3, 6, 'MERCREDI', -1);
INSERT INTO timeframe (ID, HEUREDEBUT, HEUREFIN, NOMJOUR, EVALUATION) VALUES (19, 6, 9, 'MERCREDI', -1);
INSERT INTO timeframe (ID, HEUREDEBUT, HEUREFIN, NOMJOUR, EVALUATION) VALUES (20, 9, 12, 'MERCREDI', -1);
INSERT INTO timeframe (ID, HEUREDEBUT, HEUREFIN, NOMJOUR, EVALUATION) VALUES (21, 12, 15, 'MERCREDI', -1);
INSERT INTO timeframe (ID, HEUREDEBUT, HEUREFIN, NOMJOUR, EVALUATION) VALUES (22, 15, 18, 'MERCREDI', -1);
INSERT INTO timeframe (ID, HEUREDEBUT, HEUREFIN, NOMJOUR, EVALUATION) VALUES (23, 18, 21, 'MERCREDI', -1);
INSERT INTO timeframe (ID, HEUREDEBUT, HEUREFIN, NOMJOUR, EVALUATION) VALUES (24, 21, 24, 'MERCREDI', -1);
INSERT INTO timeframe (ID, HEUREDEBUT, HEUREFIN, NOMJOUR, EVALUATION) VALUES (25, 0, 3, 'JEUDI', -1);
INSERT INTO timeframe (ID, HEUREDEBUT, HEUREFIN, NOMJOUR, EVALUATION) VALUES (26, 3, 6, 'JEUDI', -1);
INSERT INTO timeframe (ID, HEUREDEBUT, HEUREFIN, NOMJOUR, EVALUATION) VALUES (27, 6, 9, 'JEUDI', -1);
INSERT INTO timeframe (ID, HEUREDEBUT, HEUREFIN, NOMJOUR, EVALUATION) VALUES (28, 9, 12, 'JEUDI', -1);
INSERT INTO timeframe (ID, HEUREDEBUT, HEUREFIN, NOMJOUR, EVALUATION) VALUES (29, 12, 15, 'JEUDI', -1);
INSERT INTO timeframe (ID, HEUREDEBUT, HEUREFIN, NOMJOUR, EVALUATION) VALUES (30, 15, 18, 'JEUDI', -1);
INSERT INTO timeframe (ID, HEUREDEBUT, HEUREFIN, NOMJOUR, EVALUATION) VALUES (31, 18, 21, 'JEUDI', -1);
INSERT INTO timeframe (ID, HEUREDEBUT, HEUREFIN, NOMJOUR, EVALUATION) VALUES (32, 21, 24, 'JEUDI', -1);
INSERT INTO timeframe (ID, HEUREDEBUT, HEUREFIN, NOMJOUR, EVALUATION) VALUES (33, 0, 3, 'VENDREDI', -1);
INSERT INTO timeframe (ID, HEUREDEBUT, HEUREFIN, NOMJOUR, EVALUATION) VALUES (34, 3, 6, 'VENDREDI', -1);
INSERT INTO timeframe (ID, HEUREDEBUT, HEUREFIN, NOMJOUR, EVALUATION) VALUES (35, 6, 9, 'VENDREDI', -1);
INSERT INTO timeframe (ID, HEUREDEBUT, HEUREFIN, NOMJOUR, EVALUATION) VALUES (36, 9, 12, 'VENDREDI', -1);
INSERT INTO timeframe (ID, HEUREDEBUT, HEUREFIN, NOMJOUR, EVALUATION) VALUES (37, 12, 15, 'VENDREDI', -1);
INSERT INTO timeframe (ID, HEUREDEBUT, HEUREFIN, NOMJOUR, EVALUATION) VALUES (38, 15, 18, 'VENDREDI', -1);
INSERT INTO timeframe (ID, HEUREDEBUT, HEUREFIN, NOMJOUR, EVALUATION) VALUES (39, 18, 21, 'VENDREDI', -1);
INSERT INTO timeframe (ID, HEUREDEBUT, HEUREFIN, NOMJOUR, EVALUATION) VALUES (40, 21, 24, 'VENDREDI', -1);
INSERT INTO timeframe (ID, HEUREDEBUT, HEUREFIN, NOMJOUR, EVALUATION) VALUES (41, 0, 3, 'SAMEDI', -1);
INSERT INTO timeframe (ID, HEUREDEBUT, HEUREFIN, NOMJOUR, EVALUATION) VALUES (42, 3, 6, 'SAMEDI', -1);
INSERT INTO timeframe (ID, HEUREDEBUT, HEUREFIN, NOMJOUR, EVALUATION) VALUES (43, 6, 9, 'SAMEDI', -1);
INSERT INTO timeframe (ID, HEUREDEBUT, HEUREFIN, NOMJOUR, EVALUATION) VALUES (44, 9, 12, 'SAMEDI', -1);
INSERT INTO timeframe (ID, HEUREDEBUT, HEUREFIN, NOMJOUR, EVALUATION) VALUES (45, 12, 15, 'SAMEDI', -1);
INSERT INTO timeframe (ID, HEUREDEBUT, HEUREFIN, NOMJOUR, EVALUATION) VALUES (46, 15, 18, 'SAMEDI', -1);
INSERT INTO timeframe (ID, HEUREDEBUT, HEUREFIN, NOMJOUR, EVALUATION) VALUES (47, 18, 21, 'SAMEDI', -1);
INSERT INTO timeframe (ID, HEUREDEBUT, HEUREFIN, NOMJOUR, EVALUATION) VALUES (48, 21, 24, 'SAMEDI', -1);
INSERT INTO timeframe (ID, HEUREDEBUT, HEUREFIN, NOMJOUR, EVALUATION) VALUES (49, 0, 3, 'DIMANCHE', -1);
INSERT INTO timeframe (ID, HEUREDEBUT, HEUREFIN, NOMJOUR, EVALUATION) VALUES (50, 3, 6, 'DIMANCHE', -1);
INSERT INTO timeframe (ID, HEUREDEBUT, HEUREFIN, NOMJOUR, EVALUATION) VALUES (51, 6, 9, 'DIMANCHE', -1);
INSERT INTO timeframe (ID, HEUREDEBUT, HEUREFIN, NOMJOUR, EVALUATION) VALUES (52, 9, 12, 'DIMANCHE', -1);
INSERT INTO timeframe (ID, HEUREDEBUT, HEUREFIN, NOMJOUR, EVALUATION) VALUES (53, 12, 15, 'DIMANCHE', -1);
INSERT INTO timeframe (ID, HEUREDEBUT, HEUREFIN, NOMJOUR, EVALUATION) VALUES (54, 15, 18, 'DIMANCHE', -1);
INSERT INTO timeframe (ID, HEUREDEBUT, HEUREFIN, NOMJOUR, EVALUATION) VALUES (55, 18, 21, 'DIMANCHE', -1);
INSERT INTO timeframe (ID, HEUREDEBUT, HEUREFIN, NOMJOUR, EVALUATION) VALUES (56, 21, 24, 'DIMANCHE', -1);

INSERT INTO sport(SPORT_ID, NOM, KMH, KCALH) VALUES (1, 'Course', 12, 880);
INSERT INTO sport(SPORT_ID, NOM, KMH, KCALH) VALUES (2, 'Marche', 4, 245);
INSERT INTO sport(SPORT_ID, NOM, KMH, KCALH) VALUES (3, 'Cyclisme', 20, 690);

INSERT INTO programme(programme_id, date_debut, user_id) VALUES (100, '2018-04-16', 200);
INSERT INTO programme(programme_id, date_debut, user_id) VALUES (200, '2018-04-23', 200);
INSERT INTO programme(programme_id, date_debut, user_id) VALUES (300, '2018-04-09', 200);
INSERT INTO programme(programme_id, date_debut, user_id) VALUES (400, '2018-04-02', 200);
INSERT INTO programme(programme_id, date_debut, user_id) VALUES (500, '2018-04-16', 100);
INSERT INTO programme(programme_id, date_debut, user_id) VALUES (600, '2018-04-23', 100);

INSERT INTO activity(activity_id, date, distance, estrealisee, programme_id, sport_id, centreinteret_id, timeframe_id) VALUES (100, '2018-04-29', 6, 0, 200, 1, 10000, 51);
INSERT INTO activity(activity_id, date, distance, estrealisee, programme_id, sport_id, centreinteret_id, timeframe_id) VALUES (300, '2018-04-27', 8, 0, 200, 2, 10000, 35);
INSERT INTO activity(activity_id, date, distance, estrealisee, programme_id, sport_id, centreinteret_id, timeframe_id) VALUES (200, '2018-04-28', 10, 1, 200, 1, 10000, 44);
INSERT INTO activity(activity_id, date, distance, estrealisee, programme_id, sport_id, centreinteret_id, timeframe_id) VALUES (400, '2018-04-29', 10, 0, 200, 1, 10000, 55);
INSERT INTO activity(activity_id, date, distance, estrealisee, programme_id, sport_id, centreinteret_id, timeframe_id) VALUES (500, '2018-04-25', 12, 0, 200, 2, 10000, 23);
INSERT INTO activity(activity_id, date, distance, estrealisee, programme_id, sport_id, centreinteret_id, timeframe_id) VALUES (600, '2018-04-28', 5, 1, 200, 1, 10000, 47);

INSERT INTO realisation(realisation_id, date, distance, activity_id, programme_id, centreinteret_id) VALUES (100, '2018-04-23', 11, 200, 200, 10000);


INSERT INTO point (ID, x, y) VALUES (10000, 45.77846429629631, 4.852797629629627);
INSERT INTO centreinteret (ID, NAME, POINT_ID) VALUES (10000, "Parc de la Tête d'Or", 10000);
INSERT INTO point (ID, x, y) VALUES (10001, 45.77868958333333, 4.853984940476191);
INSERT INTO centreinteret (ID, NAME, POINT_ID) VALUES (10001, "Tour Parc de la Tête d'Or", 10001);
INSERT INTO point (ID, x, y) VALUES (10002, 45.76518764705882, 4.823596470588235);
INSERT INTO centreinteret (ID, NAME, POINT_ID) VALUES (10002, "Escaliers Nicolas de Lange", 10002);
INSERT INTO point (ID, x, y) VALUES (10003, 45.77069710144926, 4.841091594202898);
INSERT INTO centreinteret (ID, NAME, POINT_ID) VALUES (10003, "Pt Lafayette-Tete or par les quais", 10003);
INSERT INTO point (ID, x, y) VALUES (10004, 45.72979947368422, 4.812275789473685);
INSERT INTO centreinteret (ID, NAME, POINT_ID) VALUES (10004, "descente escalier mulatiere", 10004);
INSERT INTO point (ID, x, y) VALUES (10005, 45.739675, 4.8260112903225805);
INSERT INTO centreinteret (ID, NAME, POINT_ID) VALUES (10005, "Pont a pont", 10005);
INSERT INTO point (ID, x, y) VALUES (10006, 45.74327516129033, 4.829121612903227);
INSERT INTO centreinteret (ID, NAME, POINT_ID) VALUES (10006, "Gwen2kA", 10006);
INSERT INTO point (ID, x, y) VALUES (10007, 45.704891739130424, 4.755103478260869);
INSERT INTO centreinteret (ID, NAME, POINT_ID) VALUES (10007, "Rue Favre Garin Climb", 10007);
INSERT INTO point (ID, x, y) VALUES (10008, 45.789565, 4.754929117647059);
INSERT INTO centreinteret (ID, NAME, POINT_ID) VALUES (10008, "Chemin Du Petit Bois Climb", 10008);
INSERT INTO point (ID, x, y) VALUES (10009, 45.71834150000001, 4.8964025);
INSERT INTO centreinteret (ID, NAME, POINT_ID) VALUES (10009, "Tour de Piste_1 Parilly", 10009);
INSERT INTO point (ID, x, y) VALUES (10010, 45.772916756756764, 4.815414864864865);
INSERT INTO centreinteret (ID, NAME, POINT_ID) VALUES (10010, "Montée des Esses", 10010);
INSERT INTO point (ID, x, y) VALUES (10011, 45.79343764044942, 4.912938314606743);
INSERT INTO centreinteret (ID, NAME, POINT_ID) VALUES (10011, "Piste cyclable vers Miribel-Jonage", 10011);
INSERT INTO point (ID, x, y) VALUES (10012, 45.798205454545446, 4.841378909090911);
INSERT INTO centreinteret (ID, NAME, POINT_ID) VALUES (10012, "Montée Castellane", 10012);
INSERT INTO point (ID, x, y) VALUES (10013, 45.76642445544555, 4.840650792079208);
INSERT INTO centreinteret (ID, NAME, POINT_ID) VALUES (10013, "Berge du Rhône (pont Wilson > Lattre)", 10013);
INSERT INTO point (ID, x, y) VALUES (10014, 45.793744285714304, 4.912491071428572);
INSERT INTO centreinteret (ID, NAME, POINT_ID) VALUES (10014, "voie cyclable vers Parc M. Jonage", 10014);
INSERT INTO point (ID, x, y) VALUES (10015, 45.723371875, 4.76817484375);
INSERT INTO centreinteret (ID, NAME, POINT_ID) VALUES (10015, "Route des Aqueducs", 10015);
INSERT INTO point (ID, x, y) VALUES (10016, 45.751369999999994, 4.763712727272727);
INSERT INTO centreinteret (ID, NAME, POINT_ID) VALUES (10016, "Côte d'Alaï", 10016);
INSERT INTO point (ID, x, y) VALUES (10017, 45.742725555555566, 4.813963703703704);
INSERT INTO centreinteret (ID, NAME, POINT_ID) VALUES (10017, "Quai JJ Rousseau", 10017);


INSERT INTO point (ID, x, y) VALUES (50000, 45.77239349061264, 4.891434370637749);
INSERT INTO users (ID, USERNAME, PASSWORD, FIRSTNAME, LASTNAME, EMAIL, ENABLED, LASTPASSWORDRESETDATE, OBJECTIFHEBDO, Location_id) VALUES (10000, "user0", "$2a$08$UkVvwpULis18S19S5pZFn.YHPZt3oaqHZnDwqbCW9pft6uFtkXKDC", "user0", "user0", "user0@user.com", 1, "2003/01/22", 8, 50000);
INSERT INTO user_authority (USER_ID, AUTHORITY_ID) VALUES (10000, 2);
INSERT INTO programme(programme_id, date_debut, user_id) VALUES (10000, '2018-04-23', 10000);
INSERT INTO activity(activity_id, date, distance, estrealisee, programme_id, sport_id, CENTREINTERET_ID, timeframe_id) VALUES (10000, '01-05-2018', 9.958293761864052, 0, 10000, 1, 10000, 14);
INSERT INTO activity(activity_id, date, distance, estrealisee, programme_id, sport_id, CENTREINTERET_ID, timeframe_id) VALUES (10001, '02-05-2018', 7.113652261926132, 0, 10000, 1, 10000, 20);
INSERT INTO activity(activity_id, date, distance, estrealisee, programme_id, sport_id, CENTREINTERET_ID, timeframe_id) VALUES (10002, '03-05-2018', 10.793659748328244, 0, 10000, 1, 10000, 31);
INSERT INTO activity(activity_id, date, distance, estrealisee, programme_id, sport_id, CENTREINTERET_ID, timeframe_id) VALUES (10003, '04-05-2018', 7.884559721925086, 0, 10000, 1, 10000, 39);
INSERT INTO activity(activity_id, date, distance, estrealisee, programme_id, sport_id, CENTREINTERET_ID, timeframe_id) VALUES (10004, '2018-04-17', 9.086587319737635, 1, 10000, 1, 10000, 55);
INSERT INTO realisation(realisation_id, date, distance, activity_id, programme_id, CENTREINTERET_ID, timeframe_id) VALUES (10000, '2018-04-17', 4, 10004, 10000, 10000, 55);
INSERT INTO activity(activity_id, date, distance, estrealisee, programme_id, sport_id, CENTREINTERET_ID, timeframe_id) VALUES (10005, '2018-04-18', 7.174188901285783, 1, 10000, 1, 10000, 15);
INSERT INTO realisation(realisation_id, date, distance, activity_id, programme_id, CENTREINTERET_ID, timeframe_id) VALUES (10001, '2018-04-18', 4, 10005, 10000, 10000, 15);
INSERT INTO activity(activity_id, date, distance, estrealisee, programme_id, sport_id, CENTREINTERET_ID, timeframe_id) VALUES (10006, '2018-04-19', 10.08709956532005, 1, 10000, 1, 10000, 1);
INSERT INTO realisation(realisation_id, date, distance, activity_id, programme_id, CENTREINTERET_ID, timeframe_id) VALUES (10002, '2018-04-19', 4, 10006, 10000, 10000, 1);
INSERT INTO activity(activity_id, date, distance, estrealisee, programme_id, sport_id, CENTREINTERET_ID, timeframe_id) VALUES (10007, '2018-04-20', 11.115956096082982, 1, 10000, 1, 10000, 46);
INSERT INTO realisation(realisation_id, date, distance, activity_id, programme_id, CENTREINTERET_ID, timeframe_id) VALUES (10003, '2018-04-20', 4, 10007, 10000, 10000, 46);

INSERT INTO point (ID, x, y) VALUES (50001, 45.71984613549798, 4.862621804504998);
INSERT INTO users (ID, USERNAME, PASSWORD, FIRSTNAME, LASTNAME, EMAIL, ENABLED, LASTPASSWORDRESETDATE, OBJECTIFHEBDO, Location_id) VALUES (10001, "user1", "$2a$08$UkVvwpULis18S19S5pZFn.YHPZt3oaqHZnDwqbCW9pft6uFtkXKDC", "user1", "user1", "user1@user.com", 1, "2003/01/22", 13, 50001);
INSERT INTO user_authority (USER_ID, AUTHORITY_ID) VALUES (10001, 2);
INSERT INTO programme(programme_id, date_debut, user_id) VALUES (10001, '2018-04-23', 10001);
INSERT INTO activity(activity_id, date, distance, estrealisee, programme_id, sport_id, CENTREINTERET_ID, timeframe_id) VALUES (10008, '01-05-2018', 9.187532678333763, 0, 10001, 1, 10000, 14);
INSERT INTO activity(activity_id, date, distance, estrealisee, programme_id, sport_id, CENTREINTERET_ID, timeframe_id) VALUES (10009, '02-05-2018', 8.757094468979655, 0, 10001, 1, 10000, 20);
INSERT INTO activity(activity_id, date, distance, estrealisee, programme_id, sport_id, CENTREINTERET_ID, timeframe_id) VALUES (10010, '03-05-2018', 11.923772233791436, 0, 10001, 1, 10000, 31);
INSERT INTO activity(activity_id, date, distance, estrealisee, programme_id, sport_id, CENTREINTERET_ID, timeframe_id) VALUES (10011, '04-05-2018', 9.894356526626336, 0, 10001, 1, 10000, 39);
INSERT INTO activity(activity_id, date, distance, estrealisee, programme_id, sport_id, CENTREINTERET_ID, timeframe_id) VALUES (10012, '2018-04-17', 10.358767870470366, 1, 10001, 1, 10000, 0);
INSERT INTO realisation(realisation_id, date, distance, activity_id, programme_id, CENTREINTERET_ID, timeframe_id) VALUES (10004, '2018-04-17', 4, 10012, 10001, 10000, 0);
INSERT INTO activity(activity_id, date, distance, estrealisee, programme_id, sport_id, CENTREINTERET_ID, timeframe_id) VALUES (10013, '2018-04-18', 10.204773483696243, 1, 10001, 1, 10000, 35);
INSERT INTO realisation(realisation_id, date, distance, activity_id, programme_id, CENTREINTERET_ID, timeframe_id) VALUES (10005, '2018-04-18', 4, 10013, 10001, 10000, 35);
INSERT INTO activity(activity_id, date, distance, estrealisee, programme_id, sport_id, CENTREINTERET_ID, timeframe_id) VALUES (10014, '2018-04-19', 7.997566591418902, 1, 10001, 1, 10000, 31);
INSERT INTO realisation(realisation_id, date, distance, activity_id, programme_id, CENTREINTERET_ID, timeframe_id) VALUES (10006, '2018-04-19', 4, 10014, 10001, 10000, 31);
INSERT INTO activity(activity_id, date, distance, estrealisee, programme_id, sport_id, CENTREINTERET_ID, timeframe_id) VALUES (10015, '2018-04-20', 10.665812375944899, 1, 10001, 1, 10000, 43);
INSERT INTO realisation(realisation_id, date, distance, activity_id, programme_id, CENTREINTERET_ID, timeframe_id) VALUES (10007, '2018-04-20', 4, 10015, 10001, 10000, 43);

INSERT INTO point (ID, x, y) VALUES (50002, 45.719199384048004, 4.873037556558241);
INSERT INTO users (ID, USERNAME, PASSWORD, FIRSTNAME, LASTNAME, EMAIL, ENABLED, LASTPASSWORDRESETDATE, OBJECTIFHEBDO, Location_id) VALUES (10002, "user2", "$2a$08$UkVvwpULis18S19S5pZFn.YHPZt3oaqHZnDwqbCW9pft6uFtkXKDC", "user2", "user2", "user2@user.com", 1, "2003/01/22", 6, 50002);
INSERT INTO user_authority (USER_ID, AUTHORITY_ID) VALUES (10002, 2);
INSERT INTO programme(programme_id, date_debut, user_id) VALUES (10002, '2018-04-23', 10002);
INSERT INTO activity(activity_id, date, distance, estrealisee, programme_id, sport_id, CENTREINTERET_ID, timeframe_id) VALUES (10016, '01-05-2018', 9.62205341524622, 0, 10002, 1, 10000, 14);
INSERT INTO activity(activity_id, date, distance, estrealisee, programme_id, sport_id, CENTREINTERET_ID, timeframe_id) VALUES (10017, '02-05-2018', 7.182564306785382, 0, 10002, 1, 10000, 20);
INSERT INTO activity(activity_id, date, distance, estrealisee, programme_id, sport_id, CENTREINTERET_ID, timeframe_id) VALUES (10018, '03-05-2018', 10.534221435589508, 0, 10002, 1, 10000, 31);
INSERT INTO activity(activity_id, date, distance, estrealisee, programme_id, sport_id, CENTREINTERET_ID, timeframe_id) VALUES (10019, '04-05-2018', 9.896239624701785, 0, 10002, 1, 10000, 39);
INSERT INTO activity(activity_id, date, distance, estrealisee, programme_id, sport_id, CENTREINTERET_ID, timeframe_id) VALUES (10020, '2018-04-17', 11.637994343514709, 1, 10002, 1, 10000, 11);
INSERT INTO realisation(realisation_id, date, distance, activity_id, programme_id, CENTREINTERET_ID, timeframe_id) VALUES (10008, '2018-04-17', 4, 10020, 10002, 10000, 11);
INSERT INTO activity(activity_id, date, distance, estrealisee, programme_id, sport_id, CENTREINTERET_ID, timeframe_id) VALUES (10021, '2018-04-18', 9.508607068474742, 1, 10002, 1, 10000, 17);
INSERT INTO realisation(realisation_id, date, distance, activity_id, programme_id, CENTREINTERET_ID, timeframe_id) VALUES (10009, '2018-04-18', 4, 10021, 10002, 10000, 17);
INSERT INTO activity(activity_id, date, distance, estrealisee, programme_id, sport_id, CENTREINTERET_ID, timeframe_id) VALUES (10022, '2018-04-19', 9.534270098778824, 1, 10002, 1, 10000, 2);
INSERT INTO realisation(realisation_id, date, distance, activity_id, programme_id, CENTREINTERET_ID, timeframe_id) VALUES (10010, '2018-04-19', 4, 10022, 10002, 10000, 2);
INSERT INTO activity(activity_id, date, distance, estrealisee, programme_id, sport_id, CENTREINTERET_ID, timeframe_id) VALUES (10023, '2018-04-20', 8.220356353659952, 1, 10002, 1, 10000, 55);
INSERT INTO realisation(realisation_id, date, distance, activity_id, programme_id, CENTREINTERET_ID, timeframe_id) VALUES (10011, '2018-04-20', 4, 10023, 10002, 10000, 55);

INSERT INTO point (ID, x, y) VALUES (50003, 45.72364953122909, 4.862400362155549);
INSERT INTO users (ID, USERNAME, PASSWORD, FIRSTNAME, LASTNAME, EMAIL, ENABLED, LASTPASSWORDRESETDATE, OBJECTIFHEBDO, Location_id) VALUES (10003, "user3", "$2a$08$UkVvwpULis18S19S5pZFn.YHPZt3oaqHZnDwqbCW9pft6uFtkXKDC", "user3", "user3", "user3@user.com", 1, "2003/01/22", 19, 50003);
INSERT INTO user_authority (USER_ID, AUTHORITY_ID) VALUES (10003, 2);
INSERT INTO programme(programme_id, date_debut, user_id) VALUES (10003, '2018-04-23', 10003);
INSERT INTO activity(activity_id, date, distance, estrealisee, programme_id, sport_id, CENTREINTERET_ID, timeframe_id) VALUES (10024, '01-05-2018', 7.688276612714209, 0, 10003, 1, 10000, 14);
INSERT INTO activity(activity_id, date, distance, estrealisee, programme_id, sport_id, CENTREINTERET_ID, timeframe_id) VALUES (10025, '02-05-2018', 8.841371657191173, 0, 10003, 1, 10000, 20);
INSERT INTO activity(activity_id, date, distance, estrealisee, programme_id, sport_id, CENTREINTERET_ID, timeframe_id) VALUES (10026, '03-05-2018', 8.538889362829414, 0, 10003, 1, 10000, 31);
INSERT INTO activity(activity_id, date, distance, estrealisee, programme_id, sport_id, CENTREINTERET_ID, timeframe_id) VALUES (10027, '04-05-2018', 10.992947227086976, 0, 10003, 1, 10000, 39);
INSERT INTO activity(activity_id, date, distance, estrealisee, programme_id, sport_id, CENTREINTERET_ID, timeframe_id) VALUES (10028, '2018-04-17', 7.663351944508026, 1, 10003, 1, 10000, 49);
INSERT INTO realisation(realisation_id, date, distance, activity_id, programme_id, CENTREINTERET_ID, timeframe_id) VALUES (10012, '2018-04-17', 4, 10028, 10003, 10000, 49);
INSERT INTO activity(activity_id, date, distance, estrealisee, programme_id, sport_id, CENTREINTERET_ID, timeframe_id) VALUES (10029, '2018-04-18', 11.651769600160463, 1, 10003, 1, 10000, 30);
INSERT INTO realisation(realisation_id, date, distance, activity_id, programme_id, CENTREINTERET_ID, timeframe_id) VALUES (10013, '2018-04-18', 4, 10029, 10003, 10000, 30);
INSERT INTO activity(activity_id, date, distance, estrealisee, programme_id, sport_id, CENTREINTERET_ID, timeframe_id) VALUES (10030, '2018-04-19', 7.277270335876569, 1, 10003, 1, 10000, 46);
INSERT INTO realisation(realisation_id, date, distance, activity_id, programme_id, CENTREINTERET_ID, timeframe_id) VALUES (10014, '2018-04-19', 4, 10030, 10003, 10000, 46);
INSERT INTO activity(activity_id, date, distance, estrealisee, programme_id, sport_id, CENTREINTERET_ID, timeframe_id) VALUES (10031, '2018-04-20', 7.372919037854775, 1, 10003, 1, 10000, 53);
INSERT INTO realisation(realisation_id, date, distance, activity_id, programme_id, CENTREINTERET_ID, timeframe_id) VALUES (10015, '2018-04-20', 4, 10031, 10003, 10000, 53);

INSERT INTO point (ID, x, y) VALUES (50004, 45.76306068715764, 4.8763476114994155);
INSERT INTO users (ID, USERNAME, PASSWORD, FIRSTNAME, LASTNAME, EMAIL, ENABLED, LASTPASSWORDRESETDATE, OBJECTIFHEBDO, Location_id) VALUES (10004, "user4", "$2a$08$UkVvwpULis18S19S5pZFn.YHPZt3oaqHZnDwqbCW9pft6uFtkXKDC", "user4", "user4", "user4@user.com", 1, "2003/01/22", 15, 50004);
INSERT INTO user_authority (USER_ID, AUTHORITY_ID) VALUES (10004, 2);
INSERT INTO programme(programme_id, date_debut, user_id) VALUES (10004, '2018-04-23', 10004);
INSERT INTO activity(activity_id, date, distance, estrealisee, programme_id, sport_id, CENTREINTERET_ID, timeframe_id) VALUES (10032, '01-05-2018', 11.528320265601877, 0, 10004, 1, 10000, 14);
INSERT INTO activity(activity_id, date, distance, estrealisee, programme_id, sport_id, CENTREINTERET_ID, timeframe_id) VALUES (10033, '02-05-2018', 8.804104389306303, 0, 10004, 1, 10000, 20);
INSERT INTO activity(activity_id, date, distance, estrealisee, programme_id, sport_id, CENTREINTERET_ID, timeframe_id) VALUES (10034, '03-05-2018', 9.09653980673893, 0, 10004, 1, 10000, 31);
INSERT INTO activity(activity_id, date, distance, estrealisee, programme_id, sport_id, CENTREINTERET_ID, timeframe_id) VALUES (10035, '04-05-2018', 8.949605555940863, 0, 10004, 1, 10000, 39);
INSERT INTO activity(activity_id, date, distance, estrealisee, programme_id, sport_id, CENTREINTERET_ID, timeframe_id) VALUES (10036, '2018-04-17', 10.409388064378792, 1, 10004, 1, 10000, 16);
INSERT INTO realisation(realisation_id, date, distance, activity_id, programme_id, CENTREINTERET_ID, timeframe_id) VALUES (10016, '2018-04-17', 4, 10036, 10004, 10000, 16);
INSERT INTO activity(activity_id, date, distance, estrealisee, programme_id, sport_id, CENTREINTERET_ID, timeframe_id) VALUES (10037, '2018-04-18', 10.564447080902916, 1, 10004, 1, 10000, 53);
INSERT INTO realisation(realisation_id, date, distance, activity_id, programme_id, CENTREINTERET_ID, timeframe_id) VALUES (10017, '2018-04-18', 4, 10037, 10004, 10000, 53);
INSERT INTO activity(activity_id, date, distance, estrealisee, programme_id, sport_id, CENTREINTERET_ID, timeframe_id) VALUES (10038, '2018-04-19', 10.022897025125038, 1, 10004, 1, 10000, 31);
INSERT INTO realisation(realisation_id, date, distance, activity_id, programme_id, CENTREINTERET_ID, timeframe_id) VALUES (10018, '2018-04-19', 4, 10038, 10004, 10000, 31);
INSERT INTO activity(activity_id, date, distance, estrealisee, programme_id, sport_id, CENTREINTERET_ID, timeframe_id) VALUES (10039, '2018-04-20', 11.37793074893241, 1, 10004, 1, 10000, 1);
INSERT INTO realisation(realisation_id, date, distance, activity_id, programme_id, CENTREINTERET_ID, timeframe_id) VALUES (10019, '2018-04-20', 4, 10039, 10004, 10000, 1);

INSERT INTO point (ID, x, y) VALUES (50005, 45.76245057162861, 4.862742867898727);
INSERT INTO users (ID, USERNAME, PASSWORD, FIRSTNAME, LASTNAME, EMAIL, ENABLED, LASTPASSWORDRESETDATE, OBJECTIFHEBDO, Location_id) VALUES (10005, "user5", "$2a$08$UkVvwpULis18S19S5pZFn.YHPZt3oaqHZnDwqbCW9pft6uFtkXKDC", "user5", "user5", "user5@user.com", 1, "2003/01/22", 11, 50005);
INSERT INTO user_authority (USER_ID, AUTHORITY_ID) VALUES (10005, 2);
INSERT INTO programme(programme_id, date_debut, user_id) VALUES (10005, '2018-04-23', 10005);
INSERT INTO activity(activity_id, date, distance, estrealisee, programme_id, sport_id, CENTREINTERET_ID, timeframe_id) VALUES (10040, '01-05-2018', 7.954684231829612, 0, 10005, 1, 10000, 14);
INSERT INTO activity(activity_id, date, distance, estrealisee, programme_id, sport_id, CENTREINTERET_ID, timeframe_id) VALUES (10041, '02-05-2018', 10.32145675503366, 0, 10005, 1, 10000, 20);
INSERT INTO activity(activity_id, date, distance, estrealisee, programme_id, sport_id, CENTREINTERET_ID, timeframe_id) VALUES (10042, '03-05-2018', 9.544759640334911, 0, 10005, 1, 10000, 31);
INSERT INTO activity(activity_id, date, distance, estrealisee, programme_id, sport_id, CENTREINTERET_ID, timeframe_id) VALUES (10043, '04-05-2018', 9.2246350955551, 0, 10005, 1, 10000, 39);
INSERT INTO activity(activity_id, date, distance, estrealisee, programme_id, sport_id, CENTREINTERET_ID, timeframe_id) VALUES (10044, '2018-04-17', 10.150250959282841, 1, 10005, 1, 10000, 46);
INSERT INTO realisation(realisation_id, date, distance, activity_id, programme_id, CENTREINTERET_ID, timeframe_id) VALUES (10020, '2018-04-17', 4, 10044, 10005, 10000, 46);
INSERT INTO activity(activity_id, date, distance, estrealisee, programme_id, sport_id, CENTREINTERET_ID, timeframe_id) VALUES (10045, '2018-04-18', 10.864639117561275, 1, 10005, 1, 10000, 24);
INSERT INTO realisation(realisation_id, date, distance, activity_id, programme_id, CENTREINTERET_ID, timeframe_id) VALUES (10021, '2018-04-18', 4, 10045, 10005, 10000, 24);
INSERT INTO activity(activity_id, date, distance, estrealisee, programme_id, sport_id, CENTREINTERET_ID, timeframe_id) VALUES (10046, '2018-04-19', 9.509493400143318, 1, 10005, 1, 10000, 22);
INSERT INTO realisation(realisation_id, date, distance, activity_id, programme_id, CENTREINTERET_ID, timeframe_id) VALUES (10022, '2018-04-19', 4, 10046, 10005, 10000, 22);
INSERT INTO activity(activity_id, date, distance, estrealisee, programme_id, sport_id, CENTREINTERET_ID, timeframe_id) VALUES (10047, '2018-04-20', 9.23964777196745, 1, 10005, 1, 10000, 2);
INSERT INTO realisation(realisation_id, date, distance, activity_id, programme_id, CENTREINTERET_ID, timeframe_id) VALUES (10023, '2018-04-20', 4, 10047, 10005, 10000, 2);

INSERT INTO point (ID, x, y) VALUES (50006, 45.76601764198148, 4.865968467886049);
INSERT INTO users (ID, USERNAME, PASSWORD, FIRSTNAME, LASTNAME, EMAIL, ENABLED, LASTPASSWORDRESETDATE, OBJECTIFHEBDO, Location_id) VALUES (10006, "user6", "$2a$08$UkVvwpULis18S19S5pZFn.YHPZt3oaqHZnDwqbCW9pft6uFtkXKDC", "user6", "user6", "user6@user.com", 1, "2003/01/22", 8, 50006);
INSERT INTO user_authority (USER_ID, AUTHORITY_ID) VALUES (10006, 2);
INSERT INTO programme(programme_id, date_debut, user_id) VALUES (10006, '2018-04-23', 10006);
INSERT INTO activity(activity_id, date, distance, estrealisee, programme_id, sport_id, CENTREINTERET_ID, timeframe_id) VALUES (10048, '01-05-2018', 10.840033268380154, 0, 10006, 1, 10000, 14);
INSERT INTO activity(activity_id, date, distance, estrealisee, programme_id, sport_id, CENTREINTERET_ID, timeframe_id) VALUES (10049, '02-05-2018', 7.188305312293605, 0, 10006, 1, 10000, 20);
INSERT INTO activity(activity_id, date, distance, estrealisee, programme_id, sport_id, CENTREINTERET_ID, timeframe_id) VALUES (10050, '03-05-2018', 10.147250497412259, 0, 10006, 1, 10000, 31);
INSERT INTO activity(activity_id, date, distance, estrealisee, programme_id, sport_id, CENTREINTERET_ID, timeframe_id) VALUES (10051, '04-05-2018', 9.051655214000178, 0, 10006, 1, 10000, 39);
INSERT INTO activity(activity_id, date, distance, estrealisee, programme_id, sport_id, CENTREINTERET_ID, timeframe_id) VALUES (10052, '2018-04-17', 9.74257279506471, 1, 10006, 1, 10000, 14);
INSERT INTO realisation(realisation_id, date, distance, activity_id, programme_id, CENTREINTERET_ID, timeframe_id) VALUES (10024, '2018-04-17', 4, 10052, 10006, 10000, 14);
INSERT INTO activity(activity_id, date, distance, estrealisee, programme_id, sport_id, CENTREINTERET_ID, timeframe_id) VALUES (10053, '2018-04-18', 11.875713725113545, 1, 10006, 1, 10000, 11);
INSERT INTO realisation(realisation_id, date, distance, activity_id, programme_id, CENTREINTERET_ID, timeframe_id) VALUES (10025, '2018-04-18', 4, 10053, 10006, 10000, 11);
INSERT INTO activity(activity_id, date, distance, estrealisee, programme_id, sport_id, CENTREINTERET_ID, timeframe_id) VALUES (10054, '2018-04-19', 7.383486230802807, 1, 10006, 1, 10000, 35);
INSERT INTO realisation(realisation_id, date, distance, activity_id, programme_id, CENTREINTERET_ID, timeframe_id) VALUES (10026, '2018-04-19', 4, 10054, 10006, 10000, 35);
INSERT INTO activity(activity_id, date, distance, estrealisee, programme_id, sport_id, CENTREINTERET_ID, timeframe_id) VALUES (10055, '2018-04-20', 9.588470609412461, 1, 10006, 1, 10000, 25);
INSERT INTO realisation(realisation_id, date, distance, activity_id, programme_id, CENTREINTERET_ID, timeframe_id) VALUES (10027, '2018-04-20', 4, 10055, 10006, 10000, 25);

INSERT INTO point (ID, x, y) VALUES (50007, 45.751340077922194, 4.8841788480892525);
INSERT INTO users (ID, USERNAME, PASSWORD, FIRSTNAME, LASTNAME, EMAIL, ENABLED, LASTPASSWORDRESETDATE, OBJECTIFHEBDO, Location_id) VALUES (10007, "user7", "$2a$08$UkVvwpULis18S19S5pZFn.YHPZt3oaqHZnDwqbCW9pft6uFtkXKDC", "user7", "user7", "user7@user.com", 1, "2003/01/22", 12, 50007);
INSERT INTO user_authority (USER_ID, AUTHORITY_ID) VALUES (10007, 2);
INSERT INTO programme(programme_id, date_debut, user_id) VALUES (10007, '2018-04-23', 10007);
INSERT INTO activity(activity_id, date, distance, estrealisee, programme_id, sport_id, CENTREINTERET_ID, timeframe_id) VALUES (10056, '01-05-2018', 8.955702308040493, 0, 10007, 1, 10000, 14);
INSERT INTO activity(activity_id, date, distance, estrealisee, programme_id, sport_id, CENTREINTERET_ID, timeframe_id) VALUES (10057, '02-05-2018', 8.200715106257956, 0, 10007, 1, 10000, 20);
INSERT INTO activity(activity_id, date, distance, estrealisee, programme_id, sport_id, CENTREINTERET_ID, timeframe_id) VALUES (10058, '03-05-2018', 10.258448680991211, 0, 10007, 1, 10000, 31);
INSERT INTO activity(activity_id, date, distance, estrealisee, programme_id, sport_id, CENTREINTERET_ID, timeframe_id) VALUES (10059, '04-05-2018', 10.733251250802194, 0, 10007, 1, 10000, 39);
INSERT INTO activity(activity_id, date, distance, estrealisee, programme_id, sport_id, CENTREINTERET_ID, timeframe_id) VALUES (10060, '2018-04-17', 9.488569722310702, 1, 10007, 1, 10000, 38);
INSERT INTO realisation(realisation_id, date, distance, activity_id, programme_id, CENTREINTERET_ID, timeframe_id) VALUES (10028, '2018-04-17', 4, 10060, 10007, 10000, 38);
INSERT INTO activity(activity_id, date, distance, estrealisee, programme_id, sport_id, CENTREINTERET_ID, timeframe_id) VALUES (10061, '2018-04-18', 8.887711406765035, 1, 10007, 1, 10000, 14);
INSERT INTO realisation(realisation_id, date, distance, activity_id, programme_id, CENTREINTERET_ID, timeframe_id) VALUES (10029, '2018-04-18', 4, 10061, 10007, 10000, 14);
INSERT INTO activity(activity_id, date, distance, estrealisee, programme_id, sport_id, CENTREINTERET_ID, timeframe_id) VALUES (10062, '2018-04-19', 9.911226620409131, 1, 10007, 1, 10000, 6);
INSERT INTO realisation(realisation_id, date, distance, activity_id, programme_id, CENTREINTERET_ID, timeframe_id) VALUES (10030, '2018-04-19', 4, 10062, 10007, 10000, 6);
INSERT INTO activity(activity_id, date, distance, estrealisee, programme_id, sport_id, CENTREINTERET_ID, timeframe_id) VALUES (10063, '2018-04-20', 11.166334245391367, 1, 10007, 1, 10000, 49);
INSERT INTO realisation(realisation_id, date, distance, activity_id, programme_id, CENTREINTERET_ID, timeframe_id) VALUES (10031, '2018-04-20', 4, 10063, 10007, 10000, 49);

INSERT INTO point (ID, x, y) VALUES (50008, 45.77239973186941, 4.879123862404895);
INSERT INTO users (ID, USERNAME, PASSWORD, FIRSTNAME, LASTNAME, EMAIL, ENABLED, LASTPASSWORDRESETDATE, OBJECTIFHEBDO, Location_id) VALUES (10008, "user8", "$2a$08$UkVvwpULis18S19S5pZFn.YHPZt3oaqHZnDwqbCW9pft6uFtkXKDC", "user8", "user8", "user8@user.com", 1, "2003/01/22", 5, 50008);
INSERT INTO user_authority (USER_ID, AUTHORITY_ID) VALUES (10008, 2);
INSERT INTO programme(programme_id, date_debut, user_id) VALUES (10008, '2018-04-23', 10008);
INSERT INTO activity(activity_id, date, distance, estrealisee, programme_id, sport_id, CENTREINTERET_ID, timeframe_id) VALUES (10064, '01-05-2018', 10.854270919708634, 0, 10008, 1, 10000, 14);
INSERT INTO activity(activity_id, date, distance, estrealisee, programme_id, sport_id, CENTREINTERET_ID, timeframe_id) VALUES (10065, '02-05-2018', 10.809821872408543, 0, 10008, 1, 10000, 20);
INSERT INTO activity(activity_id, date, distance, estrealisee, programme_id, sport_id, CENTREINTERET_ID, timeframe_id) VALUES (10066, '03-05-2018', 11.55885445598762, 0, 10008, 1, 10000, 31);
INSERT INTO activity(activity_id, date, distance, estrealisee, programme_id, sport_id, CENTREINTERET_ID, timeframe_id) VALUES (10067, '04-05-2018', 11.609263073343019, 0, 10008, 1, 10000, 39);
INSERT INTO activity(activity_id, date, distance, estrealisee, programme_id, sport_id, CENTREINTERET_ID, timeframe_id) VALUES (10068, '2018-04-17', 7.05329441771782, 1, 10008, 1, 10000, 39);
INSERT INTO realisation(realisation_id, date, distance, activity_id, programme_id, CENTREINTERET_ID, timeframe_id) VALUES (10032, '2018-04-17', 4, 10068, 10008, 10000, 39);
INSERT INTO activity(activity_id, date, distance, estrealisee, programme_id, sport_id, CENTREINTERET_ID, timeframe_id) VALUES (10069, '2018-04-18', 11.294667151134965, 1, 10008, 1, 10000, 50);
INSERT INTO realisation(realisation_id, date, distance, activity_id, programme_id, CENTREINTERET_ID, timeframe_id) VALUES (10033, '2018-04-18', 4, 10069, 10008, 10000, 50);
INSERT INTO activity(activity_id, date, distance, estrealisee, programme_id, sport_id, CENTREINTERET_ID, timeframe_id) VALUES (10070, '2018-04-19', 8.73901107480025, 1, 10008, 1, 10000, 16);
INSERT INTO realisation(realisation_id, date, distance, activity_id, programme_id, CENTREINTERET_ID, timeframe_id) VALUES (10034, '2018-04-19', 4, 10070, 10008, 10000, 16);
INSERT INTO activity(activity_id, date, distance, estrealisee, programme_id, sport_id, CENTREINTERET_ID, timeframe_id) VALUES (10071, '2018-04-20', 11.362834660205332, 1, 10008, 1, 10000, 3);
INSERT INTO realisation(realisation_id, date, distance, activity_id, programme_id, CENTREINTERET_ID, timeframe_id) VALUES (10035, '2018-04-20', 4, 10071, 10008, 10000, 3);

INSERT INTO point (ID, x, y) VALUES (50009, 45.743382482156676, 4.840992881654001);
INSERT INTO users (ID, USERNAME, PASSWORD, FIRSTNAME, LASTNAME, EMAIL, ENABLED, LASTPASSWORDRESETDATE, OBJECTIFHEBDO, Location_id) VALUES (10009, "user9", "$2a$08$UkVvwpULis18S19S5pZFn.YHPZt3oaqHZnDwqbCW9pft6uFtkXKDC", "user9", "user9", "user9@user.com", 1, "2003/01/22", 11, 50009);
INSERT INTO user_authority (USER_ID, AUTHORITY_ID) VALUES (10009, 2);
INSERT INTO programme(programme_id, date_debut, user_id) VALUES (10009, '2018-04-23', 10009);
INSERT INTO activity(activity_id, date, distance, estrealisee, programme_id, sport_id, CENTREINTERET_ID, timeframe_id) VALUES (10072, '01-05-2018', 7.023974763279712, 0, 10009, 1, 10000, 14);
INSERT INTO activity(activity_id, date, distance, estrealisee, programme_id, sport_id, CENTREINTERET_ID, timeframe_id) VALUES (10073, '02-05-2018', 8.307609069099273, 0, 10009, 1, 10000, 20);
INSERT INTO activity(activity_id, date, distance, estrealisee, programme_id, sport_id, CENTREINTERET_ID, timeframe_id) VALUES (10074, '03-05-2018', 10.824084926573095, 0, 10009, 1, 10000, 31);
INSERT INTO activity(activity_id, date, distance, estrealisee, programme_id, sport_id, CENTREINTERET_ID, timeframe_id) VALUES (10075, '04-05-2018', 10.80192502542075, 0, 10009, 1, 10000, 39);
INSERT INTO activity(activity_id, date, distance, estrealisee, programme_id, sport_id, CENTREINTERET_ID, timeframe_id) VALUES (10076, '2018-04-17', 10.806991873937971, 1, 10009, 1, 10000, 45);
INSERT INTO realisation(realisation_id, date, distance, activity_id, programme_id, CENTREINTERET_ID, timeframe_id) VALUES (10036, '2018-04-17', 4, 10076, 10009, 10000, 45);
INSERT INTO activity(activity_id, date, distance, estrealisee, programme_id, sport_id, CENTREINTERET_ID, timeframe_id) VALUES (10077, '2018-04-18', 9.89701138817557, 1, 10009, 1, 10000, 54);
INSERT INTO realisation(realisation_id, date, distance, activity_id, programme_id, CENTREINTERET_ID, timeframe_id) VALUES (10037, '2018-04-18', 4, 10077, 10009, 10000, 54);
INSERT INTO activity(activity_id, date, distance, estrealisee, programme_id, sport_id, CENTREINTERET_ID, timeframe_id) VALUES (10078, '2018-04-19', 8.011196915286336, 1, 10009, 1, 10000, 37);
INSERT INTO realisation(realisation_id, date, distance, activity_id, programme_id, CENTREINTERET_ID, timeframe_id) VALUES (10038, '2018-04-19', 4, 10078, 10009, 10000, 37);
INSERT INTO activity(activity_id, date, distance, estrealisee, programme_id, sport_id, CENTREINTERET_ID, timeframe_id) VALUES (10079, '2018-04-20', 11.785211980551022, 1, 10009, 1, 10000, 14);
INSERT INTO realisation(realisation_id, date, distance, activity_id, programme_id, CENTREINTERET_ID, timeframe_id) VALUES (10039, '2018-04-20', 4, 10079, 10009, 10000, 14);

INSERT INTO point (ID, x, y) VALUES (50010, 45.722893871744304, 4.869310777028479);
INSERT INTO users (ID, USERNAME, PASSWORD, FIRSTNAME, LASTNAME, EMAIL, ENABLED, LASTPASSWORDRESETDATE, OBJECTIFHEBDO, Location_id) VALUES (10010, "user10", "$2a$08$UkVvwpULis18S19S5pZFn.YHPZt3oaqHZnDwqbCW9pft6uFtkXKDC", "user10", "user10", "user10@user.com", 1, "2003/01/22", 15, 50010);
INSERT INTO user_authority (USER_ID, AUTHORITY_ID) VALUES (10010, 2);
INSERT INTO programme(programme_id, date_debut, user_id) VALUES (10010, '2018-04-23', 10010);
INSERT INTO activity(activity_id, date, distance, estrealisee, programme_id, sport_id, CENTREINTERET_ID, timeframe_id) VALUES (10080, '01-05-2018', 8.850030909668877, 0, 10010, 1, 10000, 14);
INSERT INTO activity(activity_id, date, distance, estrealisee, programme_id, sport_id, CENTREINTERET_ID, timeframe_id) VALUES (10081, '02-05-2018', 11.403652158483709, 0, 10010, 1, 10000, 20);
INSERT INTO activity(activity_id, date, distance, estrealisee, programme_id, sport_id, CENTREINTERET_ID, timeframe_id) VALUES (10082, '03-05-2018', 8.523164281940605, 0, 10010, 1, 10000, 31);
INSERT INTO activity(activity_id, date, distance, estrealisee, programme_id, sport_id, CENTREINTERET_ID, timeframe_id) VALUES (10083, '04-05-2018', 8.629926369980238, 0, 10010, 1, 10000, 39);
INSERT INTO activity(activity_id, date, distance, estrealisee, programme_id, sport_id, CENTREINTERET_ID, timeframe_id) VALUES (10084, '2018-04-17', 10.935650240317896, 1, 10010, 1, 10000, 9);
INSERT INTO realisation(realisation_id, date, distance, activity_id, programme_id, CENTREINTERET_ID, timeframe_id) VALUES (10040, '2018-04-17', 4, 10084, 10010, 10000, 9);
INSERT INTO activity(activity_id, date, distance, estrealisee, programme_id, sport_id, CENTREINTERET_ID, timeframe_id) VALUES (10085, '2018-04-18', 8.618369716950834, 1, 10010, 1, 10000, 26);
INSERT INTO realisation(realisation_id, date, distance, activity_id, programme_id, CENTREINTERET_ID, timeframe_id) VALUES (10041, '2018-04-18', 4, 10085, 10010, 10000, 26);
INSERT INTO activity(activity_id, date, distance, estrealisee, programme_id, sport_id, CENTREINTERET_ID, timeframe_id) VALUES (10086, '2018-04-19', 9.889145862266384, 1, 10010, 1, 10000, 4);
INSERT INTO realisation(realisation_id, date, distance, activity_id, programme_id, CENTREINTERET_ID, timeframe_id) VALUES (10042, '2018-04-19', 4, 10086, 10010, 10000, 4);
INSERT INTO activity(activity_id, date, distance, estrealisee, programme_id, sport_id, CENTREINTERET_ID, timeframe_id) VALUES (10087, '2018-04-20', 10.460559211862783, 1, 10010, 1, 10000, 31);
INSERT INTO realisation(realisation_id, date, distance, activity_id, programme_id, CENTREINTERET_ID, timeframe_id) VALUES (10043, '2018-04-20', 4, 10087, 10010, 10000, 31);

INSERT INTO point (ID, x, y) VALUES (50011, 45.77200497343505, 4.8174669144949585);
INSERT INTO users (ID, USERNAME, PASSWORD, FIRSTNAME, LASTNAME, EMAIL, ENABLED, LASTPASSWORDRESETDATE, OBJECTIFHEBDO, Location_id) VALUES (10011, "user11", "$2a$08$UkVvwpULis18S19S5pZFn.YHPZt3oaqHZnDwqbCW9pft6uFtkXKDC", "user11", "user11", "user11@user.com", 1, "2003/01/22", 12, 50011);
INSERT INTO user_authority (USER_ID, AUTHORITY_ID) VALUES (10011, 2);
INSERT INTO programme(programme_id, date_debut, user_id) VALUES (10011, '2018-04-23', 10011);
INSERT INTO activity(activity_id, date, distance, estrealisee, programme_id, sport_id, CENTREINTERET_ID, timeframe_id) VALUES (10088, '01-05-2018', 8.838336442424128, 0, 10011, 1, 10000, 14);
INSERT INTO activity(activity_id, date, distance, estrealisee, programme_id, sport_id, CENTREINTERET_ID, timeframe_id) VALUES (10089, '02-05-2018', 10.32120796178859, 0, 10011, 1, 10000, 20);
INSERT INTO activity(activity_id, date, distance, estrealisee, programme_id, sport_id, CENTREINTERET_ID, timeframe_id) VALUES (10090, '03-05-2018', 7.390035779710761, 0, 10011, 1, 10000, 31);
INSERT INTO activity(activity_id, date, distance, estrealisee, programme_id, sport_id, CENTREINTERET_ID, timeframe_id) VALUES (10091, '04-05-2018', 8.851147288094394, 0, 10011, 1, 10000, 39);
INSERT INTO activity(activity_id, date, distance, estrealisee, programme_id, sport_id, CENTREINTERET_ID, timeframe_id) VALUES (10092, '2018-04-17', 7.144914953158679, 1, 10011, 1, 10000, 23);
INSERT INTO realisation(realisation_id, date, distance, activity_id, programme_id, CENTREINTERET_ID, timeframe_id) VALUES (10044, '2018-04-17', 4, 10092, 10011, 10000, 23);
INSERT INTO activity(activity_id, date, distance, estrealisee, programme_id, sport_id, CENTREINTERET_ID, timeframe_id) VALUES (10093, '2018-04-18', 11.883243198100176, 1, 10011, 1, 10000, 52);
INSERT INTO realisation(realisation_id, date, distance, activity_id, programme_id, CENTREINTERET_ID, timeframe_id) VALUES (10045, '2018-04-18', 4, 10093, 10011, 10000, 52);
INSERT INTO activity(activity_id, date, distance, estrealisee, programme_id, sport_id, CENTREINTERET_ID, timeframe_id) VALUES (10094, '2018-04-19', 11.844217309661643, 1, 10011, 1, 10000, 42);
INSERT INTO realisation(realisation_id, date, distance, activity_id, programme_id, CENTREINTERET_ID, timeframe_id) VALUES (10046, '2018-04-19', 4, 10094, 10011, 10000, 42);
INSERT INTO activity(activity_id, date, distance, estrealisee, programme_id, sport_id, CENTREINTERET_ID, timeframe_id) VALUES (10095, '2018-04-20', 10.562142813552299, 1, 10011, 1, 10000, 23);
INSERT INTO realisation(realisation_id, date, distance, activity_id, programme_id, CENTREINTERET_ID, timeframe_id) VALUES (10047, '2018-04-20', 4, 10095, 10011, 10000, 23);

INSERT INTO point (ID, x, y) VALUES (50012, 45.77384745128378, 4.893931333050246);
INSERT INTO users (ID, USERNAME, PASSWORD, FIRSTNAME, LASTNAME, EMAIL, ENABLED, LASTPASSWORDRESETDATE, OBJECTIFHEBDO, Location_id) VALUES (10012, "user12", "$2a$08$UkVvwpULis18S19S5pZFn.YHPZt3oaqHZnDwqbCW9pft6uFtkXKDC", "user12", "user12", "user12@user.com", 1, "2003/01/22", 20, 50012);
INSERT INTO user_authority (USER_ID, AUTHORITY_ID) VALUES (10012, 2);
INSERT INTO programme(programme_id, date_debut, user_id) VALUES (10012, '2018-04-23', 10012);
INSERT INTO activity(activity_id, date, distance, estrealisee, programme_id, sport_id, CENTREINTERET_ID, timeframe_id) VALUES (10096, '01-05-2018', 9.19088006487629, 0, 10012, 1, 10000, 14);
INSERT INTO activity(activity_id, date, distance, estrealisee, programme_id, sport_id, CENTREINTERET_ID, timeframe_id) VALUES (10097, '02-05-2018', 11.67627158628985, 0, 10012, 1, 10000, 20);
INSERT INTO activity(activity_id, date, distance, estrealisee, programme_id, sport_id, CENTREINTERET_ID, timeframe_id) VALUES (10098, '03-05-2018', 11.435607240913328, 0, 10012, 1, 10000, 31);
INSERT INTO activity(activity_id, date, distance, estrealisee, programme_id, sport_id, CENTREINTERET_ID, timeframe_id) VALUES (10099, '04-05-2018', 10.924384498112552, 0, 10012, 1, 10000, 39);
INSERT INTO activity(activity_id, date, distance, estrealisee, programme_id, sport_id, CENTREINTERET_ID, timeframe_id) VALUES (10100, '2018-04-17', 9.110464928960916, 1, 10012, 1, 10000, 30);
INSERT INTO realisation(realisation_id, date, distance, activity_id, programme_id, CENTREINTERET_ID, timeframe_id) VALUES (10048, '2018-04-17', 4, 10100, 10012, 10000, 30);
INSERT INTO activity(activity_id, date, distance, estrealisee, programme_id, sport_id, CENTREINTERET_ID, timeframe_id) VALUES (10101, '2018-04-18', 11.140774735788456, 1, 10012, 1, 10000, 52);
INSERT INTO realisation(realisation_id, date, distance, activity_id, programme_id, CENTREINTERET_ID, timeframe_id) VALUES (10049, '2018-04-18', 4, 10101, 10012, 10000, 52);
INSERT INTO activity(activity_id, date, distance, estrealisee, programme_id, sport_id, CENTREINTERET_ID, timeframe_id) VALUES (10102, '2018-04-19', 8.878203605509114, 1, 10012, 1, 10000, 23);
INSERT INTO realisation(realisation_id, date, distance, activity_id, programme_id, CENTREINTERET_ID, timeframe_id) VALUES (10050, '2018-04-19', 4, 10102, 10012, 10000, 23);
INSERT INTO activity(activity_id, date, distance, estrealisee, programme_id, sport_id, CENTREINTERET_ID, timeframe_id) VALUES (10103, '2018-04-20', 9.097851263724303, 1, 10012, 1, 10000, 14);
INSERT INTO realisation(realisation_id, date, distance, activity_id, programme_id, CENTREINTERET_ID, timeframe_id) VALUES (10051, '2018-04-20', 4, 10103, 10012, 10000, 14);

INSERT INTO point (ID, x, y) VALUES (50013, 45.71831712565394, 4.8470817186615305);
INSERT INTO users (ID, USERNAME, PASSWORD, FIRSTNAME, LASTNAME, EMAIL, ENABLED, LASTPASSWORDRESETDATE, OBJECTIFHEBDO, Location_id) VALUES (10013, "user13", "$2a$08$UkVvwpULis18S19S5pZFn.YHPZt3oaqHZnDwqbCW9pft6uFtkXKDC", "user13", "user13", "user13@user.com", 1, "2003/01/22", 16, 50013);
INSERT INTO user_authority (USER_ID, AUTHORITY_ID) VALUES (10013, 2);
INSERT INTO programme(programme_id, date_debut, user_id) VALUES (10013, '2018-04-23', 10013);
INSERT INTO activity(activity_id, date, distance, estrealisee, programme_id, sport_id, CENTREINTERET_ID, timeframe_id) VALUES (10104, '01-05-2018', 7.736591706405665, 0, 10013, 1, 10000, 14);
INSERT INTO activity(activity_id, date, distance, estrealisee, programme_id, sport_id, CENTREINTERET_ID, timeframe_id) VALUES (10105, '02-05-2018', 9.859945353625482, 0, 10013, 1, 10000, 20);
INSERT INTO activity(activity_id, date, distance, estrealisee, programme_id, sport_id, CENTREINTERET_ID, timeframe_id) VALUES (10106, '03-05-2018', 11.494406027178696, 0, 10013, 1, 10000, 31);
INSERT INTO activity(activity_id, date, distance, estrealisee, programme_id, sport_id, CENTREINTERET_ID, timeframe_id) VALUES (10107, '04-05-2018', 7.792146386771471, 0, 10013, 1, 10000, 39);
INSERT INTO activity(activity_id, date, distance, estrealisee, programme_id, sport_id, CENTREINTERET_ID, timeframe_id) VALUES (10108, '2018-04-17', 7.12985862123198, 1, 10013, 1, 10000, 31);
INSERT INTO realisation(realisation_id, date, distance, activity_id, programme_id, CENTREINTERET_ID, timeframe_id) VALUES (10052, '2018-04-17', 4, 10108, 10013, 10000, 31);
INSERT INTO activity(activity_id, date, distance, estrealisee, programme_id, sport_id, CENTREINTERET_ID, timeframe_id) VALUES (10109, '2018-04-18', 10.793951126995339, 1, 10013, 1, 10000, 25);
INSERT INTO realisation(realisation_id, date, distance, activity_id, programme_id, CENTREINTERET_ID, timeframe_id) VALUES (10053, '2018-04-18', 4, 10109, 10013, 10000, 25);
INSERT INTO activity(activity_id, date, distance, estrealisee, programme_id, sport_id, CENTREINTERET_ID, timeframe_id) VALUES (10110, '2018-04-19', 10.42524057719619, 1, 10013, 1, 10000, 4);
INSERT INTO realisation(realisation_id, date, distance, activity_id, programme_id, CENTREINTERET_ID, timeframe_id) VALUES (10054, '2018-04-19', 4, 10110, 10013, 10000, 4);
INSERT INTO activity(activity_id, date, distance, estrealisee, programme_id, sport_id, CENTREINTERET_ID, timeframe_id) VALUES (10111, '2018-04-20', 9.802735393689606, 1, 10013, 1, 10000, 28);
INSERT INTO realisation(realisation_id, date, distance, activity_id, programme_id, CENTREINTERET_ID, timeframe_id) VALUES (10055, '2018-04-20', 4, 10111, 10013, 10000, 28);

INSERT INTO point (ID, x, y) VALUES (50014, 45.781153030840954, 4.832830002794323);
INSERT INTO users (ID, USERNAME, PASSWORD, FIRSTNAME, LASTNAME, EMAIL, ENABLED, LASTPASSWORDRESETDATE, OBJECTIFHEBDO, Location_id) VALUES (10014, "user14", "$2a$08$UkVvwpULis18S19S5pZFn.YHPZt3oaqHZnDwqbCW9pft6uFtkXKDC", "user14", "user14", "user14@user.com", 1, "2003/01/22", 19, 50014);
INSERT INTO user_authority (USER_ID, AUTHORITY_ID) VALUES (10014, 2);
INSERT INTO programme(programme_id, date_debut, user_id) VALUES (10014, '2018-04-23', 10014);
INSERT INTO activity(activity_id, date, distance, estrealisee, programme_id, sport_id, CENTREINTERET_ID, timeframe_id) VALUES (10112, '01-05-2018', 9.236753115941571, 0, 10014, 1, 10000, 14);
INSERT INTO activity(activity_id, date, distance, estrealisee, programme_id, sport_id, CENTREINTERET_ID, timeframe_id) VALUES (10113, '02-05-2018', 9.112020408374965, 0, 10014, 1, 10000, 20);
INSERT INTO activity(activity_id, date, distance, estrealisee, programme_id, sport_id, CENTREINTERET_ID, timeframe_id) VALUES (10114, '03-05-2018', 7.386323133631833, 0, 10014, 1, 10000, 31);
INSERT INTO activity(activity_id, date, distance, estrealisee, programme_id, sport_id, CENTREINTERET_ID, timeframe_id) VALUES (10115, '04-05-2018', 9.317833343899457, 0, 10014, 1, 10000, 39);
INSERT INTO activity(activity_id, date, distance, estrealisee, programme_id, sport_id, CENTREINTERET_ID, timeframe_id) VALUES (10116, '2018-04-17', 7.78242791540359, 1, 10014, 1, 10000, 49);
INSERT INTO realisation(realisation_id, date, distance, activity_id, programme_id, CENTREINTERET_ID, timeframe_id) VALUES (10056, '2018-04-17', 4, 10116, 10014, 10000, 49);
INSERT INTO activity(activity_id, date, distance, estrealisee, programme_id, sport_id, CENTREINTERET_ID, timeframe_id) VALUES (10117, '2018-04-18', 7.594741446732985, 1, 10014, 1, 10000, 39);
INSERT INTO realisation(realisation_id, date, distance, activity_id, programme_id, CENTREINTERET_ID, timeframe_id) VALUES (10057, '2018-04-18', 4, 10117, 10014, 10000, 39);
INSERT INTO activity(activity_id, date, distance, estrealisee, programme_id, sport_id, CENTREINTERET_ID, timeframe_id) VALUES (10118, '2018-04-19', 11.094308173093248, 1, 10014, 1, 10000, 27);
INSERT INTO realisation(realisation_id, date, distance, activity_id, programme_id, CENTREINTERET_ID, timeframe_id) VALUES (10058, '2018-04-19', 4, 10118, 10014, 10000, 27);
INSERT INTO activity(activity_id, date, distance, estrealisee, programme_id, sport_id, CENTREINTERET_ID, timeframe_id) VALUES (10119, '2018-04-20', 9.336916443776486, 1, 10014, 1, 10000, 14);
INSERT INTO realisation(realisation_id, date, distance, activity_id, programme_id, CENTREINTERET_ID, timeframe_id) VALUES (10059, '2018-04-20', 4, 10119, 10014, 10000, 14);

INSERT INTO point (ID, x, y) VALUES (50015, 45.7190226853378, 4.824665257830168);
INSERT INTO users (ID, USERNAME, PASSWORD, FIRSTNAME, LASTNAME, EMAIL, ENABLED, LASTPASSWORDRESETDATE, OBJECTIFHEBDO, Location_id) VALUES (10015, "user15", "$2a$08$UkVvwpULis18S19S5pZFn.YHPZt3oaqHZnDwqbCW9pft6uFtkXKDC", "user15", "user15", "user15@user.com", 1, "2003/01/22", 10, 50015);
INSERT INTO user_authority (USER_ID, AUTHORITY_ID) VALUES (10015, 2);
INSERT INTO programme(programme_id, date_debut, user_id) VALUES (10015, '2018-04-23', 10015);
INSERT INTO activity(activity_id, date, distance, estrealisee, programme_id, sport_id, CENTREINTERET_ID, timeframe_id) VALUES (10120, '01-05-2018', 9.65218924174421, 0, 10015, 1, 10000, 14);
INSERT INTO activity(activity_id, date, distance, estrealisee, programme_id, sport_id, CENTREINTERET_ID, timeframe_id) VALUES (10121, '02-05-2018', 11.243896365077914, 0, 10015, 1, 10000, 20);
INSERT INTO activity(activity_id, date, distance, estrealisee, programme_id, sport_id, CENTREINTERET_ID, timeframe_id) VALUES (10122, '03-05-2018', 7.136807106193576, 0, 10015, 1, 10000, 31);
INSERT INTO activity(activity_id, date, distance, estrealisee, programme_id, sport_id, CENTREINTERET_ID, timeframe_id) VALUES (10123, '04-05-2018', 8.079652343829267, 0, 10015, 1, 10000, 39);
INSERT INTO activity(activity_id, date, distance, estrealisee, programme_id, sport_id, CENTREINTERET_ID, timeframe_id) VALUES (10124, '2018-04-17', 8.193359414671995, 1, 10015, 1, 10000, 35);
INSERT INTO realisation(realisation_id, date, distance, activity_id, programme_id, CENTREINTERET_ID, timeframe_id) VALUES (10060, '2018-04-17', 4, 10124, 10015, 10000, 35);
INSERT INTO activity(activity_id, date, distance, estrealisee, programme_id, sport_id, CENTREINTERET_ID, timeframe_id) VALUES (10125, '2018-04-18', 9.723108886648383, 1, 10015, 1, 10000, 34);
INSERT INTO realisation(realisation_id, date, distance, activity_id, programme_id, CENTREINTERET_ID, timeframe_id) VALUES (10061, '2018-04-18', 4, 10125, 10015, 10000, 34);
INSERT INTO activity(activity_id, date, distance, estrealisee, programme_id, sport_id, CENTREINTERET_ID, timeframe_id) VALUES (10126, '2018-04-19', 9.54777687693439, 1, 10015, 1, 10000, 0);
INSERT INTO realisation(realisation_id, date, distance, activity_id, programme_id, CENTREINTERET_ID, timeframe_id) VALUES (10062, '2018-04-19', 4, 10126, 10015, 10000, 0);
INSERT INTO activity(activity_id, date, distance, estrealisee, programme_id, sport_id, CENTREINTERET_ID, timeframe_id) VALUES (10127, '2018-04-20', 10.495907060376899, 1, 10015, 1, 10000, 22);
INSERT INTO realisation(realisation_id, date, distance, activity_id, programme_id, CENTREINTERET_ID, timeframe_id) VALUES (10063, '2018-04-20', 4, 10127, 10015, 10000, 22);

INSERT INTO point (ID, x, y) VALUES (50016, 45.74489234401967, 4.877890207012483);
INSERT INTO users (ID, USERNAME, PASSWORD, FIRSTNAME, LASTNAME, EMAIL, ENABLED, LASTPASSWORDRESETDATE, OBJECTIFHEBDO, Location_id) VALUES (10016, "user16", "$2a$08$UkVvwpULis18S19S5pZFn.YHPZt3oaqHZnDwqbCW9pft6uFtkXKDC", "user16", "user16", "user16@user.com", 1, "2003/01/22", 13, 50016);
INSERT INTO user_authority (USER_ID, AUTHORITY_ID) VALUES (10016, 2);
INSERT INTO programme(programme_id, date_debut, user_id) VALUES (10016, '2018-04-23', 10016);
INSERT INTO activity(activity_id, date, distance, estrealisee, programme_id, sport_id, CENTREINTERET_ID, timeframe_id) VALUES (10128, '01-05-2018', 10.685743678572367, 0, 10016, 1, 10000, 14);
INSERT INTO activity(activity_id, date, distance, estrealisee, programme_id, sport_id, CENTREINTERET_ID, timeframe_id) VALUES (10129, '02-05-2018', 8.036366775715853, 0, 10016, 1, 10000, 20);
INSERT INTO activity(activity_id, date, distance, estrealisee, programme_id, sport_id, CENTREINTERET_ID, timeframe_id) VALUES (10130, '03-05-2018', 10.154042994067062, 0, 10016, 1, 10000, 31);
INSERT INTO activity(activity_id, date, distance, estrealisee, programme_id, sport_id, CENTREINTERET_ID, timeframe_id) VALUES (10131, '04-05-2018', 8.720533230326877, 0, 10016, 1, 10000, 39);
INSERT INTO activity(activity_id, date, distance, estrealisee, programme_id, sport_id, CENTREINTERET_ID, timeframe_id) VALUES (10132, '2018-04-17', 10.037840583748498, 1, 10016, 1, 10000, 37);
INSERT INTO realisation(realisation_id, date, distance, activity_id, programme_id, CENTREINTERET_ID, timeframe_id) VALUES (10064, '2018-04-17', 4, 10132, 10016, 10000, 37);
INSERT INTO activity(activity_id, date, distance, estrealisee, programme_id, sport_id, CENTREINTERET_ID, timeframe_id) VALUES (10133, '2018-04-18', 11.28629089566522, 1, 10016, 1, 10000, 45);
INSERT INTO realisation(realisation_id, date, distance, activity_id, programme_id, CENTREINTERET_ID, timeframe_id) VALUES (10065, '2018-04-18', 4, 10133, 10016, 10000, 45);
INSERT INTO activity(activity_id, date, distance, estrealisee, programme_id, sport_id, CENTREINTERET_ID, timeframe_id) VALUES (10134, '2018-04-19', 11.497882096522714, 1, 10016, 1, 10000, 20);
INSERT INTO realisation(realisation_id, date, distance, activity_id, programme_id, CENTREINTERET_ID, timeframe_id) VALUES (10066, '2018-04-19', 4, 10134, 10016, 10000, 20);
INSERT INTO activity(activity_id, date, distance, estrealisee, programme_id, sport_id, CENTREINTERET_ID, timeframe_id) VALUES (10135, '2018-04-20', 8.583084986186945, 1, 10016, 1, 10000, 18);
INSERT INTO realisation(realisation_id, date, distance, activity_id, programme_id, CENTREINTERET_ID, timeframe_id) VALUES (10067, '2018-04-20', 4, 10135, 10016, 10000, 18);

INSERT INTO point (ID, x, y) VALUES (50017, 45.7830835188591, 4.832658846425387);
INSERT INTO users (ID, USERNAME, PASSWORD, FIRSTNAME, LASTNAME, EMAIL, ENABLED, LASTPASSWORDRESETDATE, OBJECTIFHEBDO, Location_id) VALUES (10017, "user17", "$2a$08$UkVvwpULis18S19S5pZFn.YHPZt3oaqHZnDwqbCW9pft6uFtkXKDC", "user17", "user17", "user17@user.com", 1, "2003/01/22", 15, 50017);
INSERT INTO user_authority (USER_ID, AUTHORITY_ID) VALUES (10017, 2);
INSERT INTO programme(programme_id, date_debut, user_id) VALUES (10017, '2018-04-23', 10017);
INSERT INTO activity(activity_id, date, distance, estrealisee, programme_id, sport_id, CENTREINTERET_ID, timeframe_id) VALUES (10136, '01-05-2018', 7.895672892391324, 0, 10017, 1, 10000, 14);
INSERT INTO activity(activity_id, date, distance, estrealisee, programme_id, sport_id, CENTREINTERET_ID, timeframe_id) VALUES (10137, '02-05-2018', 9.829274421686483, 0, 10017, 1, 10000, 20);
INSERT INTO activity(activity_id, date, distance, estrealisee, programme_id, sport_id, CENTREINTERET_ID, timeframe_id) VALUES (10138, '03-05-2018', 9.77758205282754, 0, 10017, 1, 10000, 31);
INSERT INTO activity(activity_id, date, distance, estrealisee, programme_id, sport_id, CENTREINTERET_ID, timeframe_id) VALUES (10139, '04-05-2018', 9.96896236243576, 0, 10017, 1, 10000, 39);
INSERT INTO activity(activity_id, date, distance, estrealisee, programme_id, sport_id, CENTREINTERET_ID, timeframe_id) VALUES (10140, '2018-04-17', 7.774003344467385, 1, 10017, 1, 10000, 21);
INSERT INTO realisation(realisation_id, date, distance, activity_id, programme_id, CENTREINTERET_ID, timeframe_id) VALUES (10068, '2018-04-17', 4, 10140, 10017, 10000, 21);
INSERT INTO activity(activity_id, date, distance, estrealisee, programme_id, sport_id, CENTREINTERET_ID, timeframe_id) VALUES (10141, '2018-04-18', 8.008229254186489, 1, 10017, 1, 10000, 49);
INSERT INTO realisation(realisation_id, date, distance, activity_id, programme_id, CENTREINTERET_ID, timeframe_id) VALUES (10069, '2018-04-18', 4, 10141, 10017, 10000, 49);
INSERT INTO activity(activity_id, date, distance, estrealisee, programme_id, sport_id, CENTREINTERET_ID, timeframe_id) VALUES (10142, '2018-04-19', 8.530345462871967, 1, 10017, 1, 10000, 33);
INSERT INTO realisation(realisation_id, date, distance, activity_id, programme_id, CENTREINTERET_ID, timeframe_id) VALUES (10070, '2018-04-19', 4, 10142, 10017, 10000, 33);
INSERT INTO activity(activity_id, date, distance, estrealisee, programme_id, sport_id, CENTREINTERET_ID, timeframe_id) VALUES (10143, '2018-04-20', 9.672208383348739, 1, 10017, 1, 10000, 49);
INSERT INTO realisation(realisation_id, date, distance, activity_id, programme_id, CENTREINTERET_ID, timeframe_id) VALUES (10071, '2018-04-20', 4, 10143, 10017, 10000, 49);

INSERT INTO point (ID, x, y) VALUES (50018, 45.759854977351985, 4.886796773061842);
INSERT INTO users (ID, USERNAME, PASSWORD, FIRSTNAME, LASTNAME, EMAIL, ENABLED, LASTPASSWORDRESETDATE, OBJECTIFHEBDO, Location_id) VALUES (10018, "user18", "$2a$08$UkVvwpULis18S19S5pZFn.YHPZt3oaqHZnDwqbCW9pft6uFtkXKDC", "user18", "user18", "user18@user.com", 1, "2003/01/22", 6, 50018);
INSERT INTO user_authority (USER_ID, AUTHORITY_ID) VALUES (10018, 2);
INSERT INTO programme(programme_id, date_debut, user_id) VALUES (10018, '2018-04-23', 10018);
INSERT INTO activity(activity_id, date, distance, estrealisee, programme_id, sport_id, CENTREINTERET_ID, timeframe_id) VALUES (10144, '01-05-2018', 7.0062511955632, 0, 10018, 1, 10000, 14);
INSERT INTO activity(activity_id, date, distance, estrealisee, programme_id, sport_id, CENTREINTERET_ID, timeframe_id) VALUES (10145, '02-05-2018', 7.708375391440288, 0, 10018, 1, 10000, 20);
INSERT INTO activity(activity_id, date, distance, estrealisee, programme_id, sport_id, CENTREINTERET_ID, timeframe_id) VALUES (10146, '03-05-2018', 10.07011664425633, 0, 10018, 1, 10000, 31);
INSERT INTO activity(activity_id, date, distance, estrealisee, programme_id, sport_id, CENTREINTERET_ID, timeframe_id) VALUES (10147, '04-05-2018', 9.156461461256214, 0, 10018, 1, 10000, 39);
INSERT INTO activity(activity_id, date, distance, estrealisee, programme_id, sport_id, CENTREINTERET_ID, timeframe_id) VALUES (10148, '2018-04-17', 10.069473115968183, 1, 10018, 1, 10000, 50);
INSERT INTO realisation(realisation_id, date, distance, activity_id, programme_id, CENTREINTERET_ID, timeframe_id) VALUES (10072, '2018-04-17', 4, 10148, 10018, 10000, 50);
INSERT INTO activity(activity_id, date, distance, estrealisee, programme_id, sport_id, CENTREINTERET_ID, timeframe_id) VALUES (10149, '2018-04-18', 7.30599960731399, 1, 10018, 1, 10000, 51);
INSERT INTO realisation(realisation_id, date, distance, activity_id, programme_id, CENTREINTERET_ID, timeframe_id) VALUES (10073, '2018-04-18', 4, 10149, 10018, 10000, 51);
INSERT INTO activity(activity_id, date, distance, estrealisee, programme_id, sport_id, CENTREINTERET_ID, timeframe_id) VALUES (10150, '2018-04-19', 7.6920303545157385, 1, 10018, 1, 10000, 19);
INSERT INTO realisation(realisation_id, date, distance, activity_id, programme_id, CENTREINTERET_ID, timeframe_id) VALUES (10074, '2018-04-19', 4, 10150, 10018, 10000, 19);
INSERT INTO activity(activity_id, date, distance, estrealisee, programme_id, sport_id, CENTREINTERET_ID, timeframe_id) VALUES (10151, '2018-04-20', 8.97069060025357, 1, 10018, 1, 10000, 12);
INSERT INTO realisation(realisation_id, date, distance, activity_id, programme_id, CENTREINTERET_ID, timeframe_id) VALUES (10075, '2018-04-20', 4, 10151, 10018, 10000, 12);

INSERT INTO point (ID, x, y) VALUES (50019, 45.77456658686524, 4.8438595386254155);
INSERT INTO users (ID, USERNAME, PASSWORD, FIRSTNAME, LASTNAME, EMAIL, ENABLED, LASTPASSWORDRESETDATE, OBJECTIFHEBDO, Location_id) VALUES (10019, "user19", "$2a$08$UkVvwpULis18S19S5pZFn.YHPZt3oaqHZnDwqbCW9pft6uFtkXKDC", "user19", "user19", "user19@user.com", 1, "2003/01/22", 6, 50019);
INSERT INTO user_authority (USER_ID, AUTHORITY_ID) VALUES (10019, 2);
INSERT INTO programme(programme_id, date_debut, user_id) VALUES (10019, '2018-04-23', 10019);
INSERT INTO activity(activity_id, date, distance, estrealisee, programme_id, sport_id, CENTREINTERET_ID, timeframe_id) VALUES (10152, '01-05-2018', 11.289872835070195, 0, 10019, 1, 10000, 14);
INSERT INTO activity(activity_id, date, distance, estrealisee, programme_id, sport_id, CENTREINTERET_ID, timeframe_id) VALUES (10153, '02-05-2018', 11.922614285775694, 0, 10019, 1, 10000, 20);
INSERT INTO activity(activity_id, date, distance, estrealisee, programme_id, sport_id, CENTREINTERET_ID, timeframe_id) VALUES (10154, '03-05-2018', 9.614282391080092, 0, 10019, 1, 10000, 31);
INSERT INTO activity(activity_id, date, distance, estrealisee, programme_id, sport_id, CENTREINTERET_ID, timeframe_id) VALUES (10155, '04-05-2018', 11.707193432672973, 0, 10019, 1, 10000, 39);
INSERT INTO activity(activity_id, date, distance, estrealisee, programme_id, sport_id, CENTREINTERET_ID, timeframe_id) VALUES (10156, '2018-04-17', 11.53741229258606, 1, 10019, 1, 10000, 50);
INSERT INTO realisation(realisation_id, date, distance, activity_id, programme_id, CENTREINTERET_ID, timeframe_id) VALUES (10076, '2018-04-17', 4, 10156, 10019, 10000, 50);
INSERT INTO activity(activity_id, date, distance, estrealisee, programme_id, sport_id, CENTREINTERET_ID, timeframe_id) VALUES (10157, '2018-04-18', 10.368115922726272, 1, 10019, 1, 10000, 43);
INSERT INTO realisation(realisation_id, date, distance, activity_id, programme_id, CENTREINTERET_ID, timeframe_id) VALUES (10077, '2018-04-18', 4, 10157, 10019, 10000, 43);
INSERT INTO activity(activity_id, date, distance, estrealisee, programme_id, sport_id, CENTREINTERET_ID, timeframe_id) VALUES (10158, '2018-04-19', 11.439384545356944, 1, 10019, 1, 10000, 19);
INSERT INTO realisation(realisation_id, date, distance, activity_id, programme_id, CENTREINTERET_ID, timeframe_id) VALUES (10078, '2018-04-19', 4, 10158, 10019, 10000, 19);
INSERT INTO activity(activity_id, date, distance, estrealisee, programme_id, sport_id, CENTREINTERET_ID, timeframe_id) VALUES (10159, '2018-04-20', 8.19321458776048, 1, 10019, 1, 10000, 5);
INSERT INTO realisation(realisation_id, date, distance, activity_id, programme_id, CENTREINTERET_ID, timeframe_id) VALUES (10079, '2018-04-20', 4, 10159, 10019, 10000, 5);

INSERT INTO point (ID, x, y) VALUES (50020, 45.722601386786025, 4.8840093763639);
INSERT INTO users (ID, USERNAME, PASSWORD, FIRSTNAME, LASTNAME, EMAIL, ENABLED, LASTPASSWORDRESETDATE, OBJECTIFHEBDO, Location_id) VALUES (10020, "user20", "$2a$08$UkVvwpULis18S19S5pZFn.YHPZt3oaqHZnDwqbCW9pft6uFtkXKDC", "user20", "user20", "user20@user.com", 1, "2003/01/22", 9, 50020);
INSERT INTO user_authority (USER_ID, AUTHORITY_ID) VALUES (10020, 2);
INSERT INTO programme(programme_id, date_debut, user_id) VALUES (10020, '2018-04-23', 10020);
INSERT INTO activity(activity_id, date, distance, estrealisee, programme_id, sport_id, CENTREINTERET_ID, timeframe_id) VALUES (10160, '01-05-2018', 11.69338971005933, 0, 10020, 1, 10000, 14);
INSERT INTO activity(activity_id, date, distance, estrealisee, programme_id, sport_id, CENTREINTERET_ID, timeframe_id) VALUES (10161, '02-05-2018', 8.317060302111557, 0, 10020, 1, 10000, 20);
INSERT INTO activity(activity_id, date, distance, estrealisee, programme_id, sport_id, CENTREINTERET_ID, timeframe_id) VALUES (10162, '03-05-2018', 7.448923823183957, 0, 10020, 1, 10000, 31);
INSERT INTO activity(activity_id, date, distance, estrealisee, programme_id, sport_id, CENTREINTERET_ID, timeframe_id) VALUES (10163, '04-05-2018', 11.03651526403825, 0, 10020, 1, 10000, 39);
INSERT INTO activity(activity_id, date, distance, estrealisee, programme_id, sport_id, CENTREINTERET_ID, timeframe_id) VALUES (10164, '2018-04-17', 10.535060816312255, 1, 10020, 1, 10000, 28);
INSERT INTO realisation(realisation_id, date, distance, activity_id, programme_id, CENTREINTERET_ID, timeframe_id) VALUES (10080, '2018-04-17', 4, 10164, 10020, 10000, 28);
INSERT INTO activity(activity_id, date, distance, estrealisee, programme_id, sport_id, CENTREINTERET_ID, timeframe_id) VALUES (10165, '2018-04-18', 7.287450388070379, 1, 10020, 1, 10000, 21);
INSERT INTO realisation(realisation_id, date, distance, activity_id, programme_id, CENTREINTERET_ID, timeframe_id) VALUES (10081, '2018-04-18', 4, 10165, 10020, 10000, 21);
INSERT INTO activity(activity_id, date, distance, estrealisee, programme_id, sport_id, CENTREINTERET_ID, timeframe_id) VALUES (10166, '2018-04-19', 9.070840076955227, 1, 10020, 1, 10000, 50);
INSERT INTO realisation(realisation_id, date, distance, activity_id, programme_id, CENTREINTERET_ID, timeframe_id) VALUES (10082, '2018-04-19', 4, 10166, 10020, 10000, 50);
INSERT INTO activity(activity_id, date, distance, estrealisee, programme_id, sport_id, CENTREINTERET_ID, timeframe_id) VALUES (10167, '2018-04-20', 9.806542437602708, 1, 10020, 1, 10000, 6);
INSERT INTO realisation(realisation_id, date, distance, activity_id, programme_id, CENTREINTERET_ID, timeframe_id) VALUES (10083, '2018-04-20', 4, 10167, 10020, 10000, 6);

INSERT INTO point (ID, x, y) VALUES (50021, 45.72769784340647, 4.816378279020247);
INSERT INTO users (ID, USERNAME, PASSWORD, FIRSTNAME, LASTNAME, EMAIL, ENABLED, LASTPASSWORDRESETDATE, OBJECTIFHEBDO, Location_id) VALUES (10021, "user21", "$2a$08$UkVvwpULis18S19S5pZFn.YHPZt3oaqHZnDwqbCW9pft6uFtkXKDC", "user21", "user21", "user21@user.com", 1, "2003/01/22", 6, 50021);
INSERT INTO user_authority (USER_ID, AUTHORITY_ID) VALUES (10021, 2);
INSERT INTO programme(programme_id, date_debut, user_id) VALUES (10021, '2018-04-23', 10021);
INSERT INTO activity(activity_id, date, distance, estrealisee, programme_id, sport_id, CENTREINTERET_ID, timeframe_id) VALUES (10168, '01-05-2018', 11.23136111191216, 0, 10021, 1, 10000, 14);
INSERT INTO activity(activity_id, date, distance, estrealisee, programme_id, sport_id, CENTREINTERET_ID, timeframe_id) VALUES (10169, '02-05-2018', 7.080246732321615, 0, 10021, 1, 10000, 20);
INSERT INTO activity(activity_id, date, distance, estrealisee, programme_id, sport_id, CENTREINTERET_ID, timeframe_id) VALUES (10170, '03-05-2018', 7.103879204173701, 0, 10021, 1, 10000, 31);
INSERT INTO activity(activity_id, date, distance, estrealisee, programme_id, sport_id, CENTREINTERET_ID, timeframe_id) VALUES (10171, '04-05-2018', 11.279362544462465, 0, 10021, 1, 10000, 39);
INSERT INTO activity(activity_id, date, distance, estrealisee, programme_id, sport_id, CENTREINTERET_ID, timeframe_id) VALUES (10172, '2018-04-17', 11.58119828639051, 1, 10021, 1, 10000, 1);
INSERT INTO realisation(realisation_id, date, distance, activity_id, programme_id, CENTREINTERET_ID, timeframe_id) VALUES (10084, '2018-04-17', 4, 10172, 10021, 10000, 1);
INSERT INTO activity(activity_id, date, distance, estrealisee, programme_id, sport_id, CENTREINTERET_ID, timeframe_id) VALUES (10173, '2018-04-18', 9.291731664481437, 1, 10021, 1, 10000, 30);
INSERT INTO realisation(realisation_id, date, distance, activity_id, programme_id, CENTREINTERET_ID, timeframe_id) VALUES (10085, '2018-04-18', 4, 10173, 10021, 10000, 30);
INSERT INTO activity(activity_id, date, distance, estrealisee, programme_id, sport_id, CENTREINTERET_ID, timeframe_id) VALUES (10174, '2018-04-19', 7.819905390889223, 1, 10021, 1, 10000, 13);
INSERT INTO realisation(realisation_id, date, distance, activity_id, programme_id, CENTREINTERET_ID, timeframe_id) VALUES (10086, '2018-04-19', 4, 10174, 10021, 10000, 13);
INSERT INTO activity(activity_id, date, distance, estrealisee, programme_id, sport_id, CENTREINTERET_ID, timeframe_id) VALUES (10175, '2018-04-20', 7.5129397145263095, 1, 10021, 1, 10000, 46);
INSERT INTO realisation(realisation_id, date, distance, activity_id, programme_id, CENTREINTERET_ID, timeframe_id) VALUES (10087, '2018-04-20', 4, 10175, 10021, 10000, 46);

INSERT INTO point (ID, x, y) VALUES (50022, 45.77258320772429, 4.829046192271063);
INSERT INTO users (ID, USERNAME, PASSWORD, FIRSTNAME, LASTNAME, EMAIL, ENABLED, LASTPASSWORDRESETDATE, OBJECTIFHEBDO, Location_id) VALUES (10022, "user22", "$2a$08$UkVvwpULis18S19S5pZFn.YHPZt3oaqHZnDwqbCW9pft6uFtkXKDC", "user22", "user22", "user22@user.com", 1, "2003/01/22", 19, 50022);
INSERT INTO user_authority (USER_ID, AUTHORITY_ID) VALUES (10022, 2);
INSERT INTO programme(programme_id, date_debut, user_id) VALUES (10022, '2018-04-23', 10022);
INSERT INTO activity(activity_id, date, distance, estrealisee, programme_id, sport_id, CENTREINTERET_ID, timeframe_id) VALUES (10176, '01-05-2018', 7.453936942215635, 0, 10022, 1, 10000, 14);
INSERT INTO activity(activity_id, date, distance, estrealisee, programme_id, sport_id, CENTREINTERET_ID, timeframe_id) VALUES (10177, '02-05-2018', 11.95717928199218, 0, 10022, 1, 10000, 20);
INSERT INTO activity(activity_id, date, distance, estrealisee, programme_id, sport_id, CENTREINTERET_ID, timeframe_id) VALUES (10178, '03-05-2018', 10.884201839603847, 0, 10022, 1, 10000, 31);
INSERT INTO activity(activity_id, date, distance, estrealisee, programme_id, sport_id, CENTREINTERET_ID, timeframe_id) VALUES (10179, '04-05-2018', 7.614879863942793, 0, 10022, 1, 10000, 39);
INSERT INTO activity(activity_id, date, distance, estrealisee, programme_id, sport_id, CENTREINTERET_ID, timeframe_id) VALUES (10180, '2018-04-17', 9.293732304999832, 1, 10022, 1, 10000, 19);
INSERT INTO realisation(realisation_id, date, distance, activity_id, programme_id, CENTREINTERET_ID, timeframe_id) VALUES (10088, '2018-04-17', 4, 10180, 10022, 10000, 19);
INSERT INTO activity(activity_id, date, distance, estrealisee, programme_id, sport_id, CENTREINTERET_ID, timeframe_id) VALUES (10181, '2018-04-18', 9.207597805783628, 1, 10022, 1, 10000, 31);
INSERT INTO realisation(realisation_id, date, distance, activity_id, programme_id, CENTREINTERET_ID, timeframe_id) VALUES (10089, '2018-04-18', 4, 10181, 10022, 10000, 31);
INSERT INTO activity(activity_id, date, distance, estrealisee, programme_id, sport_id, CENTREINTERET_ID, timeframe_id) VALUES (10182, '2018-04-19', 9.877234653682077, 1, 10022, 1, 10000, 47);
INSERT INTO realisation(realisation_id, date, distance, activity_id, programme_id, CENTREINTERET_ID, timeframe_id) VALUES (10090, '2018-04-19', 4, 10182, 10022, 10000, 47);
INSERT INTO activity(activity_id, date, distance, estrealisee, programme_id, sport_id, CENTREINTERET_ID, timeframe_id) VALUES (10183, '2018-04-20', 9.486780861904725, 1, 10022, 1, 10000, 11);
INSERT INTO realisation(realisation_id, date, distance, activity_id, programme_id, CENTREINTERET_ID, timeframe_id) VALUES (10091, '2018-04-20', 4, 10183, 10022, 10000, 11);

INSERT INTO point (ID, x, y) VALUES (50023, 45.714378668843786, 4.840636668863783);
INSERT INTO users (ID, USERNAME, PASSWORD, FIRSTNAME, LASTNAME, EMAIL, ENABLED, LASTPASSWORDRESETDATE, OBJECTIFHEBDO, Location_id) VALUES (10023, "user23", "$2a$08$UkVvwpULis18S19S5pZFn.YHPZt3oaqHZnDwqbCW9pft6uFtkXKDC", "user23", "user23", "user23@user.com", 1, "2003/01/22", 17, 50023);
INSERT INTO user_authority (USER_ID, AUTHORITY_ID) VALUES (10023, 2);
INSERT INTO programme(programme_id, date_debut, user_id) VALUES (10023, '2018-04-23', 10023);
INSERT INTO activity(activity_id, date, distance, estrealisee, programme_id, sport_id, CENTREINTERET_ID, timeframe_id) VALUES (10184, '01-05-2018', 10.915627337479249, 0, 10023, 1, 10000, 14);
INSERT INTO activity(activity_id, date, distance, estrealisee, programme_id, sport_id, CENTREINTERET_ID, timeframe_id) VALUES (10185, '02-05-2018', 9.327070882005303, 0, 10023, 1, 10000, 20);
INSERT INTO activity(activity_id, date, distance, estrealisee, programme_id, sport_id, CENTREINTERET_ID, timeframe_id) VALUES (10186, '03-05-2018', 8.02786705273753, 0, 10023, 1, 10000, 31);
INSERT INTO activity(activity_id, date, distance, estrealisee, programme_id, sport_id, CENTREINTERET_ID, timeframe_id) VALUES (10187, '04-05-2018', 7.231779991468038, 0, 10023, 1, 10000, 39);
INSERT INTO activity(activity_id, date, distance, estrealisee, programme_id, sport_id, CENTREINTERET_ID, timeframe_id) VALUES (10188, '2018-04-17', 9.52894919428672, 1, 10023, 1, 10000, 6);
INSERT INTO realisation(realisation_id, date, distance, activity_id, programme_id, CENTREINTERET_ID, timeframe_id) VALUES (10092, '2018-04-17', 4, 10188, 10023, 10000, 6);
INSERT INTO activity(activity_id, date, distance, estrealisee, programme_id, sport_id, CENTREINTERET_ID, timeframe_id) VALUES (10189, '2018-04-18', 11.772007705112001, 1, 10023, 1, 10000, 32);
INSERT INTO realisation(realisation_id, date, distance, activity_id, programme_id, CENTREINTERET_ID, timeframe_id) VALUES (10093, '2018-04-18', 4, 10189, 10023, 10000, 32);
INSERT INTO activity(activity_id, date, distance, estrealisee, programme_id, sport_id, CENTREINTERET_ID, timeframe_id) VALUES (10190, '2018-04-19', 10.00112069056002, 1, 10023, 1, 10000, 37);
INSERT INTO realisation(realisation_id, date, distance, activity_id, programme_id, CENTREINTERET_ID, timeframe_id) VALUES (10094, '2018-04-19', 4, 10190, 10023, 10000, 37);
INSERT INTO activity(activity_id, date, distance, estrealisee, programme_id, sport_id, CENTREINTERET_ID, timeframe_id) VALUES (10191, '2018-04-20', 11.423659549742577, 1, 10023, 1, 10000, 25);
INSERT INTO realisation(realisation_id, date, distance, activity_id, programme_id, CENTREINTERET_ID, timeframe_id) VALUES (10095, '2018-04-20', 4, 10191, 10023, 10000, 25);

INSERT INTO point (ID, x, y) VALUES (50024, 45.7273321258453, 4.809339355578444);
INSERT INTO users (ID, USERNAME, PASSWORD, FIRSTNAME, LASTNAME, EMAIL, ENABLED, LASTPASSWORDRESETDATE, OBJECTIFHEBDO, Location_id) VALUES (10024, "user24", "$2a$08$UkVvwpULis18S19S5pZFn.YHPZt3oaqHZnDwqbCW9pft6uFtkXKDC", "user24", "user24", "user24@user.com", 1, "2003/01/22", 8, 50024);
INSERT INTO user_authority (USER_ID, AUTHORITY_ID) VALUES (10024, 2);
INSERT INTO programme(programme_id, date_debut, user_id) VALUES (10024, '2018-04-23', 10024);
INSERT INTO activity(activity_id, date, distance, estrealisee, programme_id, sport_id, CENTREINTERET_ID, timeframe_id) VALUES (10192, '01-05-2018', 7.995650646746187, 0, 10024, 1, 10000, 14);
INSERT INTO activity(activity_id, date, distance, estrealisee, programme_id, sport_id, CENTREINTERET_ID, timeframe_id) VALUES (10193, '02-05-2018', 10.080405843021126, 0, 10024, 1, 10000, 20);
INSERT INTO activity(activity_id, date, distance, estrealisee, programme_id, sport_id, CENTREINTERET_ID, timeframe_id) VALUES (10194, '03-05-2018', 7.278333156822043, 0, 10024, 1, 10000, 31);
INSERT INTO activity(activity_id, date, distance, estrealisee, programme_id, sport_id, CENTREINTERET_ID, timeframe_id) VALUES (10195, '04-05-2018', 9.912092414473815, 0, 10024, 1, 10000, 39);
INSERT INTO activity(activity_id, date, distance, estrealisee, programme_id, sport_id, CENTREINTERET_ID, timeframe_id) VALUES (10196, '2018-04-17', 9.614896091622853, 1, 10024, 1, 10000, 22);
INSERT INTO realisation(realisation_id, date, distance, activity_id, programme_id, CENTREINTERET_ID, timeframe_id) VALUES (10096, '2018-04-17', 4, 10196, 10024, 10000, 22);
INSERT INTO activity(activity_id, date, distance, estrealisee, programme_id, sport_id, CENTREINTERET_ID, timeframe_id) VALUES (10197, '2018-04-18', 8.064698943791045, 1, 10024, 1, 10000, 35);
INSERT INTO realisation(realisation_id, date, distance, activity_id, programme_id, CENTREINTERET_ID, timeframe_id) VALUES (10097, '2018-04-18', 4, 10197, 10024, 10000, 35);
INSERT INTO activity(activity_id, date, distance, estrealisee, programme_id, sport_id, CENTREINTERET_ID, timeframe_id) VALUES (10198, '2018-04-19', 7.745404225767774, 1, 10024, 1, 10000, 28);
INSERT INTO realisation(realisation_id, date, distance, activity_id, programme_id, CENTREINTERET_ID, timeframe_id) VALUES (10098, '2018-04-19', 4, 10198, 10024, 10000, 28);
INSERT INTO activity(activity_id, date, distance, estrealisee, programme_id, sport_id, CENTREINTERET_ID, timeframe_id) VALUES (10199, '2018-04-20', 11.545228752170072, 1, 10024, 1, 10000, 23);
INSERT INTO realisation(realisation_id, date, distance, activity_id, programme_id, CENTREINTERET_ID, timeframe_id) VALUES (10099, '2018-04-20', 4, 10199, 10024, 10000, 23);

INSERT INTO point (ID, x, y) VALUES (50025, 45.718941500563254, 4.8747307734043615);
INSERT INTO users (ID, USERNAME, PASSWORD, FIRSTNAME, LASTNAME, EMAIL, ENABLED, LASTPASSWORDRESETDATE, OBJECTIFHEBDO, Location_id) VALUES (10025, "user25", "$2a$08$UkVvwpULis18S19S5pZFn.YHPZt3oaqHZnDwqbCW9pft6uFtkXKDC", "user25", "user25", "user25@user.com", 1, "2003/01/22", 9, 50025);
INSERT INTO user_authority (USER_ID, AUTHORITY_ID) VALUES (10025, 2);
INSERT INTO programme(programme_id, date_debut, user_id) VALUES (10025, '2018-04-23', 10025);
INSERT INTO activity(activity_id, date, distance, estrealisee, programme_id, sport_id, CENTREINTERET_ID, timeframe_id) VALUES (10200, '01-05-2018', 10.456688496788555, 0, 10025, 1, 10000, 14);
INSERT INTO activity(activity_id, date, distance, estrealisee, programme_id, sport_id, CENTREINTERET_ID, timeframe_id) VALUES (10201, '02-05-2018', 11.067727341011302, 0, 10025, 1, 10000, 20);
INSERT INTO activity(activity_id, date, distance, estrealisee, programme_id, sport_id, CENTREINTERET_ID, timeframe_id) VALUES (10202, '03-05-2018', 10.484963657004197, 0, 10025, 1, 10000, 31);
INSERT INTO activity(activity_id, date, distance, estrealisee, programme_id, sport_id, CENTREINTERET_ID, timeframe_id) VALUES (10203, '04-05-2018', 9.403328863088419, 0, 10025, 1, 10000, 39);
INSERT INTO activity(activity_id, date, distance, estrealisee, programme_id, sport_id, CENTREINTERET_ID, timeframe_id) VALUES (10204, '2018-04-17', 10.76397294737548, 1, 10025, 1, 10000, 43);
INSERT INTO realisation(realisation_id, date, distance, activity_id, programme_id, CENTREINTERET_ID, timeframe_id) VALUES (10100, '2018-04-17', 4, 10204, 10025, 10000, 43);
INSERT INTO activity(activity_id, date, distance, estrealisee, programme_id, sport_id, CENTREINTERET_ID, timeframe_id) VALUES (10205, '2018-04-18', 9.397214484404973, 1, 10025, 1, 10000, 22);
INSERT INTO realisation(realisation_id, date, distance, activity_id, programme_id, CENTREINTERET_ID, timeframe_id) VALUES (10101, '2018-04-18', 4, 10205, 10025, 10000, 22);
INSERT INTO activity(activity_id, date, distance, estrealisee, programme_id, sport_id, CENTREINTERET_ID, timeframe_id) VALUES (10206, '2018-04-19', 8.063692398427458, 1, 10025, 1, 10000, 13);
INSERT INTO realisation(realisation_id, date, distance, activity_id, programme_id, CENTREINTERET_ID, timeframe_id) VALUES (10102, '2018-04-19', 4, 10206, 10025, 10000, 13);
INSERT INTO activity(activity_id, date, distance, estrealisee, programme_id, sport_id, CENTREINTERET_ID, timeframe_id) VALUES (10207, '2018-04-20', 7.65828566365009, 1, 10025, 1, 10000, 23);
INSERT INTO realisation(realisation_id, date, distance, activity_id, programme_id, CENTREINTERET_ID, timeframe_id) VALUES (10103, '2018-04-20', 4, 10207, 10025, 10000, 23);

INSERT INTO point (ID, x, y) VALUES (50026, 45.716949484559365, 4.887356907745761);
INSERT INTO users (ID, USERNAME, PASSWORD, FIRSTNAME, LASTNAME, EMAIL, ENABLED, LASTPASSWORDRESETDATE, OBJECTIFHEBDO, Location_id) VALUES (10026, "user26", "$2a$08$UkVvwpULis18S19S5pZFn.YHPZt3oaqHZnDwqbCW9pft6uFtkXKDC", "user26", "user26", "user26@user.com", 1, "2003/01/22", 17, 50026);
INSERT INTO user_authority (USER_ID, AUTHORITY_ID) VALUES (10026, 2);
INSERT INTO programme(programme_id, date_debut, user_id) VALUES (10026, '2018-04-23', 10026);
INSERT INTO activity(activity_id, date, distance, estrealisee, programme_id, sport_id, CENTREINTERET_ID, timeframe_id) VALUES (10208, '01-05-2018', 10.594285517088535, 0, 10026, 1, 10000, 14);
INSERT INTO activity(activity_id, date, distance, estrealisee, programme_id, sport_id, CENTREINTERET_ID, timeframe_id) VALUES (10209, '02-05-2018', 11.323456630739976, 0, 10026, 1, 10000, 20);
INSERT INTO activity(activity_id, date, distance, estrealisee, programme_id, sport_id, CENTREINTERET_ID, timeframe_id) VALUES (10210, '03-05-2018', 9.133149689940002, 0, 10026, 1, 10000, 31);
INSERT INTO activity(activity_id, date, distance, estrealisee, programme_id, sport_id, CENTREINTERET_ID, timeframe_id) VALUES (10211, '04-05-2018', 11.4390796453278, 0, 10026, 1, 10000, 39);
INSERT INTO activity(activity_id, date, distance, estrealisee, programme_id, sport_id, CENTREINTERET_ID, timeframe_id) VALUES (10212, '2018-04-17', 11.322387323617994, 1, 10026, 1, 10000, 4);
INSERT INTO realisation(realisation_id, date, distance, activity_id, programme_id, CENTREINTERET_ID, timeframe_id) VALUES (10104, '2018-04-17', 4, 10212, 10026, 10000, 4);
INSERT INTO activity(activity_id, date, distance, estrealisee, programme_id, sport_id, CENTREINTERET_ID, timeframe_id) VALUES (10213, '2018-04-18', 7.767894952877222, 1, 10026, 1, 10000, 0);
INSERT INTO realisation(realisation_id, date, distance, activity_id, programme_id, CENTREINTERET_ID, timeframe_id) VALUES (10105, '2018-04-18', 4, 10213, 10026, 10000, 0);
INSERT INTO activity(activity_id, date, distance, estrealisee, programme_id, sport_id, CENTREINTERET_ID, timeframe_id) VALUES (10214, '2018-04-19', 9.542901838145383, 1, 10026, 1, 10000, 52);
INSERT INTO realisation(realisation_id, date, distance, activity_id, programme_id, CENTREINTERET_ID, timeframe_id) VALUES (10106, '2018-04-19', 4, 10214, 10026, 10000, 52);
INSERT INTO activity(activity_id, date, distance, estrealisee, programme_id, sport_id, CENTREINTERET_ID, timeframe_id) VALUES (10215, '2018-04-20', 11.577744910503739, 1, 10026, 1, 10000, 51);
INSERT INTO realisation(realisation_id, date, distance, activity_id, programme_id, CENTREINTERET_ID, timeframe_id) VALUES (10107, '2018-04-20', 4, 10215, 10026, 10000, 51);

INSERT INTO point (ID, x, y) VALUES (50027, 45.730642194233454, 4.822415504148601);
INSERT INTO users (ID, USERNAME, PASSWORD, FIRSTNAME, LASTNAME, EMAIL, ENABLED, LASTPASSWORDRESETDATE, OBJECTIFHEBDO, Location_id) VALUES (10027, "user27", "$2a$08$UkVvwpULis18S19S5pZFn.YHPZt3oaqHZnDwqbCW9pft6uFtkXKDC", "user27", "user27", "user27@user.com", 1, "2003/01/22", 16, 50027);
INSERT INTO user_authority (USER_ID, AUTHORITY_ID) VALUES (10027, 2);
INSERT INTO programme(programme_id, date_debut, user_id) VALUES (10027, '2018-04-23', 10027);
INSERT INTO activity(activity_id, date, distance, estrealisee, programme_id, sport_id, CENTREINTERET_ID, timeframe_id) VALUES (10216, '01-05-2018', 11.054606430294402, 0, 10027, 1, 10000, 14);
INSERT INTO activity(activity_id, date, distance, estrealisee, programme_id, sport_id, CENTREINTERET_ID, timeframe_id) VALUES (10217, '02-05-2018', 9.245533437253629, 0, 10027, 1, 10000, 20);
INSERT INTO activity(activity_id, date, distance, estrealisee, programme_id, sport_id, CENTREINTERET_ID, timeframe_id) VALUES (10218, '03-05-2018', 10.819035131191931, 0, 10027, 1, 10000, 31);
INSERT INTO activity(activity_id, date, distance, estrealisee, programme_id, sport_id, CENTREINTERET_ID, timeframe_id) VALUES (10219, '04-05-2018', 8.30988325921525, 0, 10027, 1, 10000, 39);
INSERT INTO activity(activity_id, date, distance, estrealisee, programme_id, sport_id, CENTREINTERET_ID, timeframe_id) VALUES (10220, '2018-04-17', 10.98909589777508, 1, 10027, 1, 10000, 56);
INSERT INTO realisation(realisation_id, date, distance, activity_id, programme_id, CENTREINTERET_ID, timeframe_id) VALUES (10108, '2018-04-17', 4, 10220, 10027, 10000, 56);
INSERT INTO activity(activity_id, date, distance, estrealisee, programme_id, sport_id, CENTREINTERET_ID, timeframe_id) VALUES (10221, '2018-04-18', 10.088542576460728, 1, 10027, 1, 10000, 35);
INSERT INTO realisation(realisation_id, date, distance, activity_id, programme_id, CENTREINTERET_ID, timeframe_id) VALUES (10109, '2018-04-18', 4, 10221, 10027, 10000, 35);
INSERT INTO activity(activity_id, date, distance, estrealisee, programme_id, sport_id, CENTREINTERET_ID, timeframe_id) VALUES (10222, '2018-04-19', 11.303574797460728, 1, 10027, 1, 10000, 18);
INSERT INTO realisation(realisation_id, date, distance, activity_id, programme_id, CENTREINTERET_ID, timeframe_id) VALUES (10110, '2018-04-19', 4, 10222, 10027, 10000, 18);
INSERT INTO activity(activity_id, date, distance, estrealisee, programme_id, sport_id, CENTREINTERET_ID, timeframe_id) VALUES (10223, '2018-04-20', 10.23773037065227, 1, 10027, 1, 10000, 44);
INSERT INTO realisation(realisation_id, date, distance, activity_id, programme_id, CENTREINTERET_ID, timeframe_id) VALUES (10111, '2018-04-20', 4, 10223, 10027, 10000, 44);

INSERT INTO point (ID, x, y) VALUES (50028, 45.76961043170774, 4.856208564636338);
INSERT INTO users (ID, USERNAME, PASSWORD, FIRSTNAME, LASTNAME, EMAIL, ENABLED, LASTPASSWORDRESETDATE, OBJECTIFHEBDO, Location_id) VALUES (10028, "user28", "$2a$08$UkVvwpULis18S19S5pZFn.YHPZt3oaqHZnDwqbCW9pft6uFtkXKDC", "user28", "user28", "user28@user.com", 1, "2003/01/22", 18, 50028);
INSERT INTO user_authority (USER_ID, AUTHORITY_ID) VALUES (10028, 2);
INSERT INTO programme(programme_id, date_debut, user_id) VALUES (10028, '2018-04-23', 10028);
INSERT INTO activity(activity_id, date, distance, estrealisee, programme_id, sport_id, CENTREINTERET_ID, timeframe_id) VALUES (10224, '01-05-2018', 11.312176112656502, 0, 10028, 1, 10000, 14);
INSERT INTO activity(activity_id, date, distance, estrealisee, programme_id, sport_id, CENTREINTERET_ID, timeframe_id) VALUES (10225, '02-05-2018', 7.083147161977854, 0, 10028, 1, 10000, 20);
INSERT INTO activity(activity_id, date, distance, estrealisee, programme_id, sport_id, CENTREINTERET_ID, timeframe_id) VALUES (10226, '03-05-2018', 11.7992693621184, 0, 10028, 1, 10000, 31);
INSERT INTO activity(activity_id, date, distance, estrealisee, programme_id, sport_id, CENTREINTERET_ID, timeframe_id) VALUES (10227, '04-05-2018', 11.779415722617241, 0, 10028, 1, 10000, 39);
INSERT INTO activity(activity_id, date, distance, estrealisee, programme_id, sport_id, CENTREINTERET_ID, timeframe_id) VALUES (10228, '2018-04-17', 7.070257302068057, 1, 10028, 1, 10000, 20);
INSERT INTO realisation(realisation_id, date, distance, activity_id, programme_id, CENTREINTERET_ID, timeframe_id) VALUES (10112, '2018-04-17', 4, 10228, 10028, 10000, 20);
INSERT INTO activity(activity_id, date, distance, estrealisee, programme_id, sport_id, CENTREINTERET_ID, timeframe_id) VALUES (10229, '2018-04-18', 7.9997881651120455, 1, 10028, 1, 10000, 5);
INSERT INTO realisation(realisation_id, date, distance, activity_id, programme_id, CENTREINTERET_ID, timeframe_id) VALUES (10113, '2018-04-18', 4, 10229, 10028, 10000, 5);
INSERT INTO activity(activity_id, date, distance, estrealisee, programme_id, sport_id, CENTREINTERET_ID, timeframe_id) VALUES (10230, '2018-04-19', 10.258550911780418, 1, 10028, 1, 10000, 53);
INSERT INTO realisation(realisation_id, date, distance, activity_id, programme_id, CENTREINTERET_ID, timeframe_id) VALUES (10114, '2018-04-19', 4, 10230, 10028, 10000, 53);
INSERT INTO activity(activity_id, date, distance, estrealisee, programme_id, sport_id, CENTREINTERET_ID, timeframe_id) VALUES (10231, '2018-04-20', 10.975382142037656, 1, 10028, 1, 10000, 46);
INSERT INTO realisation(realisation_id, date, distance, activity_id, programme_id, CENTREINTERET_ID, timeframe_id) VALUES (10115, '2018-04-20', 4, 10231, 10028, 10000, 46);

INSERT INTO point (ID, x, y) VALUES (50029, 45.72125373297737, 4.814256639509341);
INSERT INTO users (ID, USERNAME, PASSWORD, FIRSTNAME, LASTNAME, EMAIL, ENABLED, LASTPASSWORDRESETDATE, OBJECTIFHEBDO, Location_id) VALUES (10029, "user29", "$2a$08$UkVvwpULis18S19S5pZFn.YHPZt3oaqHZnDwqbCW9pft6uFtkXKDC", "user29", "user29", "user29@user.com", 1, "2003/01/22", 7, 50029);
INSERT INTO user_authority (USER_ID, AUTHORITY_ID) VALUES (10029, 2);
INSERT INTO programme(programme_id, date_debut, user_id) VALUES (10029, '2018-04-23', 10029);
INSERT INTO activity(activity_id, date, distance, estrealisee, programme_id, sport_id, CENTREINTERET_ID, timeframe_id) VALUES (10232, '01-05-2018', 11.200069984571995, 0, 10029, 1, 10000, 14);
INSERT INTO activity(activity_id, date, distance, estrealisee, programme_id, sport_id, CENTREINTERET_ID, timeframe_id) VALUES (10233, '02-05-2018', 7.406276100178506, 0, 10029, 1, 10000, 20);
INSERT INTO activity(activity_id, date, distance, estrealisee, programme_id, sport_id, CENTREINTERET_ID, timeframe_id) VALUES (10234, '03-05-2018', 9.879537945452308, 0, 10029, 1, 10000, 31);
INSERT INTO activity(activity_id, date, distance, estrealisee, programme_id, sport_id, CENTREINTERET_ID, timeframe_id) VALUES (10235, '04-05-2018', 10.076863298154146, 0, 10029, 1, 10000, 39);
INSERT INTO activity(activity_id, date, distance, estrealisee, programme_id, sport_id, CENTREINTERET_ID, timeframe_id) VALUES (10236, '2018-04-17', 8.806496645136056, 1, 10029, 1, 10000, 31);
INSERT INTO realisation(realisation_id, date, distance, activity_id, programme_id, CENTREINTERET_ID, timeframe_id) VALUES (10116, '2018-04-17', 4, 10236, 10029, 10000, 31);
INSERT INTO activity(activity_id, date, distance, estrealisee, programme_id, sport_id, CENTREINTERET_ID, timeframe_id) VALUES (10237, '2018-04-18', 10.281340360067052, 1, 10029, 1, 10000, 25);
INSERT INTO realisation(realisation_id, date, distance, activity_id, programme_id, CENTREINTERET_ID, timeframe_id) VALUES (10117, '2018-04-18', 4, 10237, 10029, 10000, 25);
INSERT INTO activity(activity_id, date, distance, estrealisee, programme_id, sport_id, CENTREINTERET_ID, timeframe_id) VALUES (10238, '2018-04-19', 8.504376249749889, 1, 10029, 1, 10000, 36);
INSERT INTO realisation(realisation_id, date, distance, activity_id, programme_id, CENTREINTERET_ID, timeframe_id) VALUES (10118, '2018-04-19', 4, 10238, 10029, 10000, 36);
INSERT INTO activity(activity_id, date, distance, estrealisee, programme_id, sport_id, CENTREINTERET_ID, timeframe_id) VALUES (10239, '2018-04-20', 9.360638420631977, 1, 10029, 1, 10000, 25);
INSERT INTO realisation(realisation_id, date, distance, activity_id, programme_id, CENTREINTERET_ID, timeframe_id) VALUES (10119, '2018-04-20', 4, 10239, 10029, 10000, 25);

INSERT INTO point (ID, x, y) VALUES (50030, 45.777281416572215, 4.829754370325278);
INSERT INTO users (ID, USERNAME, PASSWORD, FIRSTNAME, LASTNAME, EMAIL, ENABLED, LASTPASSWORDRESETDATE, OBJECTIFHEBDO, Location_id) VALUES (10030, "user30", "$2a$08$UkVvwpULis18S19S5pZFn.YHPZt3oaqHZnDwqbCW9pft6uFtkXKDC", "user30", "user30", "user30@user.com", 1, "2003/01/22", 8, 50030);
INSERT INTO user_authority (USER_ID, AUTHORITY_ID) VALUES (10030, 2);
INSERT INTO programme(programme_id, date_debut, user_id) VALUES (10030, '2018-04-23', 10030);
INSERT INTO activity(activity_id, date, distance, estrealisee, programme_id, sport_id, CENTREINTERET_ID, timeframe_id) VALUES (10240, '01-05-2018', 9.862005753652737, 0, 10030, 1, 10000, 14);
INSERT INTO activity(activity_id, date, distance, estrealisee, programme_id, sport_id, CENTREINTERET_ID, timeframe_id) VALUES (10241, '02-05-2018', 11.352659386645204, 0, 10030, 1, 10000, 20);
INSERT INTO activity(activity_id, date, distance, estrealisee, programme_id, sport_id, CENTREINTERET_ID, timeframe_id) VALUES (10242, '03-05-2018', 8.270103467377501, 0, 10030, 1, 10000, 31);
INSERT INTO activity(activity_id, date, distance, estrealisee, programme_id, sport_id, CENTREINTERET_ID, timeframe_id) VALUES (10243, '04-05-2018', 8.582480138465407, 0, 10030, 1, 10000, 39);
INSERT INTO activity(activity_id, date, distance, estrealisee, programme_id, sport_id, CENTREINTERET_ID, timeframe_id) VALUES (10244, '2018-04-17', 9.110318565130935, 1, 10030, 1, 10000, 29);
INSERT INTO realisation(realisation_id, date, distance, activity_id, programme_id, CENTREINTERET_ID, timeframe_id) VALUES (10120, '2018-04-17', 4, 10244, 10030, 10000, 29);
INSERT INTO activity(activity_id, date, distance, estrealisee, programme_id, sport_id, CENTREINTERET_ID, timeframe_id) VALUES (10245, '2018-04-18', 9.162837186790687, 1, 10030, 1, 10000, 3);
INSERT INTO realisation(realisation_id, date, distance, activity_id, programme_id, CENTREINTERET_ID, timeframe_id) VALUES (10121, '2018-04-18', 4, 10245, 10030, 10000, 3);
INSERT INTO activity(activity_id, date, distance, estrealisee, programme_id, sport_id, CENTREINTERET_ID, timeframe_id) VALUES (10246, '2018-04-19', 8.87680825065161, 1, 10030, 1, 10000, 25);
INSERT INTO realisation(realisation_id, date, distance, activity_id, programme_id, CENTREINTERET_ID, timeframe_id) VALUES (10122, '2018-04-19', 4, 10246, 10030, 10000, 25);
INSERT INTO activity(activity_id, date, distance, estrealisee, programme_id, sport_id, CENTREINTERET_ID, timeframe_id) VALUES (10247, '2018-04-20', 8.061528691301486, 1, 10030, 1, 10000, 29);
INSERT INTO realisation(realisation_id, date, distance, activity_id, programme_id, CENTREINTERET_ID, timeframe_id) VALUES (10123, '2018-04-20', 4, 10247, 10030, 10000, 29);

INSERT INTO point (ID, x, y) VALUES (50031, 45.779776492276454, 4.844501229184177);
INSERT INTO users (ID, USERNAME, PASSWORD, FIRSTNAME, LASTNAME, EMAIL, ENABLED, LASTPASSWORDRESETDATE, OBJECTIFHEBDO, Location_id) VALUES (10031, "user31", "$2a$08$UkVvwpULis18S19S5pZFn.YHPZt3oaqHZnDwqbCW9pft6uFtkXKDC", "user31", "user31", "user31@user.com", 1, "2003/01/22", 12, 50031);
INSERT INTO user_authority (USER_ID, AUTHORITY_ID) VALUES (10031, 2);
INSERT INTO programme(programme_id, date_debut, user_id) VALUES (10031, '2018-04-23', 10031);
INSERT INTO activity(activity_id, date, distance, estrealisee, programme_id, sport_id, CENTREINTERET_ID, timeframe_id) VALUES (10248, '01-05-2018', 9.153432403271552, 0, 10031, 1, 10000, 14);
INSERT INTO activity(activity_id, date, distance, estrealisee, programme_id, sport_id, CENTREINTERET_ID, timeframe_id) VALUES (10249, '02-05-2018', 11.504394278259756, 0, 10031, 1, 10000, 20);
INSERT INTO activity(activity_id, date, distance, estrealisee, programme_id, sport_id, CENTREINTERET_ID, timeframe_id) VALUES (10250, '03-05-2018', 7.83974891230362, 0, 10031, 1, 10000, 31);
INSERT INTO activity(activity_id, date, distance, estrealisee, programme_id, sport_id, CENTREINTERET_ID, timeframe_id) VALUES (10251, '04-05-2018', 8.518214826294702, 0, 10031, 1, 10000, 39);
INSERT INTO activity(activity_id, date, distance, estrealisee, programme_id, sport_id, CENTREINTERET_ID, timeframe_id) VALUES (10252, '2018-04-17', 11.231462460600303, 1, 10031, 1, 10000, 37);
INSERT INTO realisation(realisation_id, date, distance, activity_id, programme_id, CENTREINTERET_ID, timeframe_id) VALUES (10124, '2018-04-17', 4, 10252, 10031, 10000, 37);
INSERT INTO activity(activity_id, date, distance, estrealisee, programme_id, sport_id, CENTREINTERET_ID, timeframe_id) VALUES (10253, '2018-04-18', 11.394388905609855, 1, 10031, 1, 10000, 38);
INSERT INTO realisation(realisation_id, date, distance, activity_id, programme_id, CENTREINTERET_ID, timeframe_id) VALUES (10125, '2018-04-18', 4, 10253, 10031, 10000, 38);
INSERT INTO activity(activity_id, date, distance, estrealisee, programme_id, sport_id, CENTREINTERET_ID, timeframe_id) VALUES (10254, '2018-04-19', 7.502754043757532, 1, 10031, 1, 10000, 11);
INSERT INTO realisation(realisation_id, date, distance, activity_id, programme_id, CENTREINTERET_ID, timeframe_id) VALUES (10126, '2018-04-19', 4, 10254, 10031, 10000, 11);
INSERT INTO activity(activity_id, date, distance, estrealisee, programme_id, sport_id, CENTREINTERET_ID, timeframe_id) VALUES (10255, '2018-04-20', 9.806589915925642, 1, 10031, 1, 10000, 26);
INSERT INTO realisation(realisation_id, date, distance, activity_id, programme_id, CENTREINTERET_ID, timeframe_id) VALUES (10127, '2018-04-20', 4, 10255, 10031, 10000, 26);

INSERT INTO point (ID, x, y) VALUES (50032, 45.78437776671622, 4.887574449147905);
INSERT INTO users (ID, USERNAME, PASSWORD, FIRSTNAME, LASTNAME, EMAIL, ENABLED, LASTPASSWORDRESETDATE, OBJECTIFHEBDO, Location_id) VALUES (10032, "user32", "$2a$08$UkVvwpULis18S19S5pZFn.YHPZt3oaqHZnDwqbCW9pft6uFtkXKDC", "user32", "user32", "user32@user.com", 1, "2003/01/22", 6, 50032);
INSERT INTO user_authority (USER_ID, AUTHORITY_ID) VALUES (10032, 2);
INSERT INTO programme(programme_id, date_debut, user_id) VALUES (10032, '2018-04-23', 10032);
INSERT INTO activity(activity_id, date, distance, estrealisee, programme_id, sport_id, CENTREINTERET_ID, timeframe_id) VALUES (10256, '01-05-2018', 11.87146128730999, 0, 10032, 1, 10000, 14);
INSERT INTO activity(activity_id, date, distance, estrealisee, programme_id, sport_id, CENTREINTERET_ID, timeframe_id) VALUES (10257, '02-05-2018', 9.534910131735533, 0, 10032, 1, 10000, 20);
INSERT INTO activity(activity_id, date, distance, estrealisee, programme_id, sport_id, CENTREINTERET_ID, timeframe_id) VALUES (10258, '03-05-2018', 10.79541431045741, 0, 10032, 1, 10000, 31);
INSERT INTO activity(activity_id, date, distance, estrealisee, programme_id, sport_id, CENTREINTERET_ID, timeframe_id) VALUES (10259, '04-05-2018', 11.651994741167856, 0, 10032, 1, 10000, 39);
INSERT INTO activity(activity_id, date, distance, estrealisee, programme_id, sport_id, CENTREINTERET_ID, timeframe_id) VALUES (10260, '2018-04-17', 9.466307016361302, 1, 10032, 1, 10000, 42);
INSERT INTO realisation(realisation_id, date, distance, activity_id, programme_id, CENTREINTERET_ID, timeframe_id) VALUES (10128, '2018-04-17', 4, 10260, 10032, 10000, 42);
INSERT INTO activity(activity_id, date, distance, estrealisee, programme_id, sport_id, CENTREINTERET_ID, timeframe_id) VALUES (10261, '2018-04-18', 9.62660344491607, 1, 10032, 1, 10000, 28);
INSERT INTO realisation(realisation_id, date, distance, activity_id, programme_id, CENTREINTERET_ID, timeframe_id) VALUES (10129, '2018-04-18', 4, 10261, 10032, 10000, 28);
INSERT INTO activity(activity_id, date, distance, estrealisee, programme_id, sport_id, CENTREINTERET_ID, timeframe_id) VALUES (10262, '2018-04-19', 11.997714157812723, 1, 10032, 1, 10000, 6);
INSERT INTO realisation(realisation_id, date, distance, activity_id, programme_id, CENTREINTERET_ID, timeframe_id) VALUES (10130, '2018-04-19', 4, 10262, 10032, 10000, 6);
INSERT INTO activity(activity_id, date, distance, estrealisee, programme_id, sport_id, CENTREINTERET_ID, timeframe_id) VALUES (10263, '2018-04-20', 9.468557579936245, 1, 10032, 1, 10000, 29);
INSERT INTO realisation(realisation_id, date, distance, activity_id, programme_id, CENTREINTERET_ID, timeframe_id) VALUES (10131, '2018-04-20', 4, 10263, 10032, 10000, 29);

INSERT INTO point (ID, x, y) VALUES (50033, 45.776117590052166, 4.852157491938225);
INSERT INTO users (ID, USERNAME, PASSWORD, FIRSTNAME, LASTNAME, EMAIL, ENABLED, LASTPASSWORDRESETDATE, OBJECTIFHEBDO, Location_id) VALUES (10033, "user33", "$2a$08$UkVvwpULis18S19S5pZFn.YHPZt3oaqHZnDwqbCW9pft6uFtkXKDC", "user33", "user33", "user33@user.com", 1, "2003/01/22", 13, 50033);
INSERT INTO user_authority (USER_ID, AUTHORITY_ID) VALUES (10033, 2);
INSERT INTO programme(programme_id, date_debut, user_id) VALUES (10033, '2018-04-23', 10033);
INSERT INTO activity(activity_id, date, distance, estrealisee, programme_id, sport_id, CENTREINTERET_ID, timeframe_id) VALUES (10264, '01-05-2018', 8.360661662405294, 0, 10033, 1, 10000, 14);
INSERT INTO activity(activity_id, date, distance, estrealisee, programme_id, sport_id, CENTREINTERET_ID, timeframe_id) VALUES (10265, '02-05-2018', 8.578266428271913, 0, 10033, 1, 10000, 20);
INSERT INTO activity(activity_id, date, distance, estrealisee, programme_id, sport_id, CENTREINTERET_ID, timeframe_id) VALUES (10266, '03-05-2018', 8.48977496807492, 0, 10033, 1, 10000, 31);
INSERT INTO activity(activity_id, date, distance, estrealisee, programme_id, sport_id, CENTREINTERET_ID, timeframe_id) VALUES (10267, '04-05-2018', 11.7531857972438, 0, 10033, 1, 10000, 39);
INSERT INTO activity(activity_id, date, distance, estrealisee, programme_id, sport_id, CENTREINTERET_ID, timeframe_id) VALUES (10268, '2018-04-17', 9.1989500519567, 1, 10033, 1, 10000, 48);
INSERT INTO realisation(realisation_id, date, distance, activity_id, programme_id, CENTREINTERET_ID, timeframe_id) VALUES (10132, '2018-04-17', 4, 10268, 10033, 10000, 48);
INSERT INTO activity(activity_id, date, distance, estrealisee, programme_id, sport_id, CENTREINTERET_ID, timeframe_id) VALUES (10269, '2018-04-18', 7.20487718722899, 1, 10033, 1, 10000, 20);
INSERT INTO realisation(realisation_id, date, distance, activity_id, programme_id, CENTREINTERET_ID, timeframe_id) VALUES (10133, '2018-04-18', 4, 10269, 10033, 10000, 20);
INSERT INTO activity(activity_id, date, distance, estrealisee, programme_id, sport_id, CENTREINTERET_ID, timeframe_id) VALUES (10270, '2018-04-19', 11.34224579377613, 1, 10033, 1, 10000, 27);
INSERT INTO realisation(realisation_id, date, distance, activity_id, programme_id, CENTREINTERET_ID, timeframe_id) VALUES (10134, '2018-04-19', 4, 10270, 10033, 10000, 27);
INSERT INTO activity(activity_id, date, distance, estrealisee, programme_id, sport_id, CENTREINTERET_ID, timeframe_id) VALUES (10271, '2018-04-20', 9.028861175938546, 1, 10033, 1, 10000, 15);
INSERT INTO realisation(realisation_id, date, distance, activity_id, programme_id, CENTREINTERET_ID, timeframe_id) VALUES (10135, '2018-04-20', 4, 10271, 10033, 10000, 15);

INSERT INTO point (ID, x, y) VALUES (50034, 45.77009904824539, 4.866822783936351);
INSERT INTO users (ID, USERNAME, PASSWORD, FIRSTNAME, LASTNAME, EMAIL, ENABLED, LASTPASSWORDRESETDATE, OBJECTIFHEBDO, Location_id) VALUES (10034, "user34", "$2a$08$UkVvwpULis18S19S5pZFn.YHPZt3oaqHZnDwqbCW9pft6uFtkXKDC", "user34", "user34", "user34@user.com", 1, "2003/01/22", 5, 50034);
INSERT INTO user_authority (USER_ID, AUTHORITY_ID) VALUES (10034, 2);
INSERT INTO programme(programme_id, date_debut, user_id) VALUES (10034, '2018-04-23', 10034);
INSERT INTO activity(activity_id, date, distance, estrealisee, programme_id, sport_id, CENTREINTERET_ID, timeframe_id) VALUES (10272, '01-05-2018', 10.493000064595273, 0, 10034, 1, 10000, 14);
INSERT INTO activity(activity_id, date, distance, estrealisee, programme_id, sport_id, CENTREINTERET_ID, timeframe_id) VALUES (10273, '02-05-2018', 10.821240658164257, 0, 10034, 1, 10000, 20);
INSERT INTO activity(activity_id, date, distance, estrealisee, programme_id, sport_id, CENTREINTERET_ID, timeframe_id) VALUES (10274, '03-05-2018', 11.320719959514996, 0, 10034, 1, 10000, 31);
INSERT INTO activity(activity_id, date, distance, estrealisee, programme_id, sport_id, CENTREINTERET_ID, timeframe_id) VALUES (10275, '04-05-2018', 10.573366362526716, 0, 10034, 1, 10000, 39);
INSERT INTO activity(activity_id, date, distance, estrealisee, programme_id, sport_id, CENTREINTERET_ID, timeframe_id) VALUES (10276, '2018-04-17', 8.131374244756898, 1, 10034, 1, 10000, 29);
INSERT INTO realisation(realisation_id, date, distance, activity_id, programme_id, CENTREINTERET_ID, timeframe_id) VALUES (10136, '2018-04-17', 4, 10276, 10034, 10000, 29);
INSERT INTO activity(activity_id, date, distance, estrealisee, programme_id, sport_id, CENTREINTERET_ID, timeframe_id) VALUES (10277, '2018-04-18', 10.730417754674972, 1, 10034, 1, 10000, 34);
INSERT INTO realisation(realisation_id, date, distance, activity_id, programme_id, CENTREINTERET_ID, timeframe_id) VALUES (10137, '2018-04-18', 4, 10277, 10034, 10000, 34);
INSERT INTO activity(activity_id, date, distance, estrealisee, programme_id, sport_id, CENTREINTERET_ID, timeframe_id) VALUES (10278, '2018-04-19', 10.227100403896408, 1, 10034, 1, 10000, 15);
INSERT INTO realisation(realisation_id, date, distance, activity_id, programme_id, CENTREINTERET_ID, timeframe_id) VALUES (10138, '2018-04-19', 4, 10278, 10034, 10000, 15);
INSERT INTO activity(activity_id, date, distance, estrealisee, programme_id, sport_id, CENTREINTERET_ID, timeframe_id) VALUES (10279, '2018-04-20', 7.620265894734971, 1, 10034, 1, 10000, 22);
INSERT INTO realisation(realisation_id, date, distance, activity_id, programme_id, CENTREINTERET_ID, timeframe_id) VALUES (10139, '2018-04-20', 4, 10279, 10034, 10000, 22);

INSERT INTO point (ID, x, y) VALUES (50035, 45.74922191089275, 4.865514987802246);
INSERT INTO users (ID, USERNAME, PASSWORD, FIRSTNAME, LASTNAME, EMAIL, ENABLED, LASTPASSWORDRESETDATE, OBJECTIFHEBDO, Location_id) VALUES (10035, "user35", "$2a$08$UkVvwpULis18S19S5pZFn.YHPZt3oaqHZnDwqbCW9pft6uFtkXKDC", "user35", "user35", "user35@user.com", 1, "2003/01/22", 12, 50035);
INSERT INTO user_authority (USER_ID, AUTHORITY_ID) VALUES (10035, 2);
INSERT INTO programme(programme_id, date_debut, user_id) VALUES (10035, '2018-04-23', 10035);
INSERT INTO activity(activity_id, date, distance, estrealisee, programme_id, sport_id, CENTREINTERET_ID, timeframe_id) VALUES (10280, '01-05-2018', 7.687270717517027, 0, 10035, 1, 10000, 14);
INSERT INTO activity(activity_id, date, distance, estrealisee, programme_id, sport_id, CENTREINTERET_ID, timeframe_id) VALUES (10281, '02-05-2018', 7.106764916438453, 0, 10035, 1, 10000, 20);
INSERT INTO activity(activity_id, date, distance, estrealisee, programme_id, sport_id, CENTREINTERET_ID, timeframe_id) VALUES (10282, '03-05-2018', 9.028227913270817, 0, 10035, 1, 10000, 31);
INSERT INTO activity(activity_id, date, distance, estrealisee, programme_id, sport_id, CENTREINTERET_ID, timeframe_id) VALUES (10283, '04-05-2018', 7.206951559530731, 0, 10035, 1, 10000, 39);
INSERT INTO activity(activity_id, date, distance, estrealisee, programme_id, sport_id, CENTREINTERET_ID, timeframe_id) VALUES (10284, '2018-04-17', 11.962388195399935, 1, 10035, 1, 10000, 43);
INSERT INTO realisation(realisation_id, date, distance, activity_id, programme_id, CENTREINTERET_ID, timeframe_id) VALUES (10140, '2018-04-17', 4, 10284, 10035, 10000, 43);
INSERT INTO activity(activity_id, date, distance, estrealisee, programme_id, sport_id, CENTREINTERET_ID, timeframe_id) VALUES (10285, '2018-04-18', 11.012094701087747, 1, 10035, 1, 10000, 23);
INSERT INTO realisation(realisation_id, date, distance, activity_id, programme_id, CENTREINTERET_ID, timeframe_id) VALUES (10141, '2018-04-18', 4, 10285, 10035, 10000, 23);
INSERT INTO activity(activity_id, date, distance, estrealisee, programme_id, sport_id, CENTREINTERET_ID, timeframe_id) VALUES (10286, '2018-04-19', 8.699121991597648, 1, 10035, 1, 10000, 52);
INSERT INTO realisation(realisation_id, date, distance, activity_id, programme_id, CENTREINTERET_ID, timeframe_id) VALUES (10142, '2018-04-19', 4, 10286, 10035, 10000, 52);
INSERT INTO activity(activity_id, date, distance, estrealisee, programme_id, sport_id, CENTREINTERET_ID, timeframe_id) VALUES (10287, '2018-04-20', 7.573688660215583, 1, 10035, 1, 10000, 37);
INSERT INTO realisation(realisation_id, date, distance, activity_id, programme_id, CENTREINTERET_ID, timeframe_id) VALUES (10143, '2018-04-20', 4, 10287, 10035, 10000, 37);

INSERT INTO point (ID, x, y) VALUES (50036, 45.78522606536007, 4.818168579376888);
INSERT INTO users (ID, USERNAME, PASSWORD, FIRSTNAME, LASTNAME, EMAIL, ENABLED, LASTPASSWORDRESETDATE, OBJECTIFHEBDO, Location_id) VALUES (10036, "user36", "$2a$08$UkVvwpULis18S19S5pZFn.YHPZt3oaqHZnDwqbCW9pft6uFtkXKDC", "user36", "user36", "user36@user.com", 1, "2003/01/22", 7, 50036);
INSERT INTO user_authority (USER_ID, AUTHORITY_ID) VALUES (10036, 2);
INSERT INTO programme(programme_id, date_debut, user_id) VALUES (10036, '2018-04-23', 10036);
INSERT INTO activity(activity_id, date, distance, estrealisee, programme_id, sport_id, CENTREINTERET_ID, timeframe_id) VALUES (10288, '01-05-2018', 9.405001975989565, 0, 10036, 1, 10000, 14);
INSERT INTO activity(activity_id, date, distance, estrealisee, programme_id, sport_id, CENTREINTERET_ID, timeframe_id) VALUES (10289, '02-05-2018', 10.13885215163835, 0, 10036, 1, 10000, 20);
INSERT INTO activity(activity_id, date, distance, estrealisee, programme_id, sport_id, CENTREINTERET_ID, timeframe_id) VALUES (10290, '03-05-2018', 10.04445612890931, 0, 10036, 1, 10000, 31);
INSERT INTO activity(activity_id, date, distance, estrealisee, programme_id, sport_id, CENTREINTERET_ID, timeframe_id) VALUES (10291, '04-05-2018', 10.649243175507173, 0, 10036, 1, 10000, 39);
INSERT INTO activity(activity_id, date, distance, estrealisee, programme_id, sport_id, CENTREINTERET_ID, timeframe_id) VALUES (10292, '2018-04-17', 9.903863407872718, 1, 10036, 1, 10000, 5);
INSERT INTO realisation(realisation_id, date, distance, activity_id, programme_id, CENTREINTERET_ID, timeframe_id) VALUES (10144, '2018-04-17', 4, 10292, 10036, 10000, 5);
INSERT INTO activity(activity_id, date, distance, estrealisee, programme_id, sport_id, CENTREINTERET_ID, timeframe_id) VALUES (10293, '2018-04-18', 9.683088186871338, 1, 10036, 1, 10000, 5);
INSERT INTO realisation(realisation_id, date, distance, activity_id, programme_id, CENTREINTERET_ID, timeframe_id) VALUES (10145, '2018-04-18', 4, 10293, 10036, 10000, 5);
INSERT INTO activity(activity_id, date, distance, estrealisee, programme_id, sport_id, CENTREINTERET_ID, timeframe_id) VALUES (10294, '2018-04-19', 10.452193076040242, 1, 10036, 1, 10000, 40);
INSERT INTO realisation(realisation_id, date, distance, activity_id, programme_id, CENTREINTERET_ID, timeframe_id) VALUES (10146, '2018-04-19', 4, 10294, 10036, 10000, 40);
INSERT INTO activity(activity_id, date, distance, estrealisee, programme_id, sport_id, CENTREINTERET_ID, timeframe_id) VALUES (10295, '2018-04-20', 11.476522418465075, 1, 10036, 1, 10000, 10);
INSERT INTO realisation(realisation_id, date, distance, activity_id, programme_id, CENTREINTERET_ID, timeframe_id) VALUES (10147, '2018-04-20', 4, 10295, 10036, 10000, 10);

INSERT INTO point (ID, x, y) VALUES (50037, 45.76472940356509, 4.882388748803432);
INSERT INTO users (ID, USERNAME, PASSWORD, FIRSTNAME, LASTNAME, EMAIL, ENABLED, LASTPASSWORDRESETDATE, OBJECTIFHEBDO, Location_id) VALUES (10037, "user37", "$2a$08$UkVvwpULis18S19S5pZFn.YHPZt3oaqHZnDwqbCW9pft6uFtkXKDC", "user37", "user37", "user37@user.com", 1, "2003/01/22", 9, 50037);
INSERT INTO user_authority (USER_ID, AUTHORITY_ID) VALUES (10037, 2);
INSERT INTO programme(programme_id, date_debut, user_id) VALUES (10037, '2018-04-23', 10037);
INSERT INTO activity(activity_id, date, distance, estrealisee, programme_id, sport_id, CENTREINTERET_ID, timeframe_id) VALUES (10296, '01-05-2018', 7.0791887529485, 0, 10037, 1, 10000, 14);
INSERT INTO activity(activity_id, date, distance, estrealisee, programme_id, sport_id, CENTREINTERET_ID, timeframe_id) VALUES (10297, '02-05-2018', 8.414283563884728, 0, 10037, 1, 10000, 20);
INSERT INTO activity(activity_id, date, distance, estrealisee, programme_id, sport_id, CENTREINTERET_ID, timeframe_id) VALUES (10298, '03-05-2018', 9.781179053267383, 0, 10037, 1, 10000, 31);
INSERT INTO activity(activity_id, date, distance, estrealisee, programme_id, sport_id, CENTREINTERET_ID, timeframe_id) VALUES (10299, '04-05-2018', 7.584897213826631, 0, 10037, 1, 10000, 39);
INSERT INTO activity(activity_id, date, distance, estrealisee, programme_id, sport_id, CENTREINTERET_ID, timeframe_id) VALUES (10300, '2018-04-17', 10.515747031181505, 1, 10037, 1, 10000, 8);
INSERT INTO realisation(realisation_id, date, distance, activity_id, programme_id, CENTREINTERET_ID, timeframe_id) VALUES (10148, '2018-04-17', 4, 10300, 10037, 10000, 8);
INSERT INTO activity(activity_id, date, distance, estrealisee, programme_id, sport_id, CENTREINTERET_ID, timeframe_id) VALUES (10301, '2018-04-18', 7.106928615623566, 1, 10037, 1, 10000, 15);
INSERT INTO realisation(realisation_id, date, distance, activity_id, programme_id, CENTREINTERET_ID, timeframe_id) VALUES (10149, '2018-04-18', 4, 10301, 10037, 10000, 15);
INSERT INTO activity(activity_id, date, distance, estrealisee, programme_id, sport_id, CENTREINTERET_ID, timeframe_id) VALUES (10302, '2018-04-19', 11.089829896091562, 1, 10037, 1, 10000, 19);
INSERT INTO realisation(realisation_id, date, distance, activity_id, programme_id, CENTREINTERET_ID, timeframe_id) VALUES (10150, '2018-04-19', 4, 10302, 10037, 10000, 19);
INSERT INTO activity(activity_id, date, distance, estrealisee, programme_id, sport_id, CENTREINTERET_ID, timeframe_id) VALUES (10303, '2018-04-20', 9.203492490315128, 1, 10037, 1, 10000, 25);
INSERT INTO realisation(realisation_id, date, distance, activity_id, programme_id, CENTREINTERET_ID, timeframe_id) VALUES (10151, '2018-04-20', 4, 10303, 10037, 10000, 25);

INSERT INTO point (ID, x, y) VALUES (50038, 45.71965507527048, 4.851498167188579);
INSERT INTO users (ID, USERNAME, PASSWORD, FIRSTNAME, LASTNAME, EMAIL, ENABLED, LASTPASSWORDRESETDATE, OBJECTIFHEBDO, Location_id) VALUES (10038, "user38", "$2a$08$UkVvwpULis18S19S5pZFn.YHPZt3oaqHZnDwqbCW9pft6uFtkXKDC", "user38", "user38", "user38@user.com", 1, "2003/01/22", 19, 50038);
INSERT INTO user_authority (USER_ID, AUTHORITY_ID) VALUES (10038, 2);
INSERT INTO programme(programme_id, date_debut, user_id) VALUES (10038, '2018-04-23', 10038);
INSERT INTO activity(activity_id, date, distance, estrealisee, programme_id, sport_id, CENTREINTERET_ID, timeframe_id) VALUES (10304, '01-05-2018', 11.167149927071364, 0, 10038, 1, 10000, 14);
INSERT INTO activity(activity_id, date, distance, estrealisee, programme_id, sport_id, CENTREINTERET_ID, timeframe_id) VALUES (10305, '02-05-2018', 7.887587877182615, 0, 10038, 1, 10000, 20);
INSERT INTO activity(activity_id, date, distance, estrealisee, programme_id, sport_id, CENTREINTERET_ID, timeframe_id) VALUES (10306, '03-05-2018', 11.77566631371391, 0, 10038, 1, 10000, 31);
INSERT INTO activity(activity_id, date, distance, estrealisee, programme_id, sport_id, CENTREINTERET_ID, timeframe_id) VALUES (10307, '04-05-2018', 8.535284081569813, 0, 10038, 1, 10000, 39);
INSERT INTO activity(activity_id, date, distance, estrealisee, programme_id, sport_id, CENTREINTERET_ID, timeframe_id) VALUES (10308, '2018-04-17', 7.12929101598788, 1, 10038, 1, 10000, 31);
INSERT INTO realisation(realisation_id, date, distance, activity_id, programme_id, CENTREINTERET_ID, timeframe_id) VALUES (10152, '2018-04-17', 4, 10308, 10038, 10000, 31);
INSERT INTO activity(activity_id, date, distance, estrealisee, programme_id, sport_id, CENTREINTERET_ID, timeframe_id) VALUES (10309, '2018-04-18', 11.03668455439426, 1, 10038, 1, 10000, 8);
INSERT INTO realisation(realisation_id, date, distance, activity_id, programme_id, CENTREINTERET_ID, timeframe_id) VALUES (10153, '2018-04-18', 4, 10309, 10038, 10000, 8);
INSERT INTO activity(activity_id, date, distance, estrealisee, programme_id, sport_id, CENTREINTERET_ID, timeframe_id) VALUES (10310, '2018-04-19', 9.54398056471869, 1, 10038, 1, 10000, 10);
INSERT INTO realisation(realisation_id, date, distance, activity_id, programme_id, CENTREINTERET_ID, timeframe_id) VALUES (10154, '2018-04-19', 4, 10310, 10038, 10000, 10);
INSERT INTO activity(activity_id, date, distance, estrealisee, programme_id, sport_id, CENTREINTERET_ID, timeframe_id) VALUES (10311, '2018-04-20', 8.144580501867532, 1, 10038, 1, 10000, 16);
INSERT INTO realisation(realisation_id, date, distance, activity_id, programme_id, CENTREINTERET_ID, timeframe_id) VALUES (10155, '2018-04-20', 4, 10311, 10038, 10000, 16);

INSERT INTO point (ID, x, y) VALUES (50039, 45.757761318352024, 4.840923508974183);
INSERT INTO users (ID, USERNAME, PASSWORD, FIRSTNAME, LASTNAME, EMAIL, ENABLED, LASTPASSWORDRESETDATE, OBJECTIFHEBDO, Location_id) VALUES (10039, "user39", "$2a$08$UkVvwpULis18S19S5pZFn.YHPZt3oaqHZnDwqbCW9pft6uFtkXKDC", "user39", "user39", "user39@user.com", 1, "2003/01/22", 17, 50039);
INSERT INTO user_authority (USER_ID, AUTHORITY_ID) VALUES (10039, 2);
INSERT INTO programme(programme_id, date_debut, user_id) VALUES (10039, '2018-04-23', 10039);
INSERT INTO activity(activity_id, date, distance, estrealisee, programme_id, sport_id, CENTREINTERET_ID, timeframe_id) VALUES (10312, '01-05-2018', 8.013551291323369, 0, 10039, 1, 10000, 14);
INSERT INTO activity(activity_id, date, distance, estrealisee, programme_id, sport_id, CENTREINTERET_ID, timeframe_id) VALUES (10313, '02-05-2018', 8.227652748051376, 0, 10039, 1, 10000, 20);
INSERT INTO activity(activity_id, date, distance, estrealisee, programme_id, sport_id, CENTREINTERET_ID, timeframe_id) VALUES (10314, '03-05-2018', 10.861780580296431, 0, 10039, 1, 10000, 31);
INSERT INTO activity(activity_id, date, distance, estrealisee, programme_id, sport_id, CENTREINTERET_ID, timeframe_id) VALUES (10315, '04-05-2018', 11.164441905199986, 0, 10039, 1, 10000, 39);
INSERT INTO activity(activity_id, date, distance, estrealisee, programme_id, sport_id, CENTREINTERET_ID, timeframe_id) VALUES (10316, '2018-04-17', 8.204790171532265, 1, 10039, 1, 10000, 18);
INSERT INTO realisation(realisation_id, date, distance, activity_id, programme_id, CENTREINTERET_ID, timeframe_id) VALUES (10156, '2018-04-17', 4, 10316, 10039, 10000, 18);
INSERT INTO activity(activity_id, date, distance, estrealisee, programme_id, sport_id, CENTREINTERET_ID, timeframe_id) VALUES (10317, '2018-04-18', 9.819944307503166, 1, 10039, 1, 10000, 34);
INSERT INTO realisation(realisation_id, date, distance, activity_id, programme_id, CENTREINTERET_ID, timeframe_id) VALUES (10157, '2018-04-18', 4, 10317, 10039, 10000, 34);
INSERT INTO activity(activity_id, date, distance, estrealisee, programme_id, sport_id, CENTREINTERET_ID, timeframe_id) VALUES (10318, '2018-04-19', 11.041130119590726, 1, 10039, 1, 10000, 54);
INSERT INTO realisation(realisation_id, date, distance, activity_id, programme_id, CENTREINTERET_ID, timeframe_id) VALUES (10158, '2018-04-19', 4, 10318, 10039, 10000, 54);
INSERT INTO activity(activity_id, date, distance, estrealisee, programme_id, sport_id, CENTREINTERET_ID, timeframe_id) VALUES (10319, '2018-04-20', 7.336454743042731, 1, 10039, 1, 10000, 19);
INSERT INTO realisation(realisation_id, date, distance, activity_id, programme_id, CENTREINTERET_ID, timeframe_id) VALUES (10159, '2018-04-20', 4, 10319, 10039, 10000, 19);

INSERT INTO point (ID, x, y) VALUES (50040, 45.763504296142095, 4.813028592814489);
INSERT INTO users (ID, USERNAME, PASSWORD, FIRSTNAME, LASTNAME, EMAIL, ENABLED, LASTPASSWORDRESETDATE, OBJECTIFHEBDO, Location_id) VALUES (10040, "user40", "$2a$08$UkVvwpULis18S19S5pZFn.YHPZt3oaqHZnDwqbCW9pft6uFtkXKDC", "user40", "user40", "user40@user.com", 1, "2003/01/22", 18, 50040);
INSERT INTO user_authority (USER_ID, AUTHORITY_ID) VALUES (10040, 2);
INSERT INTO programme(programme_id, date_debut, user_id) VALUES (10040, '2018-04-23', 10040);
INSERT INTO activity(activity_id, date, distance, estrealisee, programme_id, sport_id, CENTREINTERET_ID, timeframe_id) VALUES (10320, '01-05-2018', 10.168377717749546, 0, 10040, 1, 10000, 14);
INSERT INTO activity(activity_id, date, distance, estrealisee, programme_id, sport_id, CENTREINTERET_ID, timeframe_id) VALUES (10321, '02-05-2018', 10.748252729415572, 0, 10040, 1, 10000, 20);
INSERT INTO activity(activity_id, date, distance, estrealisee, programme_id, sport_id, CENTREINTERET_ID, timeframe_id) VALUES (10322, '03-05-2018', 9.388607815210047, 0, 10040, 1, 10000, 31);
INSERT INTO activity(activity_id, date, distance, estrealisee, programme_id, sport_id, CENTREINTERET_ID, timeframe_id) VALUES (10323, '04-05-2018', 8.357808190591191, 0, 10040, 1, 10000, 39);
INSERT INTO activity(activity_id, date, distance, estrealisee, programme_id, sport_id, CENTREINTERET_ID, timeframe_id) VALUES (10324, '2018-04-17', 9.85763565040708, 1, 10040, 1, 10000, 17);
INSERT INTO realisation(realisation_id, date, distance, activity_id, programme_id, CENTREINTERET_ID, timeframe_id) VALUES (10160, '2018-04-17', 4, 10324, 10040, 10000, 17);
INSERT INTO activity(activity_id, date, distance, estrealisee, programme_id, sport_id, CENTREINTERET_ID, timeframe_id) VALUES (10325, '2018-04-18', 7.726542547024776, 1, 10040, 1, 10000, 7);
INSERT INTO realisation(realisation_id, date, distance, activity_id, programme_id, CENTREINTERET_ID, timeframe_id) VALUES (10161, '2018-04-18', 4, 10325, 10040, 10000, 7);
INSERT INTO activity(activity_id, date, distance, estrealisee, programme_id, sport_id, CENTREINTERET_ID, timeframe_id) VALUES (10326, '2018-04-19', 11.363767116868846, 1, 10040, 1, 10000, 15);
INSERT INTO realisation(realisation_id, date, distance, activity_id, programme_id, CENTREINTERET_ID, timeframe_id) VALUES (10162, '2018-04-19', 4, 10326, 10040, 10000, 15);
INSERT INTO activity(activity_id, date, distance, estrealisee, programme_id, sport_id, CENTREINTERET_ID, timeframe_id) VALUES (10327, '2018-04-20', 10.56292558488632, 1, 10040, 1, 10000, 29);
INSERT INTO realisation(realisation_id, date, distance, activity_id, programme_id, CENTREINTERET_ID, timeframe_id) VALUES (10163, '2018-04-20', 4, 10327, 10040, 10000, 29);

INSERT INTO point (ID, x, y) VALUES (50041, 45.71315431822595, 4.862297646198474);
INSERT INTO users (ID, USERNAME, PASSWORD, FIRSTNAME, LASTNAME, EMAIL, ENABLED, LASTPASSWORDRESETDATE, OBJECTIFHEBDO, Location_id) VALUES (10041, "user41", "$2a$08$UkVvwpULis18S19S5pZFn.YHPZt3oaqHZnDwqbCW9pft6uFtkXKDC", "user41", "user41", "user41@user.com", 1, "2003/01/22", 18, 50041);
INSERT INTO user_authority (USER_ID, AUTHORITY_ID) VALUES (10041, 2);
INSERT INTO programme(programme_id, date_debut, user_id) VALUES (10041, '2018-04-23', 10041);
INSERT INTO activity(activity_id, date, distance, estrealisee, programme_id, sport_id, CENTREINTERET_ID, timeframe_id) VALUES (10328, '01-05-2018', 11.996134243876263, 0, 10041, 1, 10000, 14);
INSERT INTO activity(activity_id, date, distance, estrealisee, programme_id, sport_id, CENTREINTERET_ID, timeframe_id) VALUES (10329, '02-05-2018', 10.662109311751927, 0, 10041, 1, 10000, 20);
INSERT INTO activity(activity_id, date, distance, estrealisee, programme_id, sport_id, CENTREINTERET_ID, timeframe_id) VALUES (10330, '03-05-2018', 8.337027917799867, 0, 10041, 1, 10000, 31);
INSERT INTO activity(activity_id, date, distance, estrealisee, programme_id, sport_id, CENTREINTERET_ID, timeframe_id) VALUES (10331, '04-05-2018', 11.732170919400241, 0, 10041, 1, 10000, 39);
INSERT INTO activity(activity_id, date, distance, estrealisee, programme_id, sport_id, CENTREINTERET_ID, timeframe_id) VALUES (10332, '2018-04-17', 7.070980996119575, 1, 10041, 1, 10000, 1);
INSERT INTO realisation(realisation_id, date, distance, activity_id, programme_id, CENTREINTERET_ID, timeframe_id) VALUES (10164, '2018-04-17', 4, 10332, 10041, 10000, 1);
INSERT INTO activity(activity_id, date, distance, estrealisee, programme_id, sport_id, CENTREINTERET_ID, timeframe_id) VALUES (10333, '2018-04-18', 8.474982082679402, 1, 10041, 1, 10000, 52);
INSERT INTO realisation(realisation_id, date, distance, activity_id, programme_id, CENTREINTERET_ID, timeframe_id) VALUES (10165, '2018-04-18', 4, 10333, 10041, 10000, 52);
INSERT INTO activity(activity_id, date, distance, estrealisee, programme_id, sport_id, CENTREINTERET_ID, timeframe_id) VALUES (10334, '2018-04-19', 9.583141905664377, 1, 10041, 1, 10000, 46);
INSERT INTO realisation(realisation_id, date, distance, activity_id, programme_id, CENTREINTERET_ID, timeframe_id) VALUES (10166, '2018-04-19', 4, 10334, 10041, 10000, 46);
INSERT INTO activity(activity_id, date, distance, estrealisee, programme_id, sport_id, CENTREINTERET_ID, timeframe_id) VALUES (10335, '2018-04-20', 9.16406947850462, 1, 10041, 1, 10000, 42);
INSERT INTO realisation(realisation_id, date, distance, activity_id, programme_id, CENTREINTERET_ID, timeframe_id) VALUES (10167, '2018-04-20', 4, 10335, 10041, 10000, 42);

INSERT INTO point (ID, x, y) VALUES (50042, 45.75287653272731, 4.862469580987059);
INSERT INTO users (ID, USERNAME, PASSWORD, FIRSTNAME, LASTNAME, EMAIL, ENABLED, LASTPASSWORDRESETDATE, OBJECTIFHEBDO, Location_id) VALUES (10042, "user42", "$2a$08$UkVvwpULis18S19S5pZFn.YHPZt3oaqHZnDwqbCW9pft6uFtkXKDC", "user42", "user42", "user42@user.com", 1, "2003/01/22", 15, 50042);
INSERT INTO user_authority (USER_ID, AUTHORITY_ID) VALUES (10042, 2);
INSERT INTO programme(programme_id, date_debut, user_id) VALUES (10042, '2018-04-23', 10042);
INSERT INTO activity(activity_id, date, distance, estrealisee, programme_id, sport_id, CENTREINTERET_ID, timeframe_id) VALUES (10336, '01-05-2018', 9.979065961740108, 0, 10042, 1, 10000, 14);
INSERT INTO activity(activity_id, date, distance, estrealisee, programme_id, sport_id, CENTREINTERET_ID, timeframe_id) VALUES (10337, '02-05-2018', 9.955031424155731, 0, 10042, 1, 10000, 20);
INSERT INTO activity(activity_id, date, distance, estrealisee, programme_id, sport_id, CENTREINTERET_ID, timeframe_id) VALUES (10338, '03-05-2018', 11.29328110048385, 0, 10042, 1, 10000, 31);
INSERT INTO activity(activity_id, date, distance, estrealisee, programme_id, sport_id, CENTREINTERET_ID, timeframe_id) VALUES (10339, '04-05-2018', 7.787289972401527, 0, 10042, 1, 10000, 39);
INSERT INTO activity(activity_id, date, distance, estrealisee, programme_id, sport_id, CENTREINTERET_ID, timeframe_id) VALUES (10340, '2018-04-17', 8.059360801573353, 1, 10042, 1, 10000, 35);
INSERT INTO realisation(realisation_id, date, distance, activity_id, programme_id, CENTREINTERET_ID, timeframe_id) VALUES (10168, '2018-04-17', 4, 10340, 10042, 10000, 35);
INSERT INTO activity(activity_id, date, distance, estrealisee, programme_id, sport_id, CENTREINTERET_ID, timeframe_id) VALUES (10341, '2018-04-18', 7.638951526771764, 1, 10042, 1, 10000, 27);
INSERT INTO realisation(realisation_id, date, distance, activity_id, programme_id, CENTREINTERET_ID, timeframe_id) VALUES (10169, '2018-04-18', 4, 10341, 10042, 10000, 27);
INSERT INTO activity(activity_id, date, distance, estrealisee, programme_id, sport_id, CENTREINTERET_ID, timeframe_id) VALUES (10342, '2018-04-19', 10.054461327525182, 1, 10042, 1, 10000, 15);
INSERT INTO realisation(realisation_id, date, distance, activity_id, programme_id, CENTREINTERET_ID, timeframe_id) VALUES (10170, '2018-04-19', 4, 10342, 10042, 10000, 15);
INSERT INTO activity(activity_id, date, distance, estrealisee, programme_id, sport_id, CENTREINTERET_ID, timeframe_id) VALUES (10343, '2018-04-20', 8.823038936475765, 1, 10042, 1, 10000, 29);
INSERT INTO realisation(realisation_id, date, distance, activity_id, programme_id, CENTREINTERET_ID, timeframe_id) VALUES (10171, '2018-04-20', 4, 10343, 10042, 10000, 29);

INSERT INTO point (ID, x, y) VALUES (50043, 45.7425558334347, 4.844614666893036);
INSERT INTO users (ID, USERNAME, PASSWORD, FIRSTNAME, LASTNAME, EMAIL, ENABLED, LASTPASSWORDRESETDATE, OBJECTIFHEBDO, Location_id) VALUES (10043, "user43", "$2a$08$UkVvwpULis18S19S5pZFn.YHPZt3oaqHZnDwqbCW9pft6uFtkXKDC", "user43", "user43", "user43@user.com", 1, "2003/01/22", 9, 50043);
INSERT INTO user_authority (USER_ID, AUTHORITY_ID) VALUES (10043, 2);
INSERT INTO programme(programme_id, date_debut, user_id) VALUES (10043, '2018-04-23', 10043);
INSERT INTO activity(activity_id, date, distance, estrealisee, programme_id, sport_id, CENTREINTERET_ID, timeframe_id) VALUES (10344, '01-05-2018', 7.8085296284040435, 0, 10043, 1, 10000, 14);
INSERT INTO activity(activity_id, date, distance, estrealisee, programme_id, sport_id, CENTREINTERET_ID, timeframe_id) VALUES (10345, '02-05-2018', 11.959158253080952, 0, 10043, 1, 10000, 20);
INSERT INTO activity(activity_id, date, distance, estrealisee, programme_id, sport_id, CENTREINTERET_ID, timeframe_id) VALUES (10346, '03-05-2018', 10.847502742684085, 0, 10043, 1, 10000, 31);
INSERT INTO activity(activity_id, date, distance, estrealisee, programme_id, sport_id, CENTREINTERET_ID, timeframe_id) VALUES (10347, '04-05-2018', 11.892045682977363, 0, 10043, 1, 10000, 39);
INSERT INTO activity(activity_id, date, distance, estrealisee, programme_id, sport_id, CENTREINTERET_ID, timeframe_id) VALUES (10348, '2018-04-17', 10.483357944837255, 1, 10043, 1, 10000, 8);
INSERT INTO realisation(realisation_id, date, distance, activity_id, programme_id, CENTREINTERET_ID, timeframe_id) VALUES (10172, '2018-04-17', 4, 10348, 10043, 10000, 8);
INSERT INTO activity(activity_id, date, distance, estrealisee, programme_id, sport_id, CENTREINTERET_ID, timeframe_id) VALUES (10349, '2018-04-18', 10.903877383273898, 1, 10043, 1, 10000, 14);
INSERT INTO realisation(realisation_id, date, distance, activity_id, programme_id, CENTREINTERET_ID, timeframe_id) VALUES (10173, '2018-04-18', 4, 10349, 10043, 10000, 14);
INSERT INTO activity(activity_id, date, distance, estrealisee, programme_id, sport_id, CENTREINTERET_ID, timeframe_id) VALUES (10350, '2018-04-19', 7.69512773487353, 1, 10043, 1, 10000, 50);
INSERT INTO realisation(realisation_id, date, distance, activity_id, programme_id, CENTREINTERET_ID, timeframe_id) VALUES (10174, '2018-04-19', 4, 10350, 10043, 10000, 50);
INSERT INTO activity(activity_id, date, distance, estrealisee, programme_id, sport_id, CENTREINTERET_ID, timeframe_id) VALUES (10351, '2018-04-20', 7.0657723888654935, 1, 10043, 1, 10000, 40);
INSERT INTO realisation(realisation_id, date, distance, activity_id, programme_id, CENTREINTERET_ID, timeframe_id) VALUES (10175, '2018-04-20', 4, 10351, 10043, 10000, 40);

INSERT INTO point (ID, x, y) VALUES (50044, 45.783301384274175, 4.83475177523356);
INSERT INTO users (ID, USERNAME, PASSWORD, FIRSTNAME, LASTNAME, EMAIL, ENABLED, LASTPASSWORDRESETDATE, OBJECTIFHEBDO, Location_id) VALUES (10044, "user44", "$2a$08$UkVvwpULis18S19S5pZFn.YHPZt3oaqHZnDwqbCW9pft6uFtkXKDC", "user44", "user44", "user44@user.com", 1, "2003/01/22", 6, 50044);
INSERT INTO user_authority (USER_ID, AUTHORITY_ID) VALUES (10044, 2);
INSERT INTO programme(programme_id, date_debut, user_id) VALUES (10044, '2018-04-23', 10044);
INSERT INTO activity(activity_id, date, distance, estrealisee, programme_id, sport_id, CENTREINTERET_ID, timeframe_id) VALUES (10352, '01-05-2018', 8.684256717951783, 0, 10044, 1, 10000, 14);
INSERT INTO activity(activity_id, date, distance, estrealisee, programme_id, sport_id, CENTREINTERET_ID, timeframe_id) VALUES (10353, '02-05-2018', 8.702706845626823, 0, 10044, 1, 10000, 20);
INSERT INTO activity(activity_id, date, distance, estrealisee, programme_id, sport_id, CENTREINTERET_ID, timeframe_id) VALUES (10354, '03-05-2018', 7.874939796122641, 0, 10044, 1, 10000, 31);
INSERT INTO activity(activity_id, date, distance, estrealisee, programme_id, sport_id, CENTREINTERET_ID, timeframe_id) VALUES (10355, '04-05-2018', 11.238797551213702, 0, 10044, 1, 10000, 39);
INSERT INTO activity(activity_id, date, distance, estrealisee, programme_id, sport_id, CENTREINTERET_ID, timeframe_id) VALUES (10356, '2018-04-17', 11.39756245516274, 1, 10044, 1, 10000, 32);
INSERT INTO realisation(realisation_id, date, distance, activity_id, programme_id, CENTREINTERET_ID, timeframe_id) VALUES (10176, '2018-04-17', 4, 10356, 10044, 10000, 32);
INSERT INTO activity(activity_id, date, distance, estrealisee, programme_id, sport_id, CENTREINTERET_ID, timeframe_id) VALUES (10357, '2018-04-18', 7.999136862911843, 1, 10044, 1, 10000, 34);
INSERT INTO realisation(realisation_id, date, distance, activity_id, programme_id, CENTREINTERET_ID, timeframe_id) VALUES (10177, '2018-04-18', 4, 10357, 10044, 10000, 34);
INSERT INTO activity(activity_id, date, distance, estrealisee, programme_id, sport_id, CENTREINTERET_ID, timeframe_id) VALUES (10358, '2018-04-19', 11.053490376427405, 1, 10044, 1, 10000, 51);
INSERT INTO realisation(realisation_id, date, distance, activity_id, programme_id, CENTREINTERET_ID, timeframe_id) VALUES (10178, '2018-04-19', 4, 10358, 10044, 10000, 51);
INSERT INTO activity(activity_id, date, distance, estrealisee, programme_id, sport_id, CENTREINTERET_ID, timeframe_id) VALUES (10359, '2018-04-20', 8.773460956186094, 1, 10044, 1, 10000, 29);
INSERT INTO realisation(realisation_id, date, distance, activity_id, programme_id, CENTREINTERET_ID, timeframe_id) VALUES (10179, '2018-04-20', 4, 10359, 10044, 10000, 29);

INSERT INTO point (ID, x, y) VALUES (50045, 45.746667651592574, 4.8915960569370265);
INSERT INTO users (ID, USERNAME, PASSWORD, FIRSTNAME, LASTNAME, EMAIL, ENABLED, LASTPASSWORDRESETDATE, OBJECTIFHEBDO, Location_id) VALUES (10045, "user45", "$2a$08$UkVvwpULis18S19S5pZFn.YHPZt3oaqHZnDwqbCW9pft6uFtkXKDC", "user45", "user45", "user45@user.com", 1, "2003/01/22", 7, 50045);
INSERT INTO user_authority (USER_ID, AUTHORITY_ID) VALUES (10045, 2);
INSERT INTO programme(programme_id, date_debut, user_id) VALUES (10045, '2018-04-23', 10045);
INSERT INTO activity(activity_id, date, distance, estrealisee, programme_id, sport_id, CENTREINTERET_ID, timeframe_id) VALUES (10360, '01-05-2018', 9.749320870639526, 0, 10045, 1, 10000, 14);
INSERT INTO activity(activity_id, date, distance, estrealisee, programme_id, sport_id, CENTREINTERET_ID, timeframe_id) VALUES (10361, '02-05-2018', 10.969021622779728, 0, 10045, 1, 10000, 20);
INSERT INTO activity(activity_id, date, distance, estrealisee, programme_id, sport_id, CENTREINTERET_ID, timeframe_id) VALUES (10362, '03-05-2018', 9.238446088124618, 0, 10045, 1, 10000, 31);
INSERT INTO activity(activity_id, date, distance, estrealisee, programme_id, sport_id, CENTREINTERET_ID, timeframe_id) VALUES (10363, '04-05-2018', 11.395392492941387, 0, 10045, 1, 10000, 39);
INSERT INTO activity(activity_id, date, distance, estrealisee, programme_id, sport_id, CENTREINTERET_ID, timeframe_id) VALUES (10364, '2018-04-17', 8.348853903855687, 1, 10045, 1, 10000, 47);
INSERT INTO realisation(realisation_id, date, distance, activity_id, programme_id, CENTREINTERET_ID, timeframe_id) VALUES (10180, '2018-04-17', 4, 10364, 10045, 10000, 47);
INSERT INTO activity(activity_id, date, distance, estrealisee, programme_id, sport_id, CENTREINTERET_ID, timeframe_id) VALUES (10365, '2018-04-18', 9.026672533465755, 1, 10045, 1, 10000, 5);
INSERT INTO realisation(realisation_id, date, distance, activity_id, programme_id, CENTREINTERET_ID, timeframe_id) VALUES (10181, '2018-04-18', 4, 10365, 10045, 10000, 5);
INSERT INTO activity(activity_id, date, distance, estrealisee, programme_id, sport_id, CENTREINTERET_ID, timeframe_id) VALUES (10366, '2018-04-19', 8.139731660373805, 1, 10045, 1, 10000, 37);
INSERT INTO realisation(realisation_id, date, distance, activity_id, programme_id, CENTREINTERET_ID, timeframe_id) VALUES (10182, '2018-04-19', 4, 10366, 10045, 10000, 37);
INSERT INTO activity(activity_id, date, distance, estrealisee, programme_id, sport_id, CENTREINTERET_ID, timeframe_id) VALUES (10367, '2018-04-20', 7.257536851958103, 1, 10045, 1, 10000, 7);
INSERT INTO realisation(realisation_id, date, distance, activity_id, programme_id, CENTREINTERET_ID, timeframe_id) VALUES (10183, '2018-04-20', 4, 10367, 10045, 10000, 7);

INSERT INTO point (ID, x, y) VALUES (50046, 45.759815366777396, 4.828097165315861);
INSERT INTO users (ID, USERNAME, PASSWORD, FIRSTNAME, LASTNAME, EMAIL, ENABLED, LASTPASSWORDRESETDATE, OBJECTIFHEBDO, Location_id) VALUES (10046, "user46", "$2a$08$UkVvwpULis18S19S5pZFn.YHPZt3oaqHZnDwqbCW9pft6uFtkXKDC", "user46", "user46", "user46@user.com", 1, "2003/01/22", 18, 50046);
INSERT INTO user_authority (USER_ID, AUTHORITY_ID) VALUES (10046, 2);
INSERT INTO programme(programme_id, date_debut, user_id) VALUES (10046, '2018-04-23', 10046);
INSERT INTO activity(activity_id, date, distance, estrealisee, programme_id, sport_id, CENTREINTERET_ID, timeframe_id) VALUES (10368, '01-05-2018', 8.107138064911014, 0, 10046, 1, 10000, 14);
INSERT INTO activity(activity_id, date, distance, estrealisee, programme_id, sport_id, CENTREINTERET_ID, timeframe_id) VALUES (10369, '02-05-2018', 7.011349539977751, 0, 10046, 1, 10000, 20);
INSERT INTO activity(activity_id, date, distance, estrealisee, programme_id, sport_id, CENTREINTERET_ID, timeframe_id) VALUES (10370, '03-05-2018', 10.767416288351262, 0, 10046, 1, 10000, 31);
INSERT INTO activity(activity_id, date, distance, estrealisee, programme_id, sport_id, CENTREINTERET_ID, timeframe_id) VALUES (10371, '04-05-2018', 10.64832724405229, 0, 10046, 1, 10000, 39);
INSERT INTO activity(activity_id, date, distance, estrealisee, programme_id, sport_id, CENTREINTERET_ID, timeframe_id) VALUES (10372, '2018-04-17', 11.899116032803828, 1, 10046, 1, 10000, 43);
INSERT INTO realisation(realisation_id, date, distance, activity_id, programme_id, CENTREINTERET_ID, timeframe_id) VALUES (10184, '2018-04-17', 4, 10372, 10046, 10000, 43);
INSERT INTO activity(activity_id, date, distance, estrealisee, programme_id, sport_id, CENTREINTERET_ID, timeframe_id) VALUES (10373, '2018-04-18', 10.155678441628897, 1, 10046, 1, 10000, 8);
INSERT INTO realisation(realisation_id, date, distance, activity_id, programme_id, CENTREINTERET_ID, timeframe_id) VALUES (10185, '2018-04-18', 4, 10373, 10046, 10000, 8);
INSERT INTO activity(activity_id, date, distance, estrealisee, programme_id, sport_id, CENTREINTERET_ID, timeframe_id) VALUES (10374, '2018-04-19', 11.836185847567126, 1, 10046, 1, 10000, 6);
INSERT INTO realisation(realisation_id, date, distance, activity_id, programme_id, CENTREINTERET_ID, timeframe_id) VALUES (10186, '2018-04-19', 4, 10374, 10046, 10000, 6);
INSERT INTO activity(activity_id, date, distance, estrealisee, programme_id, sport_id, CENTREINTERET_ID, timeframe_id) VALUES (10375, '2018-04-20', 9.000552562920923, 1, 10046, 1, 10000, 33);
INSERT INTO realisation(realisation_id, date, distance, activity_id, programme_id, CENTREINTERET_ID, timeframe_id) VALUES (10187, '2018-04-20', 4, 10375, 10046, 10000, 33);

INSERT INTO point (ID, x, y) VALUES (50047, 45.75852300457452, 4.881646056807333);
INSERT INTO users (ID, USERNAME, PASSWORD, FIRSTNAME, LASTNAME, EMAIL, ENABLED, LASTPASSWORDRESETDATE, OBJECTIFHEBDO, Location_id) VALUES (10047, "user47", "$2a$08$UkVvwpULis18S19S5pZFn.YHPZt3oaqHZnDwqbCW9pft6uFtkXKDC", "user47", "user47", "user47@user.com", 1, "2003/01/22", 15, 50047);
INSERT INTO user_authority (USER_ID, AUTHORITY_ID) VALUES (10047, 2);
INSERT INTO programme(programme_id, date_debut, user_id) VALUES (10047, '2018-04-23', 10047);
INSERT INTO activity(activity_id, date, distance, estrealisee, programme_id, sport_id, CENTREINTERET_ID, timeframe_id) VALUES (10376, '01-05-2018', 11.88840732822889, 0, 10047, 1, 10000, 14);
INSERT INTO activity(activity_id, date, distance, estrealisee, programme_id, sport_id, CENTREINTERET_ID, timeframe_id) VALUES (10377, '02-05-2018', 7.712865593622921, 0, 10047, 1, 10000, 20);
INSERT INTO activity(activity_id, date, distance, estrealisee, programme_id, sport_id, CENTREINTERET_ID, timeframe_id) VALUES (10378, '03-05-2018', 9.127410724596576, 0, 10047, 1, 10000, 31);
INSERT INTO activity(activity_id, date, distance, estrealisee, programme_id, sport_id, CENTREINTERET_ID, timeframe_id) VALUES (10379, '04-05-2018', 9.019629938280817, 0, 10047, 1, 10000, 39);
INSERT INTO activity(activity_id, date, distance, estrealisee, programme_id, sport_id, CENTREINTERET_ID, timeframe_id) VALUES (10380, '2018-04-17', 9.455501875543863, 1, 10047, 1, 10000, 1);
INSERT INTO realisation(realisation_id, date, distance, activity_id, programme_id, CENTREINTERET_ID, timeframe_id) VALUES (10188, '2018-04-17', 4, 10380, 10047, 10000, 1);
INSERT INTO activity(activity_id, date, distance, estrealisee, programme_id, sport_id, CENTREINTERET_ID, timeframe_id) VALUES (10381, '2018-04-18', 10.372865825160229, 1, 10047, 1, 10000, 36);
INSERT INTO realisation(realisation_id, date, distance, activity_id, programme_id, CENTREINTERET_ID, timeframe_id) VALUES (10189, '2018-04-18', 4, 10381, 10047, 10000, 36);
INSERT INTO activity(activity_id, date, distance, estrealisee, programme_id, sport_id, CENTREINTERET_ID, timeframe_id) VALUES (10382, '2018-04-19', 8.86777820993487, 1, 10047, 1, 10000, 20);
INSERT INTO realisation(realisation_id, date, distance, activity_id, programme_id, CENTREINTERET_ID, timeframe_id) VALUES (10190, '2018-04-19', 4, 10382, 10047, 10000, 20);
INSERT INTO activity(activity_id, date, distance, estrealisee, programme_id, sport_id, CENTREINTERET_ID, timeframe_id) VALUES (10383, '2018-04-20', 8.508003732257169, 1, 10047, 1, 10000, 39);
INSERT INTO realisation(realisation_id, date, distance, activity_id, programme_id, CENTREINTERET_ID, timeframe_id) VALUES (10191, '2018-04-20', 4, 10383, 10047, 10000, 39);

INSERT INTO point (ID, x, y) VALUES (50048, 45.77444000024249, 4.818166095245378);
INSERT INTO users (ID, USERNAME, PASSWORD, FIRSTNAME, LASTNAME, EMAIL, ENABLED, LASTPASSWORDRESETDATE, OBJECTIFHEBDO, Location_id) VALUES (10048, "user48", "$2a$08$UkVvwpULis18S19S5pZFn.YHPZt3oaqHZnDwqbCW9pft6uFtkXKDC", "user48", "user48", "user48@user.com", 1, "2003/01/22", 14, 50048);
INSERT INTO user_authority (USER_ID, AUTHORITY_ID) VALUES (10048, 2);
INSERT INTO programme(programme_id, date_debut, user_id) VALUES (10048, '2018-04-23', 10048);
INSERT INTO activity(activity_id, date, distance, estrealisee, programme_id, sport_id, CENTREINTERET_ID, timeframe_id) VALUES (10384, '01-05-2018', 11.080341157521989, 0, 10048, 1, 10000, 14);
INSERT INTO activity(activity_id, date, distance, estrealisee, programme_id, sport_id, CENTREINTERET_ID, timeframe_id) VALUES (10385, '02-05-2018', 7.9854771545437355, 0, 10048, 1, 10000, 20);
INSERT INTO activity(activity_id, date, distance, estrealisee, programme_id, sport_id, CENTREINTERET_ID, timeframe_id) VALUES (10386, '03-05-2018', 9.855782714741895, 0, 10048, 1, 10000, 31);
INSERT INTO activity(activity_id, date, distance, estrealisee, programme_id, sport_id, CENTREINTERET_ID, timeframe_id) VALUES (10387, '04-05-2018', 10.798462522514964, 0, 10048, 1, 10000, 39);
INSERT INTO activity(activity_id, date, distance, estrealisee, programme_id, sport_id, CENTREINTERET_ID, timeframe_id) VALUES (10388, '2018-04-17', 7.015922050713609, 1, 10048, 1, 10000, 30);
INSERT INTO realisation(realisation_id, date, distance, activity_id, programme_id, CENTREINTERET_ID, timeframe_id) VALUES (10192, '2018-04-17', 4, 10388, 10048, 10000, 30);
INSERT INTO activity(activity_id, date, distance, estrealisee, programme_id, sport_id, CENTREINTERET_ID, timeframe_id) VALUES (10389, '2018-04-18', 9.503123256687058, 1, 10048, 1, 10000, 37);
INSERT INTO realisation(realisation_id, date, distance, activity_id, programme_id, CENTREINTERET_ID, timeframe_id) VALUES (10193, '2018-04-18', 4, 10389, 10048, 10000, 37);
INSERT INTO activity(activity_id, date, distance, estrealisee, programme_id, sport_id, CENTREINTERET_ID, timeframe_id) VALUES (10390, '2018-04-19', 11.757150826156018, 1, 10048, 1, 10000, 39);
INSERT INTO realisation(realisation_id, date, distance, activity_id, programme_id, CENTREINTERET_ID, timeframe_id) VALUES (10194, '2018-04-19', 4, 10390, 10048, 10000, 39);
INSERT INTO activity(activity_id, date, distance, estrealisee, programme_id, sport_id, CENTREINTERET_ID, timeframe_id) VALUES (10391, '2018-04-20', 11.892619401067762, 1, 10048, 1, 10000, 9);
INSERT INTO realisation(realisation_id, date, distance, activity_id, programme_id, CENTREINTERET_ID, timeframe_id) VALUES (10195, '2018-04-20', 4, 10391, 10048, 10000, 9);

INSERT INTO point (ID, x, y) VALUES (50049, 45.78146936696249, 4.842640843286737);
INSERT INTO users (ID, USERNAME, PASSWORD, FIRSTNAME, LASTNAME, EMAIL, ENABLED, LASTPASSWORDRESETDATE, OBJECTIFHEBDO, Location_id) VALUES (10049, "user49", "$2a$08$UkVvwpULis18S19S5pZFn.YHPZt3oaqHZnDwqbCW9pft6uFtkXKDC", "user49", "user49", "user49@user.com", 1, "2003/01/22", 19, 50049);
INSERT INTO user_authority (USER_ID, AUTHORITY_ID) VALUES (10049, 2);
INSERT INTO programme(programme_id, date_debut, user_id) VALUES (10049, '2018-04-23', 10049);
INSERT INTO activity(activity_id, date, distance, estrealisee, programme_id, sport_id, CENTREINTERET_ID, timeframe_id) VALUES (10392, '01-05-2018', 7.542613531564781, 0, 10049, 1, 10000, 14);
INSERT INTO activity(activity_id, date, distance, estrealisee, programme_id, sport_id, CENTREINTERET_ID, timeframe_id) VALUES (10393, '02-05-2018', 8.080741613142827, 0, 10049, 1, 10000, 20);
INSERT INTO activity(activity_id, date, distance, estrealisee, programme_id, sport_id, CENTREINTERET_ID, timeframe_id) VALUES (10394, '03-05-2018', 9.714879705169269, 0, 10049, 1, 10000, 31);
INSERT INTO activity(activity_id, date, distance, estrealisee, programme_id, sport_id, CENTREINTERET_ID, timeframe_id) VALUES (10395, '04-05-2018', 7.5809729327507664, 0, 10049, 1, 10000, 39);
INSERT INTO activity(activity_id, date, distance, estrealisee, programme_id, sport_id, CENTREINTERET_ID, timeframe_id) VALUES (10396, '2018-04-17', 7.88065188796765, 1, 10049, 1, 10000, 50);
INSERT INTO realisation(realisation_id, date, distance, activity_id, programme_id, CENTREINTERET_ID, timeframe_id) VALUES (10196, '2018-04-17', 4, 10396, 10049, 10000, 50);
INSERT INTO activity(activity_id, date, distance, estrealisee, programme_id, sport_id, CENTREINTERET_ID, timeframe_id) VALUES (10397, '2018-04-18', 10.304190080616163, 1, 10049, 1, 10000, 19);
INSERT INTO realisation(realisation_id, date, distance, activity_id, programme_id, CENTREINTERET_ID, timeframe_id) VALUES (10197, '2018-04-18', 4, 10397, 10049, 10000, 19);
INSERT INTO activity(activity_id, date, distance, estrealisee, programme_id, sport_id, CENTREINTERET_ID, timeframe_id) VALUES (10398, '2018-04-19', 11.536130852920383, 1, 10049, 1, 10000, 39);
INSERT INTO realisation(realisation_id, date, distance, activity_id, programme_id, CENTREINTERET_ID, timeframe_id) VALUES (10198, '2018-04-19', 4, 10398, 10049, 10000, 39);
INSERT INTO activity(activity_id, date, distance, estrealisee, programme_id, sport_id, CENTREINTERET_ID, timeframe_id) VALUES (10399, '2018-04-20', 7.657463249007657, 1, 10049, 1, 10000, 34);
INSERT INTO realisation(realisation_id, date, distance, activity_id, programme_id, CENTREINTERET_ID, timeframe_id) VALUES (10199, '2018-04-20', 4, 10399, 10049, 10000, 34);
