INSERT INTO users (ID, USERNAME, PASSWORD, FIRSTNAME, LASTNAME, EMAIL, ENABLED, LASTPASSWORDRESETDATE, OBJECTIFHEBDO) VALUES (100, 'admin', '$2a$08$lDnHPz7eUkSi6ao14Twuau08mzhWrL4kyZGGU5xfiGALO/Vxd5DOi', 'admin', 'admin', 'admin@admin.com', 1, '2003/01/22', -1);
INSERT INTO users (ID, USERNAME, PASSWORD, FIRSTNAME, LASTNAME, EMAIL, ENABLED, LASTPASSWORDRESETDATE, OBJECTIFHEBDO) VALUES (200, 'user', '$2a$08$UkVvwpULis18S19S5pZFn.YHPZt3oaqHZnDwqbCW9pft6uFtkXKDC', 'user', 'user', 'enabled@user.com', 1, '2003/01/22', -1);
INSERT INTO users (ID, USERNAME, PASSWORD, FIRSTNAME, LASTNAME, EMAIL, ENABLED, LASTPASSWORDRESETDATE, OBJECTIFHEBDO) VALUES (300, 'disabled', '$2a$08$UkVvwpULis18S19S5pZFn.YHPZt3oaqHZnDwqbCW9pft6uFtkXKDC', 'user', 'user', 'disabled@user.com', 0, '2003/01/22', -1);

INSERT INTO authority (ID, NAME) VALUES (1, 'ROLE_USER');
INSERT INTO authority (ID, NAME) VALUES (2, 'ROLE_ADMIN');

INSERT INTO user_authority (USER_ID, AUTHORITY_ID) VALUES (100, 1);
INSERT INTO user_authority (USER_ID, AUTHORITY_ID) VALUES (100, 2);
INSERT INTO user_authority (USER_ID, AUTHORITY_ID) VALUES (200, 1);
INSERT INTO user_authority (USER_ID, AUTHORITY_ID) VALUES (300, 1);

INSERT INTO timeframe (ID, HEUREDEBUT, HEUREFIN, NOMJOUR, EVALUATION) VALUES (1, 0, 3, 'LUNDI', -1);
INSERT INTO timeframe (ID, HEUREDEBUT, HEUREFIN, NOMJOUR, EVALUATION) VALUES (2, 3, 6, 'LUNDI', -1);
INSERT INTO timeframe (ID, HEUREDEBUT, HEUREFIN, NOMJOUR, EVALUATION) VALUES (3, 6, 9, 'LUNDI', -1);
INSERT INTO timeframe (ID, HEUREDEBUT, HEUREFIN, NOMJOUR, EVALUATION) VALUES (4, 9, 12, 'LUNDI', -1);
INSERT INTO timeframe (ID, HEUREDEBUT, HEUREFIN, NOMJOUR, EVALUATION) VALUES (5, 12, 15, 'LUNDI', -1);
INSERT INTO timeframe (ID, HEUREDEBUT, HEUREFIN, NOMJOUR, EVALUATION) VALUES (6, 15, 18, 'LUNDI', -1);
INSERT INTO timeframe (ID, HEUREDEBUT, HEUREFIN, NOMJOUR, EVALUATION) VALUES (7, 18, 21, 'LUNDI', -1);
INSERT INTO timeframe (ID, HEUREDEBUT, HEUREFIN, NOMJOUR, EVALUATION) VALUES (8, 21, 24, 'LUNDI', -1);
INSERT INTO timeframe (ID, HEUREDEBUT, HEUREFIN, NOMJOUR, EVALUATION) VALUES (9, 0, 3, 'MARDI', -1);
INSERT INTO timeframe (ID, HEUREDEBUT, HEUREFIN, NOMJOUR, EVALUATION) VALUES (10, 3, 6, 'MARDI', -1);
INSERT INTO timeframe (ID, HEUREDEBUT, HEUREFIN, NOMJOUR, EVALUATION) VALUES (11, 6, 9, 'MARDI', -1);
INSERT INTO timeframe (ID, HEUREDEBUT, HEUREFIN, NOMJOUR, EVALUATION) VALUES (12, 9, 12, 'MARDI', -1);
INSERT INTO timeframe (ID, HEUREDEBUT, HEUREFIN, NOMJOUR, EVALUATION) VALUES (13, 12, 15, 'MARDI', -1);
INSERT INTO timeframe (ID, HEUREDEBUT, HEUREFIN, NOMJOUR, EVALUATION) VALUES (14, 15, 18, 'MARDI', -1);
INSERT INTO timeframe (ID, HEUREDEBUT, HEUREFIN, NOMJOUR, EVALUATION) VALUES (15, 18, 21, 'MARDI', -1);
INSERT INTO timeframe (ID, HEUREDEBUT, HEUREFIN, NOMJOUR, EVALUATION) VALUES (16, 21, 24, 'MARDI', -1);
INSERT INTO timeframe (ID, HEUREDEBUT, HEUREFIN, NOMJOUR, EVALUATION) VALUES (17, 0, 3, 'MERCREDI', -1);
INSERT INTO timeframe (ID, HEUREDEBUT, HEUREFIN, NOMJOUR, EVALUATION) VALUES (18, 3, 6, 'MERCREDI', -1);
INSERT INTO timeframe (ID, HEUREDEBUT, HEUREFIN, NOMJOUR, EVALUATION) VALUES (19, 6, 9, 'MERCREDI', -1);
INSERT INTO timeframe (ID, HEUREDEBUT, HEUREFIN, NOMJOUR, EVALUATION) VALUES (20, 9, 12, 'MERCREDI', -1);
INSERT INTO timeframe (ID, HEUREDEBUT, HEUREFIN, NOMJOUR, EVALUATION) VALUES (21, 12, 15, 'MERCREDI', -1);
INSERT INTO timeframe (ID, HEUREDEBUT, HEUREFIN, NOMJOUR, EVALUATION) VALUES (22, 15, 18, 'MERCREDI', -1);
INSERT INTO timeframe (ID, HEUREDEBUT, HEUREFIN, NOMJOUR, EVALUATION) VALUES (23, 18, 21, 'MERCREDI', -1);
INSERT INTO timeframe (ID, HEUREDEBUT, HEUREFIN, NOMJOUR, EVALUATION) VALUES (24, 21, 24, 'MERCREDI', -1);
INSERT INTO timeframe (ID, HEUREDEBUT, HEUREFIN, NOMJOUR, EVALUATION) VALUES (25, 0, 3, 'JEUDI', -1);
INSERT INTO timeframe (ID, HEUREDEBUT, HEUREFIN, NOMJOUR, EVALUATION) VALUES (26, 3, 6, 'JEUDI', -1);
INSERT INTO timeframe (ID, HEUREDEBUT, HEUREFIN, NOMJOUR, EVALUATION) VALUES (27, 6, 9, 'JEUDI', -1);
INSERT INTO timeframe (ID, HEUREDEBUT, HEUREFIN, NOMJOUR, EVALUATION) VALUES (28, 9, 12, 'JEUDI', -1);
INSERT INTO timeframe (ID, HEUREDEBUT, HEUREFIN, NOMJOUR, EVALUATION) VALUES (29, 12, 15, 'JEUDI', -1);
INSERT INTO timeframe (ID, HEUREDEBUT, HEUREFIN, NOMJOUR, EVALUATION) VALUES (30, 15, 18, 'JEUDI', -1);
INSERT INTO timeframe (ID, HEUREDEBUT, HEUREFIN, NOMJOUR, EVALUATION) VALUES (31, 18, 21, 'JEUDI', -1);
INSERT INTO timeframe (ID, HEUREDEBUT, HEUREFIN, NOMJOUR, EVALUATION) VALUES (32, 21, 24, 'JEUDI', -1);
INSERT INTO timeframe (ID, HEUREDEBUT, HEUREFIN, NOMJOUR, EVALUATION) VALUES (33, 0, 3, 'VENDREDI', -1);
INSERT INTO timeframe (ID, HEUREDEBUT, HEUREFIN, NOMJOUR, EVALUATION) VALUES (34, 3, 6, 'VENDREDI', -1);
INSERT INTO timeframe (ID, HEUREDEBUT, HEUREFIN, NOMJOUR, EVALUATION) VALUES (35, 6, 9, 'VENDREDI', -1);
INSERT INTO timeframe (ID, HEUREDEBUT, HEUREFIN, NOMJOUR, EVALUATION) VALUES (36, 9, 12, 'VENDREDI', -1);
INSERT INTO timeframe (ID, HEUREDEBUT, HEUREFIN, NOMJOUR, EVALUATION) VALUES (37, 12, 15, 'VENDREDI', -1);
INSERT INTO timeframe (ID, HEUREDEBUT, HEUREFIN, NOMJOUR, EVALUATION) VALUES (38, 15, 18, 'VENDREDI', -1);
INSERT INTO timeframe (ID, HEUREDEBUT, HEUREFIN, NOMJOUR, EVALUATION) VALUES (39, 18, 21, 'VENDREDI', -1);
INSERT INTO timeframe (ID, HEUREDEBUT, HEUREFIN, NOMJOUR, EVALUATION) VALUES (40, 21, 24, 'VENDREDI', -1);
INSERT INTO timeframe (ID, HEUREDEBUT, HEUREFIN, NOMJOUR, EVALUATION) VALUES (41, 0, 3, 'SAMEDI', -1);
INSERT INTO timeframe (ID, HEUREDEBUT, HEUREFIN, NOMJOUR, EVALUATION) VALUES (42, 3, 6, 'SAMEDI', -1);
INSERT INTO timeframe (ID, HEUREDEBUT, HEUREFIN, NOMJOUR, EVALUATION) VALUES (43, 6, 9, 'SAMEDI', -1);
INSERT INTO timeframe (ID, HEUREDEBUT, HEUREFIN, NOMJOUR, EVALUATION) VALUES (44, 9, 12, 'SAMEDI', -1);
INSERT INTO timeframe (ID, HEUREDEBUT, HEUREFIN, NOMJOUR, EVALUATION) VALUES (45, 12, 15, 'SAMEDI', -1);
INSERT INTO timeframe (ID, HEUREDEBUT, HEUREFIN, NOMJOUR, EVALUATION) VALUES (46, 15, 18, 'SAMEDI', -1);
INSERT INTO timeframe (ID, HEUREDEBUT, HEUREFIN, NOMJOUR, EVALUATION) VALUES (47, 18, 21, 'SAMEDI', -1);
INSERT INTO timeframe (ID, HEUREDEBUT, HEUREFIN, NOMJOUR, EVALUATION) VALUES (48, 21, 24, 'SAMEDI', -1);
INSERT INTO timeframe (ID, HEUREDEBUT, HEUREFIN, NOMJOUR, EVALUATION) VALUES (49, 0, 3, 'DIMANCHE', -1);
INSERT INTO timeframe (ID, HEUREDEBUT, HEUREFIN, NOMJOUR, EVALUATION) VALUES (50, 3, 6, 'DIMANCHE', -1);
INSERT INTO timeframe (ID, HEUREDEBUT, HEUREFIN, NOMJOUR, EVALUATION) VALUES (51, 6, 9, 'DIMANCHE', -1);
INSERT INTO timeframe (ID, HEUREDEBUT, HEUREFIN, NOMJOUR, EVALUATION) VALUES (52, 9, 12, 'DIMANCHE', -1);
INSERT INTO timeframe (ID, HEUREDEBUT, HEUREFIN, NOMJOUR, EVALUATION) VALUES (53, 12, 15, 'DIMANCHE', -1);
INSERT INTO timeframe (ID, HEUREDEBUT, HEUREFIN, NOMJOUR, EVALUATION) VALUES (54, 15, 18, 'DIMANCHE', -1);
INSERT INTO timeframe (ID, HEUREDEBUT, HEUREFIN, NOMJOUR, EVALUATION) VALUES (55, 18, 21, 'DIMANCHE', -1);
INSERT INTO timeframe (ID, HEUREDEBUT, HEUREFIN, NOMJOUR, EVALUATION) VALUES (56, 21, 24, 'DIMANCHE', -1);

INSERT INTO sport(SPORT_ID, NOM, KMH, KCALH) VALUES (1, 'Course', 12, 880);
INSERT INTO sport(SPORT_ID, NOM, KMH, KCALH) VALUES (2, 'Marche', 4, 245);
INSERT INTO sport(SPORT_ID, NOM, KMH, KCALH) VALUES (3, 'Cyclisme', 20, 690);

INSERT INTO programme(programme_id, date_debut, user_id) VALUES (100, '2018-04-16', 200);
INSERT INTO programme(programme_id, date_debut, user_id) VALUES (200, '2018-04-23', 200);
INSERT INTO programme(programme_id, date_debut, user_id) VALUES (300, '2018-04-09', 200);
INSERT INTO programme(programme_id, date_debut, user_id) VALUES (400, '2018-04-02', 200);
INSERT INTO programme(programme_id, date_debut, user_id) VALUES (500, '2018-04-16', 100);
INSERT INTO programme(programme_id, date_debut, user_id) VALUES (600, '2018-04-23', 100);

INSERT INTO activity(activity_id, date, distance, estrealisee, programme_id, sport_id, centreinteret_id, timeframe_id) VALUES (100, '2018-04-29', 6, 0, 200, 1, 10000, 51);
INSERT INTO activity(activity_id, date, distance, estrealisee, programme_id, sport_id, centreinteret_id, timeframe_id) VALUES (300, '2018-04-27', 8, 0, 200, 2, 10000, 35);
INSERT INTO activity(activity_id, date, distance, estrealisee, programme_id, sport_id, centreinteret_id, timeframe_id) VALUES (200, '2018-04-28', 10, 1, 200, 1, 10000, 44);
INSERT INTO activity(activity_id, date, distance, estrealisee, programme_id, sport_id, centreinteret_id, timeframe_id) VALUES (400, '2018-04-29', 10, 0, 200, 1, 10000, 55);
INSERT INTO activity(activity_id, date, distance, estrealisee, programme_id, sport_id, centreinteret_id, timeframe_id) VALUES (500, '2018-04-25', 12, 0, 200, 2, 10000, 23);
INSERT INTO activity(activity_id, date, distance, estrealisee, programme_id, sport_id, centreinteret_id, timeframe_id) VALUES (600, '2018-04-28', 5, 1, 200, 1, 10000, 47);

INSERT INTO realisation(realisation_id, date, distance, activity_id, programme_id, centreinteret_id) VALUES (100, '2018-04-23', 11, 200, 200, 10000);


INSERT INTO point (ID, x, y) VALUES (10000, 45.77846429629631, 4.852797629629627);
INSERT INTO centreinteret (ID, NAME, POINT_ID) VALUES (10000, "Parc de la Tête d'Or", 10000);
INSERT INTO point (ID, x, y) VALUES (10001, 45.77868958333333, 4.853984940476191);
INSERT INTO centreinteret (ID, NAME, POINT_ID) VALUES (10001, "Tour Parc de la Tête d'Or", 10001);
INSERT INTO point (ID, x, y) VALUES (10002, 45.76518764705882, 4.823596470588235);
INSERT INTO centreinteret (ID, NAME, POINT_ID) VALUES (10002, "Escaliers Nicolas de Lange", 10002);
INSERT INTO point (ID, x, y) VALUES (10003, 45.77069710144926, 4.841091594202898);
INSERT INTO centreinteret (ID, NAME, POINT_ID) VALUES (10003, "Pt Lafayette-Tete or par les quais", 10003);
INSERT INTO point (ID, x, y) VALUES (10004, 45.72979947368422, 4.812275789473685);
INSERT INTO centreinteret (ID, NAME, POINT_ID) VALUES (10004, "descente escalier mulatiere", 10004);
INSERT INTO point (ID, x, y) VALUES (10005, 45.739675, 4.8260112903225805);
INSERT INTO centreinteret (ID, NAME, POINT_ID) VALUES (10005, "Pont a pont", 10005);
INSERT INTO point (ID, x, y) VALUES (10006, 45.74327516129033, 4.829121612903227);
INSERT INTO centreinteret (ID, NAME, POINT_ID) VALUES (10006, "Gwen2kA", 10006);
INSERT INTO point (ID, x, y) VALUES (10007, 45.704891739130424, 4.755103478260869);
INSERT INTO centreinteret (ID, NAME, POINT_ID) VALUES (10007, "Rue Favre Garin Climb", 10007);
INSERT INTO point (ID, x, y) VALUES (10008, 45.789565, 4.754929117647059);
INSERT INTO centreinteret (ID, NAME, POINT_ID) VALUES (10008, "Chemin Du Petit Bois Climb", 10008);
INSERT INTO point (ID, x, y) VALUES (10009, 45.71834150000001, 4.8964025);
INSERT INTO centreinteret (ID, NAME, POINT_ID) VALUES (10009, "Tour de Piste_1 Parilly", 10009);
INSERT INTO point (ID, x, y) VALUES (10010, 45.772916756756764, 4.815414864864865);
INSERT INTO centreinteret (ID, NAME, POINT_ID) VALUES (10010, "Montée des Esses", 10010);
INSERT INTO point (ID, x, y) VALUES (10011, 45.79343764044942, 4.912938314606743);
INSERT INTO centreinteret (ID, NAME, POINT_ID) VALUES (10011, "Piste cyclable vers Miribel-Jonage", 10011);
INSERT INTO point (ID, x, y) VALUES (10012, 45.798205454545446, 4.841378909090911);
INSERT INTO centreinteret (ID, NAME, POINT_ID) VALUES (10012, "Montée Castellane", 10012);
INSERT INTO point (ID, x, y) VALUES (10013, 45.76642445544555, 4.840650792079208);
INSERT INTO centreinteret (ID, NAME, POINT_ID) VALUES (10013, "Berge du Rhône (pont Wilson > Lattre)", 10013);
INSERT INTO point (ID, x, y) VALUES (10014, 45.793744285714304, 4.912491071428572);
INSERT INTO centreinteret (ID, NAME, POINT_ID) VALUES (10014, "voie cyclable vers Parc M. Jonage", 10014);
INSERT INTO point (ID, x, y) VALUES (10015, 45.723371875, 4.76817484375);
INSERT INTO centreinteret (ID, NAME, POINT_ID) VALUES (10015, "Route des Aqueducs", 10015);
INSERT INTO point (ID, x, y) VALUES (10016, 45.751369999999994, 4.763712727272727);
INSERT INTO centreinteret (ID, NAME, POINT_ID) VALUES (10016, "Côte d'Alaï", 10016);
INSERT INTO point (ID, x, y) VALUES (10017, 45.742725555555566, 4.813963703703704);
INSERT INTO centreinteret (ID, NAME, POINT_ID) VALUES (10017, "Quai JJ Rousseau", 10017);


INSERT INTO point (ID, x, y) VALUES (50000, 45.74474677652883, 4.845978618779185);
INSERT INTO users (ID, USERNAME, PASSWORD, FIRSTNAME, LASTNAME, EMAIL, ENABLED, LASTPASSWORDRESETDATE, OBJECTIFHEBDO, Location_id) VALUES (10000, "user0", "$2a$08$UkVvwpULis18S19S5pZFn.YHPZt3oaqHZnDwqbCW9pft6uFtkXKDC", "user0", "user0", "user0@user.com", 1, "2003/01/22", 17, 50000);
INSERT INTO user_authority (USER_ID, AUTHORITY_ID) VALUES (10000, 2);
INSERT INTO programme(programme_id, date_debut, user_id, objectif_distance) VALUES (10000, '2018-04-30', 10000, 12);
INSERT INTO activity(activity_id, date_prevue, distance_prevue, distance_realisee, estrealisee, programme_id, sport_id, CENTREINTERET_ID, timeframe_id) VALUES (10000, '2018-05-01', 7.55931205804859, 0, 0, 10000, 1, 10000, 14);
INSERT INTO activity(activity_id, date_prevue, distance_prevue, distance_realisee, estrealisee, programme_id, sport_id, CENTREINTERET_ID, timeframe_id) VALUES (10001, '2018-05-02', 10.144311302043107, 0, 0, 10000, 1, 10000, 20);
INSERT INTO activity(activity_id, date_prevue, distance_prevue, distance_realisee, estrealisee, programme_id, sport_id, CENTREINTERET_ID, timeframe_id) VALUES (10002, '2018-05-03', 10.832965351217481, 0, 0, 10000, 1, 10000, 31);
INSERT INTO activity(activity_id, date_prevue, distance_prevue, distance_realisee, estrealisee, programme_id, sport_id, CENTREINTERET_ID, timeframe_id) VALUES (10003, '2018-05-04', 9.882781369372456, 0, 0, 10000, 1, 10000, 39);
INSERT INTO programme(programme_id, date_debut, user_id, objectif_distance) VALUES (10001, '2018-04-23', 10000, 13);
INSERT INTO activity(activity_id, date_prevue, date_realisee, distance_prevue, distance_realisee, estrealisee, programme_id, sport_id, CENTREINTERET_ID, timeframe_id) VALUES (10004, '2018-04-17', '2018-04-17', 10.444516949490298, 10.444516949490298, 1, 10001, 1, 10000, 30);
INSERT INTO activity(activity_id, date_prevue, date_realisee, distance_prevue, distance_realisee, estrealisee, programme_id, sport_id, CENTREINTERET_ID, timeframe_id) VALUES (10005, '2018-04-18', '2018-04-18', 7.720731802135502, 7.720731802135502, 1, 10001, 1, 10000, 17);
INSERT INTO activity(activity_id, date_prevue, date_realisee, distance_prevue, distance_realisee, estrealisee, programme_id, sport_id, CENTREINTERET_ID, timeframe_id) VALUES (10006, '2018-04-19', '2018-04-19', 8.345384203183746, 8.345384203183746, 1, 10001, 1, 10000, 11);
INSERT INTO activity(activity_id, date_prevue, date_realisee, distance_prevue, distance_realisee, estrealisee, programme_id, sport_id, CENTREINTERET_ID, timeframe_id) VALUES (10007, '2018-04-20', '2018-04-20', 9.552215773173174, 9.552215773173174, 1, 10001, 1, 10000, 50);

INSERT INTO point (ID, x, y) VALUES (50001, 45.771984580583826, 4.81530101826631);
INSERT INTO users (ID, USERNAME, PASSWORD, FIRSTNAME, LASTNAME, EMAIL, ENABLED, LASTPASSWORDRESETDATE, OBJECTIFHEBDO, Location_id) VALUES (10001, "user1", "$2a$08$UkVvwpULis18S19S5pZFn.YHPZt3oaqHZnDwqbCW9pft6uFtkXKDC", "user1", "user1", "user1@user.com", 1, "2003/01/22", 12, 50001);
INSERT INTO user_authority (USER_ID, AUTHORITY_ID) VALUES (10001, 2);
INSERT INTO programme(programme_id, date_debut, user_id, objectif_distance) VALUES (10002, '2018-04-30', 10001, 6);
INSERT INTO activity(activity_id, date_prevue, distance_prevue, distance_realisee, estrealisee, programme_id, sport_id, CENTREINTERET_ID, timeframe_id) VALUES (10008, '2018-05-01', 8.911484085697838, 0, 0, 10002, 1, 10000, 14);
INSERT INTO activity(activity_id, date_prevue, distance_prevue, distance_realisee, estrealisee, programme_id, sport_id, CENTREINTERET_ID, timeframe_id) VALUES (10009, '2018-05-02', 7.648603679827666, 0, 0, 10002, 1, 10000, 20);
INSERT INTO activity(activity_id, date_prevue, distance_prevue, distance_realisee, estrealisee, programme_id, sport_id, CENTREINTERET_ID, timeframe_id) VALUES (10010, '2018-05-03', 9.761134563082607, 0, 0, 10002, 1, 10000, 31);
INSERT INTO activity(activity_id, date_prevue, distance_prevue, distance_realisee, estrealisee, programme_id, sport_id, CENTREINTERET_ID, timeframe_id) VALUES (10011, '2018-05-04', 8.313861016292234, 0, 0, 10002, 1, 10000, 39);
INSERT INTO programme(programme_id, date_debut, user_id, objectif_distance) VALUES (10003, '2018-04-23', 10001, 15);
INSERT INTO activity(activity_id, date_prevue, date_realisee, distance_prevue, distance_realisee, estrealisee, programme_id, sport_id, CENTREINTERET_ID, timeframe_id) VALUES (10012, '2018-04-17', '2018-04-17', 10.25682301166787, 10.25682301166787, 1, 10003, 1, 10000, 41);
INSERT INTO activity(activity_id, date_prevue, date_realisee, distance_prevue, distance_realisee, estrealisee, programme_id, sport_id, CENTREINTERET_ID, timeframe_id) VALUES (10013, '2018-04-18', '2018-04-18', 9.822734413965756, 9.822734413965756, 1, 10003, 1, 10000, 53);
INSERT INTO activity(activity_id, date_prevue, date_realisee, distance_prevue, distance_realisee, estrealisee, programme_id, sport_id, CENTREINTERET_ID, timeframe_id) VALUES (10014, '2018-04-19', '2018-04-19', 9.594216987785865, 9.594216987785865, 1, 10003, 1, 10000, 34);
INSERT INTO activity(activity_id, date_prevue, date_realisee, distance_prevue, distance_realisee, estrealisee, programme_id, sport_id, CENTREINTERET_ID, timeframe_id) VALUES (10015, '2018-04-20', '2018-04-20', 8.264218779684306, 8.264218779684306, 1, 10003, 1, 10000, 40);

INSERT INTO point (ID, x, y) VALUES (50002, 45.77235680837022, 4.876744538058942);
INSERT INTO users (ID, USERNAME, PASSWORD, FIRSTNAME, LASTNAME, EMAIL, ENABLED, LASTPASSWORDRESETDATE, OBJECTIFHEBDO, Location_id) VALUES (10002, "user2", "$2a$08$UkVvwpULis18S19S5pZFn.YHPZt3oaqHZnDwqbCW9pft6uFtkXKDC", "user2", "user2", "user2@user.com", 1, "2003/01/22", 7, 50002);
INSERT INTO user_authority (USER_ID, AUTHORITY_ID) VALUES (10002, 2);
INSERT INTO programme(programme_id, date_debut, user_id, objectif_distance) VALUES (10004, '2018-04-30', 10002, 7);
INSERT INTO activity(activity_id, date_prevue, distance_prevue, distance_realisee, estrealisee, programme_id, sport_id, CENTREINTERET_ID, timeframe_id) VALUES (10016, '2018-05-01', 10.316248986751056, 0, 0, 10004, 1, 10000, 14);
INSERT INTO activity(activity_id, date_prevue, distance_prevue, distance_realisee, estrealisee, programme_id, sport_id, CENTREINTERET_ID, timeframe_id) VALUES (10017, '2018-05-02', 11.91591157843948, 0, 0, 10004, 1, 10000, 20);
INSERT INTO activity(activity_id, date_prevue, distance_prevue, distance_realisee, estrealisee, programme_id, sport_id, CENTREINTERET_ID, timeframe_id) VALUES (10018, '2018-05-03', 8.058430598825812, 0, 0, 10004, 1, 10000, 31);
INSERT INTO activity(activity_id, date_prevue, distance_prevue, distance_realisee, estrealisee, programme_id, sport_id, CENTREINTERET_ID, timeframe_id) VALUES (10019, '2018-05-04', 7.906922703182403, 0, 0, 10004, 1, 10000, 39);
INSERT INTO programme(programme_id, date_debut, user_id, objectif_distance) VALUES (10005, '2018-04-23', 10002, 8);
INSERT INTO activity(activity_id, date_prevue, date_realisee, distance_prevue, distance_realisee, estrealisee, programme_id, sport_id, CENTREINTERET_ID, timeframe_id) VALUES (10020, '2018-04-17', '2018-04-17', 10.809980539127489, 10.809980539127489, 1, 10005, 1, 10000, 36);
INSERT INTO activity(activity_id, date_prevue, date_realisee, distance_prevue, distance_realisee, estrealisee, programme_id, sport_id, CENTREINTERET_ID, timeframe_id) VALUES (10021, '2018-04-18', '2018-04-18', 10.745098007491524, 10.745098007491524, 1, 10005, 1, 10000, 36);
INSERT INTO activity(activity_id, date_prevue, date_realisee, distance_prevue, distance_realisee, estrealisee, programme_id, sport_id, CENTREINTERET_ID, timeframe_id) VALUES (10022, '2018-04-19', '2018-04-19', 10.625689645435365, 10.625689645435365, 1, 10005, 1, 10000, 38);
INSERT INTO activity(activity_id, date_prevue, date_realisee, distance_prevue, distance_realisee, estrealisee, programme_id, sport_id, CENTREINTERET_ID, timeframe_id) VALUES (10023, '2018-04-20', '2018-04-20', 8.390471094880109, 8.390471094880109, 1, 10005, 1, 10000, 44);

INSERT INTO point (ID, x, y) VALUES (50003, 45.78494647374482, 4.89268564797376);
INSERT INTO users (ID, USERNAME, PASSWORD, FIRSTNAME, LASTNAME, EMAIL, ENABLED, LASTPASSWORDRESETDATE, OBJECTIFHEBDO, Location_id) VALUES (10003, "user3", "$2a$08$UkVvwpULis18S19S5pZFn.YHPZt3oaqHZnDwqbCW9pft6uFtkXKDC", "user3", "user3", "user3@user.com", 1, "2003/01/22", 11, 50003);
INSERT INTO user_authority (USER_ID, AUTHORITY_ID) VALUES (10003, 2);
INSERT INTO programme(programme_id, date_debut, user_id, objectif_distance) VALUES (10006, '2018-04-30', 10003, 13);
INSERT INTO activity(activity_id, date_prevue, distance_prevue, distance_realisee, estrealisee, programme_id, sport_id, CENTREINTERET_ID, timeframe_id) VALUES (10024, '2018-05-01', 11.8844795610366, 0, 0, 10006, 1, 10000, 14);
INSERT INTO activity(activity_id, date_prevue, distance_prevue, distance_realisee, estrealisee, programme_id, sport_id, CENTREINTERET_ID, timeframe_id) VALUES (10025, '2018-05-02', 8.664313412589376, 0, 0, 10006, 1, 10000, 20);
INSERT INTO activity(activity_id, date_prevue, distance_prevue, distance_realisee, estrealisee, programme_id, sport_id, CENTREINTERET_ID, timeframe_id) VALUES (10026, '2018-05-03', 11.54852315606273, 0, 0, 10006, 1, 10000, 31);
INSERT INTO activity(activity_id, date_prevue, distance_prevue, distance_realisee, estrealisee, programme_id, sport_id, CENTREINTERET_ID, timeframe_id) VALUES (10027, '2018-05-04', 10.923741865038318, 0, 0, 10006, 1, 10000, 39);
INSERT INTO programme(programme_id, date_debut, user_id, objectif_distance) VALUES (10007, '2018-04-23', 10003, 7);
INSERT INTO activity(activity_id, date_prevue, date_realisee, distance_prevue, distance_realisee, estrealisee, programme_id, sport_id, CENTREINTERET_ID, timeframe_id) VALUES (10028, '2018-04-17', '2018-04-17', 7.533027183911061, 7.533027183911061, 1, 10007, 1, 10000, 33);
INSERT INTO activity(activity_id, date_prevue, date_realisee, distance_prevue, distance_realisee, estrealisee, programme_id, sport_id, CENTREINTERET_ID, timeframe_id) VALUES (10029, '2018-04-18', '2018-04-18', 8.70827321120693, 8.70827321120693, 1, 10007, 1, 10000, 53);
INSERT INTO activity(activity_id, date_prevue, date_realisee, distance_prevue, distance_realisee, estrealisee, programme_id, sport_id, CENTREINTERET_ID, timeframe_id) VALUES (10030, '2018-04-19', '2018-04-19', 8.948437176079059, 8.948437176079059, 1, 10007, 1, 10000, 29);
INSERT INTO activity(activity_id, date_prevue, date_realisee, distance_prevue, distance_realisee, estrealisee, programme_id, sport_id, CENTREINTERET_ID, timeframe_id) VALUES (10031, '2018-04-20', '2018-04-20', 10.22699694188912, 10.22699694188912, 1, 10007, 1, 10000, 14);

INSERT INTO point (ID, x, y) VALUES (50004, 45.787724022155146, 4.859714559363494);
INSERT INTO users (ID, USERNAME, PASSWORD, FIRSTNAME, LASTNAME, EMAIL, ENABLED, LASTPASSWORDRESETDATE, OBJECTIFHEBDO, Location_id) VALUES (10004, "user4", "$2a$08$UkVvwpULis18S19S5pZFn.YHPZt3oaqHZnDwqbCW9pft6uFtkXKDC", "user4", "user4", "user4@user.com", 1, "2003/01/22", 13, 50004);
INSERT INTO user_authority (USER_ID, AUTHORITY_ID) VALUES (10004, 2);
INSERT INTO programme(programme_id, date_debut, user_id, objectif_distance) VALUES (10008, '2018-04-30', 10004, 7);
INSERT INTO activity(activity_id, date_prevue, distance_prevue, distance_realisee, estrealisee, programme_id, sport_id, CENTREINTERET_ID, timeframe_id) VALUES (10032, '2018-05-01', 7.13691093605117, 0, 0, 10008, 1, 10000, 14);
INSERT INTO activity(activity_id, date_prevue, distance_prevue, distance_realisee, estrealisee, programme_id, sport_id, CENTREINTERET_ID, timeframe_id) VALUES (10033, '2018-05-02', 11.706302282094043, 0, 0, 10008, 1, 10000, 20);
INSERT INTO activity(activity_id, date_prevue, distance_prevue, distance_realisee, estrealisee, programme_id, sport_id, CENTREINTERET_ID, timeframe_id) VALUES (10034, '2018-05-03', 9.851569172893509, 0, 0, 10008, 1, 10000, 31);
INSERT INTO activity(activity_id, date_prevue, distance_prevue, distance_realisee, estrealisee, programme_id, sport_id, CENTREINTERET_ID, timeframe_id) VALUES (10035, '2018-05-04', 7.77519112018776, 0, 0, 10008, 1, 10000, 39);
INSERT INTO programme(programme_id, date_debut, user_id, objectif_distance) VALUES (10009, '2018-04-23', 10004, 9);
INSERT INTO activity(activity_id, date_prevue, date_realisee, distance_prevue, distance_realisee, estrealisee, programme_id, sport_id, CENTREINTERET_ID, timeframe_id) VALUES (10036, '2018-04-17', '2018-04-17', 10.156035865067754, 10.156035865067754, 1, 10009, 1, 10000, 55);
INSERT INTO activity(activity_id, date_prevue, date_realisee, distance_prevue, distance_realisee, estrealisee, programme_id, sport_id, CENTREINTERET_ID, timeframe_id) VALUES (10037, '2018-04-18', '2018-04-18', 9.931790256507878, 9.931790256507878, 1, 10009, 1, 10000, 19);
INSERT INTO activity(activity_id, date_prevue, date_realisee, distance_prevue, distance_realisee, estrealisee, programme_id, sport_id, CENTREINTERET_ID, timeframe_id) VALUES (10038, '2018-04-19', '2018-04-19', 8.997024499029624, 8.997024499029624, 1, 10009, 1, 10000, 3);
INSERT INTO activity(activity_id, date_prevue, date_realisee, distance_prevue, distance_realisee, estrealisee, programme_id, sport_id, CENTREINTERET_ID, timeframe_id) VALUES (10039, '2018-04-20', '2018-04-20', 8.042944378425682, 8.042944378425682, 1, 10009, 1, 10000, 19);

INSERT INTO point (ID, x, y) VALUES (50005, 45.760618232646095, 4.821691910806295);
INSERT INTO users (ID, USERNAME, PASSWORD, FIRSTNAME, LASTNAME, EMAIL, ENABLED, LASTPASSWORDRESETDATE, OBJECTIFHEBDO, Location_id) VALUES (10005, "user5", "$2a$08$UkVvwpULis18S19S5pZFn.YHPZt3oaqHZnDwqbCW9pft6uFtkXKDC", "user5", "user5", "user5@user.com", 1, "2003/01/22", 7, 50005);
INSERT INTO user_authority (USER_ID, AUTHORITY_ID) VALUES (10005, 2);
INSERT INTO programme(programme_id, date_debut, user_id, objectif_distance) VALUES (10010, '2018-04-30', 10005, 15);
INSERT INTO activity(activity_id, date_prevue, distance_prevue, distance_realisee, estrealisee, programme_id, sport_id, CENTREINTERET_ID, timeframe_id) VALUES (10040, '2018-05-01', 8.33284720775764, 0, 0, 10010, 1, 10000, 14);
INSERT INTO activity(activity_id, date_prevue, distance_prevue, distance_realisee, estrealisee, programme_id, sport_id, CENTREINTERET_ID, timeframe_id) VALUES (10041, '2018-05-02', 7.89622575412214, 0, 0, 10010, 1, 10000, 20);
INSERT INTO activity(activity_id, date_prevue, distance_prevue, distance_realisee, estrealisee, programme_id, sport_id, CENTREINTERET_ID, timeframe_id) VALUES (10042, '2018-05-03', 11.816927193574534, 0, 0, 10010, 1, 10000, 31);
INSERT INTO activity(activity_id, date_prevue, distance_prevue, distance_realisee, estrealisee, programme_id, sport_id, CENTREINTERET_ID, timeframe_id) VALUES (10043, '2018-05-04', 8.220210093632826, 0, 0, 10010, 1, 10000, 39);
INSERT INTO programme(programme_id, date_debut, user_id, objectif_distance) VALUES (10011, '2018-04-23', 10005, 14);
INSERT INTO activity(activity_id, date_prevue, date_realisee, distance_prevue, distance_realisee, estrealisee, programme_id, sport_id, CENTREINTERET_ID, timeframe_id) VALUES (10044, '2018-04-17', '2018-04-17', 8.020487882337232, 8.020487882337232, 1, 10011, 1, 10000, 12);
INSERT INTO activity(activity_id, date_prevue, date_realisee, distance_prevue, distance_realisee, estrealisee, programme_id, sport_id, CENTREINTERET_ID, timeframe_id) VALUES (10045, '2018-04-18', '2018-04-18', 10.016727247264328, 10.016727247264328, 1, 10011, 1, 10000, 36);
INSERT INTO activity(activity_id, date_prevue, date_realisee, distance_prevue, distance_realisee, estrealisee, programme_id, sport_id, CENTREINTERET_ID, timeframe_id) VALUES (10046, '2018-04-19', '2018-04-19', 8.527573443460813, 8.527573443460813, 1, 10011, 1, 10000, 7);
INSERT INTO activity(activity_id, date_prevue, date_realisee, distance_prevue, distance_realisee, estrealisee, programme_id, sport_id, CENTREINTERET_ID, timeframe_id) VALUES (10047, '2018-04-20', '2018-04-20', 8.46948124029034, 8.46948124029034, 1, 10011, 1, 10000, 4);

INSERT INTO point (ID, x, y) VALUES (50006, 45.766065924302154, 4.836661095933228);
INSERT INTO users (ID, USERNAME, PASSWORD, FIRSTNAME, LASTNAME, EMAIL, ENABLED, LASTPASSWORDRESETDATE, OBJECTIFHEBDO, Location_id) VALUES (10006, "user6", "$2a$08$UkVvwpULis18S19S5pZFn.YHPZt3oaqHZnDwqbCW9pft6uFtkXKDC", "user6", "user6", "user6@user.com", 1, "2003/01/22", 10, 50006);
INSERT INTO user_authority (USER_ID, AUTHORITY_ID) VALUES (10006, 2);
INSERT INTO programme(programme_id, date_debut, user_id, objectif_distance) VALUES (10012, '2018-04-30', 10006, 14);
INSERT INTO activity(activity_id, date_prevue, distance_prevue, distance_realisee, estrealisee, programme_id, sport_id, CENTREINTERET_ID, timeframe_id) VALUES (10048, '2018-05-01', 10.60122627129789, 0, 0, 10012, 1, 10000, 14);
INSERT INTO activity(activity_id, date_prevue, distance_prevue, distance_realisee, estrealisee, programme_id, sport_id, CENTREINTERET_ID, timeframe_id) VALUES (10049, '2018-05-02', 8.018538791244875, 0, 0, 10012, 1, 10000, 20);
INSERT INTO activity(activity_id, date_prevue, distance_prevue, distance_realisee, estrealisee, programme_id, sport_id, CENTREINTERET_ID, timeframe_id) VALUES (10050, '2018-05-03', 8.175390367452103, 0, 0, 10012, 1, 10000, 31);
INSERT INTO activity(activity_id, date_prevue, distance_prevue, distance_realisee, estrealisee, programme_id, sport_id, CENTREINTERET_ID, timeframe_id) VALUES (10051, '2018-05-04', 9.076489649278184, 0, 0, 10012, 1, 10000, 39);
INSERT INTO programme(programme_id, date_debut, user_id, objectif_distance) VALUES (10013, '2018-04-23', 10006, 9);
INSERT INTO activity(activity_id, date_prevue, date_realisee, distance_prevue, distance_realisee, estrealisee, programme_id, sport_id, CENTREINTERET_ID, timeframe_id) VALUES (10052, '2018-04-17', '2018-04-17', 8.58304542750734, 8.58304542750734, 1, 10013, 1, 10000, 25);
INSERT INTO activity(activity_id, date_prevue, date_realisee, distance_prevue, distance_realisee, estrealisee, programme_id, sport_id, CENTREINTERET_ID, timeframe_id) VALUES (10053, '2018-04-18', '2018-04-18', 10.754942192963895, 10.754942192963895, 1, 10013, 1, 10000, 16);
INSERT INTO activity(activity_id, date_prevue, date_realisee, distance_prevue, distance_realisee, estrealisee, programme_id, sport_id, CENTREINTERET_ID, timeframe_id) VALUES (10054, '2018-04-19', '2018-04-19', 11.321751105092275, 11.321751105092275, 1, 10013, 1, 10000, 55);
INSERT INTO activity(activity_id, date_prevue, date_realisee, distance_prevue, distance_realisee, estrealisee, programme_id, sport_id, CENTREINTERET_ID, timeframe_id) VALUES (10055, '2018-04-20', '2018-04-20', 9.942993033517507, 9.942993033517507, 1, 10013, 1, 10000, 50);

INSERT INTO point (ID, x, y) VALUES (50007, 45.716483599148994, 4.868269919727746);
INSERT INTO users (ID, USERNAME, PASSWORD, FIRSTNAME, LASTNAME, EMAIL, ENABLED, LASTPASSWORDRESETDATE, OBJECTIFHEBDO, Location_id) VALUES (10007, "user7", "$2a$08$UkVvwpULis18S19S5pZFn.YHPZt3oaqHZnDwqbCW9pft6uFtkXKDC", "user7", "user7", "user7@user.com", 1, "2003/01/22", 9, 50007);
INSERT INTO user_authority (USER_ID, AUTHORITY_ID) VALUES (10007, 2);
INSERT INTO programme(programme_id, date_debut, user_id, objectif_distance) VALUES (10014, '2018-04-30', 10007, 8);
INSERT INTO activity(activity_id, date_prevue, distance_prevue, distance_realisee, estrealisee, programme_id, sport_id, CENTREINTERET_ID, timeframe_id) VALUES (10056, '2018-05-01', 8.527536312411144, 0, 0, 10014, 1, 10000, 14);
INSERT INTO activity(activity_id, date_prevue, distance_prevue, distance_realisee, estrealisee, programme_id, sport_id, CENTREINTERET_ID, timeframe_id) VALUES (10057, '2018-05-02', 8.444751403492523, 0, 0, 10014, 1, 10000, 20);
INSERT INTO activity(activity_id, date_prevue, distance_prevue, distance_realisee, estrealisee, programme_id, sport_id, CENTREINTERET_ID, timeframe_id) VALUES (10058, '2018-05-03', 7.513268366877936, 0, 0, 10014, 1, 10000, 31);
INSERT INTO activity(activity_id, date_prevue, distance_prevue, distance_realisee, estrealisee, programme_id, sport_id, CENTREINTERET_ID, timeframe_id) VALUES (10059, '2018-05-04', 10.35778586766208, 0, 0, 10014, 1, 10000, 39);
INSERT INTO programme(programme_id, date_debut, user_id, objectif_distance) VALUES (10015, '2018-04-23', 10007, 9);
INSERT INTO activity(activity_id, date_prevue, date_realisee, distance_prevue, distance_realisee, estrealisee, programme_id, sport_id, CENTREINTERET_ID, timeframe_id) VALUES (10060, '2018-04-17', '2018-04-17', 7.750496550721563, 7.750496550721563, 1, 10015, 1, 10000, 44);
INSERT INTO activity(activity_id, date_prevue, date_realisee, distance_prevue, distance_realisee, estrealisee, programme_id, sport_id, CENTREINTERET_ID, timeframe_id) VALUES (10061, '2018-04-18', '2018-04-18', 7.636734653176636, 7.636734653176636, 1, 10015, 1, 10000, 14);
INSERT INTO activity(activity_id, date_prevue, date_realisee, distance_prevue, distance_realisee, estrealisee, programme_id, sport_id, CENTREINTERET_ID, timeframe_id) VALUES (10062, '2018-04-19', '2018-04-19', 8.441599945539297, 8.441599945539297, 1, 10015, 1, 10000, 30);
INSERT INTO activity(activity_id, date_prevue, date_realisee, distance_prevue, distance_realisee, estrealisee, programme_id, sport_id, CENTREINTERET_ID, timeframe_id) VALUES (10063, '2018-04-20', '2018-04-20', 11.16457083196212, 11.16457083196212, 1, 10015, 1, 10000, 23);

INSERT INTO point (ID, x, y) VALUES (50008, 45.75581663832622, 4.825551611901671);
INSERT INTO users (ID, USERNAME, PASSWORD, FIRSTNAME, LASTNAME, EMAIL, ENABLED, LASTPASSWORDRESETDATE, OBJECTIFHEBDO, Location_id) VALUES (10008, "user8", "$2a$08$UkVvwpULis18S19S5pZFn.YHPZt3oaqHZnDwqbCW9pft6uFtkXKDC", "user8", "user8", "user8@user.com", 1, "2003/01/22", 20, 50008);
INSERT INTO user_authority (USER_ID, AUTHORITY_ID) VALUES (10008, 2);
INSERT INTO programme(programme_id, date_debut, user_id, objectif_distance) VALUES (10016, '2018-04-30', 10008, 15);
INSERT INTO activity(activity_id, date_prevue, distance_prevue, distance_realisee, estrealisee, programme_id, sport_id, CENTREINTERET_ID, timeframe_id) VALUES (10064, '2018-05-01', 9.70684077238416, 0, 0, 10016, 1, 10000, 14);
INSERT INTO activity(activity_id, date_prevue, distance_prevue, distance_realisee, estrealisee, programme_id, sport_id, CENTREINTERET_ID, timeframe_id) VALUES (10065, '2018-05-02', 9.461402233578571, 0, 0, 10016, 1, 10000, 20);
INSERT INTO activity(activity_id, date_prevue, distance_prevue, distance_realisee, estrealisee, programme_id, sport_id, CENTREINTERET_ID, timeframe_id) VALUES (10066, '2018-05-03', 11.92193706041557, 0, 0, 10016, 1, 10000, 31);
INSERT INTO activity(activity_id, date_prevue, distance_prevue, distance_realisee, estrealisee, programme_id, sport_id, CENTREINTERET_ID, timeframe_id) VALUES (10067, '2018-05-04', 7.857472027449395, 0, 0, 10016, 1, 10000, 39);
INSERT INTO programme(programme_id, date_debut, user_id, objectif_distance) VALUES (10017, '2018-04-23', 10008, 11);
INSERT INTO activity(activity_id, date_prevue, date_realisee, distance_prevue, distance_realisee, estrealisee, programme_id, sport_id, CENTREINTERET_ID, timeframe_id) VALUES (10068, '2018-04-17', '2018-04-17', 8.641686143730594, 8.641686143730594, 1, 10017, 1, 10000, 21);
INSERT INTO activity(activity_id, date_prevue, date_realisee, distance_prevue, distance_realisee, estrealisee, programme_id, sport_id, CENTREINTERET_ID, timeframe_id) VALUES (10069, '2018-04-18', '2018-04-18', 9.530939300257524, 9.530939300257524, 1, 10017, 1, 10000, 51);
INSERT INTO activity(activity_id, date_prevue, date_realisee, distance_prevue, distance_realisee, estrealisee, programme_id, sport_id, CENTREINTERET_ID, timeframe_id) VALUES (10070, '2018-04-19', '2018-04-19', 11.043062103633623, 11.043062103633623, 1, 10017, 1, 10000, 27);
INSERT INTO activity(activity_id, date_prevue, date_realisee, distance_prevue, distance_realisee, estrealisee, programme_id, sport_id, CENTREINTERET_ID, timeframe_id) VALUES (10071, '2018-04-20', '2018-04-20', 9.552742487638236, 9.552742487638236, 1, 10017, 1, 10000, 28);

INSERT INTO point (ID, x, y) VALUES (50009, 45.714730014154405, 4.821542434702638);
INSERT INTO users (ID, USERNAME, PASSWORD, FIRSTNAME, LASTNAME, EMAIL, ENABLED, LASTPASSWORDRESETDATE, OBJECTIFHEBDO, Location_id) VALUES (10009, "user9", "$2a$08$UkVvwpULis18S19S5pZFn.YHPZt3oaqHZnDwqbCW9pft6uFtkXKDC", "user9", "user9", "user9@user.com", 1, "2003/01/22", 16, 50009);
INSERT INTO user_authority (USER_ID, AUTHORITY_ID) VALUES (10009, 2);
INSERT INTO programme(programme_id, date_debut, user_id, objectif_distance) VALUES (10018, '2018-04-30', 10009, 5);
INSERT INTO activity(activity_id, date_prevue, distance_prevue, distance_realisee, estrealisee, programme_id, sport_id, CENTREINTERET_ID, timeframe_id) VALUES (10072, '2018-05-01', 11.25252969572849, 0, 0, 10018, 1, 10000, 14);
INSERT INTO activity(activity_id, date_prevue, distance_prevue, distance_realisee, estrealisee, programme_id, sport_id, CENTREINTERET_ID, timeframe_id) VALUES (10073, '2018-05-02', 7.321539155693941, 0, 0, 10018, 1, 10000, 20);
INSERT INTO activity(activity_id, date_prevue, distance_prevue, distance_realisee, estrealisee, programme_id, sport_id, CENTREINTERET_ID, timeframe_id) VALUES (10074, '2018-05-03', 8.591662335557482, 0, 0, 10018, 1, 10000, 31);
INSERT INTO activity(activity_id, date_prevue, distance_prevue, distance_realisee, estrealisee, programme_id, sport_id, CENTREINTERET_ID, timeframe_id) VALUES (10075, '2018-05-04', 9.559898886414837, 0, 0, 10018, 1, 10000, 39);
INSERT INTO programme(programme_id, date_debut, user_id, objectif_distance) VALUES (10019, '2018-04-23', 10009, 6);
INSERT INTO activity(activity_id, date_prevue, date_realisee, distance_prevue, distance_realisee, estrealisee, programme_id, sport_id, CENTREINTERET_ID, timeframe_id) VALUES (10076, '2018-04-17', '2018-04-17', 7.906822528017105, 7.906822528017105, 1, 10019, 1, 10000, 5);
INSERT INTO activity(activity_id, date_prevue, date_realisee, distance_prevue, distance_realisee, estrealisee, programme_id, sport_id, CENTREINTERET_ID, timeframe_id) VALUES (10077, '2018-04-18', '2018-04-18', 11.36643591471148, 11.36643591471148, 1, 10019, 1, 10000, 47);
INSERT INTO activity(activity_id, date_prevue, date_realisee, distance_prevue, distance_realisee, estrealisee, programme_id, sport_id, CENTREINTERET_ID, timeframe_id) VALUES (10078, '2018-04-19', '2018-04-19', 8.59187947155697, 8.59187947155697, 1, 10019, 1, 10000, 38);
INSERT INTO activity(activity_id, date_prevue, date_realisee, distance_prevue, distance_realisee, estrealisee, programme_id, sport_id, CENTREINTERET_ID, timeframe_id) VALUES (10079, '2018-04-20', '2018-04-20', 11.884577166935056, 11.884577166935056, 1, 10019, 1, 10000, 33);

INSERT INTO point (ID, x, y) VALUES (50010, 45.74542197620047, 4.831479944223775);
INSERT INTO users (ID, USERNAME, PASSWORD, FIRSTNAME, LASTNAME, EMAIL, ENABLED, LASTPASSWORDRESETDATE, OBJECTIFHEBDO, Location_id) VALUES (10010, "user10", "$2a$08$UkVvwpULis18S19S5pZFn.YHPZt3oaqHZnDwqbCW9pft6uFtkXKDC", "user10", "user10", "user10@user.com", 1, "2003/01/22", 12, 50010);
INSERT INTO user_authority (USER_ID, AUTHORITY_ID) VALUES (10010, 2);
INSERT INTO programme(programme_id, date_debut, user_id, objectif_distance) VALUES (10020, '2018-04-30', 10010, 13);
INSERT INTO activity(activity_id, date_prevue, distance_prevue, distance_realisee, estrealisee, programme_id, sport_id, CENTREINTERET_ID, timeframe_id) VALUES (10080, '2018-05-01', 8.925840870753428, 0, 0, 10020, 1, 10000, 14);
INSERT INTO activity(activity_id, date_prevue, distance_prevue, distance_realisee, estrealisee, programme_id, sport_id, CENTREINTERET_ID, timeframe_id) VALUES (10081, '2018-05-02', 7.290954727615072, 0, 0, 10020, 1, 10000, 20);
INSERT INTO activity(activity_id, date_prevue, distance_prevue, distance_realisee, estrealisee, programme_id, sport_id, CENTREINTERET_ID, timeframe_id) VALUES (10082, '2018-05-03', 7.926729055279223, 0, 0, 10020, 1, 10000, 31);
INSERT INTO activity(activity_id, date_prevue, distance_prevue, distance_realisee, estrealisee, programme_id, sport_id, CENTREINTERET_ID, timeframe_id) VALUES (10083, '2018-05-04', 7.909475447327256, 0, 0, 10020, 1, 10000, 39);
INSERT INTO programme(programme_id, date_debut, user_id, objectif_distance) VALUES (10021, '2018-04-23', 10010, 7);
INSERT INTO activity(activity_id, date_prevue, date_realisee, distance_prevue, distance_realisee, estrealisee, programme_id, sport_id, CENTREINTERET_ID, timeframe_id) VALUES (10084, '2018-04-17', '2018-04-17', 10.558767948581284, 10.558767948581284, 1, 10021, 1, 10000, 37);
INSERT INTO activity(activity_id, date_prevue, date_realisee, distance_prevue, distance_realisee, estrealisee, programme_id, sport_id, CENTREINTERET_ID, timeframe_id) VALUES (10085, '2018-04-18', '2018-04-18', 8.081532699986559, 8.081532699986559, 1, 10021, 1, 10000, 50);
INSERT INTO activity(activity_id, date_prevue, date_realisee, distance_prevue, distance_realisee, estrealisee, programme_id, sport_id, CENTREINTERET_ID, timeframe_id) VALUES (10086, '2018-04-19', '2018-04-19', 11.936314942504566, 11.936314942504566, 1, 10021, 1, 10000, 5);
INSERT INTO activity(activity_id, date_prevue, date_realisee, distance_prevue, distance_realisee, estrealisee, programme_id, sport_id, CENTREINTERET_ID, timeframe_id) VALUES (10087, '2018-04-20', '2018-04-20', 7.764716769097216, 7.764716769097216, 1, 10021, 1, 10000, 31);

INSERT INTO point (ID, x, y) VALUES (50011, 45.750519995004225, 4.860535435593473);
INSERT INTO users (ID, USERNAME, PASSWORD, FIRSTNAME, LASTNAME, EMAIL, ENABLED, LASTPASSWORDRESETDATE, OBJECTIFHEBDO, Location_id) VALUES (10011, "user11", "$2a$08$UkVvwpULis18S19S5pZFn.YHPZt3oaqHZnDwqbCW9pft6uFtkXKDC", "user11", "user11", "user11@user.com", 1, "2003/01/22", 16, 50011);
INSERT INTO user_authority (USER_ID, AUTHORITY_ID) VALUES (10011, 2);
INSERT INTO programme(programme_id, date_debut, user_id, objectif_distance) VALUES (10022, '2018-04-30', 10011, 6);
INSERT INTO activity(activity_id, date_prevue, distance_prevue, distance_realisee, estrealisee, programme_id, sport_id, CENTREINTERET_ID, timeframe_id) VALUES (10088, '2018-05-01', 9.807344232188717, 0, 0, 10022, 1, 10000, 14);
INSERT INTO activity(activity_id, date_prevue, distance_prevue, distance_realisee, estrealisee, programme_id, sport_id, CENTREINTERET_ID, timeframe_id) VALUES (10089, '2018-05-02', 10.615634722250519, 0, 0, 10022, 1, 10000, 20);
INSERT INTO activity(activity_id, date_prevue, distance_prevue, distance_realisee, estrealisee, programme_id, sport_id, CENTREINTERET_ID, timeframe_id) VALUES (10090, '2018-05-03', 10.280544247125725, 0, 0, 10022, 1, 10000, 31);
INSERT INTO activity(activity_id, date_prevue, distance_prevue, distance_realisee, estrealisee, programme_id, sport_id, CENTREINTERET_ID, timeframe_id) VALUES (10091, '2018-05-04', 10.893057634524123, 0, 0, 10022, 1, 10000, 39);
INSERT INTO programme(programme_id, date_debut, user_id, objectif_distance) VALUES (10023, '2018-04-23', 10011, 12);
INSERT INTO activity(activity_id, date_prevue, date_realisee, distance_prevue, distance_realisee, estrealisee, programme_id, sport_id, CENTREINTERET_ID, timeframe_id) VALUES (10092, '2018-04-17', '2018-04-17', 8.167120637712756, 8.167120637712756, 1, 10023, 1, 10000, 1);
INSERT INTO activity(activity_id, date_prevue, date_realisee, distance_prevue, distance_realisee, estrealisee, programme_id, sport_id, CENTREINTERET_ID, timeframe_id) VALUES (10093, '2018-04-18', '2018-04-18', 7.897238613723738, 7.897238613723738, 1, 10023, 1, 10000, 9);
INSERT INTO activity(activity_id, date_prevue, date_realisee, distance_prevue, distance_realisee, estrealisee, programme_id, sport_id, CENTREINTERET_ID, timeframe_id) VALUES (10094, '2018-04-19', '2018-04-19', 8.683861478083253, 8.683861478083253, 1, 10023, 1, 10000, 11);
INSERT INTO activity(activity_id, date_prevue, date_realisee, distance_prevue, distance_realisee, estrealisee, programme_id, sport_id, CENTREINTERET_ID, timeframe_id) VALUES (10095, '2018-04-20', '2018-04-20', 10.60193199487268, 10.60193199487268, 1, 10023, 1, 10000, 52);

INSERT INTO point (ID, x, y) VALUES (50012, 45.74113914889571, 4.837334490822448);
INSERT INTO users (ID, USERNAME, PASSWORD, FIRSTNAME, LASTNAME, EMAIL, ENABLED, LASTPASSWORDRESETDATE, OBJECTIFHEBDO, Location_id) VALUES (10012, "user12", "$2a$08$UkVvwpULis18S19S5pZFn.YHPZt3oaqHZnDwqbCW9pft6uFtkXKDC", "user12", "user12", "user12@user.com", 1, "2003/01/22", 7, 50012);
INSERT INTO user_authority (USER_ID, AUTHORITY_ID) VALUES (10012, 2);
INSERT INTO programme(programme_id, date_debut, user_id, objectif_distance) VALUES (10024, '2018-04-30', 10012, 8);
INSERT INTO activity(activity_id, date_prevue, distance_prevue, distance_realisee, estrealisee, programme_id, sport_id, CENTREINTERET_ID, timeframe_id) VALUES (10096, '2018-05-01', 8.65979938711092, 0, 0, 10024, 1, 10000, 14);
INSERT INTO activity(activity_id, date_prevue, distance_prevue, distance_realisee, estrealisee, programme_id, sport_id, CENTREINTERET_ID, timeframe_id) VALUES (10097, '2018-05-02', 8.27724174611841, 0, 0, 10024, 1, 10000, 20);
INSERT INTO activity(activity_id, date_prevue, distance_prevue, distance_realisee, estrealisee, programme_id, sport_id, CENTREINTERET_ID, timeframe_id) VALUES (10098, '2018-05-03', 11.48846710464132, 0, 0, 10024, 1, 10000, 31);
INSERT INTO activity(activity_id, date_prevue, distance_prevue, distance_realisee, estrealisee, programme_id, sport_id, CENTREINTERET_ID, timeframe_id) VALUES (10099, '2018-05-04', 11.56155077331649, 0, 0, 10024, 1, 10000, 39);
INSERT INTO programme(programme_id, date_debut, user_id, objectif_distance) VALUES (10025, '2018-04-23', 10012, 13);
INSERT INTO activity(activity_id, date_prevue, date_realisee, distance_prevue, distance_realisee, estrealisee, programme_id, sport_id, CENTREINTERET_ID, timeframe_id) VALUES (10100, '2018-04-17', '2018-04-17', 8.194924822997873, 8.194924822997873, 1, 10025, 1, 10000, 11);
INSERT INTO activity(activity_id, date_prevue, date_realisee, distance_prevue, distance_realisee, estrealisee, programme_id, sport_id, CENTREINTERET_ID, timeframe_id) VALUES (10101, '2018-04-18', '2018-04-18', 10.683113294803913, 10.683113294803913, 1, 10025, 1, 10000, 21);
INSERT INTO activity(activity_id, date_prevue, date_realisee, distance_prevue, distance_realisee, estrealisee, programme_id, sport_id, CENTREINTERET_ID, timeframe_id) VALUES (10102, '2018-04-19', '2018-04-19', 10.33785713902499, 10.33785713902499, 1, 10025, 1, 10000, 42);
INSERT INTO activity(activity_id, date_prevue, date_realisee, distance_prevue, distance_realisee, estrealisee, programme_id, sport_id, CENTREINTERET_ID, timeframe_id) VALUES (10103, '2018-04-20', '2018-04-20', 10.768940174605744, 10.768940174605744, 1, 10025, 1, 10000, 55);

INSERT INTO point (ID, x, y) VALUES (50013, 45.73323046088972, 4.89153824756098);
INSERT INTO users (ID, USERNAME, PASSWORD, FIRSTNAME, LASTNAME, EMAIL, ENABLED, LASTPASSWORDRESETDATE, OBJECTIFHEBDO, Location_id) VALUES (10013, "user13", "$2a$08$UkVvwpULis18S19S5pZFn.YHPZt3oaqHZnDwqbCW9pft6uFtkXKDC", "user13", "user13", "user13@user.com", 1, "2003/01/22", 16, 50013);
INSERT INTO user_authority (USER_ID, AUTHORITY_ID) VALUES (10013, 2);
INSERT INTO programme(programme_id, date_debut, user_id, objectif_distance) VALUES (10026, '2018-04-30', 10013, 9);
INSERT INTO activity(activity_id, date_prevue, distance_prevue, distance_realisee, estrealisee, programme_id, sport_id, CENTREINTERET_ID, timeframe_id) VALUES (10104, '2018-05-01', 10.477751755959321, 0, 0, 10026, 1, 10000, 14);
INSERT INTO activity(activity_id, date_prevue, distance_prevue, distance_realisee, estrealisee, programme_id, sport_id, CENTREINTERET_ID, timeframe_id) VALUES (10105, '2018-05-02', 8.027179720200843, 0, 0, 10026, 1, 10000, 20);
INSERT INTO activity(activity_id, date_prevue, distance_prevue, distance_realisee, estrealisee, programme_id, sport_id, CENTREINTERET_ID, timeframe_id) VALUES (10106, '2018-05-03', 7.167858884036881, 0, 0, 10026, 1, 10000, 31);
INSERT INTO activity(activity_id, date_prevue, distance_prevue, distance_realisee, estrealisee, programme_id, sport_id, CENTREINTERET_ID, timeframe_id) VALUES (10107, '2018-05-04', 9.140484446338911, 0, 0, 10026, 1, 10000, 39);
INSERT INTO programme(programme_id, date_debut, user_id, objectif_distance) VALUES (10027, '2018-04-23', 10013, 9);
INSERT INTO activity(activity_id, date_prevue, date_realisee, distance_prevue, distance_realisee, estrealisee, programme_id, sport_id, CENTREINTERET_ID, timeframe_id) VALUES (10108, '2018-04-17', '2018-04-17', 11.371907676127282, 11.371907676127282, 1, 10027, 1, 10000, 38);
INSERT INTO activity(activity_id, date_prevue, date_realisee, distance_prevue, distance_realisee, estrealisee, programme_id, sport_id, CENTREINTERET_ID, timeframe_id) VALUES (10109, '2018-04-18', '2018-04-18', 11.644603209802245, 11.644603209802245, 1, 10027, 1, 10000, 15);
INSERT INTO activity(activity_id, date_prevue, date_realisee, distance_prevue, distance_realisee, estrealisee, programme_id, sport_id, CENTREINTERET_ID, timeframe_id) VALUES (10110, '2018-04-19', '2018-04-19', 10.854413375300894, 10.854413375300894, 1, 10027, 1, 10000, 1);
INSERT INTO activity(activity_id, date_prevue, date_realisee, distance_prevue, distance_realisee, estrealisee, programme_id, sport_id, CENTREINTERET_ID, timeframe_id) VALUES (10111, '2018-04-20', '2018-04-20', 9.867495808149737, 9.867495808149737, 1, 10027, 1, 10000, 7);

INSERT INTO point (ID, x, y) VALUES (50014, 45.71640182933078, 4.849514720160168);
INSERT INTO users (ID, USERNAME, PASSWORD, FIRSTNAME, LASTNAME, EMAIL, ENABLED, LASTPASSWORDRESETDATE, OBJECTIFHEBDO, Location_id) VALUES (10014, "user14", "$2a$08$UkVvwpULis18S19S5pZFn.YHPZt3oaqHZnDwqbCW9pft6uFtkXKDC", "user14", "user14", "user14@user.com", 1, "2003/01/22", 8, 50014);
INSERT INTO user_authority (USER_ID, AUTHORITY_ID) VALUES (10014, 2);
INSERT INTO programme(programme_id, date_debut, user_id, objectif_distance) VALUES (10028, '2018-04-30', 10014, 6);
INSERT INTO activity(activity_id, date_prevue, distance_prevue, distance_realisee, estrealisee, programme_id, sport_id, CENTREINTERET_ID, timeframe_id) VALUES (10112, '2018-05-01', 7.224900410709473, 0, 0, 10028, 1, 10000, 14);
INSERT INTO activity(activity_id, date_prevue, distance_prevue, distance_realisee, estrealisee, programme_id, sport_id, CENTREINTERET_ID, timeframe_id) VALUES (10113, '2018-05-02', 10.120603705327536, 0, 0, 10028, 1, 10000, 20);
INSERT INTO activity(activity_id, date_prevue, distance_prevue, distance_realisee, estrealisee, programme_id, sport_id, CENTREINTERET_ID, timeframe_id) VALUES (10114, '2018-05-03', 10.623368663966753, 0, 0, 10028, 1, 10000, 31);
INSERT INTO activity(activity_id, date_prevue, distance_prevue, distance_realisee, estrealisee, programme_id, sport_id, CENTREINTERET_ID, timeframe_id) VALUES (10115, '2018-05-04', 11.468117150797923, 0, 0, 10028, 1, 10000, 39);
INSERT INTO programme(programme_id, date_debut, user_id, objectif_distance) VALUES (10029, '2018-04-23', 10014, 8);
INSERT INTO activity(activity_id, date_prevue, date_realisee, distance_prevue, distance_realisee, estrealisee, programme_id, sport_id, CENTREINTERET_ID, timeframe_id) VALUES (10116, '2018-04-17', '2018-04-17', 11.959310627549005, 11.959310627549005, 1, 10029, 1, 10000, 16);
INSERT INTO activity(activity_id, date_prevue, date_realisee, distance_prevue, distance_realisee, estrealisee, programme_id, sport_id, CENTREINTERET_ID, timeframe_id) VALUES (10117, '2018-04-18', '2018-04-18', 10.562034304186449, 10.562034304186449, 1, 10029, 1, 10000, 38);
INSERT INTO activity(activity_id, date_prevue, date_realisee, distance_prevue, distance_realisee, estrealisee, programme_id, sport_id, CENTREINTERET_ID, timeframe_id) VALUES (10118, '2018-04-19', '2018-04-19', 10.376712571366873, 10.376712571366873, 1, 10029, 1, 10000, 20);
INSERT INTO activity(activity_id, date_prevue, date_realisee, distance_prevue, distance_realisee, estrealisee, programme_id, sport_id, CENTREINTERET_ID, timeframe_id) VALUES (10119, '2018-04-20', '2018-04-20', 10.37655723293745, 10.37655723293745, 1, 10029, 1, 10000, 32);

INSERT INTO point (ID, x, y) VALUES (50015, 45.730140771362514, 4.828876665448773);
INSERT INTO users (ID, USERNAME, PASSWORD, FIRSTNAME, LASTNAME, EMAIL, ENABLED, LASTPASSWORDRESETDATE, OBJECTIFHEBDO, Location_id) VALUES (10015, "user15", "$2a$08$UkVvwpULis18S19S5pZFn.YHPZt3oaqHZnDwqbCW9pft6uFtkXKDC", "user15", "user15", "user15@user.com", 1, "2003/01/22", 7, 50015);
INSERT INTO user_authority (USER_ID, AUTHORITY_ID) VALUES (10015, 2);
INSERT INTO programme(programme_id, date_debut, user_id, objectif_distance) VALUES (10030, '2018-04-30', 10015, 6);
INSERT INTO activity(activity_id, date_prevue, distance_prevue, distance_realisee, estrealisee, programme_id, sport_id, CENTREINTERET_ID, timeframe_id) VALUES (10120, '2018-05-01', 7.565207447820626, 0, 0, 10030, 1, 10000, 14);
INSERT INTO activity(activity_id, date_prevue, distance_prevue, distance_realisee, estrealisee, programme_id, sport_id, CENTREINTERET_ID, timeframe_id) VALUES (10121, '2018-05-02', 9.232168738643857, 0, 0, 10030, 1, 10000, 20);
INSERT INTO activity(activity_id, date_prevue, distance_prevue, distance_realisee, estrealisee, programme_id, sport_id, CENTREINTERET_ID, timeframe_id) VALUES (10122, '2018-05-03', 8.429154556560787, 0, 0, 10030, 1, 10000, 31);
INSERT INTO activity(activity_id, date_prevue, distance_prevue, distance_realisee, estrealisee, programme_id, sport_id, CENTREINTERET_ID, timeframe_id) VALUES (10123, '2018-05-04', 11.062817922038352, 0, 0, 10030, 1, 10000, 39);
INSERT INTO programme(programme_id, date_debut, user_id, objectif_distance) VALUES (10031, '2018-04-23', 10015, 5);
INSERT INTO activity(activity_id, date_prevue, date_realisee, distance_prevue, distance_realisee, estrealisee, programme_id, sport_id, CENTREINTERET_ID, timeframe_id) VALUES (10124, '2018-04-17', '2018-04-17', 11.87558126644689, 11.87558126644689, 1, 10031, 1, 10000, 26);
INSERT INTO activity(activity_id, date_prevue, date_realisee, distance_prevue, distance_realisee, estrealisee, programme_id, sport_id, CENTREINTERET_ID, timeframe_id) VALUES (10125, '2018-04-18', '2018-04-18', 9.211014010530747, 9.211014010530747, 1, 10031, 1, 10000, 6);
INSERT INTO activity(activity_id, date_prevue, date_realisee, distance_prevue, distance_realisee, estrealisee, programme_id, sport_id, CENTREINTERET_ID, timeframe_id) VALUES (10126, '2018-04-19', '2018-04-19', 10.478512785386535, 10.478512785386535, 1, 10031, 1, 10000, 4);
INSERT INTO activity(activity_id, date_prevue, date_realisee, distance_prevue, distance_realisee, estrealisee, programme_id, sport_id, CENTREINTERET_ID, timeframe_id) VALUES (10127, '2018-04-20', '2018-04-20', 7.7400234121573135, 7.7400234121573135, 1, 10031, 1, 10000, 1);

INSERT INTO point (ID, x, y) VALUES (50016, 45.782804792378506, 4.8453096774353);
INSERT INTO users (ID, USERNAME, PASSWORD, FIRSTNAME, LASTNAME, EMAIL, ENABLED, LASTPASSWORDRESETDATE, OBJECTIFHEBDO, Location_id) VALUES (10016, "user16", "$2a$08$UkVvwpULis18S19S5pZFn.YHPZt3oaqHZnDwqbCW9pft6uFtkXKDC", "user16", "user16", "user16@user.com", 1, "2003/01/22", 6, 50016);
INSERT INTO user_authority (USER_ID, AUTHORITY_ID) VALUES (10016, 2);
INSERT INTO programme(programme_id, date_debut, user_id, objectif_distance) VALUES (10032, '2018-04-30', 10016, 5);
INSERT INTO activity(activity_id, date_prevue, distance_prevue, distance_realisee, estrealisee, programme_id, sport_id, CENTREINTERET_ID, timeframe_id) VALUES (10128, '2018-05-01', 8.07689341665281, 0, 0, 10032, 1, 10000, 14);
INSERT INTO activity(activity_id, date_prevue, distance_prevue, distance_realisee, estrealisee, programme_id, sport_id, CENTREINTERET_ID, timeframe_id) VALUES (10129, '2018-05-02', 9.651250491007564, 0, 0, 10032, 1, 10000, 20);
INSERT INTO activity(activity_id, date_prevue, distance_prevue, distance_realisee, estrealisee, programme_id, sport_id, CENTREINTERET_ID, timeframe_id) VALUES (10130, '2018-05-03', 9.07704749110129, 0, 0, 10032, 1, 10000, 31);
INSERT INTO activity(activity_id, date_prevue, distance_prevue, distance_realisee, estrealisee, programme_id, sport_id, CENTREINTERET_ID, timeframe_id) VALUES (10131, '2018-05-04', 8.895829418909301, 0, 0, 10032, 1, 10000, 39);
INSERT INTO programme(programme_id, date_debut, user_id, objectif_distance) VALUES (10033, '2018-04-23', 10016, 9);
INSERT INTO activity(activity_id, date_prevue, date_realisee, distance_prevue, distance_realisee, estrealisee, programme_id, sport_id, CENTREINTERET_ID, timeframe_id) VALUES (10132, '2018-04-17', '2018-04-17', 11.016060709417559, 11.016060709417559, 1, 10033, 1, 10000, 22);
INSERT INTO activity(activity_id, date_prevue, date_realisee, distance_prevue, distance_realisee, estrealisee, programme_id, sport_id, CENTREINTERET_ID, timeframe_id) VALUES (10133, '2018-04-18', '2018-04-18', 7.210544778319267, 7.210544778319267, 1, 10033, 1, 10000, 46);
INSERT INTO activity(activity_id, date_prevue, date_realisee, distance_prevue, distance_realisee, estrealisee, programme_id, sport_id, CENTREINTERET_ID, timeframe_id) VALUES (10134, '2018-04-19', '2018-04-19', 7.30394239434591, 7.30394239434591, 1, 10033, 1, 10000, 47);
INSERT INTO activity(activity_id, date_prevue, date_realisee, distance_prevue, distance_realisee, estrealisee, programme_id, sport_id, CENTREINTERET_ID, timeframe_id) VALUES (10135, '2018-04-20', '2018-04-20', 11.581381482306986, 11.581381482306986, 1, 10033, 1, 10000, 28);

INSERT INTO point (ID, x, y) VALUES (50017, 45.78572347684587, 4.892271432912711);
INSERT INTO users (ID, USERNAME, PASSWORD, FIRSTNAME, LASTNAME, EMAIL, ENABLED, LASTPASSWORDRESETDATE, OBJECTIFHEBDO, Location_id) VALUES (10017, "user17", "$2a$08$UkVvwpULis18S19S5pZFn.YHPZt3oaqHZnDwqbCW9pft6uFtkXKDC", "user17", "user17", "user17@user.com", 1, "2003/01/22", 15, 50017);
INSERT INTO user_authority (USER_ID, AUTHORITY_ID) VALUES (10017, 2);
INSERT INTO programme(programme_id, date_debut, user_id, objectif_distance) VALUES (10034, '2018-04-30', 10017, 12);
INSERT INTO activity(activity_id, date_prevue, distance_prevue, distance_realisee, estrealisee, programme_id, sport_id, CENTREINTERET_ID, timeframe_id) VALUES (10136, '2018-05-01', 11.277666435479123, 0, 0, 10034, 1, 10000, 14);
INSERT INTO activity(activity_id, date_prevue, distance_prevue, distance_realisee, estrealisee, programme_id, sport_id, CENTREINTERET_ID, timeframe_id) VALUES (10137, '2018-05-02', 8.706392074364883, 0, 0, 10034, 1, 10000, 20);
INSERT INTO activity(activity_id, date_prevue, distance_prevue, distance_realisee, estrealisee, programme_id, sport_id, CENTREINTERET_ID, timeframe_id) VALUES (10138, '2018-05-03', 10.11228931834449, 0, 0, 10034, 1, 10000, 31);
INSERT INTO activity(activity_id, date_prevue, distance_prevue, distance_realisee, estrealisee, programme_id, sport_id, CENTREINTERET_ID, timeframe_id) VALUES (10139, '2018-05-04', 10.632735179731021, 0, 0, 10034, 1, 10000, 39);
INSERT INTO programme(programme_id, date_debut, user_id, objectif_distance) VALUES (10035, '2018-04-23', 10017, 6);
INSERT INTO activity(activity_id, date_prevue, date_realisee, distance_prevue, distance_realisee, estrealisee, programme_id, sport_id, CENTREINTERET_ID, timeframe_id) VALUES (10140, '2018-04-17', '2018-04-17', 9.063295788312836, 9.063295788312836, 1, 10035, 1, 10000, 31);
INSERT INTO activity(activity_id, date_prevue, date_realisee, distance_prevue, distance_realisee, estrealisee, programme_id, sport_id, CENTREINTERET_ID, timeframe_id) VALUES (10141, '2018-04-18', '2018-04-18', 10.3904618021363, 10.3904618021363, 1, 10035, 1, 10000, 0);
INSERT INTO activity(activity_id, date_prevue, date_realisee, distance_prevue, distance_realisee, estrealisee, programme_id, sport_id, CENTREINTERET_ID, timeframe_id) VALUES (10142, '2018-04-19', '2018-04-19', 8.992492047518953, 8.992492047518953, 1, 10035, 1, 10000, 25);
INSERT INTO activity(activity_id, date_prevue, date_realisee, distance_prevue, distance_realisee, estrealisee, programme_id, sport_id, CENTREINTERET_ID, timeframe_id) VALUES (10143, '2018-04-20', '2018-04-20', 9.784207772842876, 9.784207772842876, 1, 10035, 1, 10000, 19);

INSERT INTO point (ID, x, y) VALUES (50018, 45.75994038159885, 4.858815266169467);
INSERT INTO users (ID, USERNAME, PASSWORD, FIRSTNAME, LASTNAME, EMAIL, ENABLED, LASTPASSWORDRESETDATE, OBJECTIFHEBDO, Location_id) VALUES (10018, "user18", "$2a$08$UkVvwpULis18S19S5pZFn.YHPZt3oaqHZnDwqbCW9pft6uFtkXKDC", "user18", "user18", "user18@user.com", 1, "2003/01/22", 6, 50018);
INSERT INTO user_authority (USER_ID, AUTHORITY_ID) VALUES (10018, 2);
INSERT INTO programme(programme_id, date_debut, user_id, objectif_distance) VALUES (10036, '2018-04-30', 10018, 10);
INSERT INTO activity(activity_id, date_prevue, distance_prevue, distance_realisee, estrealisee, programme_id, sport_id, CENTREINTERET_ID, timeframe_id) VALUES (10144, '2018-05-01', 8.928159301092098, 0, 0, 10036, 1, 10000, 14);
INSERT INTO activity(activity_id, date_prevue, distance_prevue, distance_realisee, estrealisee, programme_id, sport_id, CENTREINTERET_ID, timeframe_id) VALUES (10145, '2018-05-02', 7.182928711144218, 0, 0, 10036, 1, 10000, 20);
INSERT INTO activity(activity_id, date_prevue, distance_prevue, distance_realisee, estrealisee, programme_id, sport_id, CENTREINTERET_ID, timeframe_id) VALUES (10146, '2018-05-03', 7.775011799411988, 0, 0, 10036, 1, 10000, 31);
INSERT INTO activity(activity_id, date_prevue, distance_prevue, distance_realisee, estrealisee, programme_id, sport_id, CENTREINTERET_ID, timeframe_id) VALUES (10147, '2018-05-04', 10.06904527618622, 0, 0, 10036, 1, 10000, 39);
INSERT INTO programme(programme_id, date_debut, user_id, objectif_distance) VALUES (10037, '2018-04-23', 10018, 12);
INSERT INTO activity(activity_id, date_prevue, date_realisee, distance_prevue, distance_realisee, estrealisee, programme_id, sport_id, CENTREINTERET_ID, timeframe_id) VALUES (10148, '2018-04-17', '2018-04-17', 9.16767530188408, 9.16767530188408, 1, 10037, 1, 10000, 19);
INSERT INTO activity(activity_id, date_prevue, date_realisee, distance_prevue, distance_realisee, estrealisee, programme_id, sport_id, CENTREINTERET_ID, timeframe_id) VALUES (10149, '2018-04-18', '2018-04-18', 7.874211653598791, 7.874211653598791, 1, 10037, 1, 10000, 52);
INSERT INTO activity(activity_id, date_prevue, date_realisee, distance_prevue, distance_realisee, estrealisee, programme_id, sport_id, CENTREINTERET_ID, timeframe_id) VALUES (10150, '2018-04-19', '2018-04-19', 11.585911540261431, 11.585911540261431, 1, 10037, 1, 10000, 35);
INSERT INTO activity(activity_id, date_prevue, date_realisee, distance_prevue, distance_realisee, estrealisee, programme_id, sport_id, CENTREINTERET_ID, timeframe_id) VALUES (10151, '2018-04-20', '2018-04-20', 11.645958127733437, 11.645958127733437, 1, 10037, 1, 10000, 23);

INSERT INTO point (ID, x, y) VALUES (50019, 45.79076068074842, 4.878292287756225);
INSERT INTO users (ID, USERNAME, PASSWORD, FIRSTNAME, LASTNAME, EMAIL, ENABLED, LASTPASSWORDRESETDATE, OBJECTIFHEBDO, Location_id) VALUES (10019, "user19", "$2a$08$UkVvwpULis18S19S5pZFn.YHPZt3oaqHZnDwqbCW9pft6uFtkXKDC", "user19", "user19", "user19@user.com", 1, "2003/01/22", 7, 50019);
INSERT INTO user_authority (USER_ID, AUTHORITY_ID) VALUES (10019, 2);
INSERT INTO programme(programme_id, date_debut, user_id, objectif_distance) VALUES (10038, '2018-04-30', 10019, 6);
INSERT INTO activity(activity_id, date_prevue, distance_prevue, distance_realisee, estrealisee, programme_id, sport_id, CENTREINTERET_ID, timeframe_id) VALUES (10152, '2018-05-01', 8.823617709884088, 0, 0, 10038, 1, 10000, 14);
INSERT INTO activity(activity_id, date_prevue, distance_prevue, distance_realisee, estrealisee, programme_id, sport_id, CENTREINTERET_ID, timeframe_id) VALUES (10153, '2018-05-02', 9.448983327308003, 0, 0, 10038, 1, 10000, 20);
INSERT INTO activity(activity_id, date_prevue, distance_prevue, distance_realisee, estrealisee, programme_id, sport_id, CENTREINTERET_ID, timeframe_id) VALUES (10154, '2018-05-03', 8.479950263361282, 0, 0, 10038, 1, 10000, 31);
INSERT INTO activity(activity_id, date_prevue, distance_prevue, distance_realisee, estrealisee, programme_id, sport_id, CENTREINTERET_ID, timeframe_id) VALUES (10155, '2018-05-04', 8.28677449926094, 0, 0, 10038, 1, 10000, 39);
INSERT INTO programme(programme_id, date_debut, user_id, objectif_distance) VALUES (10039, '2018-04-23', 10019, 12);
INSERT INTO activity(activity_id, date_prevue, date_realisee, distance_prevue, distance_realisee, estrealisee, programme_id, sport_id, CENTREINTERET_ID, timeframe_id) VALUES (10156, '2018-04-17', '2018-04-17', 10.746442676773516, 10.746442676773516, 1, 10039, 1, 10000, 9);
INSERT INTO activity(activity_id, date_prevue, date_realisee, distance_prevue, distance_realisee, estrealisee, programme_id, sport_id, CENTREINTERET_ID, timeframe_id) VALUES (10157, '2018-04-18', '2018-04-18', 8.781711022629546, 8.781711022629546, 1, 10039, 1, 10000, 1);
INSERT INTO activity(activity_id, date_prevue, date_realisee, distance_prevue, distance_realisee, estrealisee, programme_id, sport_id, CENTREINTERET_ID, timeframe_id) VALUES (10158, '2018-04-19', '2018-04-19', 11.26508951416845, 11.26508951416845, 1, 10039, 1, 10000, 44);
INSERT INTO activity(activity_id, date_prevue, date_realisee, distance_prevue, distance_realisee, estrealisee, programme_id, sport_id, CENTREINTERET_ID, timeframe_id) VALUES (10159, '2018-04-20', '2018-04-20', 10.22195449092887, 10.22195449092887, 1, 10039, 1, 10000, 23);

INSERT INTO point (ID, x, y) VALUES (50020, 45.74256311936121, 4.882332965214664);
INSERT INTO users (ID, USERNAME, PASSWORD, FIRSTNAME, LASTNAME, EMAIL, ENABLED, LASTPASSWORDRESETDATE, OBJECTIFHEBDO, Location_id) VALUES (10020, "user20", "$2a$08$UkVvwpULis18S19S5pZFn.YHPZt3oaqHZnDwqbCW9pft6uFtkXKDC", "user20", "user20", "user20@user.com", 1, "2003/01/22", 7, 50020);
INSERT INTO user_authority (USER_ID, AUTHORITY_ID) VALUES (10020, 2);
INSERT INTO programme(programme_id, date_debut, user_id, objectif_distance) VALUES (10040, '2018-04-30', 10020, 5);
INSERT INTO activity(activity_id, date_prevue, distance_prevue, distance_realisee, estrealisee, programme_id, sport_id, CENTREINTERET_ID, timeframe_id) VALUES (10160, '2018-05-01', 11.86764262555009, 0, 0, 10040, 1, 10000, 14);
INSERT INTO activity(activity_id, date_prevue, distance_prevue, distance_realisee, estrealisee, programme_id, sport_id, CENTREINTERET_ID, timeframe_id) VALUES (10161, '2018-05-02', 7.281016372527189, 0, 0, 10040, 1, 10000, 20);
INSERT INTO activity(activity_id, date_prevue, distance_prevue, distance_realisee, estrealisee, programme_id, sport_id, CENTREINTERET_ID, timeframe_id) VALUES (10162, '2018-05-03', 7.801436802638986, 0, 0, 10040, 1, 10000, 31);
INSERT INTO activity(activity_id, date_prevue, distance_prevue, distance_realisee, estrealisee, programme_id, sport_id, CENTREINTERET_ID, timeframe_id) VALUES (10163, '2018-05-04', 7.602395067850273, 0, 0, 10040, 1, 10000, 39);
INSERT INTO programme(programme_id, date_debut, user_id, objectif_distance) VALUES (10041, '2018-04-23', 10020, 5);
INSERT INTO activity(activity_id, date_prevue, date_realisee, distance_prevue, distance_realisee, estrealisee, programme_id, sport_id, CENTREINTERET_ID, timeframe_id) VALUES (10164, '2018-04-17', '2018-04-17', 8.953768955566526, 8.953768955566526, 1, 10041, 1, 10000, 19);
INSERT INTO activity(activity_id, date_prevue, date_realisee, distance_prevue, distance_realisee, estrealisee, programme_id, sport_id, CENTREINTERET_ID, timeframe_id) VALUES (10165, '2018-04-18', '2018-04-18', 8.623294367829933, 8.623294367829933, 1, 10041, 1, 10000, 17);
INSERT INTO activity(activity_id, date_prevue, date_realisee, distance_prevue, distance_realisee, estrealisee, programme_id, sport_id, CENTREINTERET_ID, timeframe_id) VALUES (10166, '2018-04-19', '2018-04-19', 9.299542113844293, 9.299542113844293, 1, 10041, 1, 10000, 17);
INSERT INTO activity(activity_id, date_prevue, date_realisee, distance_prevue, distance_realisee, estrealisee, programme_id, sport_id, CENTREINTERET_ID, timeframe_id) VALUES (10167, '2018-04-20', '2018-04-20', 10.36139428252968, 10.36139428252968, 1, 10041, 1, 10000, 44);

INSERT INTO point (ID, x, y) VALUES (50021, 45.732862917778526, 4.890912834924319);
INSERT INTO users (ID, USERNAME, PASSWORD, FIRSTNAME, LASTNAME, EMAIL, ENABLED, LASTPASSWORDRESETDATE, OBJECTIFHEBDO, Location_id) VALUES (10021, "user21", "$2a$08$UkVvwpULis18S19S5pZFn.YHPZt3oaqHZnDwqbCW9pft6uFtkXKDC", "user21", "user21", "user21@user.com", 1, "2003/01/22", 17, 50021);
INSERT INTO user_authority (USER_ID, AUTHORITY_ID) VALUES (10021, 2);
INSERT INTO programme(programme_id, date_debut, user_id, objectif_distance) VALUES (10042, '2018-04-30', 10021, 6);
INSERT INTO activity(activity_id, date_prevue, distance_prevue, distance_realisee, estrealisee, programme_id, sport_id, CENTREINTERET_ID, timeframe_id) VALUES (10168, '2018-05-01', 10.728161683731273, 0, 0, 10042, 1, 10000, 14);
INSERT INTO activity(activity_id, date_prevue, distance_prevue, distance_realisee, estrealisee, programme_id, sport_id, CENTREINTERET_ID, timeframe_id) VALUES (10169, '2018-05-02', 10.974629479368645, 0, 0, 10042, 1, 10000, 20);
INSERT INTO activity(activity_id, date_prevue, distance_prevue, distance_realisee, estrealisee, programme_id, sport_id, CENTREINTERET_ID, timeframe_id) VALUES (10170, '2018-05-03', 11.406998314506053, 0, 0, 10042, 1, 10000, 31);
INSERT INTO activity(activity_id, date_prevue, distance_prevue, distance_realisee, estrealisee, programme_id, sport_id, CENTREINTERET_ID, timeframe_id) VALUES (10171, '2018-05-04', 11.04965242444492, 0, 0, 10042, 1, 10000, 39);
INSERT INTO programme(programme_id, date_debut, user_id, objectif_distance) VALUES (10043, '2018-04-23', 10021, 10);
INSERT INTO activity(activity_id, date_prevue, date_realisee, distance_prevue, distance_realisee, estrealisee, programme_id, sport_id, CENTREINTERET_ID, timeframe_id) VALUES (10172, '2018-04-17', '2018-04-17', 11.744487113923942, 11.744487113923942, 1, 10043, 1, 10000, 21);
INSERT INTO activity(activity_id, date_prevue, date_realisee, distance_prevue, distance_realisee, estrealisee, programme_id, sport_id, CENTREINTERET_ID, timeframe_id) VALUES (10173, '2018-04-18', '2018-04-18', 8.10536485756384, 8.10536485756384, 1, 10043, 1, 10000, 55);
INSERT INTO activity(activity_id, date_prevue, date_realisee, distance_prevue, distance_realisee, estrealisee, programme_id, sport_id, CENTREINTERET_ID, timeframe_id) VALUES (10174, '2018-04-19', '2018-04-19', 8.313540633841162, 8.313540633841162, 1, 10043, 1, 10000, 47);
INSERT INTO activity(activity_id, date_prevue, date_realisee, distance_prevue, distance_realisee, estrealisee, programme_id, sport_id, CENTREINTERET_ID, timeframe_id) VALUES (10175, '2018-04-20', '2018-04-20', 11.110650560376008, 11.110650560376008, 1, 10043, 1, 10000, 14);

INSERT INTO point (ID, x, y) VALUES (50022, 45.78947541512376, 4.822240757855407);
INSERT INTO users (ID, USERNAME, PASSWORD, FIRSTNAME, LASTNAME, EMAIL, ENABLED, LASTPASSWORDRESETDATE, OBJECTIFHEBDO, Location_id) VALUES (10022, "user22", "$2a$08$UkVvwpULis18S19S5pZFn.YHPZt3oaqHZnDwqbCW9pft6uFtkXKDC", "user22", "user22", "user22@user.com", 1, "2003/01/22", 12, 50022);
INSERT INTO user_authority (USER_ID, AUTHORITY_ID) VALUES (10022, 2);
INSERT INTO programme(programme_id, date_debut, user_id, objectif_distance) VALUES (10044, '2018-04-30', 10022, 10);
INSERT INTO activity(activity_id, date_prevue, distance_prevue, distance_realisee, estrealisee, programme_id, sport_id, CENTREINTERET_ID, timeframe_id) VALUES (10176, '2018-05-01', 11.416793289765742, 0, 0, 10044, 1, 10000, 14);
INSERT INTO activity(activity_id, date_prevue, distance_prevue, distance_realisee, estrealisee, programme_id, sport_id, CENTREINTERET_ID, timeframe_id) VALUES (10177, '2018-05-02', 9.06293357858697, 0, 0, 10044, 1, 10000, 20);
INSERT INTO activity(activity_id, date_prevue, distance_prevue, distance_realisee, estrealisee, programme_id, sport_id, CENTREINTERET_ID, timeframe_id) VALUES (10178, '2018-05-03', 9.854657949652516, 0, 0, 10044, 1, 10000, 31);
INSERT INTO activity(activity_id, date_prevue, distance_prevue, distance_realisee, estrealisee, programme_id, sport_id, CENTREINTERET_ID, timeframe_id) VALUES (10179, '2018-05-04', 7.4167965562652345, 0, 0, 10044, 1, 10000, 39);
INSERT INTO programme(programme_id, date_debut, user_id, objectif_distance) VALUES (10045, '2018-04-23', 10022, 10);
INSERT INTO activity(activity_id, date_prevue, date_realisee, distance_prevue, distance_realisee, estrealisee, programme_id, sport_id, CENTREINTERET_ID, timeframe_id) VALUES (10180, '2018-04-17', '2018-04-17', 8.156853959491707, 8.156853959491707, 1, 10045, 1, 10000, 37);
INSERT INTO activity(activity_id, date_prevue, date_realisee, distance_prevue, distance_realisee, estrealisee, programme_id, sport_id, CENTREINTERET_ID, timeframe_id) VALUES (10181, '2018-04-18', '2018-04-18', 11.52304510974728, 11.52304510974728, 1, 10045, 1, 10000, 22);
INSERT INTO activity(activity_id, date_prevue, date_realisee, distance_prevue, distance_realisee, estrealisee, programme_id, sport_id, CENTREINTERET_ID, timeframe_id) VALUES (10182, '2018-04-19', '2018-04-19', 8.33997727039665, 8.33997727039665, 1, 10045, 1, 10000, 42);
INSERT INTO activity(activity_id, date_prevue, date_realisee, distance_prevue, distance_realisee, estrealisee, programme_id, sport_id, CENTREINTERET_ID, timeframe_id) VALUES (10183, '2018-04-20', '2018-04-20', 9.171473535212282, 9.171473535212282, 1, 10045, 1, 10000, 44);

INSERT INTO point (ID, x, y) VALUES (50023, 45.785564072624496, 4.878356733070485);
INSERT INTO users (ID, USERNAME, PASSWORD, FIRSTNAME, LASTNAME, EMAIL, ENABLED, LASTPASSWORDRESETDATE, OBJECTIFHEBDO, Location_id) VALUES (10023, "user23", "$2a$08$UkVvwpULis18S19S5pZFn.YHPZt3oaqHZnDwqbCW9pft6uFtkXKDC", "user23", "user23", "user23@user.com", 1, "2003/01/22", 15, 50023);
INSERT INTO user_authority (USER_ID, AUTHORITY_ID) VALUES (10023, 2);
INSERT INTO programme(programme_id, date_debut, user_id, objectif_distance) VALUES (10046, '2018-04-30', 10023, 8);
INSERT INTO activity(activity_id, date_prevue, distance_prevue, distance_realisee, estrealisee, programme_id, sport_id, CENTREINTERET_ID, timeframe_id) VALUES (10184, '2018-05-01', 11.864520135723449, 0, 0, 10046, 1, 10000, 14);
INSERT INTO activity(activity_id, date_prevue, distance_prevue, distance_realisee, estrealisee, programme_id, sport_id, CENTREINTERET_ID, timeframe_id) VALUES (10185, '2018-05-02', 11.113616916123194, 0, 0, 10046, 1, 10000, 20);
INSERT INTO activity(activity_id, date_prevue, distance_prevue, distance_realisee, estrealisee, programme_id, sport_id, CENTREINTERET_ID, timeframe_id) VALUES (10186, '2018-05-03', 8.272775912078245, 0, 0, 10046, 1, 10000, 31);
INSERT INTO activity(activity_id, date_prevue, distance_prevue, distance_realisee, estrealisee, programme_id, sport_id, CENTREINTERET_ID, timeframe_id) VALUES (10187, '2018-05-04', 9.211309171878728, 0, 0, 10046, 1, 10000, 39);
INSERT INTO programme(programme_id, date_debut, user_id, objectif_distance) VALUES (10047, '2018-04-23', 10023, 13);
INSERT INTO activity(activity_id, date_prevue, date_realisee, distance_prevue, distance_realisee, estrealisee, programme_id, sport_id, CENTREINTERET_ID, timeframe_id) VALUES (10188, '2018-04-17', '2018-04-17', 11.673162402647833, 11.673162402647833, 1, 10047, 1, 10000, 45);
INSERT INTO activity(activity_id, date_prevue, date_realisee, distance_prevue, distance_realisee, estrealisee, programme_id, sport_id, CENTREINTERET_ID, timeframe_id) VALUES (10189, '2018-04-18', '2018-04-18', 11.879821020543533, 11.879821020543533, 1, 10047, 1, 10000, 10);
INSERT INTO activity(activity_id, date_prevue, date_realisee, distance_prevue, distance_realisee, estrealisee, programme_id, sport_id, CENTREINTERET_ID, timeframe_id) VALUES (10190, '2018-04-19', '2018-04-19', 7.418679090439835, 7.418679090439835, 1, 10047, 1, 10000, 54);
INSERT INTO activity(activity_id, date_prevue, date_realisee, distance_prevue, distance_realisee, estrealisee, programme_id, sport_id, CENTREINTERET_ID, timeframe_id) VALUES (10191, '2018-04-20', '2018-04-20', 9.330680102447253, 9.330680102447253, 1, 10047, 1, 10000, 41);

INSERT INTO point (ID, x, y) VALUES (50024, 45.794873502722204, 4.855824485189785);
INSERT INTO users (ID, USERNAME, PASSWORD, FIRSTNAME, LASTNAME, EMAIL, ENABLED, LASTPASSWORDRESETDATE, OBJECTIFHEBDO, Location_id) VALUES (10024, "user24", "$2a$08$UkVvwpULis18S19S5pZFn.YHPZt3oaqHZnDwqbCW9pft6uFtkXKDC", "user24", "user24", "user24@user.com", 1, "2003/01/22", 18, 50024);
INSERT INTO user_authority (USER_ID, AUTHORITY_ID) VALUES (10024, 2);
INSERT INTO programme(programme_id, date_debut, user_id, objectif_distance) VALUES (10048, '2018-04-30', 10024, 8);
INSERT INTO activity(activity_id, date_prevue, distance_prevue, distance_realisee, estrealisee, programme_id, sport_id, CENTREINTERET_ID, timeframe_id) VALUES (10192, '2018-05-01', 8.426819853608825, 0, 0, 10048, 1, 10000, 14);
INSERT INTO activity(activity_id, date_prevue, distance_prevue, distance_realisee, estrealisee, programme_id, sport_id, CENTREINTERET_ID, timeframe_id) VALUES (10193, '2018-05-02', 10.145517403609585, 0, 0, 10048, 1, 10000, 20);
INSERT INTO activity(activity_id, date_prevue, distance_prevue, distance_realisee, estrealisee, programme_id, sport_id, CENTREINTERET_ID, timeframe_id) VALUES (10194, '2018-05-03', 8.25820777088663, 0, 0, 10048, 1, 10000, 31);
INSERT INTO activity(activity_id, date_prevue, distance_prevue, distance_realisee, estrealisee, programme_id, sport_id, CENTREINTERET_ID, timeframe_id) VALUES (10195, '2018-05-04', 9.189251828934719, 0, 0, 10048, 1, 10000, 39);
INSERT INTO programme(programme_id, date_debut, user_id, objectif_distance) VALUES (10049, '2018-04-23', 10024, 13);
INSERT INTO activity(activity_id, date_prevue, date_realisee, distance_prevue, distance_realisee, estrealisee, programme_id, sport_id, CENTREINTERET_ID, timeframe_id) VALUES (10196, '2018-04-17', '2018-04-17', 10.965584778702068, 10.965584778702068, 1, 10049, 1, 10000, 48);
INSERT INTO activity(activity_id, date_prevue, date_realisee, distance_prevue, distance_realisee, estrealisee, programme_id, sport_id, CENTREINTERET_ID, timeframe_id) VALUES (10197, '2018-04-18', '2018-04-18', 9.073629121671082, 9.073629121671082, 1, 10049, 1, 10000, 20);
INSERT INTO activity(activity_id, date_prevue, date_realisee, distance_prevue, distance_realisee, estrealisee, programme_id, sport_id, CENTREINTERET_ID, timeframe_id) VALUES (10198, '2018-04-19', '2018-04-19', 8.362195843435765, 8.362195843435765, 1, 10049, 1, 10000, 20);
INSERT INTO activity(activity_id, date_prevue, date_realisee, distance_prevue, distance_realisee, estrealisee, programme_id, sport_id, CENTREINTERET_ID, timeframe_id) VALUES (10199, '2018-04-20', '2018-04-20', 11.622747844852206, 11.622747844852206, 1, 10049, 1, 10000, 21);

INSERT INTO point (ID, x, y) VALUES (50025, 45.79112586444594, 4.849493160803961);
INSERT INTO users (ID, USERNAME, PASSWORD, FIRSTNAME, LASTNAME, EMAIL, ENABLED, LASTPASSWORDRESETDATE, OBJECTIFHEBDO, Location_id) VALUES (10025, "user25", "$2a$08$UkVvwpULis18S19S5pZFn.YHPZt3oaqHZnDwqbCW9pft6uFtkXKDC", "user25", "user25", "user25@user.com", 1, "2003/01/22", 18, 50025);
INSERT INTO user_authority (USER_ID, AUTHORITY_ID) VALUES (10025, 2);
INSERT INTO programme(programme_id, date_debut, user_id, objectif_distance) VALUES (10050, '2018-04-30', 10025, 11);
INSERT INTO activity(activity_id, date_prevue, distance_prevue, distance_realisee, estrealisee, programme_id, sport_id, CENTREINTERET_ID, timeframe_id) VALUES (10200, '2018-05-01', 9.403953305405427, 0, 0, 10050, 1, 10000, 14);
INSERT INTO activity(activity_id, date_prevue, distance_prevue, distance_realisee, estrealisee, programme_id, sport_id, CENTREINTERET_ID, timeframe_id) VALUES (10201, '2018-05-02', 9.193823654392407, 0, 0, 10050, 1, 10000, 20);
INSERT INTO activity(activity_id, date_prevue, distance_prevue, distance_realisee, estrealisee, programme_id, sport_id, CENTREINTERET_ID, timeframe_id) VALUES (10202, '2018-05-03', 10.90781905888355, 0, 0, 10050, 1, 10000, 31);
INSERT INTO activity(activity_id, date_prevue, distance_prevue, distance_realisee, estrealisee, programme_id, sport_id, CENTREINTERET_ID, timeframe_id) VALUES (10203, '2018-05-04', 11.136959094717742, 0, 0, 10050, 1, 10000, 39);
INSERT INTO programme(programme_id, date_debut, user_id, objectif_distance) VALUES (10051, '2018-04-23', 10025, 11);
INSERT INTO activity(activity_id, date_prevue, date_realisee, distance_prevue, distance_realisee, estrealisee, programme_id, sport_id, CENTREINTERET_ID, timeframe_id) VALUES (10204, '2018-04-17', '2018-04-17', 11.240638192326873, 11.240638192326873, 1, 10051, 1, 10000, 28);
INSERT INTO activity(activity_id, date_prevue, date_realisee, distance_prevue, distance_realisee, estrealisee, programme_id, sport_id, CENTREINTERET_ID, timeframe_id) VALUES (10205, '2018-04-18', '2018-04-18', 8.52429481730859, 8.52429481730859, 1, 10051, 1, 10000, 11);
INSERT INTO activity(activity_id, date_prevue, date_realisee, distance_prevue, distance_realisee, estrealisee, programme_id, sport_id, CENTREINTERET_ID, timeframe_id) VALUES (10206, '2018-04-19', '2018-04-19', 8.267008864192432, 8.267008864192432, 1, 10051, 1, 10000, 47);
INSERT INTO activity(activity_id, date_prevue, date_realisee, distance_prevue, distance_realisee, estrealisee, programme_id, sport_id, CENTREINTERET_ID, timeframe_id) VALUES (10207, '2018-04-20', '2018-04-20', 9.316937977768099, 9.316937977768099, 1, 10051, 1, 10000, 47);

INSERT INTO point (ID, x, y) VALUES (50026, 45.77020857076126, 4.872389111406615);
INSERT INTO users (ID, USERNAME, PASSWORD, FIRSTNAME, LASTNAME, EMAIL, ENABLED, LASTPASSWORDRESETDATE, OBJECTIFHEBDO, Location_id) VALUES (10026, "user26", "$2a$08$UkVvwpULis18S19S5pZFn.YHPZt3oaqHZnDwqbCW9pft6uFtkXKDC", "user26", "user26", "user26@user.com", 1, "2003/01/22", 10, 50026);
INSERT INTO user_authority (USER_ID, AUTHORITY_ID) VALUES (10026, 2);
INSERT INTO programme(programme_id, date_debut, user_id, objectif_distance) VALUES (10052, '2018-04-30', 10026, 10);
INSERT INTO activity(activity_id, date_prevue, distance_prevue, distance_realisee, estrealisee, programme_id, sport_id, CENTREINTERET_ID, timeframe_id) VALUES (10208, '2018-05-01', 7.909783007159357, 0, 0, 10052, 1, 10000, 14);
INSERT INTO activity(activity_id, date_prevue, distance_prevue, distance_realisee, estrealisee, programme_id, sport_id, CENTREINTERET_ID, timeframe_id) VALUES (10209, '2018-05-02', 10.175809992462082, 0, 0, 10052, 1, 10000, 20);
INSERT INTO activity(activity_id, date_prevue, distance_prevue, distance_realisee, estrealisee, programme_id, sport_id, CENTREINTERET_ID, timeframe_id) VALUES (10210, '2018-05-03', 7.890290594493132, 0, 0, 10052, 1, 10000, 31);
INSERT INTO activity(activity_id, date_prevue, distance_prevue, distance_realisee, estrealisee, programme_id, sport_id, CENTREINTERET_ID, timeframe_id) VALUES (10211, '2018-05-04', 8.158602269910467, 0, 0, 10052, 1, 10000, 39);
INSERT INTO programme(programme_id, date_debut, user_id, objectif_distance) VALUES (10053, '2018-04-23', 10026, 6);
INSERT INTO activity(activity_id, date_prevue, date_realisee, distance_prevue, distance_realisee, estrealisee, programme_id, sport_id, CENTREINTERET_ID, timeframe_id) VALUES (10212, '2018-04-17', '2018-04-17', 9.960076283419468, 9.960076283419468, 1, 10053, 1, 10000, 19);
INSERT INTO activity(activity_id, date_prevue, date_realisee, distance_prevue, distance_realisee, estrealisee, programme_id, sport_id, CENTREINTERET_ID, timeframe_id) VALUES (10213, '2018-04-18', '2018-04-18', 8.072399305747407, 8.072399305747407, 1, 10053, 1, 10000, 28);
INSERT INTO activity(activity_id, date_prevue, date_realisee, distance_prevue, distance_realisee, estrealisee, programme_id, sport_id, CENTREINTERET_ID, timeframe_id) VALUES (10214, '2018-04-19', '2018-04-19', 10.226512460612625, 10.226512460612625, 1, 10053, 1, 10000, 16);
INSERT INTO activity(activity_id, date_prevue, date_realisee, distance_prevue, distance_realisee, estrealisee, programme_id, sport_id, CENTREINTERET_ID, timeframe_id) VALUES (10215, '2018-04-20', '2018-04-20', 10.072101451792875, 10.072101451792875, 1, 10053, 1, 10000, 24);

INSERT INTO point (ID, x, y) VALUES (50027, 45.78366082211201, 4.886844629368249);
INSERT INTO users (ID, USERNAME, PASSWORD, FIRSTNAME, LASTNAME, EMAIL, ENABLED, LASTPASSWORDRESETDATE, OBJECTIFHEBDO, Location_id) VALUES (10027, "user27", "$2a$08$UkVvwpULis18S19S5pZFn.YHPZt3oaqHZnDwqbCW9pft6uFtkXKDC", "user27", "user27", "user27@user.com", 1, "2003/01/22", 10, 50027);
INSERT INTO user_authority (USER_ID, AUTHORITY_ID) VALUES (10027, 2);
INSERT INTO programme(programme_id, date_debut, user_id, objectif_distance) VALUES (10054, '2018-04-30', 10027, 15);
INSERT INTO activity(activity_id, date_prevue, distance_prevue, distance_realisee, estrealisee, programme_id, sport_id, CENTREINTERET_ID, timeframe_id) VALUES (10216, '2018-05-01', 11.093991076518328, 0, 0, 10054, 1, 10000, 14);
INSERT INTO activity(activity_id, date_prevue, distance_prevue, distance_realisee, estrealisee, programme_id, sport_id, CENTREINTERET_ID, timeframe_id) VALUES (10217, '2018-05-02', 8.454248214347912, 0, 0, 10054, 1, 10000, 20);
INSERT INTO activity(activity_id, date_prevue, distance_prevue, distance_realisee, estrealisee, programme_id, sport_id, CENTREINTERET_ID, timeframe_id) VALUES (10218, '2018-05-03', 8.138330165843742, 0, 0, 10054, 1, 10000, 31);
INSERT INTO activity(activity_id, date_prevue, distance_prevue, distance_realisee, estrealisee, programme_id, sport_id, CENTREINTERET_ID, timeframe_id) VALUES (10219, '2018-05-04', 11.528445693117243, 0, 0, 10054, 1, 10000, 39);
INSERT INTO programme(programme_id, date_debut, user_id, objectif_distance) VALUES (10055, '2018-04-23', 10027, 10);
INSERT INTO activity(activity_id, date_prevue, date_realisee, distance_prevue, distance_realisee, estrealisee, programme_id, sport_id, CENTREINTERET_ID, timeframe_id) VALUES (10220, '2018-04-17', '2018-04-17', 10.994208051320243, 10.994208051320243, 1, 10055, 1, 10000, 49);
INSERT INTO activity(activity_id, date_prevue, date_realisee, distance_prevue, distance_realisee, estrealisee, programme_id, sport_id, CENTREINTERET_ID, timeframe_id) VALUES (10221, '2018-04-18', '2018-04-18', 8.498863875060737, 8.498863875060737, 1, 10055, 1, 10000, 39);
INSERT INTO activity(activity_id, date_prevue, date_realisee, distance_prevue, distance_realisee, estrealisee, programme_id, sport_id, CENTREINTERET_ID, timeframe_id) VALUES (10222, '2018-04-19', '2018-04-19', 8.473912978924831, 8.473912978924831, 1, 10055, 1, 10000, 55);
INSERT INTO activity(activity_id, date_prevue, date_realisee, distance_prevue, distance_realisee, estrealisee, programme_id, sport_id, CENTREINTERET_ID, timeframe_id) VALUES (10223, '2018-04-20', '2018-04-20', 7.945457514257666, 7.945457514257666, 1, 10055, 1, 10000, 28);

INSERT INTO point (ID, x, y) VALUES (50028, 45.74437513854641, 4.888607481614974);
INSERT INTO users (ID, USERNAME, PASSWORD, FIRSTNAME, LASTNAME, EMAIL, ENABLED, LASTPASSWORDRESETDATE, OBJECTIFHEBDO, Location_id) VALUES (10028, "user28", "$2a$08$UkVvwpULis18S19S5pZFn.YHPZt3oaqHZnDwqbCW9pft6uFtkXKDC", "user28", "user28", "user28@user.com", 1, "2003/01/22", 13, 50028);
INSERT INTO user_authority (USER_ID, AUTHORITY_ID) VALUES (10028, 2);
INSERT INTO programme(programme_id, date_debut, user_id, objectif_distance) VALUES (10056, '2018-04-30', 10028, 10);
INSERT INTO activity(activity_id, date_prevue, distance_prevue, distance_realisee, estrealisee, programme_id, sport_id, CENTREINTERET_ID, timeframe_id) VALUES (10224, '2018-05-01', 8.701361735517539, 0, 0, 10056, 1, 10000, 14);
INSERT INTO activity(activity_id, date_prevue, distance_prevue, distance_realisee, estrealisee, programme_id, sport_id, CENTREINTERET_ID, timeframe_id) VALUES (10225, '2018-05-02', 10.261329465856093, 0, 0, 10056, 1, 10000, 20);
INSERT INTO activity(activity_id, date_prevue, distance_prevue, distance_realisee, estrealisee, programme_id, sport_id, CENTREINTERET_ID, timeframe_id) VALUES (10226, '2018-05-03', 11.721137581812922, 0, 0, 10056, 1, 10000, 31);
INSERT INTO activity(activity_id, date_prevue, distance_prevue, distance_realisee, estrealisee, programme_id, sport_id, CENTREINTERET_ID, timeframe_id) VALUES (10227, '2018-05-04', 9.649395495476558, 0, 0, 10056, 1, 10000, 39);
INSERT INTO programme(programme_id, date_debut, user_id, objectif_distance) VALUES (10057, '2018-04-23', 10028, 12);
INSERT INTO activity(activity_id, date_prevue, date_realisee, distance_prevue, distance_realisee, estrealisee, programme_id, sport_id, CENTREINTERET_ID, timeframe_id) VALUES (10228, '2018-04-17', '2018-04-17', 8.517670655449123, 8.517670655449123, 1, 10057, 1, 10000, 44);
INSERT INTO activity(activity_id, date_prevue, date_realisee, distance_prevue, distance_realisee, estrealisee, programme_id, sport_id, CENTREINTERET_ID, timeframe_id) VALUES (10229, '2018-04-18', '2018-04-18', 9.089335963062869, 9.089335963062869, 1, 10057, 1, 10000, 9);
INSERT INTO activity(activity_id, date_prevue, date_realisee, distance_prevue, distance_realisee, estrealisee, programme_id, sport_id, CENTREINTERET_ID, timeframe_id) VALUES (10230, '2018-04-19', '2018-04-19', 9.108841914681095, 9.108841914681095, 1, 10057, 1, 10000, 19);
INSERT INTO activity(activity_id, date_prevue, date_realisee, distance_prevue, distance_realisee, estrealisee, programme_id, sport_id, CENTREINTERET_ID, timeframe_id) VALUES (10231, '2018-04-20', '2018-04-20', 11.5272147347439, 11.5272147347439, 1, 10057, 1, 10000, 45);

INSERT INTO point (ID, x, y) VALUES (50029, 45.79516365884748, 4.83628319823042);
INSERT INTO users (ID, USERNAME, PASSWORD, FIRSTNAME, LASTNAME, EMAIL, ENABLED, LASTPASSWORDRESETDATE, OBJECTIFHEBDO, Location_id) VALUES (10029, "user29", "$2a$08$UkVvwpULis18S19S5pZFn.YHPZt3oaqHZnDwqbCW9pft6uFtkXKDC", "user29", "user29", "user29@user.com", 1, "2003/01/22", 7, 50029);
INSERT INTO user_authority (USER_ID, AUTHORITY_ID) VALUES (10029, 2);
INSERT INTO programme(programme_id, date_debut, user_id, objectif_distance) VALUES (10058, '2018-04-30', 10029, 14);
INSERT INTO activity(activity_id, date_prevue, distance_prevue, distance_realisee, estrealisee, programme_id, sport_id, CENTREINTERET_ID, timeframe_id) VALUES (10232, '2018-05-01', 7.789248119904478, 0, 0, 10058, 1, 10000, 14);
INSERT INTO activity(activity_id, date_prevue, distance_prevue, distance_realisee, estrealisee, programme_id, sport_id, CENTREINTERET_ID, timeframe_id) VALUES (10233, '2018-05-02', 10.160579727929974, 0, 0, 10058, 1, 10000, 20);
INSERT INTO activity(activity_id, date_prevue, distance_prevue, distance_realisee, estrealisee, programme_id, sport_id, CENTREINTERET_ID, timeframe_id) VALUES (10234, '2018-05-03', 7.419424793190438, 0, 0, 10058, 1, 10000, 31);
INSERT INTO activity(activity_id, date_prevue, distance_prevue, distance_realisee, estrealisee, programme_id, sport_id, CENTREINTERET_ID, timeframe_id) VALUES (10235, '2018-05-04', 8.666813786003797, 0, 0, 10058, 1, 10000, 39);
INSERT INTO programme(programme_id, date_debut, user_id, objectif_distance) VALUES (10059, '2018-04-23', 10029, 12);
INSERT INTO activity(activity_id, date_prevue, date_realisee, distance_prevue, distance_realisee, estrealisee, programme_id, sport_id, CENTREINTERET_ID, timeframe_id) VALUES (10236, '2018-04-17', '2018-04-17', 7.047113242918782, 7.047113242918782, 1, 10059, 1, 10000, 54);
INSERT INTO activity(activity_id, date_prevue, date_realisee, distance_prevue, distance_realisee, estrealisee, programme_id, sport_id, CENTREINTERET_ID, timeframe_id) VALUES (10237, '2018-04-18', '2018-04-18', 8.287182968388937, 8.287182968388937, 1, 10059, 1, 10000, 28);
INSERT INTO activity(activity_id, date_prevue, date_realisee, distance_prevue, distance_realisee, estrealisee, programme_id, sport_id, CENTREINTERET_ID, timeframe_id) VALUES (10238, '2018-04-19', '2018-04-19', 10.706223679141829, 10.706223679141829, 1, 10059, 1, 10000, 3);
INSERT INTO activity(activity_id, date_prevue, date_realisee, distance_prevue, distance_realisee, estrealisee, programme_id, sport_id, CENTREINTERET_ID, timeframe_id) VALUES (10239, '2018-04-20', '2018-04-20', 10.156426962644527, 10.156426962644527, 1, 10059, 1, 10000, 44);

INSERT INTO point (ID, x, y) VALUES (50030, 45.74493227795041, 4.809719202988727);
INSERT INTO users (ID, USERNAME, PASSWORD, FIRSTNAME, LASTNAME, EMAIL, ENABLED, LASTPASSWORDRESETDATE, OBJECTIFHEBDO, Location_id) VALUES (10030, "user30", "$2a$08$UkVvwpULis18S19S5pZFn.YHPZt3oaqHZnDwqbCW9pft6uFtkXKDC", "user30", "user30", "user30@user.com", 1, "2003/01/22", 13, 50030);
INSERT INTO user_authority (USER_ID, AUTHORITY_ID) VALUES (10030, 2);
INSERT INTO programme(programme_id, date_debut, user_id, objectif_distance) VALUES (10060, '2018-04-30', 10030, 9);
INSERT INTO activity(activity_id, date_prevue, distance_prevue, distance_realisee, estrealisee, programme_id, sport_id, CENTREINTERET_ID, timeframe_id) VALUES (10240, '2018-05-01', 7.8782766213910955, 0, 0, 10060, 1, 10000, 14);
INSERT INTO activity(activity_id, date_prevue, distance_prevue, distance_realisee, estrealisee, programme_id, sport_id, CENTREINTERET_ID, timeframe_id) VALUES (10241, '2018-05-02', 7.267482157683531, 0, 0, 10060, 1, 10000, 20);
INSERT INTO activity(activity_id, date_prevue, distance_prevue, distance_realisee, estrealisee, programme_id, sport_id, CENTREINTERET_ID, timeframe_id) VALUES (10242, '2018-05-03', 8.692706396134442, 0, 0, 10060, 1, 10000, 31);
INSERT INTO activity(activity_id, date_prevue, distance_prevue, distance_realisee, estrealisee, programme_id, sport_id, CENTREINTERET_ID, timeframe_id) VALUES (10243, '2018-05-04', 11.258845536848835, 0, 0, 10060, 1, 10000, 39);
INSERT INTO programme(programme_id, date_debut, user_id, objectif_distance) VALUES (10061, '2018-04-23', 10030, 12);
INSERT INTO activity(activity_id, date_prevue, date_realisee, distance_prevue, distance_realisee, estrealisee, programme_id, sport_id, CENTREINTERET_ID, timeframe_id) VALUES (10244, '2018-04-17', '2018-04-17', 10.498962070979792, 10.498962070979792, 1, 10061, 1, 10000, 0);
INSERT INTO activity(activity_id, date_prevue, date_realisee, distance_prevue, distance_realisee, estrealisee, programme_id, sport_id, CENTREINTERET_ID, timeframe_id) VALUES (10245, '2018-04-18', '2018-04-18', 8.334923529745348, 8.334923529745348, 1, 10061, 1, 10000, 11);
INSERT INTO activity(activity_id, date_prevue, date_realisee, distance_prevue, distance_realisee, estrealisee, programme_id, sport_id, CENTREINTERET_ID, timeframe_id) VALUES (10246, '2018-04-19', '2018-04-19', 11.956999751530716, 11.956999751530716, 1, 10061, 1, 10000, 1);
INSERT INTO activity(activity_id, date_prevue, date_realisee, distance_prevue, distance_realisee, estrealisee, programme_id, sport_id, CENTREINTERET_ID, timeframe_id) VALUES (10247, '2018-04-20', '2018-04-20', 9.043581969397373, 9.043581969397373, 1, 10061, 1, 10000, 24);

INSERT INTO point (ID, x, y) VALUES (50031, 45.783911776855646, 4.88164832789062);
INSERT INTO users (ID, USERNAME, PASSWORD, FIRSTNAME, LASTNAME, EMAIL, ENABLED, LASTPASSWORDRESETDATE, OBJECTIFHEBDO, Location_id) VALUES (10031, "user31", "$2a$08$UkVvwpULis18S19S5pZFn.YHPZt3oaqHZnDwqbCW9pft6uFtkXKDC", "user31", "user31", "user31@user.com", 1, "2003/01/22", 10, 50031);
INSERT INTO user_authority (USER_ID, AUTHORITY_ID) VALUES (10031, 2);
INSERT INTO programme(programme_id, date_debut, user_id, objectif_distance) VALUES (10062, '2018-04-30', 10031, 11);
INSERT INTO activity(activity_id, date_prevue, distance_prevue, distance_realisee, estrealisee, programme_id, sport_id, CENTREINTERET_ID, timeframe_id) VALUES (10248, '2018-05-01', 8.336332272187505, 0, 0, 10062, 1, 10000, 14);
INSERT INTO activity(activity_id, date_prevue, distance_prevue, distance_realisee, estrealisee, programme_id, sport_id, CENTREINTERET_ID, timeframe_id) VALUES (10249, '2018-05-02', 11.68736150116524, 0, 0, 10062, 1, 10000, 20);
INSERT INTO activity(activity_id, date_prevue, distance_prevue, distance_realisee, estrealisee, programme_id, sport_id, CENTREINTERET_ID, timeframe_id) VALUES (10250, '2018-05-03', 11.404028404814202, 0, 0, 10062, 1, 10000, 31);
INSERT INTO activity(activity_id, date_prevue, distance_prevue, distance_realisee, estrealisee, programme_id, sport_id, CENTREINTERET_ID, timeframe_id) VALUES (10251, '2018-05-04', 11.339986581343808, 0, 0, 10062, 1, 10000, 39);
INSERT INTO programme(programme_id, date_debut, user_id, objectif_distance) VALUES (10063, '2018-04-23', 10031, 7);
INSERT INTO activity(activity_id, date_prevue, date_realisee, distance_prevue, distance_realisee, estrealisee, programme_id, sport_id, CENTREINTERET_ID, timeframe_id) VALUES (10252, '2018-04-17', '2018-04-17', 11.447723478555705, 11.447723478555705, 1, 10063, 1, 10000, 52);
INSERT INTO activity(activity_id, date_prevue, date_realisee, distance_prevue, distance_realisee, estrealisee, programme_id, sport_id, CENTREINTERET_ID, timeframe_id) VALUES (10253, '2018-04-18', '2018-04-18', 7.5877948005354074, 7.5877948005354074, 1, 10063, 1, 10000, 51);
INSERT INTO activity(activity_id, date_prevue, date_realisee, distance_prevue, distance_realisee, estrealisee, programme_id, sport_id, CENTREINTERET_ID, timeframe_id) VALUES (10254, '2018-04-19', '2018-04-19', 10.089008839592356, 10.089008839592356, 1, 10063, 1, 10000, 16);
INSERT INTO activity(activity_id, date_prevue, date_realisee, distance_prevue, distance_realisee, estrealisee, programme_id, sport_id, CENTREINTERET_ID, timeframe_id) VALUES (10255, '2018-04-20', '2018-04-20', 8.522952195950186, 8.522952195950186, 1, 10063, 1, 10000, 20);

INSERT INTO point (ID, x, y) VALUES (50032, 45.74385217222239, 4.840870491560477);
INSERT INTO users (ID, USERNAME, PASSWORD, FIRSTNAME, LASTNAME, EMAIL, ENABLED, LASTPASSWORDRESETDATE, OBJECTIFHEBDO, Location_id) VALUES (10032, "user32", "$2a$08$UkVvwpULis18S19S5pZFn.YHPZt3oaqHZnDwqbCW9pft6uFtkXKDC", "user32", "user32", "user32@user.com", 1, "2003/01/22", 12, 50032);
INSERT INTO user_authority (USER_ID, AUTHORITY_ID) VALUES (10032, 2);
INSERT INTO programme(programme_id, date_debut, user_id, objectif_distance) VALUES (10064, '2018-04-30', 10032, 6);
INSERT INTO activity(activity_id, date_prevue, distance_prevue, distance_realisee, estrealisee, programme_id, sport_id, CENTREINTERET_ID, timeframe_id) VALUES (10256, '2018-05-01', 8.719210528576458, 0, 0, 10064, 1, 10000, 14);
INSERT INTO activity(activity_id, date_prevue, distance_prevue, distance_realisee, estrealisee, programme_id, sport_id, CENTREINTERET_ID, timeframe_id) VALUES (10257, '2018-05-02', 9.569525933294656, 0, 0, 10064, 1, 10000, 20);
INSERT INTO activity(activity_id, date_prevue, distance_prevue, distance_realisee, estrealisee, programme_id, sport_id, CENTREINTERET_ID, timeframe_id) VALUES (10258, '2018-05-03', 7.35972004240529, 0, 0, 10064, 1, 10000, 31);
INSERT INTO activity(activity_id, date_prevue, distance_prevue, distance_realisee, estrealisee, programme_id, sport_id, CENTREINTERET_ID, timeframe_id) VALUES (10259, '2018-05-04', 11.421361847198664, 0, 0, 10064, 1, 10000, 39);
INSERT INTO programme(programme_id, date_debut, user_id, objectif_distance) VALUES (10065, '2018-04-23', 10032, 11);
INSERT INTO activity(activity_id, date_prevue, date_realisee, distance_prevue, distance_realisee, estrealisee, programme_id, sport_id, CENTREINTERET_ID, timeframe_id) VALUES (10260, '2018-04-17', '2018-04-17', 7.956109841428417, 7.956109841428417, 1, 10065, 1, 10000, 35);
INSERT INTO activity(activity_id, date_prevue, date_realisee, distance_prevue, distance_realisee, estrealisee, programme_id, sport_id, CENTREINTERET_ID, timeframe_id) VALUES (10261, '2018-04-18', '2018-04-18', 11.138721621259819, 11.138721621259819, 1, 10065, 1, 10000, 24);
INSERT INTO activity(activity_id, date_prevue, date_realisee, distance_prevue, distance_realisee, estrealisee, programme_id, sport_id, CENTREINTERET_ID, timeframe_id) VALUES (10262, '2018-04-19', '2018-04-19', 11.659538754644634, 11.659538754644634, 1, 10065, 1, 10000, 51);
INSERT INTO activity(activity_id, date_prevue, date_realisee, distance_prevue, distance_realisee, estrealisee, programme_id, sport_id, CENTREINTERET_ID, timeframe_id) VALUES (10263, '2018-04-20', '2018-04-20', 7.587119245452476, 7.587119245452476, 1, 10065, 1, 10000, 10);

INSERT INTO point (ID, x, y) VALUES (50033, 45.759764853163546, 4.84543919240012);
INSERT INTO users (ID, USERNAME, PASSWORD, FIRSTNAME, LASTNAME, EMAIL, ENABLED, LASTPASSWORDRESETDATE, OBJECTIFHEBDO, Location_id) VALUES (10033, "user33", "$2a$08$UkVvwpULis18S19S5pZFn.YHPZt3oaqHZnDwqbCW9pft6uFtkXKDC", "user33", "user33", "user33@user.com", 1, "2003/01/22", 13, 50033);
INSERT INTO user_authority (USER_ID, AUTHORITY_ID) VALUES (10033, 2);
INSERT INTO programme(programme_id, date_debut, user_id, objectif_distance) VALUES (10066, '2018-04-30', 10033, 13);
INSERT INTO activity(activity_id, date_prevue, distance_prevue, distance_realisee, estrealisee, programme_id, sport_id, CENTREINTERET_ID, timeframe_id) VALUES (10264, '2018-05-01', 7.394390679442599, 0, 0, 10066, 1, 10000, 14);
INSERT INTO activity(activity_id, date_prevue, distance_prevue, distance_realisee, estrealisee, programme_id, sport_id, CENTREINTERET_ID, timeframe_id) VALUES (10265, '2018-05-02', 8.756303080572591, 0, 0, 10066, 1, 10000, 20);
INSERT INTO activity(activity_id, date_prevue, distance_prevue, distance_realisee, estrealisee, programme_id, sport_id, CENTREINTERET_ID, timeframe_id) VALUES (10266, '2018-05-03', 8.38105976778611, 0, 0, 10066, 1, 10000, 31);
INSERT INTO activity(activity_id, date_prevue, distance_prevue, distance_realisee, estrealisee, programme_id, sport_id, CENTREINTERET_ID, timeframe_id) VALUES (10267, '2018-05-04', 10.073189143832392, 0, 0, 10066, 1, 10000, 39);
INSERT INTO programme(programme_id, date_debut, user_id, objectif_distance) VALUES (10067, '2018-04-23', 10033, 10);
INSERT INTO activity(activity_id, date_prevue, date_realisee, distance_prevue, distance_realisee, estrealisee, programme_id, sport_id, CENTREINTERET_ID, timeframe_id) VALUES (10268, '2018-04-17', '2018-04-17', 9.03352520527055, 9.03352520527055, 1, 10067, 1, 10000, 0);
INSERT INTO activity(activity_id, date_prevue, date_realisee, distance_prevue, distance_realisee, estrealisee, programme_id, sport_id, CENTREINTERET_ID, timeframe_id) VALUES (10269, '2018-04-18', '2018-04-18', 8.281345677768496, 8.281345677768496, 1, 10067, 1, 10000, 33);
INSERT INTO activity(activity_id, date_prevue, date_realisee, distance_prevue, distance_realisee, estrealisee, programme_id, sport_id, CENTREINTERET_ID, timeframe_id) VALUES (10270, '2018-04-19', '2018-04-19', 8.028922709364668, 8.028922709364668, 1, 10067, 1, 10000, 25);
INSERT INTO activity(activity_id, date_prevue, date_realisee, distance_prevue, distance_realisee, estrealisee, programme_id, sport_id, CENTREINTERET_ID, timeframe_id) VALUES (10271, '2018-04-20', '2018-04-20', 8.284717310004286, 8.284717310004286, 1, 10067, 1, 10000, 23);

INSERT INTO point (ID, x, y) VALUES (50034, 45.71545433491277, 4.842967933505553);
INSERT INTO users (ID, USERNAME, PASSWORD, FIRSTNAME, LASTNAME, EMAIL, ENABLED, LASTPASSWORDRESETDATE, OBJECTIFHEBDO, Location_id) VALUES (10034, "user34", "$2a$08$UkVvwpULis18S19S5pZFn.YHPZt3oaqHZnDwqbCW9pft6uFtkXKDC", "user34", "user34", "user34@user.com", 1, "2003/01/22", 13, 50034);
INSERT INTO user_authority (USER_ID, AUTHORITY_ID) VALUES (10034, 2);
INSERT INTO programme(programme_id, date_debut, user_id, objectif_distance) VALUES (10068, '2018-04-30', 10034, 11);
INSERT INTO activity(activity_id, date_prevue, distance_prevue, distance_realisee, estrealisee, programme_id, sport_id, CENTREINTERET_ID, timeframe_id) VALUES (10272, '2018-05-01', 7.527681815591988, 0, 0, 10068, 1, 10000, 14);
INSERT INTO activity(activity_id, date_prevue, distance_prevue, distance_realisee, estrealisee, programme_id, sport_id, CENTREINTERET_ID, timeframe_id) VALUES (10273, '2018-05-02', 11.092199912384405, 0, 0, 10068, 1, 10000, 20);
INSERT INTO activity(activity_id, date_prevue, distance_prevue, distance_realisee, estrealisee, programme_id, sport_id, CENTREINTERET_ID, timeframe_id) VALUES (10274, '2018-05-03', 10.391959917346142, 0, 0, 10068, 1, 10000, 31);
INSERT INTO activity(activity_id, date_prevue, distance_prevue, distance_realisee, estrealisee, programme_id, sport_id, CENTREINTERET_ID, timeframe_id) VALUES (10275, '2018-05-04', 9.27293308503808, 0, 0, 10068, 1, 10000, 39);
INSERT INTO programme(programme_id, date_debut, user_id, objectif_distance) VALUES (10069, '2018-04-23', 10034, 8);
INSERT INTO activity(activity_id, date_prevue, date_realisee, distance_prevue, distance_realisee, estrealisee, programme_id, sport_id, CENTREINTERET_ID, timeframe_id) VALUES (10276, '2018-04-17', '2018-04-17', 11.340820187887973, 11.340820187887973, 1, 10069, 1, 10000, 17);
INSERT INTO activity(activity_id, date_prevue, date_realisee, distance_prevue, distance_realisee, estrealisee, programme_id, sport_id, CENTREINTERET_ID, timeframe_id) VALUES (10277, '2018-04-18', '2018-04-18', 10.401588933157182, 10.401588933157182, 1, 10069, 1, 10000, 1);
INSERT INTO activity(activity_id, date_prevue, date_realisee, distance_prevue, distance_realisee, estrealisee, programme_id, sport_id, CENTREINTERET_ID, timeframe_id) VALUES (10278, '2018-04-19', '2018-04-19', 9.654465995119505, 9.654465995119505, 1, 10069, 1, 10000, 50);
INSERT INTO activity(activity_id, date_prevue, date_realisee, distance_prevue, distance_realisee, estrealisee, programme_id, sport_id, CENTREINTERET_ID, timeframe_id) VALUES (10279, '2018-04-20', '2018-04-20', 9.611146025766104, 9.611146025766104, 1, 10069, 1, 10000, 34);

INSERT INTO point (ID, x, y) VALUES (50035, 45.726322771493784, 4.8507796847582565);
INSERT INTO users (ID, USERNAME, PASSWORD, FIRSTNAME, LASTNAME, EMAIL, ENABLED, LASTPASSWORDRESETDATE, OBJECTIFHEBDO, Location_id) VALUES (10035, "user35", "$2a$08$UkVvwpULis18S19S5pZFn.YHPZt3oaqHZnDwqbCW9pft6uFtkXKDC", "user35", "user35", "user35@user.com", 1, "2003/01/22", 11, 50035);
INSERT INTO user_authority (USER_ID, AUTHORITY_ID) VALUES (10035, 2);
INSERT INTO programme(programme_id, date_debut, user_id, objectif_distance) VALUES (10070, '2018-04-30', 10035, 5);
INSERT INTO activity(activity_id, date_prevue, distance_prevue, distance_realisee, estrealisee, programme_id, sport_id, CENTREINTERET_ID, timeframe_id) VALUES (10280, '2018-05-01', 8.018420651802492, 0, 0, 10070, 1, 10000, 14);
INSERT INTO activity(activity_id, date_prevue, distance_prevue, distance_realisee, estrealisee, programme_id, sport_id, CENTREINTERET_ID, timeframe_id) VALUES (10281, '2018-05-02', 11.16424789171487, 0, 0, 10070, 1, 10000, 20);
INSERT INTO activity(activity_id, date_prevue, distance_prevue, distance_realisee, estrealisee, programme_id, sport_id, CENTREINTERET_ID, timeframe_id) VALUES (10282, '2018-05-03', 9.992464198316611, 0, 0, 10070, 1, 10000, 31);
INSERT INTO activity(activity_id, date_prevue, distance_prevue, distance_realisee, estrealisee, programme_id, sport_id, CENTREINTERET_ID, timeframe_id) VALUES (10283, '2018-05-04', 9.258360565459888, 0, 0, 10070, 1, 10000, 39);
INSERT INTO programme(programme_id, date_debut, user_id, objectif_distance) VALUES (10071, '2018-04-23', 10035, 6);
INSERT INTO activity(activity_id, date_prevue, date_realisee, distance_prevue, distance_realisee, estrealisee, programme_id, sport_id, CENTREINTERET_ID, timeframe_id) VALUES (10284, '2018-04-17', '2018-04-17', 7.559976821924629, 7.559976821924629, 1, 10071, 1, 10000, 51);
INSERT INTO activity(activity_id, date_prevue, date_realisee, distance_prevue, distance_realisee, estrealisee, programme_id, sport_id, CENTREINTERET_ID, timeframe_id) VALUES (10285, '2018-04-18', '2018-04-18', 7.06023284325035, 7.06023284325035, 1, 10071, 1, 10000, 53);
INSERT INTO activity(activity_id, date_prevue, date_realisee, distance_prevue, distance_realisee, estrealisee, programme_id, sport_id, CENTREINTERET_ID, timeframe_id) VALUES (10286, '2018-04-19', '2018-04-19', 10.321990820261417, 10.321990820261417, 1, 10071, 1, 10000, 14);
INSERT INTO activity(activity_id, date_prevue, date_realisee, distance_prevue, distance_realisee, estrealisee, programme_id, sport_id, CENTREINTERET_ID, timeframe_id) VALUES (10287, '2018-04-20', '2018-04-20', 9.274719247273257, 9.274719247273257, 1, 10071, 1, 10000, 24);

INSERT INTO point (ID, x, y) VALUES (50036, 45.711433258301426, 4.860971938839901);
INSERT INTO users (ID, USERNAME, PASSWORD, FIRSTNAME, LASTNAME, EMAIL, ENABLED, LASTPASSWORDRESETDATE, OBJECTIFHEBDO, Location_id) VALUES (10036, "user36", "$2a$08$UkVvwpULis18S19S5pZFn.YHPZt3oaqHZnDwqbCW9pft6uFtkXKDC", "user36", "user36", "user36@user.com", 1, "2003/01/22", 16, 50036);
INSERT INTO user_authority (USER_ID, AUTHORITY_ID) VALUES (10036, 2);
INSERT INTO programme(programme_id, date_debut, user_id, objectif_distance) VALUES (10072, '2018-04-30', 10036, 13);
INSERT INTO activity(activity_id, date_prevue, distance_prevue, distance_realisee, estrealisee, programme_id, sport_id, CENTREINTERET_ID, timeframe_id) VALUES (10288, '2018-05-01', 9.677998891013747, 0, 0, 10072, 1, 10000, 14);
INSERT INTO activity(activity_id, date_prevue, distance_prevue, distance_realisee, estrealisee, programme_id, sport_id, CENTREINTERET_ID, timeframe_id) VALUES (10289, '2018-05-02', 10.311923802268785, 0, 0, 10072, 1, 10000, 20);
INSERT INTO activity(activity_id, date_prevue, distance_prevue, distance_realisee, estrealisee, programme_id, sport_id, CENTREINTERET_ID, timeframe_id) VALUES (10290, '2018-05-03', 7.899669174443616, 0, 0, 10072, 1, 10000, 31);
INSERT INTO activity(activity_id, date_prevue, distance_prevue, distance_realisee, estrealisee, programme_id, sport_id, CENTREINTERET_ID, timeframe_id) VALUES (10291, '2018-05-04', 10.849716469439477, 0, 0, 10072, 1, 10000, 39);
INSERT INTO programme(programme_id, date_debut, user_id, objectif_distance) VALUES (10073, '2018-04-23', 10036, 9);
INSERT INTO activity(activity_id, date_prevue, date_realisee, distance_prevue, distance_realisee, estrealisee, programme_id, sport_id, CENTREINTERET_ID, timeframe_id) VALUES (10292, '2018-04-17', '2018-04-17', 11.331763110274753, 11.331763110274753, 1, 10073, 1, 10000, 17);
INSERT INTO activity(activity_id, date_prevue, date_realisee, distance_prevue, distance_realisee, estrealisee, programme_id, sport_id, CENTREINTERET_ID, timeframe_id) VALUES (10293, '2018-04-18', '2018-04-18', 10.220030193587704, 10.220030193587704, 1, 10073, 1, 10000, 2);
INSERT INTO activity(activity_id, date_prevue, date_realisee, distance_prevue, distance_realisee, estrealisee, programme_id, sport_id, CENTREINTERET_ID, timeframe_id) VALUES (10294, '2018-04-19', '2018-04-19', 8.08328472033162, 8.08328472033162, 1, 10073, 1, 10000, 18);
INSERT INTO activity(activity_id, date_prevue, date_realisee, distance_prevue, distance_realisee, estrealisee, programme_id, sport_id, CENTREINTERET_ID, timeframe_id) VALUES (10295, '2018-04-20', '2018-04-20', 11.52721762189204, 11.52721762189204, 1, 10073, 1, 10000, 27);

INSERT INTO point (ID, x, y) VALUES (50037, 45.778836928402995, 4.876747328536009);
INSERT INTO users (ID, USERNAME, PASSWORD, FIRSTNAME, LASTNAME, EMAIL, ENABLED, LASTPASSWORDRESETDATE, OBJECTIFHEBDO, Location_id) VALUES (10037, "user37", "$2a$08$UkVvwpULis18S19S5pZFn.YHPZt3oaqHZnDwqbCW9pft6uFtkXKDC", "user37", "user37", "user37@user.com", 1, "2003/01/22", 15, 50037);
INSERT INTO user_authority (USER_ID, AUTHORITY_ID) VALUES (10037, 2);
INSERT INTO programme(programme_id, date_debut, user_id, objectif_distance) VALUES (10074, '2018-04-30', 10037, 6);
INSERT INTO activity(activity_id, date_prevue, distance_prevue, distance_realisee, estrealisee, programme_id, sport_id, CENTREINTERET_ID, timeframe_id) VALUES (10296, '2018-05-01', 8.53276150252208, 0, 0, 10074, 1, 10000, 14);
INSERT INTO activity(activity_id, date_prevue, distance_prevue, distance_realisee, estrealisee, programme_id, sport_id, CENTREINTERET_ID, timeframe_id) VALUES (10297, '2018-05-02', 7.902282063805794, 0, 0, 10074, 1, 10000, 20);
INSERT INTO activity(activity_id, date_prevue, distance_prevue, distance_realisee, estrealisee, programme_id, sport_id, CENTREINTERET_ID, timeframe_id) VALUES (10298, '2018-05-03', 11.792326627192534, 0, 0, 10074, 1, 10000, 31);
INSERT INTO activity(activity_id, date_prevue, distance_prevue, distance_realisee, estrealisee, programme_id, sport_id, CENTREINTERET_ID, timeframe_id) VALUES (10299, '2018-05-04', 11.680243337218165, 0, 0, 10074, 1, 10000, 39);
INSERT INTO programme(programme_id, date_debut, user_id, objectif_distance) VALUES (10075, '2018-04-23', 10037, 13);
INSERT INTO activity(activity_id, date_prevue, date_realisee, distance_prevue, distance_realisee, estrealisee, programme_id, sport_id, CENTREINTERET_ID, timeframe_id) VALUES (10300, '2018-04-17', '2018-04-17', 10.647479057926978, 10.647479057926978, 1, 10075, 1, 10000, 1);
INSERT INTO activity(activity_id, date_prevue, date_realisee, distance_prevue, distance_realisee, estrealisee, programme_id, sport_id, CENTREINTERET_ID, timeframe_id) VALUES (10301, '2018-04-18', '2018-04-18', 9.007132095478497, 9.007132095478497, 1, 10075, 1, 10000, 5);
INSERT INTO activity(activity_id, date_prevue, date_realisee, distance_prevue, distance_realisee, estrealisee, programme_id, sport_id, CENTREINTERET_ID, timeframe_id) VALUES (10302, '2018-04-19', '2018-04-19', 7.255962810930256, 7.255962810930256, 1, 10075, 1, 10000, 29);
INSERT INTO activity(activity_id, date_prevue, date_realisee, distance_prevue, distance_realisee, estrealisee, programme_id, sport_id, CENTREINTERET_ID, timeframe_id) VALUES (10303, '2018-04-20', '2018-04-20', 10.231633220216985, 10.231633220216985, 1, 10075, 1, 10000, 54);

INSERT INTO point (ID, x, y) VALUES (50038, 45.77639243653694, 4.880748894322181);
INSERT INTO users (ID, USERNAME, PASSWORD, FIRSTNAME, LASTNAME, EMAIL, ENABLED, LASTPASSWORDRESETDATE, OBJECTIFHEBDO, Location_id) VALUES (10038, "user38", "$2a$08$UkVvwpULis18S19S5pZFn.YHPZt3oaqHZnDwqbCW9pft6uFtkXKDC", "user38", "user38", "user38@user.com", 1, "2003/01/22", 13, 50038);
INSERT INTO user_authority (USER_ID, AUTHORITY_ID) VALUES (10038, 2);
INSERT INTO programme(programme_id, date_debut, user_id, objectif_distance) VALUES (10076, '2018-04-30', 10038, 9);
INSERT INTO activity(activity_id, date_prevue, distance_prevue, distance_realisee, estrealisee, programme_id, sport_id, CENTREINTERET_ID, timeframe_id) VALUES (10304, '2018-05-01', 10.855007332446236, 0, 0, 10076, 1, 10000, 14);
INSERT INTO activity(activity_id, date_prevue, distance_prevue, distance_realisee, estrealisee, programme_id, sport_id, CENTREINTERET_ID, timeframe_id) VALUES (10305, '2018-05-02', 8.538633211928751, 0, 0, 10076, 1, 10000, 20);
INSERT INTO activity(activity_id, date_prevue, distance_prevue, distance_realisee, estrealisee, programme_id, sport_id, CENTREINTERET_ID, timeframe_id) VALUES (10306, '2018-05-03', 10.745143640984715, 0, 0, 10076, 1, 10000, 31);
INSERT INTO activity(activity_id, date_prevue, distance_prevue, distance_realisee, estrealisee, programme_id, sport_id, CENTREINTERET_ID, timeframe_id) VALUES (10307, '2018-05-04', 9.435617431190142, 0, 0, 10076, 1, 10000, 39);
INSERT INTO programme(programme_id, date_debut, user_id, objectif_distance) VALUES (10077, '2018-04-23', 10038, 15);
INSERT INTO activity(activity_id, date_prevue, date_realisee, distance_prevue, distance_realisee, estrealisee, programme_id, sport_id, CENTREINTERET_ID, timeframe_id) VALUES (10308, '2018-04-17', '2018-04-17', 8.684068786008329, 8.684068786008329, 1, 10077, 1, 10000, 12);
INSERT INTO activity(activity_id, date_prevue, date_realisee, distance_prevue, distance_realisee, estrealisee, programme_id, sport_id, CENTREINTERET_ID, timeframe_id) VALUES (10309, '2018-04-18', '2018-04-18', 11.962250367642945, 11.962250367642945, 1, 10077, 1, 10000, 17);
INSERT INTO activity(activity_id, date_prevue, date_realisee, distance_prevue, distance_realisee, estrealisee, programme_id, sport_id, CENTREINTERET_ID, timeframe_id) VALUES (10310, '2018-04-19', '2018-04-19', 11.048757869273249, 11.048757869273249, 1, 10077, 1, 10000, 29);
INSERT INTO activity(activity_id, date_prevue, date_realisee, distance_prevue, distance_realisee, estrealisee, programme_id, sport_id, CENTREINTERET_ID, timeframe_id) VALUES (10311, '2018-04-20', '2018-04-20', 11.700416461865979, 11.700416461865979, 1, 10077, 1, 10000, 45);

INSERT INTO point (ID, x, y) VALUES (50039, 45.733764855184106, 4.8697564508878655);
INSERT INTO users (ID, USERNAME, PASSWORD, FIRSTNAME, LASTNAME, EMAIL, ENABLED, LASTPASSWORDRESETDATE, OBJECTIFHEBDO, Location_id) VALUES (10039, "user39", "$2a$08$UkVvwpULis18S19S5pZFn.YHPZt3oaqHZnDwqbCW9pft6uFtkXKDC", "user39", "user39", "user39@user.com", 1, "2003/01/22", 10, 50039);
INSERT INTO user_authority (USER_ID, AUTHORITY_ID) VALUES (10039, 2);
INSERT INTO programme(programme_id, date_debut, user_id, objectif_distance) VALUES (10078, '2018-04-30', 10039, 5);
INSERT INTO activity(activity_id, date_prevue, distance_prevue, distance_realisee, estrealisee, programme_id, sport_id, CENTREINTERET_ID, timeframe_id) VALUES (10312, '2018-05-01', 7.69745311166805, 0, 0, 10078, 1, 10000, 14);
INSERT INTO activity(activity_id, date_prevue, distance_prevue, distance_realisee, estrealisee, programme_id, sport_id, CENTREINTERET_ID, timeframe_id) VALUES (10313, '2018-05-02', 7.683166532820647, 0, 0, 10078, 1, 10000, 20);
INSERT INTO activity(activity_id, date_prevue, distance_prevue, distance_realisee, estrealisee, programme_id, sport_id, CENTREINTERET_ID, timeframe_id) VALUES (10314, '2018-05-03', 10.84264953360509, 0, 0, 10078, 1, 10000, 31);
INSERT INTO activity(activity_id, date_prevue, distance_prevue, distance_realisee, estrealisee, programme_id, sport_id, CENTREINTERET_ID, timeframe_id) VALUES (10315, '2018-05-04', 9.698748569555292, 0, 0, 10078, 1, 10000, 39);
INSERT INTO programme(programme_id, date_debut, user_id, objectif_distance) VALUES (10079, '2018-04-23', 10039, 7);
INSERT INTO activity(activity_id, date_prevue, date_realisee, distance_prevue, distance_realisee, estrealisee, programme_id, sport_id, CENTREINTERET_ID, timeframe_id) VALUES (10316, '2018-04-17', '2018-04-17', 7.261959616821592, 7.261959616821592, 1, 10079, 1, 10000, 22);
INSERT INTO activity(activity_id, date_prevue, date_realisee, distance_prevue, distance_realisee, estrealisee, programme_id, sport_id, CENTREINTERET_ID, timeframe_id) VALUES (10317, '2018-04-18', '2018-04-18', 7.7654696140424155, 7.7654696140424155, 1, 10079, 1, 10000, 51);
INSERT INTO activity(activity_id, date_prevue, date_realisee, distance_prevue, distance_realisee, estrealisee, programme_id, sport_id, CENTREINTERET_ID, timeframe_id) VALUES (10318, '2018-04-19', '2018-04-19', 10.489602101597042, 10.489602101597042, 1, 10079, 1, 10000, 12);
INSERT INTO activity(activity_id, date_prevue, date_realisee, distance_prevue, distance_realisee, estrealisee, programme_id, sport_id, CENTREINTERET_ID, timeframe_id) VALUES (10319, '2018-04-20', '2018-04-20', 7.859109115392027, 7.859109115392027, 1, 10079, 1, 10000, 30);

INSERT INTO point (ID, x, y) VALUES (50040, 45.72599529378731, 4.880449828286582);
INSERT INTO users (ID, USERNAME, PASSWORD, FIRSTNAME, LASTNAME, EMAIL, ENABLED, LASTPASSWORDRESETDATE, OBJECTIFHEBDO, Location_id) VALUES (10040, "user40", "$2a$08$UkVvwpULis18S19S5pZFn.YHPZt3oaqHZnDwqbCW9pft6uFtkXKDC", "user40", "user40", "user40@user.com", 1, "2003/01/22", 10, 50040);
INSERT INTO user_authority (USER_ID, AUTHORITY_ID) VALUES (10040, 2);
INSERT INTO programme(programme_id, date_debut, user_id, objectif_distance) VALUES (10080, '2018-04-30', 10040, 10);
INSERT INTO activity(activity_id, date_prevue, distance_prevue, distance_realisee, estrealisee, programme_id, sport_id, CENTREINTERET_ID, timeframe_id) VALUES (10320, '2018-05-01', 7.837298922029337, 0, 0, 10080, 1, 10000, 14);
INSERT INTO activity(activity_id, date_prevue, distance_prevue, distance_realisee, estrealisee, programme_id, sport_id, CENTREINTERET_ID, timeframe_id) VALUES (10321, '2018-05-02', 11.500695341458652, 0, 0, 10080, 1, 10000, 20);
INSERT INTO activity(activity_id, date_prevue, distance_prevue, distance_realisee, estrealisee, programme_id, sport_id, CENTREINTERET_ID, timeframe_id) VALUES (10322, '2018-05-03', 9.412522118997227, 0, 0, 10080, 1, 10000, 31);
INSERT INTO activity(activity_id, date_prevue, distance_prevue, distance_realisee, estrealisee, programme_id, sport_id, CENTREINTERET_ID, timeframe_id) VALUES (10323, '2018-05-04', 9.459198665740008, 0, 0, 10080, 1, 10000, 39);
INSERT INTO programme(programme_id, date_debut, user_id, objectif_distance) VALUES (10081, '2018-04-23', 10040, 6);
INSERT INTO activity(activity_id, date_prevue, date_realisee, distance_prevue, distance_realisee, estrealisee, programme_id, sport_id, CENTREINTERET_ID, timeframe_id) VALUES (10324, '2018-04-17', '2018-04-17', 10.227625188006503, 10.227625188006503, 1, 10081, 1, 10000, 35);
INSERT INTO activity(activity_id, date_prevue, date_realisee, distance_prevue, distance_realisee, estrealisee, programme_id, sport_id, CENTREINTERET_ID, timeframe_id) VALUES (10325, '2018-04-18', '2018-04-18', 7.553796364480432, 7.553796364480432, 1, 10081, 1, 10000, 27);
INSERT INTO activity(activity_id, date_prevue, date_realisee, distance_prevue, distance_realisee, estrealisee, programme_id, sport_id, CENTREINTERET_ID, timeframe_id) VALUES (10326, '2018-04-19', '2018-04-19', 7.435481214233881, 7.435481214233881, 1, 10081, 1, 10000, 28);
INSERT INTO activity(activity_id, date_prevue, date_realisee, distance_prevue, distance_realisee, estrealisee, programme_id, sport_id, CENTREINTERET_ID, timeframe_id) VALUES (10327, '2018-04-20', '2018-04-20', 7.970370781104432, 7.970370781104432, 1, 10081, 1, 10000, 30);

INSERT INTO point (ID, x, y) VALUES (50041, 45.79297830601661, 4.831267793494722);
INSERT INTO users (ID, USERNAME, PASSWORD, FIRSTNAME, LASTNAME, EMAIL, ENABLED, LASTPASSWORDRESETDATE, OBJECTIFHEBDO, Location_id) VALUES (10041, "user41", "$2a$08$UkVvwpULis18S19S5pZFn.YHPZt3oaqHZnDwqbCW9pft6uFtkXKDC", "user41", "user41", "user41@user.com", 1, "2003/01/22", 15, 50041);
INSERT INTO user_authority (USER_ID, AUTHORITY_ID) VALUES (10041, 2);
INSERT INTO programme(programme_id, date_debut, user_id, objectif_distance) VALUES (10082, '2018-04-30', 10041, 11);
INSERT INTO activity(activity_id, date_prevue, distance_prevue, distance_realisee, estrealisee, programme_id, sport_id, CENTREINTERET_ID, timeframe_id) VALUES (10328, '2018-05-01', 11.119553170890011, 0, 0, 10082, 1, 10000, 14);
INSERT INTO activity(activity_id, date_prevue, distance_prevue, distance_realisee, estrealisee, programme_id, sport_id, CENTREINTERET_ID, timeframe_id) VALUES (10329, '2018-05-02', 7.504302571767576, 0, 0, 10082, 1, 10000, 20);
INSERT INTO activity(activity_id, date_prevue, distance_prevue, distance_realisee, estrealisee, programme_id, sport_id, CENTREINTERET_ID, timeframe_id) VALUES (10330, '2018-05-03', 8.159089612039566, 0, 0, 10082, 1, 10000, 31);
INSERT INTO activity(activity_id, date_prevue, distance_prevue, distance_realisee, estrealisee, programme_id, sport_id, CENTREINTERET_ID, timeframe_id) VALUES (10331, '2018-05-04', 11.831121984251705, 0, 0, 10082, 1, 10000, 39);
INSERT INTO programme(programme_id, date_debut, user_id, objectif_distance) VALUES (10083, '2018-04-23', 10041, 9);
INSERT INTO activity(activity_id, date_prevue, date_realisee, distance_prevue, distance_realisee, estrealisee, programme_id, sport_id, CENTREINTERET_ID, timeframe_id) VALUES (10332, '2018-04-17', '2018-04-17', 7.116365079956752, 7.116365079956752, 1, 10083, 1, 10000, 44);
INSERT INTO activity(activity_id, date_prevue, date_realisee, distance_prevue, distance_realisee, estrealisee, programme_id, sport_id, CENTREINTERET_ID, timeframe_id) VALUES (10333, '2018-04-18', '2018-04-18', 10.577326498934063, 10.577326498934063, 1, 10083, 1, 10000, 14);
INSERT INTO activity(activity_id, date_prevue, date_realisee, distance_prevue, distance_realisee, estrealisee, programme_id, sport_id, CENTREINTERET_ID, timeframe_id) VALUES (10334, '2018-04-19', '2018-04-19', 8.25015603317432, 8.25015603317432, 1, 10083, 1, 10000, 43);
INSERT INTO activity(activity_id, date_prevue, date_realisee, distance_prevue, distance_realisee, estrealisee, programme_id, sport_id, CENTREINTERET_ID, timeframe_id) VALUES (10335, '2018-04-20', '2018-04-20', 10.749888088737869, 10.749888088737869, 1, 10083, 1, 10000, 56);

INSERT INTO point (ID, x, y) VALUES (50042, 45.77382845049416, 4.8443716071281475);
INSERT INTO users (ID, USERNAME, PASSWORD, FIRSTNAME, LASTNAME, EMAIL, ENABLED, LASTPASSWORDRESETDATE, OBJECTIFHEBDO, Location_id) VALUES (10042, "user42", "$2a$08$UkVvwpULis18S19S5pZFn.YHPZt3oaqHZnDwqbCW9pft6uFtkXKDC", "user42", "user42", "user42@user.com", 1, "2003/01/22", 16, 50042);
INSERT INTO user_authority (USER_ID, AUTHORITY_ID) VALUES (10042, 2);
INSERT INTO programme(programme_id, date_debut, user_id, objectif_distance) VALUES (10084, '2018-04-30', 10042, 14);
INSERT INTO activity(activity_id, date_prevue, distance_prevue, distance_realisee, estrealisee, programme_id, sport_id, CENTREINTERET_ID, timeframe_id) VALUES (10336, '2018-05-01', 9.05290500504724, 0, 0, 10084, 1, 10000, 14);
INSERT INTO activity(activity_id, date_prevue, distance_prevue, distance_realisee, estrealisee, programme_id, sport_id, CENTREINTERET_ID, timeframe_id) VALUES (10337, '2018-05-02', 7.13337285105383, 0, 0, 10084, 1, 10000, 20);
INSERT INTO activity(activity_id, date_prevue, distance_prevue, distance_realisee, estrealisee, programme_id, sport_id, CENTREINTERET_ID, timeframe_id) VALUES (10338, '2018-05-03', 10.520205654469219, 0, 0, 10084, 1, 10000, 31);
INSERT INTO activity(activity_id, date_prevue, distance_prevue, distance_realisee, estrealisee, programme_id, sport_id, CENTREINTERET_ID, timeframe_id) VALUES (10339, '2018-05-04', 11.788450761638433, 0, 0, 10084, 1, 10000, 39);
INSERT INTO programme(programme_id, date_debut, user_id, objectif_distance) VALUES (10085, '2018-04-23', 10042, 14);
INSERT INTO activity(activity_id, date_prevue, date_realisee, distance_prevue, distance_realisee, estrealisee, programme_id, sport_id, CENTREINTERET_ID, timeframe_id) VALUES (10340, '2018-04-17', '2018-04-17', 10.47437642370474, 10.47437642370474, 1, 10085, 1, 10000, 12);
INSERT INTO activity(activity_id, date_prevue, date_realisee, distance_prevue, distance_realisee, estrealisee, programme_id, sport_id, CENTREINTERET_ID, timeframe_id) VALUES (10341, '2018-04-18', '2018-04-18', 10.355324803451943, 10.355324803451943, 1, 10085, 1, 10000, 25);
INSERT INTO activity(activity_id, date_prevue, date_realisee, distance_prevue, distance_realisee, estrealisee, programme_id, sport_id, CENTREINTERET_ID, timeframe_id) VALUES (10342, '2018-04-19', '2018-04-19', 11.62799260618431, 11.62799260618431, 1, 10085, 1, 10000, 19);
INSERT INTO activity(activity_id, date_prevue, date_realisee, distance_prevue, distance_realisee, estrealisee, programme_id, sport_id, CENTREINTERET_ID, timeframe_id) VALUES (10343, '2018-04-20', '2018-04-20', 10.768544928473423, 10.768544928473423, 1, 10085, 1, 10000, 51);

INSERT INTO point (ID, x, y) VALUES (50043, 45.73523747241144, 4.839408420341165);
INSERT INTO users (ID, USERNAME, PASSWORD, FIRSTNAME, LASTNAME, EMAIL, ENABLED, LASTPASSWORDRESETDATE, OBJECTIFHEBDO, Location_id) VALUES (10043, "user43", "$2a$08$UkVvwpULis18S19S5pZFn.YHPZt3oaqHZnDwqbCW9pft6uFtkXKDC", "user43", "user43", "user43@user.com", 1, "2003/01/22", 13, 50043);
INSERT INTO user_authority (USER_ID, AUTHORITY_ID) VALUES (10043, 2);
INSERT INTO programme(programme_id, date_debut, user_id, objectif_distance) VALUES (10086, '2018-04-30', 10043, 6);
INSERT INTO activity(activity_id, date_prevue, distance_prevue, distance_realisee, estrealisee, programme_id, sport_id, CENTREINTERET_ID, timeframe_id) VALUES (10344, '2018-05-01', 10.732818993173744, 0, 0, 10086, 1, 10000, 14);
INSERT INTO activity(activity_id, date_prevue, distance_prevue, distance_realisee, estrealisee, programme_id, sport_id, CENTREINTERET_ID, timeframe_id) VALUES (10345, '2018-05-02', 11.559448718845765, 0, 0, 10086, 1, 10000, 20);
INSERT INTO activity(activity_id, date_prevue, distance_prevue, distance_realisee, estrealisee, programme_id, sport_id, CENTREINTERET_ID, timeframe_id) VALUES (10346, '2018-05-03', 9.927562567089154, 0, 0, 10086, 1, 10000, 31);
INSERT INTO activity(activity_id, date_prevue, distance_prevue, distance_realisee, estrealisee, programme_id, sport_id, CENTREINTERET_ID, timeframe_id) VALUES (10347, '2018-05-04', 11.139347687340631, 0, 0, 10086, 1, 10000, 39);
INSERT INTO programme(programme_id, date_debut, user_id, objectif_distance) VALUES (10087, '2018-04-23', 10043, 14);
INSERT INTO activity(activity_id, date_prevue, date_realisee, distance_prevue, distance_realisee, estrealisee, programme_id, sport_id, CENTREINTERET_ID, timeframe_id) VALUES (10348, '2018-04-17', '2018-04-17', 11.768284685348878, 11.768284685348878, 1, 10087, 1, 10000, 22);
INSERT INTO activity(activity_id, date_prevue, date_realisee, distance_prevue, distance_realisee, estrealisee, programme_id, sport_id, CENTREINTERET_ID, timeframe_id) VALUES (10349, '2018-04-18', '2018-04-18', 7.782538391487014, 7.782538391487014, 1, 10087, 1, 10000, 17);
INSERT INTO activity(activity_id, date_prevue, date_realisee, distance_prevue, distance_realisee, estrealisee, programme_id, sport_id, CENTREINTERET_ID, timeframe_id) VALUES (10350, '2018-04-19', '2018-04-19', 7.60496629738345, 7.60496629738345, 1, 10087, 1, 10000, 41);
INSERT INTO activity(activity_id, date_prevue, date_realisee, distance_prevue, distance_realisee, estrealisee, programme_id, sport_id, CENTREINTERET_ID, timeframe_id) VALUES (10351, '2018-04-20', '2018-04-20', 9.286149355774404, 9.286149355774404, 1, 10087, 1, 10000, 53);

INSERT INTO point (ID, x, y) VALUES (50044, 45.73503594293416, 4.8853460135309605);
INSERT INTO users (ID, USERNAME, PASSWORD, FIRSTNAME, LASTNAME, EMAIL, ENABLED, LASTPASSWORDRESETDATE, OBJECTIFHEBDO, Location_id) VALUES (10044, "user44", "$2a$08$UkVvwpULis18S19S5pZFn.YHPZt3oaqHZnDwqbCW9pft6uFtkXKDC", "user44", "user44", "user44@user.com", 1, "2003/01/22", 18, 50044);
INSERT INTO user_authority (USER_ID, AUTHORITY_ID) VALUES (10044, 2);
INSERT INTO programme(programme_id, date_debut, user_id, objectif_distance) VALUES (10088, '2018-04-30', 10044, 7);
INSERT INTO activity(activity_id, date_prevue, distance_prevue, distance_realisee, estrealisee, programme_id, sport_id, CENTREINTERET_ID, timeframe_id) VALUES (10352, '2018-05-01', 8.989944053395847, 0, 0, 10088, 1, 10000, 14);
INSERT INTO activity(activity_id, date_prevue, distance_prevue, distance_realisee, estrealisee, programme_id, sport_id, CENTREINTERET_ID, timeframe_id) VALUES (10353, '2018-05-02', 8.644510023866367, 0, 0, 10088, 1, 10000, 20);
INSERT INTO activity(activity_id, date_prevue, distance_prevue, distance_realisee, estrealisee, programme_id, sport_id, CENTREINTERET_ID, timeframe_id) VALUES (10354, '2018-05-03', 8.036087525312869, 0, 0, 10088, 1, 10000, 31);
INSERT INTO activity(activity_id, date_prevue, distance_prevue, distance_realisee, estrealisee, programme_id, sport_id, CENTREINTERET_ID, timeframe_id) VALUES (10355, '2018-05-04', 11.698607102210133, 0, 0, 10088, 1, 10000, 39);
INSERT INTO programme(programme_id, date_debut, user_id, objectif_distance) VALUES (10089, '2018-04-23', 10044, 10);
INSERT INTO activity(activity_id, date_prevue, date_realisee, distance_prevue, distance_realisee, estrealisee, programme_id, sport_id, CENTREINTERET_ID, timeframe_id) VALUES (10356, '2018-04-17', '2018-04-17', 9.506340124164163, 9.506340124164163, 1, 10089, 1, 10000, 49);
INSERT INTO activity(activity_id, date_prevue, date_realisee, distance_prevue, distance_realisee, estrealisee, programme_id, sport_id, CENTREINTERET_ID, timeframe_id) VALUES (10357, '2018-04-18', '2018-04-18', 7.489049719877714, 7.489049719877714, 1, 10089, 1, 10000, 53);
INSERT INTO activity(activity_id, date_prevue, date_realisee, distance_prevue, distance_realisee, estrealisee, programme_id, sport_id, CENTREINTERET_ID, timeframe_id) VALUES (10358, '2018-04-19', '2018-04-19', 10.664005465905001, 10.664005465905001, 1, 10089, 1, 10000, 25);
INSERT INTO activity(activity_id, date_prevue, date_realisee, distance_prevue, distance_realisee, estrealisee, programme_id, sport_id, CENTREINTERET_ID, timeframe_id) VALUES (10359, '2018-04-20', '2018-04-20', 8.705473441078379, 8.705473441078379, 1, 10089, 1, 10000, 13);

INSERT INTO point (ID, x, y) VALUES (50045, 45.75769631692186, 4.8830227970929805);
INSERT INTO users (ID, USERNAME, PASSWORD, FIRSTNAME, LASTNAME, EMAIL, ENABLED, LASTPASSWORDRESETDATE, OBJECTIFHEBDO, Location_id) VALUES (10045, "user45", "$2a$08$UkVvwpULis18S19S5pZFn.YHPZt3oaqHZnDwqbCW9pft6uFtkXKDC", "user45", "user45", "user45@user.com", 1, "2003/01/22", 6, 50045);
INSERT INTO user_authority (USER_ID, AUTHORITY_ID) VALUES (10045, 2);
INSERT INTO programme(programme_id, date_debut, user_id, objectif_distance) VALUES (10090, '2018-04-30', 10045, 7);
INSERT INTO activity(activity_id, date_prevue, distance_prevue, distance_realisee, estrealisee, programme_id, sport_id, CENTREINTERET_ID, timeframe_id) VALUES (10360, '2018-05-01', 9.96027079399984, 0, 0, 10090, 1, 10000, 14);
INSERT INTO activity(activity_id, date_prevue, distance_prevue, distance_realisee, estrealisee, programme_id, sport_id, CENTREINTERET_ID, timeframe_id) VALUES (10361, '2018-05-02', 10.651263252544716, 0, 0, 10090, 1, 10000, 20);
INSERT INTO activity(activity_id, date_prevue, distance_prevue, distance_realisee, estrealisee, programme_id, sport_id, CENTREINTERET_ID, timeframe_id) VALUES (10362, '2018-05-03', 10.783155276881995, 0, 0, 10090, 1, 10000, 31);
INSERT INTO activity(activity_id, date_prevue, distance_prevue, distance_realisee, estrealisee, programme_id, sport_id, CENTREINTERET_ID, timeframe_id) VALUES (10363, '2018-05-04', 10.639624026314115, 0, 0, 10090, 1, 10000, 39);
INSERT INTO programme(programme_id, date_debut, user_id, objectif_distance) VALUES (10091, '2018-04-23', 10045, 14);
INSERT INTO activity(activity_id, date_prevue, date_realisee, distance_prevue, distance_realisee, estrealisee, programme_id, sport_id, CENTREINTERET_ID, timeframe_id) VALUES (10364, '2018-04-17', '2018-04-17', 11.958406283205985, 11.958406283205985, 1, 10091, 1, 10000, 41);
INSERT INTO activity(activity_id, date_prevue, date_realisee, distance_prevue, distance_realisee, estrealisee, programme_id, sport_id, CENTREINTERET_ID, timeframe_id) VALUES (10365, '2018-04-18', '2018-04-18', 7.905564155972378, 7.905564155972378, 1, 10091, 1, 10000, 7);
INSERT INTO activity(activity_id, date_prevue, date_realisee, distance_prevue, distance_realisee, estrealisee, programme_id, sport_id, CENTREINTERET_ID, timeframe_id) VALUES (10366, '2018-04-19', '2018-04-19', 7.681085469541052, 7.681085469541052, 1, 10091, 1, 10000, 51);
INSERT INTO activity(activity_id, date_prevue, date_realisee, distance_prevue, distance_realisee, estrealisee, programme_id, sport_id, CENTREINTERET_ID, timeframe_id) VALUES (10367, '2018-04-20', '2018-04-20', 7.402053702198851, 7.402053702198851, 1, 10091, 1, 10000, 37);

INSERT INTO point (ID, x, y) VALUES (50046, 45.770479772596566, 4.830358669533892);
INSERT INTO users (ID, USERNAME, PASSWORD, FIRSTNAME, LASTNAME, EMAIL, ENABLED, LASTPASSWORDRESETDATE, OBJECTIFHEBDO, Location_id) VALUES (10046, "user46", "$2a$08$UkVvwpULis18S19S5pZFn.YHPZt3oaqHZnDwqbCW9pft6uFtkXKDC", "user46", "user46", "user46@user.com", 1, "2003/01/22", 17, 50046);
INSERT INTO user_authority (USER_ID, AUTHORITY_ID) VALUES (10046, 2);
INSERT INTO programme(programme_id, date_debut, user_id, objectif_distance) VALUES (10092, '2018-04-30', 10046, 13);
INSERT INTO activity(activity_id, date_prevue, distance_prevue, distance_realisee, estrealisee, programme_id, sport_id, CENTREINTERET_ID, timeframe_id) VALUES (10368, '2018-05-01', 9.85148026138827, 0, 0, 10092, 1, 10000, 14);
INSERT INTO activity(activity_id, date_prevue, distance_prevue, distance_realisee, estrealisee, programme_id, sport_id, CENTREINTERET_ID, timeframe_id) VALUES (10369, '2018-05-02', 7.57584794720734, 0, 0, 10092, 1, 10000, 20);
INSERT INTO activity(activity_id, date_prevue, distance_prevue, distance_realisee, estrealisee, programme_id, sport_id, CENTREINTERET_ID, timeframe_id) VALUES (10370, '2018-05-03', 10.7501156533016, 0, 0, 10092, 1, 10000, 31);
INSERT INTO activity(activity_id, date_prevue, distance_prevue, distance_realisee, estrealisee, programme_id, sport_id, CENTREINTERET_ID, timeframe_id) VALUES (10371, '2018-05-04', 11.065216370756666, 0, 0, 10092, 1, 10000, 39);
INSERT INTO programme(programme_id, date_debut, user_id, objectif_distance) VALUES (10093, '2018-04-23', 10046, 14);
INSERT INTO activity(activity_id, date_prevue, date_realisee, distance_prevue, distance_realisee, estrealisee, programme_id, sport_id, CENTREINTERET_ID, timeframe_id) VALUES (10372, '2018-04-17', '2018-04-17', 7.956689162482283, 7.956689162482283, 1, 10093, 1, 10000, 24);
INSERT INTO activity(activity_id, date_prevue, date_realisee, distance_prevue, distance_realisee, estrealisee, programme_id, sport_id, CENTREINTERET_ID, timeframe_id) VALUES (10373, '2018-04-18', '2018-04-18', 10.078765487468491, 10.078765487468491, 1, 10093, 1, 10000, 20);
INSERT INTO activity(activity_id, date_prevue, date_realisee, distance_prevue, distance_realisee, estrealisee, programme_id, sport_id, CENTREINTERET_ID, timeframe_id) VALUES (10374, '2018-04-19', '2018-04-19', 10.618826291908888, 10.618826291908888, 1, 10093, 1, 10000, 17);
INSERT INTO activity(activity_id, date_prevue, date_realisee, distance_prevue, distance_realisee, estrealisee, programme_id, sport_id, CENTREINTERET_ID, timeframe_id) VALUES (10375, '2018-04-20', '2018-04-20', 8.996692902976568, 8.996692902976568, 1, 10093, 1, 10000, 16);

INSERT INTO point (ID, x, y) VALUES (50047, 45.73182093449153, 4.850151715632644);
INSERT INTO users (ID, USERNAME, PASSWORD, FIRSTNAME, LASTNAME, EMAIL, ENABLED, LASTPASSWORDRESETDATE, OBJECTIFHEBDO, Location_id) VALUES (10047, "user47", "$2a$08$UkVvwpULis18S19S5pZFn.YHPZt3oaqHZnDwqbCW9pft6uFtkXKDC", "user47", "user47", "user47@user.com", 1, "2003/01/22", 19, 50047);
INSERT INTO user_authority (USER_ID, AUTHORITY_ID) VALUES (10047, 2);
INSERT INTO programme(programme_id, date_debut, user_id, objectif_distance) VALUES (10094, '2018-04-30', 10047, 6);
INSERT INTO activity(activity_id, date_prevue, distance_prevue, distance_realisee, estrealisee, programme_id, sport_id, CENTREINTERET_ID, timeframe_id) VALUES (10376, '2018-05-01', 8.748189954973018, 0, 0, 10094, 1, 10000, 14);
INSERT INTO activity(activity_id, date_prevue, distance_prevue, distance_realisee, estrealisee, programme_id, sport_id, CENTREINTERET_ID, timeframe_id) VALUES (10377, '2018-05-02', 8.312701553923876, 0, 0, 10094, 1, 10000, 20);
INSERT INTO activity(activity_id, date_prevue, distance_prevue, distance_realisee, estrealisee, programme_id, sport_id, CENTREINTERET_ID, timeframe_id) VALUES (10378, '2018-05-03', 11.582560641501386, 0, 0, 10094, 1, 10000, 31);
INSERT INTO activity(activity_id, date_prevue, distance_prevue, distance_realisee, estrealisee, programme_id, sport_id, CENTREINTERET_ID, timeframe_id) VALUES (10379, '2018-05-04', 9.84601756256005, 0, 0, 10094, 1, 10000, 39);
INSERT INTO programme(programme_id, date_debut, user_id, objectif_distance) VALUES (10095, '2018-04-23', 10047, 14);
INSERT INTO activity(activity_id, date_prevue, date_realisee, distance_prevue, distance_realisee, estrealisee, programme_id, sport_id, CENTREINTERET_ID, timeframe_id) VALUES (10380, '2018-04-17', '2018-04-17', 10.402259273850554, 10.402259273850554, 1, 10095, 1, 10000, 47);
INSERT INTO activity(activity_id, date_prevue, date_realisee, distance_prevue, distance_realisee, estrealisee, programme_id, sport_id, CENTREINTERET_ID, timeframe_id) VALUES (10381, '2018-04-18', '2018-04-18', 10.512578352694844, 10.512578352694844, 1, 10095, 1, 10000, 35);
INSERT INTO activity(activity_id, date_prevue, date_realisee, distance_prevue, distance_realisee, estrealisee, programme_id, sport_id, CENTREINTERET_ID, timeframe_id) VALUES (10382, '2018-04-19', '2018-04-19', 9.74208940292749, 9.74208940292749, 1, 10095, 1, 10000, 26);
INSERT INTO activity(activity_id, date_prevue, date_realisee, distance_prevue, distance_realisee, estrealisee, programme_id, sport_id, CENTREINTERET_ID, timeframe_id) VALUES (10383, '2018-04-20', '2018-04-20', 9.235241693034812, 9.235241693034812, 1, 10095, 1, 10000, 39);

INSERT INTO point (ID, x, y) VALUES (50048, 45.78254589449349, 4.842491060152694);
INSERT INTO users (ID, USERNAME, PASSWORD, FIRSTNAME, LASTNAME, EMAIL, ENABLED, LASTPASSWORDRESETDATE, OBJECTIFHEBDO, Location_id) VALUES (10048, "user48", "$2a$08$UkVvwpULis18S19S5pZFn.YHPZt3oaqHZnDwqbCW9pft6uFtkXKDC", "user48", "user48", "user48@user.com", 1, "2003/01/22", 8, 50048);
INSERT INTO user_authority (USER_ID, AUTHORITY_ID) VALUES (10048, 2);
INSERT INTO programme(programme_id, date_debut, user_id, objectif_distance) VALUES (10096, '2018-04-30', 10048, 7);
INSERT INTO activity(activity_id, date_prevue, distance_prevue, distance_realisee, estrealisee, programme_id, sport_id, CENTREINTERET_ID, timeframe_id) VALUES (10384, '2018-05-01', 11.395675054562535, 0, 0, 10096, 1, 10000, 14);
INSERT INTO activity(activity_id, date_prevue, distance_prevue, distance_realisee, estrealisee, programme_id, sport_id, CENTREINTERET_ID, timeframe_id) VALUES (10385, '2018-05-02', 7.714914138685621, 0, 0, 10096, 1, 10000, 20);
INSERT INTO activity(activity_id, date_prevue, distance_prevue, distance_realisee, estrealisee, programme_id, sport_id, CENTREINTERET_ID, timeframe_id) VALUES (10386, '2018-05-03', 7.820219858564279, 0, 0, 10096, 1, 10000, 31);
INSERT INTO activity(activity_id, date_prevue, distance_prevue, distance_realisee, estrealisee, programme_id, sport_id, CENTREINTERET_ID, timeframe_id) VALUES (10387, '2018-05-04', 11.352245576004014, 0, 0, 10096, 1, 10000, 39);
INSERT INTO programme(programme_id, date_debut, user_id, objectif_distance) VALUES (10097, '2018-04-23', 10048, 15);
INSERT INTO activity(activity_id, date_prevue, date_realisee, distance_prevue, distance_realisee, estrealisee, programme_id, sport_id, CENTREINTERET_ID, timeframe_id) VALUES (10388, '2018-04-17', '2018-04-17', 10.60446271565909, 10.60446271565909, 1, 10097, 1, 10000, 11);
INSERT INTO activity(activity_id, date_prevue, date_realisee, distance_prevue, distance_realisee, estrealisee, programme_id, sport_id, CENTREINTERET_ID, timeframe_id) VALUES (10389, '2018-04-18', '2018-04-18', 9.871687017258076, 9.871687017258076, 1, 10097, 1, 10000, 16);
INSERT INTO activity(activity_id, date_prevue, date_realisee, distance_prevue, distance_realisee, estrealisee, programme_id, sport_id, CENTREINTERET_ID, timeframe_id) VALUES (10390, '2018-04-19', '2018-04-19', 11.950363993766246, 11.950363993766246, 1, 10097, 1, 10000, 42);
INSERT INTO activity(activity_id, date_prevue, date_realisee, distance_prevue, distance_realisee, estrealisee, programme_id, sport_id, CENTREINTERET_ID, timeframe_id) VALUES (10391, '2018-04-20', '2018-04-20', 8.1326289388747, 8.1326289388747, 1, 10097, 1, 10000, 8);

INSERT INTO point (ID, x, y) VALUES (50049, 45.776857362391404, 4.813542460304178);
INSERT INTO users (ID, USERNAME, PASSWORD, FIRSTNAME, LASTNAME, EMAIL, ENABLED, LASTPASSWORDRESETDATE, OBJECTIFHEBDO, Location_id) VALUES (10049, "user49", "$2a$08$UkVvwpULis18S19S5pZFn.YHPZt3oaqHZnDwqbCW9pft6uFtkXKDC", "user49", "user49", "user49@user.com", 1, "2003/01/22", 16, 50049);
INSERT INTO user_authority (USER_ID, AUTHORITY_ID) VALUES (10049, 2);
INSERT INTO programme(programme_id, date_debut, user_id, objectif_distance) VALUES (10098, '2018-04-30', 10049, 13);
INSERT INTO activity(activity_id, date_prevue, distance_prevue, distance_realisee, estrealisee, programme_id, sport_id, CENTREINTERET_ID, timeframe_id) VALUES (10392, '2018-05-01', 7.642045987695433, 0, 0, 10098, 1, 10000, 14);
INSERT INTO activity(activity_id, date_prevue, distance_prevue, distance_realisee, estrealisee, programme_id, sport_id, CENTREINTERET_ID, timeframe_id) VALUES (10393, '2018-05-02', 8.810491979875682, 0, 0, 10098, 1, 10000, 20);
INSERT INTO activity(activity_id, date_prevue, distance_prevue, distance_realisee, estrealisee, programme_id, sport_id, CENTREINTERET_ID, timeframe_id) VALUES (10394, '2018-05-03', 9.272704212534746, 0, 0, 10098, 1, 10000, 31);
INSERT INTO activity(activity_id, date_prevue, distance_prevue, distance_realisee, estrealisee, programme_id, sport_id, CENTREINTERET_ID, timeframe_id) VALUES (10395, '2018-05-04', 8.01526369874868, 0, 0, 10098, 1, 10000, 39);
INSERT INTO programme(programme_id, date_debut, user_id, objectif_distance) VALUES (10099, '2018-04-23', 10049, 9);
INSERT INTO activity(activity_id, date_prevue, date_realisee, distance_prevue, distance_realisee, estrealisee, programme_id, sport_id, CENTREINTERET_ID, timeframe_id) VALUES (10396, '2018-04-17', '2018-04-17', 7.292570443246189, 7.292570443246189, 1, 10099, 1, 10000, 51);
INSERT INTO activity(activity_id, date_prevue, date_realisee, distance_prevue, distance_realisee, estrealisee, programme_id, sport_id, CENTREINTERET_ID, timeframe_id) VALUES (10397, '2018-04-18', '2018-04-18', 7.630562107128555, 7.630562107128555, 1, 10099, 1, 10000, 4);
INSERT INTO activity(activity_id, date_prevue, date_realisee, distance_prevue, distance_realisee, estrealisee, programme_id, sport_id, CENTREINTERET_ID, timeframe_id) VALUES (10398, '2018-04-19', '2018-04-19', 8.373836744383647, 8.373836744383647, 1, 10099, 1, 10000, 7);
INSERT INTO activity(activity_id, date_prevue, date_realisee, distance_prevue, distance_realisee, estrealisee, programme_id, sport_id, CENTREINTERET_ID, timeframe_id) VALUES (10399, '2018-04-20', '2018-04-20', 9.775300479781212, 9.775300479781212, 1, 10099, 1, 10000, 17);



