INSERT INTO users (ID, USERNAME, PASSWORD, FIRSTNAME, LASTNAME, EMAIL, ENABLED, LASTPASSWORDRESETDATE, OBJECTIFHEBDO) VALUES (100, 'admin', '$2a$08$lDnHPz7eUkSi6ao14Twuau08mzhWrL4kyZGGU5xfiGALO/Vxd5DOi', 'admin', 'admin', 'admin@admin.com', 1, '2003/01/22', -1);
INSERT INTO users (ID, USERNAME, PASSWORD, FIRSTNAME, LASTNAME, EMAIL, ENABLED, LASTPASSWORDRESETDATE, OBJECTIFHEBDO) VALUES (200, 'user', '$2a$08$UkVvwpULis18S19S5pZFn.YHPZt3oaqHZnDwqbCW9pft6uFtkXKDC', 'user', 'user', 'enabled@user.com', 1, '2003/01/22', -1);
INSERT INTO users (ID, USERNAME, PASSWORD, FIRSTNAME, LASTNAME, EMAIL, ENABLED, LASTPASSWORDRESETDATE, OBJECTIFHEBDO) VALUES (300, 'disabled', '$2a$08$UkVvwpULis18S19S5pZFn.YHPZt3oaqHZnDwqbCW9pft6uFtkXKDC', 'user', 'user', 'disabled@user.com', 0, '2003/01/22', -1);

INSERT INTO authority (ID, NAME) VALUES (1, 'ROLE_USER');
INSERT INTO authority (ID, NAME) VALUES (2, 'ROLE_ADMIN');

INSERT INTO user_authority (USER_ID, AUTHORITY_ID) VALUES (100, 1);
INSERT INTO user_authority (USER_ID, AUTHORITY_ID) VALUES (100, 2);
INSERT INTO user_authority (USER_ID, AUTHORITY_ID) VALUES (200, 1);
INSERT INTO user_authority (USER_ID, AUTHORITY_ID) VALUES (300, 1);

INSERT INTO timeframe (ID, HEUREDEBUT, HEUREFIN, NOMJOUR, EVALUATION) VALUES (1, 0, 3, 'LUNDI', -1);
INSERT INTO timeframe (ID, HEUREDEBUT, HEUREFIN, NOMJOUR, EVALUATION) VALUES (2, 3, 6, 'LUNDI', -1);
INSERT INTO timeframe (ID, HEUREDEBUT, HEUREFIN, NOMJOUR, EVALUATION) VALUES (3, 6, 9, 'LUNDI', -1);
INSERT INTO timeframe (ID, HEUREDEBUT, HEUREFIN, NOMJOUR, EVALUATION) VALUES (4, 9, 12, 'LUNDI', -1);
INSERT INTO timeframe (ID, HEUREDEBUT, HEUREFIN, NOMJOUR, EVALUATION) VALUES (5, 12, 15, 'LUNDI', -1);
INSERT INTO timeframe (ID, HEUREDEBUT, HEUREFIN, NOMJOUR, EVALUATION) VALUES (6, 15, 18, 'LUNDI', -1);
INSERT INTO timeframe (ID, HEUREDEBUT, HEUREFIN, NOMJOUR, EVALUATION) VALUES (7, 18, 21, 'LUNDI', -1);
INSERT INTO timeframe (ID, HEUREDEBUT, HEUREFIN, NOMJOUR, EVALUATION) VALUES (8, 21, 24, 'LUNDI', -1);
INSERT INTO timeframe (ID, HEUREDEBUT, HEUREFIN, NOMJOUR, EVALUATION) VALUES (9, 0, 3, 'MARDI', -1);
INSERT INTO timeframe (ID, HEUREDEBUT, HEUREFIN, NOMJOUR, EVALUATION) VALUES (10, 3, 6, 'MARDI', -1);
INSERT INTO timeframe (ID, HEUREDEBUT, HEUREFIN, NOMJOUR, EVALUATION) VALUES (11, 6, 9, 'MARDI', -1);
INSERT INTO timeframe (ID, HEUREDEBUT, HEUREFIN, NOMJOUR, EVALUATION) VALUES (12, 9, 12, 'MARDI', -1);
INSERT INTO timeframe (ID, HEUREDEBUT, HEUREFIN, NOMJOUR, EVALUATION) VALUES (13, 12, 15, 'MARDI', -1);
INSERT INTO timeframe (ID, HEUREDEBUT, HEUREFIN, NOMJOUR, EVALUATION) VALUES (14, 15, 18, 'MARDI', -1);
INSERT INTO timeframe (ID, HEUREDEBUT, HEUREFIN, NOMJOUR, EVALUATION) VALUES (15, 18, 21, 'MARDI', -1);
INSERT INTO timeframe (ID, HEUREDEBUT, HEUREFIN, NOMJOUR, EVALUATION) VALUES (16, 21, 24, 'MARDI', -1);
INSERT INTO timeframe (ID, HEUREDEBUT, HEUREFIN, NOMJOUR, EVALUATION) VALUES (17, 0, 3, 'MERCREDI', -1);
INSERT INTO timeframe (ID, HEUREDEBUT, HEUREFIN, NOMJOUR, EVALUATION) VALUES (18, 3, 6, 'MERCREDI', -1);
INSERT INTO timeframe (ID, HEUREDEBUT, HEUREFIN, NOMJOUR, EVALUATION) VALUES (19, 6, 9, 'MERCREDI', -1);
INSERT INTO timeframe (ID, HEUREDEBUT, HEUREFIN, NOMJOUR, EVALUATION) VALUES (20, 9, 12, 'MERCREDI', -1);
INSERT INTO timeframe (ID, HEUREDEBUT, HEUREFIN, NOMJOUR, EVALUATION) VALUES (21, 12, 15, 'MERCREDI', -1);
INSERT INTO timeframe (ID, HEUREDEBUT, HEUREFIN, NOMJOUR, EVALUATION) VALUES (22, 15, 18, 'MERCREDI', -1);
INSERT INTO timeframe (ID, HEUREDEBUT, HEUREFIN, NOMJOUR, EVALUATION) VALUES (23, 18, 21, 'MERCREDI', -1);
INSERT INTO timeframe (ID, HEUREDEBUT, HEUREFIN, NOMJOUR, EVALUATION) VALUES (24, 21, 24, 'MERCREDI', -1);
INSERT INTO timeframe (ID, HEUREDEBUT, HEUREFIN, NOMJOUR, EVALUATION) VALUES (25, 0, 3, 'JEUDI', -1);
INSERT INTO timeframe (ID, HEUREDEBUT, HEUREFIN, NOMJOUR, EVALUATION) VALUES (26, 3, 6, 'JEUDI', -1);
INSERT INTO timeframe (ID, HEUREDEBUT, HEUREFIN, NOMJOUR, EVALUATION) VALUES (27, 6, 9, 'JEUDI', -1);
INSERT INTO timeframe (ID, HEUREDEBUT, HEUREFIN, NOMJOUR, EVALUATION) VALUES (28, 9, 12, 'JEUDI', -1);
INSERT INTO timeframe (ID, HEUREDEBUT, HEUREFIN, NOMJOUR, EVALUATION) VALUES (29, 12, 15, 'JEUDI', -1);
INSERT INTO timeframe (ID, HEUREDEBUT, HEUREFIN, NOMJOUR, EVALUATION) VALUES (30, 15, 18, 'JEUDI', -1);
INSERT INTO timeframe (ID, HEUREDEBUT, HEUREFIN, NOMJOUR, EVALUATION) VALUES (31, 18, 21, 'JEUDI', -1);
INSERT INTO timeframe (ID, HEUREDEBUT, HEUREFIN, NOMJOUR, EVALUATION) VALUES (32, 21, 24, 'JEUDI', -1);
INSERT INTO timeframe (ID, HEUREDEBUT, HEUREFIN, NOMJOUR, EVALUATION) VALUES (33, 0, 3, 'VENDREDI', -1);
INSERT INTO timeframe (ID, HEUREDEBUT, HEUREFIN, NOMJOUR, EVALUATION) VALUES (34, 3, 6, 'VENDREDI', -1);
INSERT INTO timeframe (ID, HEUREDEBUT, HEUREFIN, NOMJOUR, EVALUATION) VALUES (35, 6, 9, 'VENDREDI', -1);
INSERT INTO timeframe (ID, HEUREDEBUT, HEUREFIN, NOMJOUR, EVALUATION) VALUES (36, 9, 12, 'VENDREDI', -1);
INSERT INTO timeframe (ID, HEUREDEBUT, HEUREFIN, NOMJOUR, EVALUATION) VALUES (37, 12, 15, 'VENDREDI', -1);
INSERT INTO timeframe (ID, HEUREDEBUT, HEUREFIN, NOMJOUR, EVALUATION) VALUES (38, 15, 18, 'VENDREDI', -1);
INSERT INTO timeframe (ID, HEUREDEBUT, HEUREFIN, NOMJOUR, EVALUATION) VALUES (39, 18, 21, 'VENDREDI', -1);
INSERT INTO timeframe (ID, HEUREDEBUT, HEUREFIN, NOMJOUR, EVALUATION) VALUES (40, 21, 24, 'VENDREDI', -1);
INSERT INTO timeframe (ID, HEUREDEBUT, HEUREFIN, NOMJOUR, EVALUATION) VALUES (41, 0, 3, 'SAMEDI', -1);
INSERT INTO timeframe (ID, HEUREDEBUT, HEUREFIN, NOMJOUR, EVALUATION) VALUES (42, 3, 6, 'SAMEDI', -1);
INSERT INTO timeframe (ID, HEUREDEBUT, HEUREFIN, NOMJOUR, EVALUATION) VALUES (43, 6, 9, 'SAMEDI', -1);
INSERT INTO timeframe (ID, HEUREDEBUT, HEUREFIN, NOMJOUR, EVALUATION) VALUES (44, 9, 12, 'SAMEDI', -1);
INSERT INTO timeframe (ID, HEUREDEBUT, HEUREFIN, NOMJOUR, EVALUATION) VALUES (45, 12, 15, 'SAMEDI', -1);
INSERT INTO timeframe (ID, HEUREDEBUT, HEUREFIN, NOMJOUR, EVALUATION) VALUES (46, 15, 18, 'SAMEDI', -1);
INSERT INTO timeframe (ID, HEUREDEBUT, HEUREFIN, NOMJOUR, EVALUATION) VALUES (47, 18, 21, 'SAMEDI', -1);
INSERT INTO timeframe (ID, HEUREDEBUT, HEUREFIN, NOMJOUR, EVALUATION) VALUES (48, 21, 24, 'SAMEDI', -1);
INSERT INTO timeframe (ID, HEUREDEBUT, HEUREFIN, NOMJOUR, EVALUATION) VALUES (49, 0, 3, 'DIMANCHE', -1);
INSERT INTO timeframe (ID, HEUREDEBUT, HEUREFIN, NOMJOUR, EVALUATION) VALUES (50, 3, 6, 'DIMANCHE', -1);
INSERT INTO timeframe (ID, HEUREDEBUT, HEUREFIN, NOMJOUR, EVALUATION) VALUES (51, 6, 9, 'DIMANCHE', -1);
INSERT INTO timeframe (ID, HEUREDEBUT, HEUREFIN, NOMJOUR, EVALUATION) VALUES (52, 9, 12, 'DIMANCHE', -1);
INSERT INTO timeframe (ID, HEUREDEBUT, HEUREFIN, NOMJOUR, EVALUATION) VALUES (53, 12, 15, 'DIMANCHE', -1);
INSERT INTO timeframe (ID, HEUREDEBUT, HEUREFIN, NOMJOUR, EVALUATION) VALUES (54, 15, 18, 'DIMANCHE', -1);
INSERT INTO timeframe (ID, HEUREDEBUT, HEUREFIN, NOMJOUR, EVALUATION) VALUES (55, 18, 21, 'DIMANCHE', -1);
INSERT INTO timeframe (ID, HEUREDEBUT, HEUREFIN, NOMJOUR, EVALUATION) VALUES (56, 21, 24, 'DIMANCHE', -1);

INSERT INTO sport(SPORT_ID, NOM, KMH, KCALH) VALUES (1, 'Course', 12, 880);
INSERT INTO sport(SPORT_ID, NOM, KMH, KCALH) VALUES (2, 'Marche', 4, 245);
INSERT INTO sport(SPORT_ID, NOM, KMH, KCALH) VALUES (3, 'Cyclisme', 20, 690);

INSERT INTO programme(programme_id, date_debut, user_id) VALUES (100, '2018-04-16', 100);
INSERT INTO programme(programme_id, date_debut, user_id) VALUES (200, '2018-04-23', 100);
INSERT INTO programme(programme_id, date_debut, user_id) VALUES (300, '2018-04-09', 100);
INSERT INTO programme(programme_id, date_debut, user_id) VALUES (400, '2018-04-02', 100);
INSERT INTO programme(programme_id, date_debut, user_id) VALUES (500, '2018-04-16', 200);
INSERT INTO programme(programme_id, date_debut, user_id) VALUES (600, '2018-04-23', 200);

INSERT INTO activity(activity_id, date, distance, estrealisee, programme_id, sport_id) VALUES (100, '2018-04-23', 300, 0, 200, 1);
INSERT INTO activity(activity_id, date, distance, estrealisee, programme_id, sport_id) VALUES (200, '2018-04-26', 200, 1, 200, 1);

INSERT INTO realisation(realisation_id, date, distance, activity_id, programme_id) VALUES (100, '2018-04-23', 300, 200, 200);

INSERT INTO users (ID, USERNAME, PASSWORD, FIRSTNAME, LASTNAME, EMAIL, ENABLED, LASTPASSWORDRESETDATE, OBJECTIFHEBDO) VALUES (10000, "user0", "$2a$08$UkVvwpULis18S19S5pZFn.YHPZt3oaqHZnDwqbCW9pft6uFtkXKDC", "user0", "user0", "user0@user.com", 1, "2003/01/22", 15);
INSERT INTO user_authority (USER_ID, AUTHORITY_ID) VALUES (10000, 2);
INSERT INTO programme(programme_id, date_debut, user_id) VALUES (10000, '2018-04-23', 10000);
INSERT INTO activity(activity_id, date, distance, estrealisee, programme_id, sport_id) VALUES (10000, '2018-04-24', 5, 0, 10000, 1);
INSERT INTO activity(activity_id, date, distance, estrealisee, programme_id, sport_id) VALUES (10001, '2018-04-25', 5, 0, 10000, 1);
INSERT INTO activity(activity_id, date, distance, estrealisee, programme_id, sport_id) VALUES (10002, '2018-04-26', 5, 0, 10000, 1);
INSERT INTO activity(activity_id, date, distance, estrealisee, programme_id, sport_id) VALUES (10003, '2018-04-27', 5, 0, 10000, 1);
INSERT INTO activity(activity_id, date, distance, estrealisee, programme_id, sport_id) VALUES (10004, '2018-04-17', 5, 1, 10000, 1);
INSERT INTO realisation(realisation_id, date, distance, activity_id, programme_id) VALUES (10000, '2018-04-17', 4, 10004, 10000);
INSERT INTO activity(activity_id, date, distance, estrealisee, programme_id, sport_id) VALUES (10005, '2018-04-18', 5, 1, 10000, 1);
INSERT INTO realisation(realisation_id, date, distance, activity_id, programme_id) VALUES (10001, '2018-04-18', 4, 10005, 10000);
INSERT INTO activity(activity_id, date, distance, estrealisee, programme_id, sport_id) VALUES (10006, '2018-04-19', 5, 1, 10000, 1);
INSERT INTO realisation(realisation_id, date, distance, activity_id, programme_id) VALUES (10002, '2018-04-19', 4, 10006, 10000);
INSERT INTO activity(activity_id, date, distance, estrealisee, programme_id, sport_id) VALUES (10007, '2018-04-20', 5, 1, 10000, 1);
INSERT INTO realisation(realisation_id, date, distance, activity_id, programme_id) VALUES (10003, '2018-04-20', 4, 10007, 10000);
INSERT INTO realisation(realisation_id, date, distance, activity_id, programme_id) VALUES (10004, '2018-04-17', 4, null, 10000);
INSERT INTO realisation(realisation_id, date, distance, activity_id, programme_id) VALUES (10005, '2018-04-18', 4, null, 10000);
INSERT INTO realisation(realisation_id, date, distance, activity_id, programme_id) VALUES (10006, '2018-04-19', 4, null, 10000);
INSERT INTO realisation(realisation_id, date, distance, activity_id, programme_id) VALUES (10007, '2018-04-20', 4, null, 10000);

INSERT INTO users (ID, USERNAME, PASSWORD, FIRSTNAME, LASTNAME, EMAIL, ENABLED, LASTPASSWORDRESETDATE, OBJECTIFHEBDO) VALUES (10001, "user1", "$2a$08$UkVvwpULis18S19S5pZFn.YHPZt3oaqHZnDwqbCW9pft6uFtkXKDC", "user1", "user1", "user1@user.com", 1, "2003/01/22", 19);
INSERT INTO user_authority (USER_ID, AUTHORITY_ID) VALUES (10001, 2);
INSERT INTO programme(programme_id, date_debut, user_id) VALUES (10001, '2018-04-23', 10001);
INSERT INTO activity(activity_id, date, distance, estrealisee, programme_id, sport_id) VALUES (10008, '2018-04-24', 5, 0, 10001, 1);
INSERT INTO activity(activity_id, date, distance, estrealisee, programme_id, sport_id) VALUES (10009, '2018-04-25', 5, 0, 10001, 1);
INSERT INTO activity(activity_id, date, distance, estrealisee, programme_id, sport_id) VALUES (10010, '2018-04-26', 5, 0, 10001, 1);
INSERT INTO activity(activity_id, date, distance, estrealisee, programme_id, sport_id) VALUES (10011, '2018-04-27', 5, 0, 10001, 1);
INSERT INTO activity(activity_id, date, distance, estrealisee, programme_id, sport_id) VALUES (10012, '2018-04-17', 5, 1, 10001, 1);
INSERT INTO realisation(realisation_id, date, distance, activity_id, programme_id) VALUES (10008, '2018-04-17', 4, 10012, 10001);
INSERT INTO activity(activity_id, date, distance, estrealisee, programme_id, sport_id) VALUES (10013, '2018-04-18', 5, 1, 10001, 1);
INSERT INTO realisation(realisation_id, date, distance, activity_id, programme_id) VALUES (10009, '2018-04-18', 4, 10013, 10001);
INSERT INTO activity(activity_id, date, distance, estrealisee, programme_id, sport_id) VALUES (10014, '2018-04-19', 5, 1, 10001, 1);
INSERT INTO realisation(realisation_id, date, distance, activity_id, programme_id) VALUES (10010, '2018-04-19', 4, 10014, 10001);
INSERT INTO activity(activity_id, date, distance, estrealisee, programme_id, sport_id) VALUES (10015, '2018-04-20', 5, 1, 10001, 1);
INSERT INTO realisation(realisation_id, date, distance, activity_id, programme_id) VALUES (10011, '2018-04-20', 4, 10015, 10001);
INSERT INTO realisation(realisation_id, date, distance, activity_id, programme_id) VALUES (10012, '2018-04-17', 4, null, 10001);
INSERT INTO realisation(realisation_id, date, distance, activity_id, programme_id) VALUES (10013, '2018-04-18', 4, null, 10001);
INSERT INTO realisation(realisation_id, date, distance, activity_id, programme_id) VALUES (10014, '2018-04-19', 4, null, 10001);
INSERT INTO realisation(realisation_id, date, distance, activity_id, programme_id) VALUES (10015, '2018-04-20', 4, null, 10001);

INSERT INTO users (ID, USERNAME, PASSWORD, FIRSTNAME, LASTNAME, EMAIL, ENABLED, LASTPASSWORDRESETDATE, OBJECTIFHEBDO) VALUES (10002, "user2", "$2a$08$UkVvwpULis18S19S5pZFn.YHPZt3oaqHZnDwqbCW9pft6uFtkXKDC", "user2", "user2", "user2@user.com", 1, "2003/01/22", 18);
INSERT INTO user_authority (USER_ID, AUTHORITY_ID) VALUES (10002, 2);
INSERT INTO programme(programme_id, date_debut, user_id) VALUES (10002, '2018-04-23', 10002);
INSERT INTO activity(activity_id, date, distance, estrealisee, programme_id, sport_id) VALUES (10016, '2018-04-24', 5, 0, 10002, 1);
INSERT INTO activity(activity_id, date, distance, estrealisee, programme_id, sport_id) VALUES (10017, '2018-04-25', 5, 0, 10002, 1);
INSERT INTO activity(activity_id, date, distance, estrealisee, programme_id, sport_id) VALUES (10018, '2018-04-26', 5, 0, 10002, 1);
INSERT INTO activity(activity_id, date, distance, estrealisee, programme_id, sport_id) VALUES (10019, '2018-04-27', 5, 0, 10002, 1);
INSERT INTO activity(activity_id, date, distance, estrealisee, programme_id, sport_id) VALUES (10020, '2018-04-17', 5, 1, 10002, 1);
INSERT INTO realisation(realisation_id, date, distance, activity_id, programme_id) VALUES (10016, '2018-04-17', 4, 10020, 10002);
INSERT INTO activity(activity_id, date, distance, estrealisee, programme_id, sport_id) VALUES (10021, '2018-04-18', 5, 1, 10002, 1);
INSERT INTO realisation(realisation_id, date, distance, activity_id, programme_id) VALUES (10017, '2018-04-18', 4, 10021, 10002);
INSERT INTO activity(activity_id, date, distance, estrealisee, programme_id, sport_id) VALUES (10022, '2018-04-19', 5, 1, 10002, 1);
INSERT INTO realisation(realisation_id, date, distance, activity_id, programme_id) VALUES (10018, '2018-04-19', 4, 10022, 10002);
INSERT INTO activity(activity_id, date, distance, estrealisee, programme_id, sport_id) VALUES (10023, '2018-04-20', 5, 1, 10002, 1);
INSERT INTO realisation(realisation_id, date, distance, activity_id, programme_id) VALUES (10019, '2018-04-20', 4, 10023, 10002);
INSERT INTO realisation(realisation_id, date, distance, activity_id, programme_id) VALUES (10020, '2018-04-17', 4, null, 10002);
INSERT INTO realisation(realisation_id, date, distance, activity_id, programme_id) VALUES (10021, '2018-04-18', 4, null, 10002);
INSERT INTO realisation(realisation_id, date, distance, activity_id, programme_id) VALUES (10022, '2018-04-19', 4, null, 10002);
INSERT INTO realisation(realisation_id, date, distance, activity_id, programme_id) VALUES (10023, '2018-04-20', 4, null, 10002);

INSERT INTO users (ID, USERNAME, PASSWORD, FIRSTNAME, LASTNAME, EMAIL, ENABLED, LASTPASSWORDRESETDATE, OBJECTIFHEBDO) VALUES (10003, "user3", "$2a$08$UkVvwpULis18S19S5pZFn.YHPZt3oaqHZnDwqbCW9pft6uFtkXKDC", "user3", "user3", "user3@user.com", 1, "2003/01/22", 16);
INSERT INTO user_authority (USER_ID, AUTHORITY_ID) VALUES (10003, 2);
INSERT INTO programme(programme_id, date_debut, user_id) VALUES (10003, '2018-04-23', 10003);
INSERT INTO activity(activity_id, date, distance, estrealisee, programme_id, sport_id) VALUES (10024, '2018-04-24', 5, 0, 10003, 1);
INSERT INTO activity(activity_id, date, distance, estrealisee, programme_id, sport_id) VALUES (10025, '2018-04-25', 5, 0, 10003, 1);
INSERT INTO activity(activity_id, date, distance, estrealisee, programme_id, sport_id) VALUES (10026, '2018-04-26', 5, 0, 10003, 1);
INSERT INTO activity(activity_id, date, distance, estrealisee, programme_id, sport_id) VALUES (10027, '2018-04-27', 5, 0, 10003, 1);
INSERT INTO activity(activity_id, date, distance, estrealisee, programme_id, sport_id) VALUES (10028, '2018-04-17', 5, 1, 10003, 1);
INSERT INTO realisation(realisation_id, date, distance, activity_id, programme_id) VALUES (10024, '2018-04-17', 4, 10028, 10003);
INSERT INTO activity(activity_id, date, distance, estrealisee, programme_id, sport_id) VALUES (10029, '2018-04-18', 5, 1, 10003, 1);
INSERT INTO realisation(realisation_id, date, distance, activity_id, programme_id) VALUES (10025, '2018-04-18', 4, 10029, 10003);
INSERT INTO activity(activity_id, date, distance, estrealisee, programme_id, sport_id) VALUES (10030, '2018-04-19', 5, 1, 10003, 1);
INSERT INTO realisation(realisation_id, date, distance, activity_id, programme_id) VALUES (10026, '2018-04-19', 4, 10030, 10003);
INSERT INTO activity(activity_id, date, distance, estrealisee, programme_id, sport_id) VALUES (10031, '2018-04-20', 5, 1, 10003, 1);
INSERT INTO realisation(realisation_id, date, distance, activity_id, programme_id) VALUES (10027, '2018-04-20', 4, 10031, 10003);
INSERT INTO realisation(realisation_id, date, distance, activity_id, programme_id) VALUES (10028, '2018-04-17', 4, null, 10003);
INSERT INTO realisation(realisation_id, date, distance, activity_id, programme_id) VALUES (10029, '2018-04-18', 4, null, 10003);
INSERT INTO realisation(realisation_id, date, distance, activity_id, programme_id) VALUES (10030, '2018-04-19', 4, null, 10003);
INSERT INTO realisation(realisation_id, date, distance, activity_id, programme_id) VALUES (10031, '2018-04-20', 4, null, 10003);

INSERT INTO users (ID, USERNAME, PASSWORD, FIRSTNAME, LASTNAME, EMAIL, ENABLED, LASTPASSWORDRESETDATE, OBJECTIFHEBDO) VALUES (10004, "user4", "$2a$08$UkVvwpULis18S19S5pZFn.YHPZt3oaqHZnDwqbCW9pft6uFtkXKDC", "user4", "user4", "user4@user.com", 1, "2003/01/22", 7);
INSERT INTO user_authority (USER_ID, AUTHORITY_ID) VALUES (10004, 2);
INSERT INTO programme(programme_id, date_debut, user_id) VALUES (10004, '2018-04-23', 10004);
INSERT INTO activity(activity_id, date, distance, estrealisee, programme_id, sport_id) VALUES (10032, '2018-04-24', 5, 0, 10004, 1);
INSERT INTO activity(activity_id, date, distance, estrealisee, programme_id, sport_id) VALUES (10033, '2018-04-25', 5, 0, 10004, 1);
INSERT INTO activity(activity_id, date, distance, estrealisee, programme_id, sport_id) VALUES (10034, '2018-04-26', 5, 0, 10004, 1);
INSERT INTO activity(activity_id, date, distance, estrealisee, programme_id, sport_id) VALUES (10035, '2018-04-27', 5, 0, 10004, 1);
INSERT INTO activity(activity_id, date, distance, estrealisee, programme_id, sport_id) VALUES (10036, '2018-04-17', 5, 1, 10004, 1);
INSERT INTO realisation(realisation_id, date, distance, activity_id, programme_id) VALUES (10032, '2018-04-17', 4, 10036, 10004);
INSERT INTO activity(activity_id, date, distance, estrealisee, programme_id, sport_id) VALUES (10037, '2018-04-18', 5, 1, 10004, 1);
INSERT INTO realisation(realisation_id, date, distance, activity_id, programme_id) VALUES (10033, '2018-04-18', 4, 10037, 10004);
INSERT INTO activity(activity_id, date, distance, estrealisee, programme_id, sport_id) VALUES (10038, '2018-04-19', 5, 1, 10004, 1);
INSERT INTO realisation(realisation_id, date, distance, activity_id, programme_id) VALUES (10034, '2018-04-19', 4, 10038, 10004);
INSERT INTO activity(activity_id, date, distance, estrealisee, programme_id, sport_id) VALUES (10039, '2018-04-20', 5, 1, 10004, 1);
INSERT INTO realisation(realisation_id, date, distance, activity_id, programme_id) VALUES (10035, '2018-04-20', 4, 10039, 10004);
INSERT INTO realisation(realisation_id, date, distance, activity_id, programme_id) VALUES (10036, '2018-04-17', 4, null, 10004);
INSERT INTO realisation(realisation_id, date, distance, activity_id, programme_id) VALUES (10037, '2018-04-18', 4, null, 10004);
INSERT INTO realisation(realisation_id, date, distance, activity_id, programme_id) VALUES (10038, '2018-04-19', 4, null, 10004);
INSERT INTO realisation(realisation_id, date, distance, activity_id, programme_id) VALUES (10039, '2018-04-20', 4, null, 10004);

INSERT INTO users (ID, USERNAME, PASSWORD, FIRSTNAME, LASTNAME, EMAIL, ENABLED, LASTPASSWORDRESETDATE, OBJECTIFHEBDO) VALUES (10005, "user5", "$2a$08$UkVvwpULis18S19S5pZFn.YHPZt3oaqHZnDwqbCW9pft6uFtkXKDC", "user5", "user5", "user5@user.com", 1, "2003/01/22", 6);
INSERT INTO user_authority (USER_ID, AUTHORITY_ID) VALUES (10005, 2);
INSERT INTO programme(programme_id, date_debut, user_id) VALUES (10005, '2018-04-23', 10005);
INSERT INTO activity(activity_id, date, distance, estrealisee, programme_id, sport_id) VALUES (10040, '2018-04-24', 5, 0, 10005, 1);
INSERT INTO activity(activity_id, date, distance, estrealisee, programme_id, sport_id) VALUES (10041, '2018-04-25', 5, 0, 10005, 1);
INSERT INTO activity(activity_id, date, distance, estrealisee, programme_id, sport_id) VALUES (10042, '2018-04-26', 5, 0, 10005, 1);
INSERT INTO activity(activity_id, date, distance, estrealisee, programme_id, sport_id) VALUES (10043, '2018-04-27', 5, 0, 10005, 1);
INSERT INTO activity(activity_id, date, distance, estrealisee, programme_id, sport_id) VALUES (10044, '2018-04-17', 5, 1, 10005, 1);
INSERT INTO realisation(realisation_id, date, distance, activity_id, programme_id) VALUES (10040, '2018-04-17', 4, 10044, 10005);
INSERT INTO activity(activity_id, date, distance, estrealisee, programme_id, sport_id) VALUES (10045, '2018-04-18', 5, 1, 10005, 1);
INSERT INTO realisation(realisation_id, date, distance, activity_id, programme_id) VALUES (10041, '2018-04-18', 4, 10045, 10005);
INSERT INTO activity(activity_id, date, distance, estrealisee, programme_id, sport_id) VALUES (10046, '2018-04-19', 5, 1, 10005, 1);
INSERT INTO realisation(realisation_id, date, distance, activity_id, programme_id) VALUES (10042, '2018-04-19', 4, 10046, 10005);
INSERT INTO activity(activity_id, date, distance, estrealisee, programme_id, sport_id) VALUES (10047, '2018-04-20', 5, 1, 10005, 1);
INSERT INTO realisation(realisation_id, date, distance, activity_id, programme_id) VALUES (10043, '2018-04-20', 4, 10047, 10005);
INSERT INTO realisation(realisation_id, date, distance, activity_id, programme_id) VALUES (10044, '2018-04-17', 4, null, 10005);
INSERT INTO realisation(realisation_id, date, distance, activity_id, programme_id) VALUES (10045, '2018-04-18', 4, null, 10005);
INSERT INTO realisation(realisation_id, date, distance, activity_id, programme_id) VALUES (10046, '2018-04-19', 4, null, 10005);
INSERT INTO realisation(realisation_id, date, distance, activity_id, programme_id) VALUES (10047, '2018-04-20', 4, null, 10005);

INSERT INTO users (ID, USERNAME, PASSWORD, FIRSTNAME, LASTNAME, EMAIL, ENABLED, LASTPASSWORDRESETDATE, OBJECTIFHEBDO) VALUES (10006, "user6", "$2a$08$UkVvwpULis18S19S5pZFn.YHPZt3oaqHZnDwqbCW9pft6uFtkXKDC", "user6", "user6", "user6@user.com", 1, "2003/01/22", 6);
INSERT INTO user_authority (USER_ID, AUTHORITY_ID) VALUES (10006, 2);
INSERT INTO programme(programme_id, date_debut, user_id) VALUES (10006, '2018-04-23', 10006);
INSERT INTO activity(activity_id, date, distance, estrealisee, programme_id, sport_id) VALUES (10048, '2018-04-24', 5, 0, 10006, 1);
INSERT INTO activity(activity_id, date, distance, estrealisee, programme_id, sport_id) VALUES (10049, '2018-04-25', 5, 0, 10006, 1);
INSERT INTO activity(activity_id, date, distance, estrealisee, programme_id, sport_id) VALUES (10050, '2018-04-26', 5, 0, 10006, 1);
INSERT INTO activity(activity_id, date, distance, estrealisee, programme_id, sport_id) VALUES (10051, '2018-04-27', 5, 0, 10006, 1);
INSERT INTO activity(activity_id, date, distance, estrealisee, programme_id, sport_id) VALUES (10052, '2018-04-17', 5, 1, 10006, 1);
INSERT INTO realisation(realisation_id, date, distance, activity_id, programme_id) VALUES (10048, '2018-04-17', 4, 10052, 10006);
INSERT INTO activity(activity_id, date, distance, estrealisee, programme_id, sport_id) VALUES (10053, '2018-04-18', 5, 1, 10006, 1);
INSERT INTO realisation(realisation_id, date, distance, activity_id, programme_id) VALUES (10049, '2018-04-18', 4, 10053, 10006);
INSERT INTO activity(activity_id, date, distance, estrealisee, programme_id, sport_id) VALUES (10054, '2018-04-19', 5, 1, 10006, 1);
INSERT INTO realisation(realisation_id, date, distance, activity_id, programme_id) VALUES (10050, '2018-04-19', 4, 10054, 10006);
INSERT INTO activity(activity_id, date, distance, estrealisee, programme_id, sport_id) VALUES (10055, '2018-04-20', 5, 1, 10006, 1);
INSERT INTO realisation(realisation_id, date, distance, activity_id, programme_id) VALUES (10051, '2018-04-20', 4, 10055, 10006);
INSERT INTO realisation(realisation_id, date, distance, activity_id, programme_id) VALUES (10052, '2018-04-17', 4, null, 10006);
INSERT INTO realisation(realisation_id, date, distance, activity_id, programme_id) VALUES (10053, '2018-04-18', 4, null, 10006);
INSERT INTO realisation(realisation_id, date, distance, activity_id, programme_id) VALUES (10054, '2018-04-19', 4, null, 10006);
INSERT INTO realisation(realisation_id, date, distance, activity_id, programme_id) VALUES (10055, '2018-04-20', 4, null, 10006);

INSERT INTO users (ID, USERNAME, PASSWORD, FIRSTNAME, LASTNAME, EMAIL, ENABLED, LASTPASSWORDRESETDATE, OBJECTIFHEBDO) VALUES (10007, "user7", "$2a$08$UkVvwpULis18S19S5pZFn.YHPZt3oaqHZnDwqbCW9pft6uFtkXKDC", "user7", "user7", "user7@user.com", 1, "2003/01/22", 20);
INSERT INTO user_authority (USER_ID, AUTHORITY_ID) VALUES (10007, 2);
INSERT INTO programme(programme_id, date_debut, user_id) VALUES (10007, '2018-04-23', 10007);
INSERT INTO activity(activity_id, date, distance, estrealisee, programme_id, sport_id) VALUES (10056, '2018-04-24', 5, 0, 10007, 1);
INSERT INTO activity(activity_id, date, distance, estrealisee, programme_id, sport_id) VALUES (10057, '2018-04-25', 5, 0, 10007, 1);
INSERT INTO activity(activity_id, date, distance, estrealisee, programme_id, sport_id) VALUES (10058, '2018-04-26', 5, 0, 10007, 1);
INSERT INTO activity(activity_id, date, distance, estrealisee, programme_id, sport_id) VALUES (10059, '2018-04-27', 5, 0, 10007, 1);
INSERT INTO activity(activity_id, date, distance, estrealisee, programme_id, sport_id) VALUES (10060, '2018-04-17', 5, 1, 10007, 1);
INSERT INTO realisation(realisation_id, date, distance, activity_id, programme_id) VALUES (10056, '2018-04-17', 4, 10060, 10007);
INSERT INTO activity(activity_id, date, distance, estrealisee, programme_id, sport_id) VALUES (10061, '2018-04-18', 5, 1, 10007, 1);
INSERT INTO realisation(realisation_id, date, distance, activity_id, programme_id) VALUES (10057, '2018-04-18', 4, 10061, 10007);
INSERT INTO activity(activity_id, date, distance, estrealisee, programme_id, sport_id) VALUES (10062, '2018-04-19', 5, 1, 10007, 1);
INSERT INTO realisation(realisation_id, date, distance, activity_id, programme_id) VALUES (10058, '2018-04-19', 4, 10062, 10007);
INSERT INTO activity(activity_id, date, distance, estrealisee, programme_id, sport_id) VALUES (10063, '2018-04-20', 5, 1, 10007, 1);
INSERT INTO realisation(realisation_id, date, distance, activity_id, programme_id) VALUES (10059, '2018-04-20', 4, 10063, 10007);
INSERT INTO realisation(realisation_id, date, distance, activity_id, programme_id) VALUES (10060, '2018-04-17', 4, null, 10007);
INSERT INTO realisation(realisation_id, date, distance, activity_id, programme_id) VALUES (10061, '2018-04-18', 4, null, 10007);
INSERT INTO realisation(realisation_id, date, distance, activity_id, programme_id) VALUES (10062, '2018-04-19', 4, null, 10007);
INSERT INTO realisation(realisation_id, date, distance, activity_id, programme_id) VALUES (10063, '2018-04-20', 4, null, 10007);

INSERT INTO users (ID, USERNAME, PASSWORD, FIRSTNAME, LASTNAME, EMAIL, ENABLED, LASTPASSWORDRESETDATE, OBJECTIFHEBDO) VALUES (10008, "user8", "$2a$08$UkVvwpULis18S19S5pZFn.YHPZt3oaqHZnDwqbCW9pft6uFtkXKDC", "user8", "user8", "user8@user.com", 1, "2003/01/22", 8);
INSERT INTO user_authority (USER_ID, AUTHORITY_ID) VALUES (10008, 2);
INSERT INTO programme(programme_id, date_debut, user_id) VALUES (10008, '2018-04-23', 10008);
INSERT INTO activity(activity_id, date, distance, estrealisee, programme_id, sport_id) VALUES (10064, '2018-04-24', 5, 0, 10008, 1);
INSERT INTO activity(activity_id, date, distance, estrealisee, programme_id, sport_id) VALUES (10065, '2018-04-25', 5, 0, 10008, 1);
INSERT INTO activity(activity_id, date, distance, estrealisee, programme_id, sport_id) VALUES (10066, '2018-04-26', 5, 0, 10008, 1);
INSERT INTO activity(activity_id, date, distance, estrealisee, programme_id, sport_id) VALUES (10067, '2018-04-27', 5, 0, 10008, 1);
INSERT INTO activity(activity_id, date, distance, estrealisee, programme_id, sport_id) VALUES (10068, '2018-04-17', 5, 1, 10008, 1);
INSERT INTO realisation(realisation_id, date, distance, activity_id, programme_id) VALUES (10064, '2018-04-17', 4, 10068, 10008);
INSERT INTO activity(activity_id, date, distance, estrealisee, programme_id, sport_id) VALUES (10069, '2018-04-18', 5, 1, 10008, 1);
INSERT INTO realisation(realisation_id, date, distance, activity_id, programme_id) VALUES (10065, '2018-04-18', 4, 10069, 10008);
INSERT INTO activity(activity_id, date, distance, estrealisee, programme_id, sport_id) VALUES (10070, '2018-04-19', 5, 1, 10008, 1);
INSERT INTO realisation(realisation_id, date, distance, activity_id, programme_id) VALUES (10066, '2018-04-19', 4, 10070, 10008);
INSERT INTO activity(activity_id, date, distance, estrealisee, programme_id, sport_id) VALUES (10071, '2018-04-20', 5, 1, 10008, 1);
INSERT INTO realisation(realisation_id, date, distance, activity_id, programme_id) VALUES (10067, '2018-04-20', 4, 10071, 10008);
INSERT INTO realisation(realisation_id, date, distance, activity_id, programme_id) VALUES (10068, '2018-04-17', 4, null, 10008);
INSERT INTO realisation(realisation_id, date, distance, activity_id, programme_id) VALUES (10069, '2018-04-18', 4, null, 10008);
INSERT INTO realisation(realisation_id, date, distance, activity_id, programme_id) VALUES (10070, '2018-04-19', 4, null, 10008);
INSERT INTO realisation(realisation_id, date, distance, activity_id, programme_id) VALUES (10071, '2018-04-20', 4, null, 10008);

INSERT INTO users (ID, USERNAME, PASSWORD, FIRSTNAME, LASTNAME, EMAIL, ENABLED, LASTPASSWORDRESETDATE, OBJECTIFHEBDO) VALUES (10009, "user9", "$2a$08$UkVvwpULis18S19S5pZFn.YHPZt3oaqHZnDwqbCW9pft6uFtkXKDC", "user9", "user9", "user9@user.com", 1, "2003/01/22", 18);
INSERT INTO user_authority (USER_ID, AUTHORITY_ID) VALUES (10009, 2);
INSERT INTO programme(programme_id, date_debut, user_id) VALUES (10009, '2018-04-23', 10009);
INSERT INTO activity(activity_id, date, distance, estrealisee, programme_id, sport_id) VALUES (10072, '2018-04-24', 5, 0, 10009, 1);
INSERT INTO activity(activity_id, date, distance, estrealisee, programme_id, sport_id) VALUES (10073, '2018-04-25', 5, 0, 10009, 1);
INSERT INTO activity(activity_id, date, distance, estrealisee, programme_id, sport_id) VALUES (10074, '2018-04-26', 5, 0, 10009, 1);
INSERT INTO activity(activity_id, date, distance, estrealisee, programme_id, sport_id) VALUES (10075, '2018-04-27', 5, 0, 10009, 1);
INSERT INTO activity(activity_id, date, distance, estrealisee, programme_id, sport_id) VALUES (10076, '2018-04-17', 5, 1, 10009, 1);
INSERT INTO realisation(realisation_id, date, distance, activity_id, programme_id) VALUES (10072, '2018-04-17', 4, 10076, 10009);
INSERT INTO activity(activity_id, date, distance, estrealisee, programme_id, sport_id) VALUES (10077, '2018-04-18', 5, 1, 10009, 1);
INSERT INTO realisation(realisation_id, date, distance, activity_id, programme_id) VALUES (10073, '2018-04-18', 4, 10077, 10009);
INSERT INTO activity(activity_id, date, distance, estrealisee, programme_id, sport_id) VALUES (10078, '2018-04-19', 5, 1, 10009, 1);
INSERT INTO realisation(realisation_id, date, distance, activity_id, programme_id) VALUES (10074, '2018-04-19', 4, 10078, 10009);
INSERT INTO activity(activity_id, date, distance, estrealisee, programme_id, sport_id) VALUES (10079, '2018-04-20', 5, 1, 10009, 1);
INSERT INTO realisation(realisation_id, date, distance, activity_id, programme_id) VALUES (10075, '2018-04-20', 4, 10079, 10009);
INSERT INTO realisation(realisation_id, date, distance, activity_id, programme_id) VALUES (10076, '2018-04-17', 4, null, 10009);
INSERT INTO realisation(realisation_id, date, distance, activity_id, programme_id) VALUES (10077, '2018-04-18', 4, null, 10009);
INSERT INTO realisation(realisation_id, date, distance, activity_id, programme_id) VALUES (10078, '2018-04-19', 4, null, 10009);
INSERT INTO realisation(realisation_id, date, distance, activity_id, programme_id) VALUES (10079, '2018-04-20', 4, null, 10009);

INSERT INTO users (ID, USERNAME, PASSWORD, FIRSTNAME, LASTNAME, EMAIL, ENABLED, LASTPASSWORDRESETDATE, OBJECTIFHEBDO) VALUES (10010, "user10", "$2a$08$UkVvwpULis18S19S5pZFn.YHPZt3oaqHZnDwqbCW9pft6uFtkXKDC", "user10", "user10", "user10@user.com", 1, "2003/01/22", 14);
INSERT INTO user_authority (USER_ID, AUTHORITY_ID) VALUES (10010, 2);
INSERT INTO programme(programme_id, date_debut, user_id) VALUES (10010, '2018-04-23', 10010);
INSERT INTO activity(activity_id, date, distance, estrealisee, programme_id, sport_id) VALUES (10080, '2018-04-24', 5, 0, 10010, 1);
INSERT INTO activity(activity_id, date, distance, estrealisee, programme_id, sport_id) VALUES (10081, '2018-04-25', 5, 0, 10010, 1);
INSERT INTO activity(activity_id, date, distance, estrealisee, programme_id, sport_id) VALUES (10082, '2018-04-26', 5, 0, 10010, 1);
INSERT INTO activity(activity_id, date, distance, estrealisee, programme_id, sport_id) VALUES (10083, '2018-04-27', 5, 0, 10010, 1);
INSERT INTO activity(activity_id, date, distance, estrealisee, programme_id, sport_id) VALUES (10084, '2018-04-17', 5, 1, 10010, 1);
INSERT INTO realisation(realisation_id, date, distance, activity_id, programme_id) VALUES (10080, '2018-04-17', 4, 10084, 10010);
INSERT INTO activity(activity_id, date, distance, estrealisee, programme_id, sport_id) VALUES (10085, '2018-04-18', 5, 1, 10010, 1);
INSERT INTO realisation(realisation_id, date, distance, activity_id, programme_id) VALUES (10081, '2018-04-18', 4, 10085, 10010);
INSERT INTO activity(activity_id, date, distance, estrealisee, programme_id, sport_id) VALUES (10086, '2018-04-19', 5, 1, 10010, 1);
INSERT INTO realisation(realisation_id, date, distance, activity_id, programme_id) VALUES (10082, '2018-04-19', 4, 10086, 10010);
INSERT INTO activity(activity_id, date, distance, estrealisee, programme_id, sport_id) VALUES (10087, '2018-04-20', 5, 1, 10010, 1);
INSERT INTO realisation(realisation_id, date, distance, activity_id, programme_id) VALUES (10083, '2018-04-20', 4, 10087, 10010);
INSERT INTO realisation(realisation_id, date, distance, activity_id, programme_id) VALUES (10084, '2018-04-17', 4, null, 10010);
INSERT INTO realisation(realisation_id, date, distance, activity_id, programme_id) VALUES (10085, '2018-04-18', 4, null, 10010);
INSERT INTO realisation(realisation_id, date, distance, activity_id, programme_id) VALUES (10086, '2018-04-19', 4, null, 10010);
INSERT INTO realisation(realisation_id, date, distance, activity_id, programme_id) VALUES (10087, '2018-04-20', 4, null, 10010);

INSERT INTO users (ID, USERNAME, PASSWORD, FIRSTNAME, LASTNAME, EMAIL, ENABLED, LASTPASSWORDRESETDATE, OBJECTIFHEBDO) VALUES (10011, "user11", "$2a$08$UkVvwpULis18S19S5pZFn.YHPZt3oaqHZnDwqbCW9pft6uFtkXKDC", "user11", "user11", "user11@user.com", 1, "2003/01/22", 12);
INSERT INTO user_authority (USER_ID, AUTHORITY_ID) VALUES (10011, 2);
INSERT INTO programme(programme_id, date_debut, user_id) VALUES (10011, '2018-04-23', 10011);
INSERT INTO activity(activity_id, date, distance, estrealisee, programme_id, sport_id) VALUES (10088, '2018-04-24', 5, 0, 10011, 1);
INSERT INTO activity(activity_id, date, distance, estrealisee, programme_id, sport_id) VALUES (10089, '2018-04-25', 5, 0, 10011, 1);
INSERT INTO activity(activity_id, date, distance, estrealisee, programme_id, sport_id) VALUES (10090, '2018-04-26', 5, 0, 10011, 1);
INSERT INTO activity(activity_id, date, distance, estrealisee, programme_id, sport_id) VALUES (10091, '2018-04-27', 5, 0, 10011, 1);
INSERT INTO activity(activity_id, date, distance, estrealisee, programme_id, sport_id) VALUES (10092, '2018-04-17', 5, 1, 10011, 1);
INSERT INTO realisation(realisation_id, date, distance, activity_id, programme_id) VALUES (10088, '2018-04-17', 4, 10092, 10011);
INSERT INTO activity(activity_id, date, distance, estrealisee, programme_id, sport_id) VALUES (10093, '2018-04-18', 5, 1, 10011, 1);
INSERT INTO realisation(realisation_id, date, distance, activity_id, programme_id) VALUES (10089, '2018-04-18', 4, 10093, 10011);
INSERT INTO activity(activity_id, date, distance, estrealisee, programme_id, sport_id) VALUES (10094, '2018-04-19', 5, 1, 10011, 1);
INSERT INTO realisation(realisation_id, date, distance, activity_id, programme_id) VALUES (10090, '2018-04-19', 4, 10094, 10011);
INSERT INTO activity(activity_id, date, distance, estrealisee, programme_id, sport_id) VALUES (10095, '2018-04-20', 5, 1, 10011, 1);
INSERT INTO realisation(realisation_id, date, distance, activity_id, programme_id) VALUES (10091, '2018-04-20', 4, 10095, 10011);
INSERT INTO realisation(realisation_id, date, distance, activity_id, programme_id) VALUES (10092, '2018-04-17', 4, null, 10011);
INSERT INTO realisation(realisation_id, date, distance, activity_id, programme_id) VALUES (10093, '2018-04-18', 4, null, 10011);
INSERT INTO realisation(realisation_id, date, distance, activity_id, programme_id) VALUES (10094, '2018-04-19', 4, null, 10011);
INSERT INTO realisation(realisation_id, date, distance, activity_id, programme_id) VALUES (10095, '2018-04-20', 4, null, 10011);

INSERT INTO users (ID, USERNAME, PASSWORD, FIRSTNAME, LASTNAME, EMAIL, ENABLED, LASTPASSWORDRESETDATE, OBJECTIFHEBDO) VALUES (10012, "user12", "$2a$08$UkVvwpULis18S19S5pZFn.YHPZt3oaqHZnDwqbCW9pft6uFtkXKDC", "user12", "user12", "user12@user.com", 1, "2003/01/22", 18);
INSERT INTO user_authority (USER_ID, AUTHORITY_ID) VALUES (10012, 2);
INSERT INTO programme(programme_id, date_debut, user_id) VALUES (10012, '2018-04-23', 10012);
INSERT INTO activity(activity_id, date, distance, estrealisee, programme_id, sport_id) VALUES (10096, '2018-04-24', 5, 0, 10012, 1);
INSERT INTO activity(activity_id, date, distance, estrealisee, programme_id, sport_id) VALUES (10097, '2018-04-25', 5, 0, 10012, 1);
INSERT INTO activity(activity_id, date, distance, estrealisee, programme_id, sport_id) VALUES (10098, '2018-04-26', 5, 0, 10012, 1);
INSERT INTO activity(activity_id, date, distance, estrealisee, programme_id, sport_id) VALUES (10099, '2018-04-27', 5, 0, 10012, 1);
INSERT INTO activity(activity_id, date, distance, estrealisee, programme_id, sport_id) VALUES (10100, '2018-04-17', 5, 1, 10012, 1);
INSERT INTO realisation(realisation_id, date, distance, activity_id, programme_id) VALUES (10096, '2018-04-17', 4, 10100, 10012);
INSERT INTO activity(activity_id, date, distance, estrealisee, programme_id, sport_id) VALUES (10101, '2018-04-18', 5, 1, 10012, 1);
INSERT INTO realisation(realisation_id, date, distance, activity_id, programme_id) VALUES (10097, '2018-04-18', 4, 10101, 10012);
INSERT INTO activity(activity_id, date, distance, estrealisee, programme_id, sport_id) VALUES (10102, '2018-04-19', 5, 1, 10012, 1);
INSERT INTO realisation(realisation_id, date, distance, activity_id, programme_id) VALUES (10098, '2018-04-19', 4, 10102, 10012);
INSERT INTO activity(activity_id, date, distance, estrealisee, programme_id, sport_id) VALUES (10103, '2018-04-20', 5, 1, 10012, 1);
INSERT INTO realisation(realisation_id, date, distance, activity_id, programme_id) VALUES (10099, '2018-04-20', 4, 10103, 10012);
INSERT INTO realisation(realisation_id, date, distance, activity_id, programme_id) VALUES (10100, '2018-04-17', 4, null, 10012);
INSERT INTO realisation(realisation_id, date, distance, activity_id, programme_id) VALUES (10101, '2018-04-18', 4, null, 10012);
INSERT INTO realisation(realisation_id, date, distance, activity_id, programme_id) VALUES (10102, '2018-04-19', 4, null, 10012);
INSERT INTO realisation(realisation_id, date, distance, activity_id, programme_id) VALUES (10103, '2018-04-20', 4, null, 10012);

INSERT INTO users (ID, USERNAME, PASSWORD, FIRSTNAME, LASTNAME, EMAIL, ENABLED, LASTPASSWORDRESETDATE, OBJECTIFHEBDO) VALUES (10013, "user13", "$2a$08$UkVvwpULis18S19S5pZFn.YHPZt3oaqHZnDwqbCW9pft6uFtkXKDC", "user13", "user13", "user13@user.com", 1, "2003/01/22", 7);
INSERT INTO user_authority (USER_ID, AUTHORITY_ID) VALUES (10013, 2);
INSERT INTO programme(programme_id, date_debut, user_id) VALUES (10013, '2018-04-23', 10013);
INSERT INTO activity(activity_id, date, distance, estrealisee, programme_id, sport_id) VALUES (10104, '2018-04-24', 5, 0, 10013, 1);
INSERT INTO activity(activity_id, date, distance, estrealisee, programme_id, sport_id) VALUES (10105, '2018-04-25', 5, 0, 10013, 1);
INSERT INTO activity(activity_id, date, distance, estrealisee, programme_id, sport_id) VALUES (10106, '2018-04-26', 5, 0, 10013, 1);
INSERT INTO activity(activity_id, date, distance, estrealisee, programme_id, sport_id) VALUES (10107, '2018-04-27', 5, 0, 10013, 1);
INSERT INTO activity(activity_id, date, distance, estrealisee, programme_id, sport_id) VALUES (10108, '2018-04-17', 5, 1, 10013, 1);
INSERT INTO realisation(realisation_id, date, distance, activity_id, programme_id) VALUES (10104, '2018-04-17', 4, 10108, 10013);
INSERT INTO activity(activity_id, date, distance, estrealisee, programme_id, sport_id) VALUES (10109, '2018-04-18', 5, 1, 10013, 1);
INSERT INTO realisation(realisation_id, date, distance, activity_id, programme_id) VALUES (10105, '2018-04-18', 4, 10109, 10013);
INSERT INTO activity(activity_id, date, distance, estrealisee, programme_id, sport_id) VALUES (10110, '2018-04-19', 5, 1, 10013, 1);
INSERT INTO realisation(realisation_id, date, distance, activity_id, programme_id) VALUES (10106, '2018-04-19', 4, 10110, 10013);
INSERT INTO activity(activity_id, date, distance, estrealisee, programme_id, sport_id) VALUES (10111, '2018-04-20', 5, 1, 10013, 1);
INSERT INTO realisation(realisation_id, date, distance, activity_id, programme_id) VALUES (10107, '2018-04-20', 4, 10111, 10013);
INSERT INTO realisation(realisation_id, date, distance, activity_id, programme_id) VALUES (10108, '2018-04-17', 4, null, 10013);
INSERT INTO realisation(realisation_id, date, distance, activity_id, programme_id) VALUES (10109, '2018-04-18', 4, null, 10013);
INSERT INTO realisation(realisation_id, date, distance, activity_id, programme_id) VALUES (10110, '2018-04-19', 4, null, 10013);
INSERT INTO realisation(realisation_id, date, distance, activity_id, programme_id) VALUES (10111, '2018-04-20', 4, null, 10013);

INSERT INTO users (ID, USERNAME, PASSWORD, FIRSTNAME, LASTNAME, EMAIL, ENABLED, LASTPASSWORDRESETDATE, OBJECTIFHEBDO) VALUES (10014, "user14", "$2a$08$UkVvwpULis18S19S5pZFn.YHPZt3oaqHZnDwqbCW9pft6uFtkXKDC", "user14", "user14", "user14@user.com", 1, "2003/01/22", 18);
INSERT INTO user_authority (USER_ID, AUTHORITY_ID) VALUES (10014, 2);
INSERT INTO programme(programme_id, date_debut, user_id) VALUES (10014, '2018-04-23', 10014);
INSERT INTO activity(activity_id, date, distance, estrealisee, programme_id, sport_id) VALUES (10112, '2018-04-24', 5, 0, 10014, 1);
INSERT INTO activity(activity_id, date, distance, estrealisee, programme_id, sport_id) VALUES (10113, '2018-04-25', 5, 0, 10014, 1);
INSERT INTO activity(activity_id, date, distance, estrealisee, programme_id, sport_id) VALUES (10114, '2018-04-26', 5, 0, 10014, 1);
INSERT INTO activity(activity_id, date, distance, estrealisee, programme_id, sport_id) VALUES (10115, '2018-04-27', 5, 0, 10014, 1);
INSERT INTO activity(activity_id, date, distance, estrealisee, programme_id, sport_id) VALUES (10116, '2018-04-17', 5, 1, 10014, 1);
INSERT INTO realisation(realisation_id, date, distance, activity_id, programme_id) VALUES (10112, '2018-04-17', 4, 10116, 10014);
INSERT INTO activity(activity_id, date, distance, estrealisee, programme_id, sport_id) VALUES (10117, '2018-04-18', 5, 1, 10014, 1);
INSERT INTO realisation(realisation_id, date, distance, activity_id, programme_id) VALUES (10113, '2018-04-18', 4, 10117, 10014);
INSERT INTO activity(activity_id, date, distance, estrealisee, programme_id, sport_id) VALUES (10118, '2018-04-19', 5, 1, 10014, 1);
INSERT INTO realisation(realisation_id, date, distance, activity_id, programme_id) VALUES (10114, '2018-04-19', 4, 10118, 10014);
INSERT INTO activity(activity_id, date, distance, estrealisee, programme_id, sport_id) VALUES (10119, '2018-04-20', 5, 1, 10014, 1);
INSERT INTO realisation(realisation_id, date, distance, activity_id, programme_id) VALUES (10115, '2018-04-20', 4, 10119, 10014);
INSERT INTO realisation(realisation_id, date, distance, activity_id, programme_id) VALUES (10116, '2018-04-17', 4, null, 10014);
INSERT INTO realisation(realisation_id, date, distance, activity_id, programme_id) VALUES (10117, '2018-04-18', 4, null, 10014);
INSERT INTO realisation(realisation_id, date, distance, activity_id, programme_id) VALUES (10118, '2018-04-19', 4, null, 10014);
INSERT INTO realisation(realisation_id, date, distance, activity_id, programme_id) VALUES (10119, '2018-04-20', 4, null, 10014);

INSERT INTO users (ID, USERNAME, PASSWORD, FIRSTNAME, LASTNAME, EMAIL, ENABLED, LASTPASSWORDRESETDATE, OBJECTIFHEBDO) VALUES (10015, "user15", "$2a$08$UkVvwpULis18S19S5pZFn.YHPZt3oaqHZnDwqbCW9pft6uFtkXKDC", "user15", "user15", "user15@user.com", 1, "2003/01/22", 13);
INSERT INTO user_authority (USER_ID, AUTHORITY_ID) VALUES (10015, 2);
INSERT INTO programme(programme_id, date_debut, user_id) VALUES (10015, '2018-04-23', 10015);
INSERT INTO activity(activity_id, date, distance, estrealisee, programme_id, sport_id) VALUES (10120, '2018-04-24', 5, 0, 10015, 1);
INSERT INTO activity(activity_id, date, distance, estrealisee, programme_id, sport_id) VALUES (10121, '2018-04-25', 5, 0, 10015, 1);
INSERT INTO activity(activity_id, date, distance, estrealisee, programme_id, sport_id) VALUES (10122, '2018-04-26', 5, 0, 10015, 1);
INSERT INTO activity(activity_id, date, distance, estrealisee, programme_id, sport_id) VALUES (10123, '2018-04-27', 5, 0, 10015, 1);
INSERT INTO activity(activity_id, date, distance, estrealisee, programme_id, sport_id) VALUES (10124, '2018-04-17', 5, 1, 10015, 1);
INSERT INTO realisation(realisation_id, date, distance, activity_id, programme_id) VALUES (10120, '2018-04-17', 4, 10124, 10015);
INSERT INTO activity(activity_id, date, distance, estrealisee, programme_id, sport_id) VALUES (10125, '2018-04-18', 5, 1, 10015, 1);
INSERT INTO realisation(realisation_id, date, distance, activity_id, programme_id) VALUES (10121, '2018-04-18', 4, 10125, 10015);
INSERT INTO activity(activity_id, date, distance, estrealisee, programme_id, sport_id) VALUES (10126, '2018-04-19', 5, 1, 10015, 1);
INSERT INTO realisation(realisation_id, date, distance, activity_id, programme_id) VALUES (10122, '2018-04-19', 4, 10126, 10015);
INSERT INTO activity(activity_id, date, distance, estrealisee, programme_id, sport_id) VALUES (10127, '2018-04-20', 5, 1, 10015, 1);
INSERT INTO realisation(realisation_id, date, distance, activity_id, programme_id) VALUES (10123, '2018-04-20', 4, 10127, 10015);
INSERT INTO realisation(realisation_id, date, distance, activity_id, programme_id) VALUES (10124, '2018-04-17', 4, null, 10015);
INSERT INTO realisation(realisation_id, date, distance, activity_id, programme_id) VALUES (10125, '2018-04-18', 4, null, 10015);
INSERT INTO realisation(realisation_id, date, distance, activity_id, programme_id) VALUES (10126, '2018-04-19', 4, null, 10015);
INSERT INTO realisation(realisation_id, date, distance, activity_id, programme_id) VALUES (10127, '2018-04-20', 4, null, 10015);

INSERT INTO users (ID, USERNAME, PASSWORD, FIRSTNAME, LASTNAME, EMAIL, ENABLED, LASTPASSWORDRESETDATE, OBJECTIFHEBDO) VALUES (10016, "user16", "$2a$08$UkVvwpULis18S19S5pZFn.YHPZt3oaqHZnDwqbCW9pft6uFtkXKDC", "user16", "user16", "user16@user.com", 1, "2003/01/22", 13);
INSERT INTO user_authority (USER_ID, AUTHORITY_ID) VALUES (10016, 2);
INSERT INTO programme(programme_id, date_debut, user_id) VALUES (10016, '2018-04-23', 10016);
INSERT INTO activity(activity_id, date, distance, estrealisee, programme_id, sport_id) VALUES (10128, '2018-04-24', 5, 0, 10016, 1);
INSERT INTO activity(activity_id, date, distance, estrealisee, programme_id, sport_id) VALUES (10129, '2018-04-25', 5, 0, 10016, 1);
INSERT INTO activity(activity_id, date, distance, estrealisee, programme_id, sport_id) VALUES (10130, '2018-04-26', 5, 0, 10016, 1);
INSERT INTO activity(activity_id, date, distance, estrealisee, programme_id, sport_id) VALUES (10131, '2018-04-27', 5, 0, 10016, 1);
INSERT INTO activity(activity_id, date, distance, estrealisee, programme_id, sport_id) VALUES (10132, '2018-04-17', 5, 1, 10016, 1);
INSERT INTO realisation(realisation_id, date, distance, activity_id, programme_id) VALUES (10128, '2018-04-17', 4, 10132, 10016);
INSERT INTO activity(activity_id, date, distance, estrealisee, programme_id, sport_id) VALUES (10133, '2018-04-18', 5, 1, 10016, 1);
INSERT INTO realisation(realisation_id, date, distance, activity_id, programme_id) VALUES (10129, '2018-04-18', 4, 10133, 10016);
INSERT INTO activity(activity_id, date, distance, estrealisee, programme_id, sport_id) VALUES (10134, '2018-04-19', 5, 1, 10016, 1);
INSERT INTO realisation(realisation_id, date, distance, activity_id, programme_id) VALUES (10130, '2018-04-19', 4, 10134, 10016);
INSERT INTO activity(activity_id, date, distance, estrealisee, programme_id, sport_id) VALUES (10135, '2018-04-20', 5, 1, 10016, 1);
INSERT INTO realisation(realisation_id, date, distance, activity_id, programme_id) VALUES (10131, '2018-04-20', 4, 10135, 10016);
INSERT INTO realisation(realisation_id, date, distance, activity_id, programme_id) VALUES (10132, '2018-04-17', 4, null, 10016);
INSERT INTO realisation(realisation_id, date, distance, activity_id, programme_id) VALUES (10133, '2018-04-18', 4, null, 10016);
INSERT INTO realisation(realisation_id, date, distance, activity_id, programme_id) VALUES (10134, '2018-04-19', 4, null, 10016);
INSERT INTO realisation(realisation_id, date, distance, activity_id, programme_id) VALUES (10135, '2018-04-20', 4, null, 10016);

INSERT INTO users (ID, USERNAME, PASSWORD, FIRSTNAME, LASTNAME, EMAIL, ENABLED, LASTPASSWORDRESETDATE, OBJECTIFHEBDO) VALUES (10017, "user17", "$2a$08$UkVvwpULis18S19S5pZFn.YHPZt3oaqHZnDwqbCW9pft6uFtkXKDC", "user17", "user17", "user17@user.com", 1, "2003/01/22", 17);
INSERT INTO user_authority (USER_ID, AUTHORITY_ID) VALUES (10017, 2);
INSERT INTO programme(programme_id, date_debut, user_id) VALUES (10017, '2018-04-23', 10017);
INSERT INTO activity(activity_id, date, distance, estrealisee, programme_id, sport_id) VALUES (10136, '2018-04-24', 5, 0, 10017, 1);
INSERT INTO activity(activity_id, date, distance, estrealisee, programme_id, sport_id) VALUES (10137, '2018-04-25', 5, 0, 10017, 1);
INSERT INTO activity(activity_id, date, distance, estrealisee, programme_id, sport_id) VALUES (10138, '2018-04-26', 5, 0, 10017, 1);
INSERT INTO activity(activity_id, date, distance, estrealisee, programme_id, sport_id) VALUES (10139, '2018-04-27', 5, 0, 10017, 1);
INSERT INTO activity(activity_id, date, distance, estrealisee, programme_id, sport_id) VALUES (10140, '2018-04-17', 5, 1, 10017, 1);
INSERT INTO realisation(realisation_id, date, distance, activity_id, programme_id) VALUES (10136, '2018-04-17', 4, 10140, 10017);
INSERT INTO activity(activity_id, date, distance, estrealisee, programme_id, sport_id) VALUES (10141, '2018-04-18', 5, 1, 10017, 1);
INSERT INTO realisation(realisation_id, date, distance, activity_id, programme_id) VALUES (10137, '2018-04-18', 4, 10141, 10017);
INSERT INTO activity(activity_id, date, distance, estrealisee, programme_id, sport_id) VALUES (10142, '2018-04-19', 5, 1, 10017, 1);
INSERT INTO realisation(realisation_id, date, distance, activity_id, programme_id) VALUES (10138, '2018-04-19', 4, 10142, 10017);
INSERT INTO activity(activity_id, date, distance, estrealisee, programme_id, sport_id) VALUES (10143, '2018-04-20', 5, 1, 10017, 1);
INSERT INTO realisation(realisation_id, date, distance, activity_id, programme_id) VALUES (10139, '2018-04-20', 4, 10143, 10017);
INSERT INTO realisation(realisation_id, date, distance, activity_id, programme_id) VALUES (10140, '2018-04-17', 4, null, 10017);
INSERT INTO realisation(realisation_id, date, distance, activity_id, programme_id) VALUES (10141, '2018-04-18', 4, null, 10017);
INSERT INTO realisation(realisation_id, date, distance, activity_id, programme_id) VALUES (10142, '2018-04-19', 4, null, 10017);
INSERT INTO realisation(realisation_id, date, distance, activity_id, programme_id) VALUES (10143, '2018-04-20', 4, null, 10017);

INSERT INTO users (ID, USERNAME, PASSWORD, FIRSTNAME, LASTNAME, EMAIL, ENABLED, LASTPASSWORDRESETDATE, OBJECTIFHEBDO) VALUES (10018, "user18", "$2a$08$UkVvwpULis18S19S5pZFn.YHPZt3oaqHZnDwqbCW9pft6uFtkXKDC", "user18", "user18", "user18@user.com", 1, "2003/01/22", 13);
INSERT INTO user_authority (USER_ID, AUTHORITY_ID) VALUES (10018, 2);
INSERT INTO programme(programme_id, date_debut, user_id) VALUES (10018, '2018-04-23', 10018);
INSERT INTO activity(activity_id, date, distance, estrealisee, programme_id, sport_id) VALUES (10144, '2018-04-24', 5, 0, 10018, 1);
INSERT INTO activity(activity_id, date, distance, estrealisee, programme_id, sport_id) VALUES (10145, '2018-04-25', 5, 0, 10018, 1);
INSERT INTO activity(activity_id, date, distance, estrealisee, programme_id, sport_id) VALUES (10146, '2018-04-26', 5, 0, 10018, 1);
INSERT INTO activity(activity_id, date, distance, estrealisee, programme_id, sport_id) VALUES (10147, '2018-04-27', 5, 0, 10018, 1);
INSERT INTO activity(activity_id, date, distance, estrealisee, programme_id, sport_id) VALUES (10148, '2018-04-17', 5, 1, 10018, 1);
INSERT INTO realisation(realisation_id, date, distance, activity_id, programme_id) VALUES (10144, '2018-04-17', 4, 10148, 10018);
INSERT INTO activity(activity_id, date, distance, estrealisee, programme_id, sport_id) VALUES (10149, '2018-04-18', 5, 1, 10018, 1);
INSERT INTO realisation(realisation_id, date, distance, activity_id, programme_id) VALUES (10145, '2018-04-18', 4, 10149, 10018);
INSERT INTO activity(activity_id, date, distance, estrealisee, programme_id, sport_id) VALUES (10150, '2018-04-19', 5, 1, 10018, 1);
INSERT INTO realisation(realisation_id, date, distance, activity_id, programme_id) VALUES (10146, '2018-04-19', 4, 10150, 10018);
INSERT INTO activity(activity_id, date, distance, estrealisee, programme_id, sport_id) VALUES (10151, '2018-04-20', 5, 1, 10018, 1);
INSERT INTO realisation(realisation_id, date, distance, activity_id, programme_id) VALUES (10147, '2018-04-20', 4, 10151, 10018);
INSERT INTO realisation(realisation_id, date, distance, activity_id, programme_id) VALUES (10148, '2018-04-17', 4, null, 10018);
INSERT INTO realisation(realisation_id, date, distance, activity_id, programme_id) VALUES (10149, '2018-04-18', 4, null, 10018);
INSERT INTO realisation(realisation_id, date, distance, activity_id, programme_id) VALUES (10150, '2018-04-19', 4, null, 10018);
INSERT INTO realisation(realisation_id, date, distance, activity_id, programme_id) VALUES (10151, '2018-04-20', 4, null, 10018);

INSERT INTO users (ID, USERNAME, PASSWORD, FIRSTNAME, LASTNAME, EMAIL, ENABLED, LASTPASSWORDRESETDATE, OBJECTIFHEBDO) VALUES (10019, "user19", "$2a$08$UkVvwpULis18S19S5pZFn.YHPZt3oaqHZnDwqbCW9pft6uFtkXKDC", "user19", "user19", "user19@user.com", 1, "2003/01/22", 19);
INSERT INTO user_authority (USER_ID, AUTHORITY_ID) VALUES (10019, 2);
INSERT INTO programme(programme_id, date_debut, user_id) VALUES (10019, '2018-04-23', 10019);
INSERT INTO activity(activity_id, date, distance, estrealisee, programme_id, sport_id) VALUES (10152, '2018-04-24', 5, 0, 10019, 1);
INSERT INTO activity(activity_id, date, distance, estrealisee, programme_id, sport_id) VALUES (10153, '2018-04-25', 5, 0, 10019, 1);
INSERT INTO activity(activity_id, date, distance, estrealisee, programme_id, sport_id) VALUES (10154, '2018-04-26', 5, 0, 10019, 1);
INSERT INTO activity(activity_id, date, distance, estrealisee, programme_id, sport_id) VALUES (10155, '2018-04-27', 5, 0, 10019, 1);
INSERT INTO activity(activity_id, date, distance, estrealisee, programme_id, sport_id) VALUES (10156, '2018-04-17', 5, 1, 10019, 1);
INSERT INTO realisation(realisation_id, date, distance, activity_id, programme_id) VALUES (10152, '2018-04-17', 4, 10156, 10019);
INSERT INTO activity(activity_id, date, distance, estrealisee, programme_id, sport_id) VALUES (10157, '2018-04-18', 5, 1, 10019, 1);
INSERT INTO realisation(realisation_id, date, distance, activity_id, programme_id) VALUES (10153, '2018-04-18', 4, 10157, 10019);
INSERT INTO activity(activity_id, date, distance, estrealisee, programme_id, sport_id) VALUES (10158, '2018-04-19', 5, 1, 10019, 1);
INSERT INTO realisation(realisation_id, date, distance, activity_id, programme_id) VALUES (10154, '2018-04-19', 4, 10158, 10019);
INSERT INTO activity(activity_id, date, distance, estrealisee, programme_id, sport_id) VALUES (10159, '2018-04-20', 5, 1, 10019, 1);
INSERT INTO realisation(realisation_id, date, distance, activity_id, programme_id) VALUES (10155, '2018-04-20', 4, 10159, 10019);
INSERT INTO realisation(realisation_id, date, distance, activity_id, programme_id) VALUES (10156, '2018-04-17', 4, null, 10019);
INSERT INTO realisation(realisation_id, date, distance, activity_id, programme_id) VALUES (10157, '2018-04-18', 4, null, 10019);
INSERT INTO realisation(realisation_id, date, distance, activity_id, programme_id) VALUES (10158, '2018-04-19', 4, null, 10019);
INSERT INTO realisation(realisation_id, date, distance, activity_id, programme_id) VALUES (10159, '2018-04-20', 4, null, 10019);

INSERT INTO users (ID, USERNAME, PASSWORD, FIRSTNAME, LASTNAME, EMAIL, ENABLED, LASTPASSWORDRESETDATE, OBJECTIFHEBDO) VALUES (10020, "user20", "$2a$08$UkVvwpULis18S19S5pZFn.YHPZt3oaqHZnDwqbCW9pft6uFtkXKDC", "user20", "user20", "user20@user.com", 1, "2003/01/22", 16);
INSERT INTO user_authority (USER_ID, AUTHORITY_ID) VALUES (10020, 2);
INSERT INTO programme(programme_id, date_debut, user_id) VALUES (10020, '2018-04-23', 10020);
INSERT INTO activity(activity_id, date, distance, estrealisee, programme_id, sport_id) VALUES (10160, '2018-04-24', 5, 0, 10020, 1);
INSERT INTO activity(activity_id, date, distance, estrealisee, programme_id, sport_id) VALUES (10161, '2018-04-25', 5, 0, 10020, 1);
INSERT INTO activity(activity_id, date, distance, estrealisee, programme_id, sport_id) VALUES (10162, '2018-04-26', 5, 0, 10020, 1);
INSERT INTO activity(activity_id, date, distance, estrealisee, programme_id, sport_id) VALUES (10163, '2018-04-27', 5, 0, 10020, 1);
INSERT INTO activity(activity_id, date, distance, estrealisee, programme_id, sport_id) VALUES (10164, '2018-04-17', 5, 1, 10020, 1);
INSERT INTO realisation(realisation_id, date, distance, activity_id, programme_id) VALUES (10160, '2018-04-17', 4, 10164, 10020);
INSERT INTO activity(activity_id, date, distance, estrealisee, programme_id, sport_id) VALUES (10165, '2018-04-18', 5, 1, 10020, 1);
INSERT INTO realisation(realisation_id, date, distance, activity_id, programme_id) VALUES (10161, '2018-04-18', 4, 10165, 10020);
INSERT INTO activity(activity_id, date, distance, estrealisee, programme_id, sport_id) VALUES (10166, '2018-04-19', 5, 1, 10020, 1);
INSERT INTO realisation(realisation_id, date, distance, activity_id, programme_id) VALUES (10162, '2018-04-19', 4, 10166, 10020);
INSERT INTO activity(activity_id, date, distance, estrealisee, programme_id, sport_id) VALUES (10167, '2018-04-20', 5, 1, 10020, 1);
INSERT INTO realisation(realisation_id, date, distance, activity_id, programme_id) VALUES (10163, '2018-04-20', 4, 10167, 10020);
INSERT INTO realisation(realisation_id, date, distance, activity_id, programme_id) VALUES (10164, '2018-04-17', 4, null, 10020);
INSERT INTO realisation(realisation_id, date, distance, activity_id, programme_id) VALUES (10165, '2018-04-18', 4, null, 10020);
INSERT INTO realisation(realisation_id, date, distance, activity_id, programme_id) VALUES (10166, '2018-04-19', 4, null, 10020);
INSERT INTO realisation(realisation_id, date, distance, activity_id, programme_id) VALUES (10167, '2018-04-20', 4, null, 10020);

INSERT INTO users (ID, USERNAME, PASSWORD, FIRSTNAME, LASTNAME, EMAIL, ENABLED, LASTPASSWORDRESETDATE, OBJECTIFHEBDO) VALUES (10021, "user21", "$2a$08$UkVvwpULis18S19S5pZFn.YHPZt3oaqHZnDwqbCW9pft6uFtkXKDC", "user21", "user21", "user21@user.com", 1, "2003/01/22", 19);
INSERT INTO user_authority (USER_ID, AUTHORITY_ID) VALUES (10021, 2);
INSERT INTO programme(programme_id, date_debut, user_id) VALUES (10021, '2018-04-23', 10021);
INSERT INTO activity(activity_id, date, distance, estrealisee, programme_id, sport_id) VALUES (10168, '2018-04-24', 5, 0, 10021, 1);
INSERT INTO activity(activity_id, date, distance, estrealisee, programme_id, sport_id) VALUES (10169, '2018-04-25', 5, 0, 10021, 1);
INSERT INTO activity(activity_id, date, distance, estrealisee, programme_id, sport_id) VALUES (10170, '2018-04-26', 5, 0, 10021, 1);
INSERT INTO activity(activity_id, date, distance, estrealisee, programme_id, sport_id) VALUES (10171, '2018-04-27', 5, 0, 10021, 1);
INSERT INTO activity(activity_id, date, distance, estrealisee, programme_id, sport_id) VALUES (10172, '2018-04-17', 5, 1, 10021, 1);
INSERT INTO realisation(realisation_id, date, distance, activity_id, programme_id) VALUES (10168, '2018-04-17', 4, 10172, 10021);
INSERT INTO activity(activity_id, date, distance, estrealisee, programme_id, sport_id) VALUES (10173, '2018-04-18', 5, 1, 10021, 1);
INSERT INTO realisation(realisation_id, date, distance, activity_id, programme_id) VALUES (10169, '2018-04-18', 4, 10173, 10021);
INSERT INTO activity(activity_id, date, distance, estrealisee, programme_id, sport_id) VALUES (10174, '2018-04-19', 5, 1, 10021, 1);
INSERT INTO realisation(realisation_id, date, distance, activity_id, programme_id) VALUES (10170, '2018-04-19', 4, 10174, 10021);
INSERT INTO activity(activity_id, date, distance, estrealisee, programme_id, sport_id) VALUES (10175, '2018-04-20', 5, 1, 10021, 1);
INSERT INTO realisation(realisation_id, date, distance, activity_id, programme_id) VALUES (10171, '2018-04-20', 4, 10175, 10021);
INSERT INTO realisation(realisation_id, date, distance, activity_id, programme_id) VALUES (10172, '2018-04-17', 4, null, 10021);
INSERT INTO realisation(realisation_id, date, distance, activity_id, programme_id) VALUES (10173, '2018-04-18', 4, null, 10021);
INSERT INTO realisation(realisation_id, date, distance, activity_id, programme_id) VALUES (10174, '2018-04-19', 4, null, 10021);
INSERT INTO realisation(realisation_id, date, distance, activity_id, programme_id) VALUES (10175, '2018-04-20', 4, null, 10021);

INSERT INTO users (ID, USERNAME, PASSWORD, FIRSTNAME, LASTNAME, EMAIL, ENABLED, LASTPASSWORDRESETDATE, OBJECTIFHEBDO) VALUES (10022, "user22", "$2a$08$UkVvwpULis18S19S5pZFn.YHPZt3oaqHZnDwqbCW9pft6uFtkXKDC", "user22", "user22", "user22@user.com", 1, "2003/01/22", 20);
INSERT INTO user_authority (USER_ID, AUTHORITY_ID) VALUES (10022, 2);
INSERT INTO programme(programme_id, date_debut, user_id) VALUES (10022, '2018-04-23', 10022);
INSERT INTO activity(activity_id, date, distance, estrealisee, programme_id, sport_id) VALUES (10176, '2018-04-24', 5, 0, 10022, 1);
INSERT INTO activity(activity_id, date, distance, estrealisee, programme_id, sport_id) VALUES (10177, '2018-04-25', 5, 0, 10022, 1);
INSERT INTO activity(activity_id, date, distance, estrealisee, programme_id, sport_id) VALUES (10178, '2018-04-26', 5, 0, 10022, 1);
INSERT INTO activity(activity_id, date, distance, estrealisee, programme_id, sport_id) VALUES (10179, '2018-04-27', 5, 0, 10022, 1);
INSERT INTO activity(activity_id, date, distance, estrealisee, programme_id, sport_id) VALUES (10180, '2018-04-17', 5, 1, 10022, 1);
INSERT INTO realisation(realisation_id, date, distance, activity_id, programme_id) VALUES (10176, '2018-04-17', 4, 10180, 10022);
INSERT INTO activity(activity_id, date, distance, estrealisee, programme_id, sport_id) VALUES (10181, '2018-04-18', 5, 1, 10022, 1);
INSERT INTO realisation(realisation_id, date, distance, activity_id, programme_id) VALUES (10177, '2018-04-18', 4, 10181, 10022);
INSERT INTO activity(activity_id, date, distance, estrealisee, programme_id, sport_id) VALUES (10182, '2018-04-19', 5, 1, 10022, 1);
INSERT INTO realisation(realisation_id, date, distance, activity_id, programme_id) VALUES (10178, '2018-04-19', 4, 10182, 10022);
INSERT INTO activity(activity_id, date, distance, estrealisee, programme_id, sport_id) VALUES (10183, '2018-04-20', 5, 1, 10022, 1);
INSERT INTO realisation(realisation_id, date, distance, activity_id, programme_id) VALUES (10179, '2018-04-20', 4, 10183, 10022);
INSERT INTO realisation(realisation_id, date, distance, activity_id, programme_id) VALUES (10180, '2018-04-17', 4, null, 10022);
INSERT INTO realisation(realisation_id, date, distance, activity_id, programme_id) VALUES (10181, '2018-04-18', 4, null, 10022);
INSERT INTO realisation(realisation_id, date, distance, activity_id, programme_id) VALUES (10182, '2018-04-19', 4, null, 10022);
INSERT INTO realisation(realisation_id, date, distance, activity_id, programme_id) VALUES (10183, '2018-04-20', 4, null, 10022);

INSERT INTO users (ID, USERNAME, PASSWORD, FIRSTNAME, LASTNAME, EMAIL, ENABLED, LASTPASSWORDRESETDATE, OBJECTIFHEBDO) VALUES (10023, "user23", "$2a$08$UkVvwpULis18S19S5pZFn.YHPZt3oaqHZnDwqbCW9pft6uFtkXKDC", "user23", "user23", "user23@user.com", 1, "2003/01/22", 17);
INSERT INTO user_authority (USER_ID, AUTHORITY_ID) VALUES (10023, 2);
INSERT INTO programme(programme_id, date_debut, user_id) VALUES (10023, '2018-04-23', 10023);
INSERT INTO activity(activity_id, date, distance, estrealisee, programme_id, sport_id) VALUES (10184, '2018-04-24', 5, 0, 10023, 1);
INSERT INTO activity(activity_id, date, distance, estrealisee, programme_id, sport_id) VALUES (10185, '2018-04-25', 5, 0, 10023, 1);
INSERT INTO activity(activity_id, date, distance, estrealisee, programme_id, sport_id) VALUES (10186, '2018-04-26', 5, 0, 10023, 1);
INSERT INTO activity(activity_id, date, distance, estrealisee, programme_id, sport_id) VALUES (10187, '2018-04-27', 5, 0, 10023, 1);
INSERT INTO activity(activity_id, date, distance, estrealisee, programme_id, sport_id) VALUES (10188, '2018-04-17', 5, 1, 10023, 1);
INSERT INTO realisation(realisation_id, date, distance, activity_id, programme_id) VALUES (10184, '2018-04-17', 4, 10188, 10023);
INSERT INTO activity(activity_id, date, distance, estrealisee, programme_id, sport_id) VALUES (10189, '2018-04-18', 5, 1, 10023, 1);
INSERT INTO realisation(realisation_id, date, distance, activity_id, programme_id) VALUES (10185, '2018-04-18', 4, 10189, 10023);
INSERT INTO activity(activity_id, date, distance, estrealisee, programme_id, sport_id) VALUES (10190, '2018-04-19', 5, 1, 10023, 1);
INSERT INTO realisation(realisation_id, date, distance, activity_id, programme_id) VALUES (10186, '2018-04-19', 4, 10190, 10023);
INSERT INTO activity(activity_id, date, distance, estrealisee, programme_id, sport_id) VALUES (10191, '2018-04-20', 5, 1, 10023, 1);
INSERT INTO realisation(realisation_id, date, distance, activity_id, programme_id) VALUES (10187, '2018-04-20', 4, 10191, 10023);
INSERT INTO realisation(realisation_id, date, distance, activity_id, programme_id) VALUES (10188, '2018-04-17', 4, null, 10023);
INSERT INTO realisation(realisation_id, date, distance, activity_id, programme_id) VALUES (10189, '2018-04-18', 4, null, 10023);
INSERT INTO realisation(realisation_id, date, distance, activity_id, programme_id) VALUES (10190, '2018-04-19', 4, null, 10023);
INSERT INTO realisation(realisation_id, date, distance, activity_id, programme_id) VALUES (10191, '2018-04-20', 4, null, 10023);

INSERT INTO users (ID, USERNAME, PASSWORD, FIRSTNAME, LASTNAME, EMAIL, ENABLED, LASTPASSWORDRESETDATE, OBJECTIFHEBDO) VALUES (10024, "user24", "$2a$08$UkVvwpULis18S19S5pZFn.YHPZt3oaqHZnDwqbCW9pft6uFtkXKDC", "user24", "user24", "user24@user.com", 1, "2003/01/22", 12);
INSERT INTO user_authority (USER_ID, AUTHORITY_ID) VALUES (10024, 2);
INSERT INTO programme(programme_id, date_debut, user_id) VALUES (10024, '2018-04-23', 10024);
INSERT INTO activity(activity_id, date, distance, estrealisee, programme_id, sport_id) VALUES (10192, '2018-04-24', 5, 0, 10024, 1);
INSERT INTO activity(activity_id, date, distance, estrealisee, programme_id, sport_id) VALUES (10193, '2018-04-25', 5, 0, 10024, 1);
INSERT INTO activity(activity_id, date, distance, estrealisee, programme_id, sport_id) VALUES (10194, '2018-04-26', 5, 0, 10024, 1);
INSERT INTO activity(activity_id, date, distance, estrealisee, programme_id, sport_id) VALUES (10195, '2018-04-27', 5, 0, 10024, 1);
INSERT INTO activity(activity_id, date, distance, estrealisee, programme_id, sport_id) VALUES (10196, '2018-04-17', 5, 1, 10024, 1);
INSERT INTO realisation(realisation_id, date, distance, activity_id, programme_id) VALUES (10192, '2018-04-17', 4, 10196, 10024);
INSERT INTO activity(activity_id, date, distance, estrealisee, programme_id, sport_id) VALUES (10197, '2018-04-18', 5, 1, 10024, 1);
INSERT INTO realisation(realisation_id, date, distance, activity_id, programme_id) VALUES (10193, '2018-04-18', 4, 10197, 10024);
INSERT INTO activity(activity_id, date, distance, estrealisee, programme_id, sport_id) VALUES (10198, '2018-04-19', 5, 1, 10024, 1);
INSERT INTO realisation(realisation_id, date, distance, activity_id, programme_id) VALUES (10194, '2018-04-19', 4, 10198, 10024);
INSERT INTO activity(activity_id, date, distance, estrealisee, programme_id, sport_id) VALUES (10199, '2018-04-20', 5, 1, 10024, 1);
INSERT INTO realisation(realisation_id, date, distance, activity_id, programme_id) VALUES (10195, '2018-04-20', 4, 10199, 10024);
INSERT INTO realisation(realisation_id, date, distance, activity_id, programme_id) VALUES (10196, '2018-04-17', 4, null, 10024);
INSERT INTO realisation(realisation_id, date, distance, activity_id, programme_id) VALUES (10197, '2018-04-18', 4, null, 10024);
INSERT INTO realisation(realisation_id, date, distance, activity_id, programme_id) VALUES (10198, '2018-04-19', 4, null, 10024);
INSERT INTO realisation(realisation_id, date, distance, activity_id, programme_id) VALUES (10199, '2018-04-20', 4, null, 10024);

INSERT INTO users (ID, USERNAME, PASSWORD, FIRSTNAME, LASTNAME, EMAIL, ENABLED, LASTPASSWORDRESETDATE, OBJECTIFHEBDO) VALUES (10025, "user25", "$2a$08$UkVvwpULis18S19S5pZFn.YHPZt3oaqHZnDwqbCW9pft6uFtkXKDC", "user25", "user25", "user25@user.com", 1, "2003/01/22", 16);
INSERT INTO user_authority (USER_ID, AUTHORITY_ID) VALUES (10025, 2);
INSERT INTO programme(programme_id, date_debut, user_id) VALUES (10025, '2018-04-23', 10025);
INSERT INTO activity(activity_id, date, distance, estrealisee, programme_id, sport_id) VALUES (10200, '2018-04-24', 5, 0, 10025, 1);
INSERT INTO activity(activity_id, date, distance, estrealisee, programme_id, sport_id) VALUES (10201, '2018-04-25', 5, 0, 10025, 1);
INSERT INTO activity(activity_id, date, distance, estrealisee, programme_id, sport_id) VALUES (10202, '2018-04-26', 5, 0, 10025, 1);
INSERT INTO activity(activity_id, date, distance, estrealisee, programme_id, sport_id) VALUES (10203, '2018-04-27', 5, 0, 10025, 1);
INSERT INTO activity(activity_id, date, distance, estrealisee, programme_id, sport_id) VALUES (10204, '2018-04-17', 5, 1, 10025, 1);
INSERT INTO realisation(realisation_id, date, distance, activity_id, programme_id) VALUES (10200, '2018-04-17', 4, 10204, 10025);
INSERT INTO activity(activity_id, date, distance, estrealisee, programme_id, sport_id) VALUES (10205, '2018-04-18', 5, 1, 10025, 1);
INSERT INTO realisation(realisation_id, date, distance, activity_id, programme_id) VALUES (10201, '2018-04-18', 4, 10205, 10025);
INSERT INTO activity(activity_id, date, distance, estrealisee, programme_id, sport_id) VALUES (10206, '2018-04-19', 5, 1, 10025, 1);
INSERT INTO realisation(realisation_id, date, distance, activity_id, programme_id) VALUES (10202, '2018-04-19', 4, 10206, 10025);
INSERT INTO activity(activity_id, date, distance, estrealisee, programme_id, sport_id) VALUES (10207, '2018-04-20', 5, 1, 10025, 1);
INSERT INTO realisation(realisation_id, date, distance, activity_id, programme_id) VALUES (10203, '2018-04-20', 4, 10207, 10025);
INSERT INTO realisation(realisation_id, date, distance, activity_id, programme_id) VALUES (10204, '2018-04-17', 4, null, 10025);
INSERT INTO realisation(realisation_id, date, distance, activity_id, programme_id) VALUES (10205, '2018-04-18', 4, null, 10025);
INSERT INTO realisation(realisation_id, date, distance, activity_id, programme_id) VALUES (10206, '2018-04-19', 4, null, 10025);
INSERT INTO realisation(realisation_id, date, distance, activity_id, programme_id) VALUES (10207, '2018-04-20', 4, null, 10025);

INSERT INTO users (ID, USERNAME, PASSWORD, FIRSTNAME, LASTNAME, EMAIL, ENABLED, LASTPASSWORDRESETDATE, OBJECTIFHEBDO) VALUES (10026, "user26", "$2a$08$UkVvwpULis18S19S5pZFn.YHPZt3oaqHZnDwqbCW9pft6uFtkXKDC", "user26", "user26", "user26@user.com", 1, "2003/01/22", 13);
INSERT INTO user_authority (USER_ID, AUTHORITY_ID) VALUES (10026, 2);
INSERT INTO programme(programme_id, date_debut, user_id) VALUES (10026, '2018-04-23', 10026);
INSERT INTO activity(activity_id, date, distance, estrealisee, programme_id, sport_id) VALUES (10208, '2018-04-24', 5, 0, 10026, 1);
INSERT INTO activity(activity_id, date, distance, estrealisee, programme_id, sport_id) VALUES (10209, '2018-04-25', 5, 0, 10026, 1);
INSERT INTO activity(activity_id, date, distance, estrealisee, programme_id, sport_id) VALUES (10210, '2018-04-26', 5, 0, 10026, 1);
INSERT INTO activity(activity_id, date, distance, estrealisee, programme_id, sport_id) VALUES (10211, '2018-04-27', 5, 0, 10026, 1);
INSERT INTO activity(activity_id, date, distance, estrealisee, programme_id, sport_id) VALUES (10212, '2018-04-17', 5, 1, 10026, 1);
INSERT INTO realisation(realisation_id, date, distance, activity_id, programme_id) VALUES (10208, '2018-04-17', 4, 10212, 10026);
INSERT INTO activity(activity_id, date, distance, estrealisee, programme_id, sport_id) VALUES (10213, '2018-04-18', 5, 1, 10026, 1);
INSERT INTO realisation(realisation_id, date, distance, activity_id, programme_id) VALUES (10209, '2018-04-18', 4, 10213, 10026);
INSERT INTO activity(activity_id, date, distance, estrealisee, programme_id, sport_id) VALUES (10214, '2018-04-19', 5, 1, 10026, 1);
INSERT INTO realisation(realisation_id, date, distance, activity_id, programme_id) VALUES (10210, '2018-04-19', 4, 10214, 10026);
INSERT INTO activity(activity_id, date, distance, estrealisee, programme_id, sport_id) VALUES (10215, '2018-04-20', 5, 1, 10026, 1);
INSERT INTO realisation(realisation_id, date, distance, activity_id, programme_id) VALUES (10211, '2018-04-20', 4, 10215, 10026);
INSERT INTO realisation(realisation_id, date, distance, activity_id, programme_id) VALUES (10212, '2018-04-17', 4, null, 10026);
INSERT INTO realisation(realisation_id, date, distance, activity_id, programme_id) VALUES (10213, '2018-04-18', 4, null, 10026);
INSERT INTO realisation(realisation_id, date, distance, activity_id, programme_id) VALUES (10214, '2018-04-19', 4, null, 10026);
INSERT INTO realisation(realisation_id, date, distance, activity_id, programme_id) VALUES (10215, '2018-04-20', 4, null, 10026);

INSERT INTO users (ID, USERNAME, PASSWORD, FIRSTNAME, LASTNAME, EMAIL, ENABLED, LASTPASSWORDRESETDATE, OBJECTIFHEBDO) VALUES (10027, "user27", "$2a$08$UkVvwpULis18S19S5pZFn.YHPZt3oaqHZnDwqbCW9pft6uFtkXKDC", "user27", "user27", "user27@user.com", 1, "2003/01/22", 9);
INSERT INTO user_authority (USER_ID, AUTHORITY_ID) VALUES (10027, 2);
INSERT INTO programme(programme_id, date_debut, user_id) VALUES (10027, '2018-04-23', 10027);
INSERT INTO activity(activity_id, date, distance, estrealisee, programme_id, sport_id) VALUES (10216, '2018-04-24', 5, 0, 10027, 1);
INSERT INTO activity(activity_id, date, distance, estrealisee, programme_id, sport_id) VALUES (10217, '2018-04-25', 5, 0, 10027, 1);
INSERT INTO activity(activity_id, date, distance, estrealisee, programme_id, sport_id) VALUES (10218, '2018-04-26', 5, 0, 10027, 1);
INSERT INTO activity(activity_id, date, distance, estrealisee, programme_id, sport_id) VALUES (10219, '2018-04-27', 5, 0, 10027, 1);
INSERT INTO activity(activity_id, date, distance, estrealisee, programme_id, sport_id) VALUES (10220, '2018-04-17', 5, 1, 10027, 1);
INSERT INTO realisation(realisation_id, date, distance, activity_id, programme_id) VALUES (10216, '2018-04-17', 4, 10220, 10027);
INSERT INTO activity(activity_id, date, distance, estrealisee, programme_id, sport_id) VALUES (10221, '2018-04-18', 5, 1, 10027, 1);
INSERT INTO realisation(realisation_id, date, distance, activity_id, programme_id) VALUES (10217, '2018-04-18', 4, 10221, 10027);
INSERT INTO activity(activity_id, date, distance, estrealisee, programme_id, sport_id) VALUES (10222, '2018-04-19', 5, 1, 10027, 1);
INSERT INTO realisation(realisation_id, date, distance, activity_id, programme_id) VALUES (10218, '2018-04-19', 4, 10222, 10027);
INSERT INTO activity(activity_id, date, distance, estrealisee, programme_id, sport_id) VALUES (10223, '2018-04-20', 5, 1, 10027, 1);
INSERT INTO realisation(realisation_id, date, distance, activity_id, programme_id) VALUES (10219, '2018-04-20', 4, 10223, 10027);
INSERT INTO realisation(realisation_id, date, distance, activity_id, programme_id) VALUES (10220, '2018-04-17', 4, null, 10027);
INSERT INTO realisation(realisation_id, date, distance, activity_id, programme_id) VALUES (10221, '2018-04-18', 4, null, 10027);
INSERT INTO realisation(realisation_id, date, distance, activity_id, programme_id) VALUES (10222, '2018-04-19', 4, null, 10027);
INSERT INTO realisation(realisation_id, date, distance, activity_id, programme_id) VALUES (10223, '2018-04-20', 4, null, 10027);

INSERT INTO users (ID, USERNAME, PASSWORD, FIRSTNAME, LASTNAME, EMAIL, ENABLED, LASTPASSWORDRESETDATE, OBJECTIFHEBDO) VALUES (10028, "user28", "$2a$08$UkVvwpULis18S19S5pZFn.YHPZt3oaqHZnDwqbCW9pft6uFtkXKDC", "user28", "user28", "user28@user.com", 1, "2003/01/22", 14);
INSERT INTO user_authority (USER_ID, AUTHORITY_ID) VALUES (10028, 2);
INSERT INTO programme(programme_id, date_debut, user_id) VALUES (10028, '2018-04-23', 10028);
INSERT INTO activity(activity_id, date, distance, estrealisee, programme_id, sport_id) VALUES (10224, '2018-04-24', 5, 0, 10028, 1);
INSERT INTO activity(activity_id, date, distance, estrealisee, programme_id, sport_id) VALUES (10225, '2018-04-25', 5, 0, 10028, 1);
INSERT INTO activity(activity_id, date, distance, estrealisee, programme_id, sport_id) VALUES (10226, '2018-04-26', 5, 0, 10028, 1);
INSERT INTO activity(activity_id, date, distance, estrealisee, programme_id, sport_id) VALUES (10227, '2018-04-27', 5, 0, 10028, 1);
INSERT INTO activity(activity_id, date, distance, estrealisee, programme_id, sport_id) VALUES (10228, '2018-04-17', 5, 1, 10028, 1);
INSERT INTO realisation(realisation_id, date, distance, activity_id, programme_id) VALUES (10224, '2018-04-17', 4, 10228, 10028);
INSERT INTO activity(activity_id, date, distance, estrealisee, programme_id, sport_id) VALUES (10229, '2018-04-18', 5, 1, 10028, 1);
INSERT INTO realisation(realisation_id, date, distance, activity_id, programme_id) VALUES (10225, '2018-04-18', 4, 10229, 10028);
INSERT INTO activity(activity_id, date, distance, estrealisee, programme_id, sport_id) VALUES (10230, '2018-04-19', 5, 1, 10028, 1);
INSERT INTO realisation(realisation_id, date, distance, activity_id, programme_id) VALUES (10226, '2018-04-19', 4, 10230, 10028);
INSERT INTO activity(activity_id, date, distance, estrealisee, programme_id, sport_id) VALUES (10231, '2018-04-20', 5, 1, 10028, 1);
INSERT INTO realisation(realisation_id, date, distance, activity_id, programme_id) VALUES (10227, '2018-04-20', 4, 10231, 10028);
INSERT INTO realisation(realisation_id, date, distance, activity_id, programme_id) VALUES (10228, '2018-04-17', 4, null, 10028);
INSERT INTO realisation(realisation_id, date, distance, activity_id, programme_id) VALUES (10229, '2018-04-18', 4, null, 10028);
INSERT INTO realisation(realisation_id, date, distance, activity_id, programme_id) VALUES (10230, '2018-04-19', 4, null, 10028);
INSERT INTO realisation(realisation_id, date, distance, activity_id, programme_id) VALUES (10231, '2018-04-20', 4, null, 10028);

INSERT INTO users (ID, USERNAME, PASSWORD, FIRSTNAME, LASTNAME, EMAIL, ENABLED, LASTPASSWORDRESETDATE, OBJECTIFHEBDO) VALUES (10029, "user29", "$2a$08$UkVvwpULis18S19S5pZFn.YHPZt3oaqHZnDwqbCW9pft6uFtkXKDC", "user29", "user29", "user29@user.com", 1, "2003/01/22", 12);
INSERT INTO user_authority (USER_ID, AUTHORITY_ID) VALUES (10029, 2);
INSERT INTO programme(programme_id, date_debut, user_id) VALUES (10029, '2018-04-23', 10029);
INSERT INTO activity(activity_id, date, distance, estrealisee, programme_id, sport_id) VALUES (10232, '2018-04-24', 5, 0, 10029, 1);
INSERT INTO activity(activity_id, date, distance, estrealisee, programme_id, sport_id) VALUES (10233, '2018-04-25', 5, 0, 10029, 1);
INSERT INTO activity(activity_id, date, distance, estrealisee, programme_id, sport_id) VALUES (10234, '2018-04-26', 5, 0, 10029, 1);
INSERT INTO activity(activity_id, date, distance, estrealisee, programme_id, sport_id) VALUES (10235, '2018-04-27', 5, 0, 10029, 1);
INSERT INTO activity(activity_id, date, distance, estrealisee, programme_id, sport_id) VALUES (10236, '2018-04-17', 5, 1, 10029, 1);
INSERT INTO realisation(realisation_id, date, distance, activity_id, programme_id) VALUES (10232, '2018-04-17', 4, 10236, 10029);
INSERT INTO activity(activity_id, date, distance, estrealisee, programme_id, sport_id) VALUES (10237, '2018-04-18', 5, 1, 10029, 1);
INSERT INTO realisation(realisation_id, date, distance, activity_id, programme_id) VALUES (10233, '2018-04-18', 4, 10237, 10029);
INSERT INTO activity(activity_id, date, distance, estrealisee, programme_id, sport_id) VALUES (10238, '2018-04-19', 5, 1, 10029, 1);
INSERT INTO realisation(realisation_id, date, distance, activity_id, programme_id) VALUES (10234, '2018-04-19', 4, 10238, 10029);
INSERT INTO activity(activity_id, date, distance, estrealisee, programme_id, sport_id) VALUES (10239, '2018-04-20', 5, 1, 10029, 1);
INSERT INTO realisation(realisation_id, date, distance, activity_id, programme_id) VALUES (10235, '2018-04-20', 4, 10239, 10029);
INSERT INTO realisation(realisation_id, date, distance, activity_id, programme_id) VALUES (10236, '2018-04-17', 4, null, 10029);
INSERT INTO realisation(realisation_id, date, distance, activity_id, programme_id) VALUES (10237, '2018-04-18', 4, null, 10029);
INSERT INTO realisation(realisation_id, date, distance, activity_id, programme_id) VALUES (10238, '2018-04-19', 4, null, 10029);
INSERT INTO realisation(realisation_id, date, distance, activity_id, programme_id) VALUES (10239, '2018-04-20', 4, null, 10029);

INSERT INTO users (ID, USERNAME, PASSWORD, FIRSTNAME, LASTNAME, EMAIL, ENABLED, LASTPASSWORDRESETDATE, OBJECTIFHEBDO) VALUES (10030, "user30", "$2a$08$UkVvwpULis18S19S5pZFn.YHPZt3oaqHZnDwqbCW9pft6uFtkXKDC", "user30", "user30", "user30@user.com", 1, "2003/01/22", 7);
INSERT INTO user_authority (USER_ID, AUTHORITY_ID) VALUES (10030, 2);
INSERT INTO programme(programme_id, date_debut, user_id) VALUES (10030, '2018-04-23', 10030);
INSERT INTO activity(activity_id, date, distance, estrealisee, programme_id, sport_id) VALUES (10240, '2018-04-24', 5, 0, 10030, 1);
INSERT INTO activity(activity_id, date, distance, estrealisee, programme_id, sport_id) VALUES (10241, '2018-04-25', 5, 0, 10030, 1);
INSERT INTO activity(activity_id, date, distance, estrealisee, programme_id, sport_id) VALUES (10242, '2018-04-26', 5, 0, 10030, 1);
INSERT INTO activity(activity_id, date, distance, estrealisee, programme_id, sport_id) VALUES (10243, '2018-04-27', 5, 0, 10030, 1);
INSERT INTO activity(activity_id, date, distance, estrealisee, programme_id, sport_id) VALUES (10244, '2018-04-17', 5, 1, 10030, 1);
INSERT INTO realisation(realisation_id, date, distance, activity_id, programme_id) VALUES (10240, '2018-04-17', 4, 10244, 10030);
INSERT INTO activity(activity_id, date, distance, estrealisee, programme_id, sport_id) VALUES (10245, '2018-04-18', 5, 1, 10030, 1);
INSERT INTO realisation(realisation_id, date, distance, activity_id, programme_id) VALUES (10241, '2018-04-18', 4, 10245, 10030);
INSERT INTO activity(activity_id, date, distance, estrealisee, programme_id, sport_id) VALUES (10246, '2018-04-19', 5, 1, 10030, 1);
INSERT INTO realisation(realisation_id, date, distance, activity_id, programme_id) VALUES (10242, '2018-04-19', 4, 10246, 10030);
INSERT INTO activity(activity_id, date, distance, estrealisee, programme_id, sport_id) VALUES (10247, '2018-04-20', 5, 1, 10030, 1);
INSERT INTO realisation(realisation_id, date, distance, activity_id, programme_id) VALUES (10243, '2018-04-20', 4, 10247, 10030);
INSERT INTO realisation(realisation_id, date, distance, activity_id, programme_id) VALUES (10244, '2018-04-17', 4, null, 10030);
INSERT INTO realisation(realisation_id, date, distance, activity_id, programme_id) VALUES (10245, '2018-04-18', 4, null, 10030);
INSERT INTO realisation(realisation_id, date, distance, activity_id, programme_id) VALUES (10246, '2018-04-19', 4, null, 10030);
INSERT INTO realisation(realisation_id, date, distance, activity_id, programme_id) VALUES (10247, '2018-04-20', 4, null, 10030);

INSERT INTO users (ID, USERNAME, PASSWORD, FIRSTNAME, LASTNAME, EMAIL, ENABLED, LASTPASSWORDRESETDATE, OBJECTIFHEBDO) VALUES (10031, "user31", "$2a$08$UkVvwpULis18S19S5pZFn.YHPZt3oaqHZnDwqbCW9pft6uFtkXKDC", "user31", "user31", "user31@user.com", 1, "2003/01/22", 8);
INSERT INTO user_authority (USER_ID, AUTHORITY_ID) VALUES (10031, 2);
INSERT INTO programme(programme_id, date_debut, user_id) VALUES (10031, '2018-04-23', 10031);
INSERT INTO activity(activity_id, date, distance, estrealisee, programme_id, sport_id) VALUES (10248, '2018-04-24', 5, 0, 10031, 1);
INSERT INTO activity(activity_id, date, distance, estrealisee, programme_id, sport_id) VALUES (10249, '2018-04-25', 5, 0, 10031, 1);
INSERT INTO activity(activity_id, date, distance, estrealisee, programme_id, sport_id) VALUES (10250, '2018-04-26', 5, 0, 10031, 1);
INSERT INTO activity(activity_id, date, distance, estrealisee, programme_id, sport_id) VALUES (10251, '2018-04-27', 5, 0, 10031, 1);
INSERT INTO activity(activity_id, date, distance, estrealisee, programme_id, sport_id) VALUES (10252, '2018-04-17', 5, 1, 10031, 1);
INSERT INTO realisation(realisation_id, date, distance, activity_id, programme_id) VALUES (10248, '2018-04-17', 4, 10252, 10031);
INSERT INTO activity(activity_id, date, distance, estrealisee, programme_id, sport_id) VALUES (10253, '2018-04-18', 5, 1, 10031, 1);
INSERT INTO realisation(realisation_id, date, distance, activity_id, programme_id) VALUES (10249, '2018-04-18', 4, 10253, 10031);
INSERT INTO activity(activity_id, date, distance, estrealisee, programme_id, sport_id) VALUES (10254, '2018-04-19', 5, 1, 10031, 1);
INSERT INTO realisation(realisation_id, date, distance, activity_id, programme_id) VALUES (10250, '2018-04-19', 4, 10254, 10031);
INSERT INTO activity(activity_id, date, distance, estrealisee, programme_id, sport_id) VALUES (10255, '2018-04-20', 5, 1, 10031, 1);
INSERT INTO realisation(realisation_id, date, distance, activity_id, programme_id) VALUES (10251, '2018-04-20', 4, 10255, 10031);
INSERT INTO realisation(realisation_id, date, distance, activity_id, programme_id) VALUES (10252, '2018-04-17', 4, null, 10031);
INSERT INTO realisation(realisation_id, date, distance, activity_id, programme_id) VALUES (10253, '2018-04-18', 4, null, 10031);
INSERT INTO realisation(realisation_id, date, distance, activity_id, programme_id) VALUES (10254, '2018-04-19', 4, null, 10031);
INSERT INTO realisation(realisation_id, date, distance, activity_id, programme_id) VALUES (10255, '2018-04-20', 4, null, 10031);

INSERT INTO users (ID, USERNAME, PASSWORD, FIRSTNAME, LASTNAME, EMAIL, ENABLED, LASTPASSWORDRESETDATE, OBJECTIFHEBDO) VALUES (10032, "user32", "$2a$08$UkVvwpULis18S19S5pZFn.YHPZt3oaqHZnDwqbCW9pft6uFtkXKDC", "user32", "user32", "user32@user.com", 1, "2003/01/22", 17);
INSERT INTO user_authority (USER_ID, AUTHORITY_ID) VALUES (10032, 2);
INSERT INTO programme(programme_id, date_debut, user_id) VALUES (10032, '2018-04-23', 10032);
INSERT INTO activity(activity_id, date, distance, estrealisee, programme_id, sport_id) VALUES (10256, '2018-04-24', 5, 0, 10032, 1);
INSERT INTO activity(activity_id, date, distance, estrealisee, programme_id, sport_id) VALUES (10257, '2018-04-25', 5, 0, 10032, 1);
INSERT INTO activity(activity_id, date, distance, estrealisee, programme_id, sport_id) VALUES (10258, '2018-04-26', 5, 0, 10032, 1);
INSERT INTO activity(activity_id, date, distance, estrealisee, programme_id, sport_id) VALUES (10259, '2018-04-27', 5, 0, 10032, 1);
INSERT INTO activity(activity_id, date, distance, estrealisee, programme_id, sport_id) VALUES (10260, '2018-04-17', 5, 1, 10032, 1);
INSERT INTO realisation(realisation_id, date, distance, activity_id, programme_id) VALUES (10256, '2018-04-17', 4, 10260, 10032);
INSERT INTO activity(activity_id, date, distance, estrealisee, programme_id, sport_id) VALUES (10261, '2018-04-18', 5, 1, 10032, 1);
INSERT INTO realisation(realisation_id, date, distance, activity_id, programme_id) VALUES (10257, '2018-04-18', 4, 10261, 10032);
INSERT INTO activity(activity_id, date, distance, estrealisee, programme_id, sport_id) VALUES (10262, '2018-04-19', 5, 1, 10032, 1);
INSERT INTO realisation(realisation_id, date, distance, activity_id, programme_id) VALUES (10258, '2018-04-19', 4, 10262, 10032);
INSERT INTO activity(activity_id, date, distance, estrealisee, programme_id, sport_id) VALUES (10263, '2018-04-20', 5, 1, 10032, 1);
INSERT INTO realisation(realisation_id, date, distance, activity_id, programme_id) VALUES (10259, '2018-04-20', 4, 10263, 10032);
INSERT INTO realisation(realisation_id, date, distance, activity_id, programme_id) VALUES (10260, '2018-04-17', 4, null, 10032);
INSERT INTO realisation(realisation_id, date, distance, activity_id, programme_id) VALUES (10261, '2018-04-18', 4, null, 10032);
INSERT INTO realisation(realisation_id, date, distance, activity_id, programme_id) VALUES (10262, '2018-04-19', 4, null, 10032);
INSERT INTO realisation(realisation_id, date, distance, activity_id, programme_id) VALUES (10263, '2018-04-20', 4, null, 10032);

INSERT INTO users (ID, USERNAME, PASSWORD, FIRSTNAME, LASTNAME, EMAIL, ENABLED, LASTPASSWORDRESETDATE, OBJECTIFHEBDO) VALUES (10033, "user33", "$2a$08$UkVvwpULis18S19S5pZFn.YHPZt3oaqHZnDwqbCW9pft6uFtkXKDC", "user33", "user33", "user33@user.com", 1, "2003/01/22", 14);
INSERT INTO user_authority (USER_ID, AUTHORITY_ID) VALUES (10033, 2);
INSERT INTO programme(programme_id, date_debut, user_id) VALUES (10033, '2018-04-23', 10033);
INSERT INTO activity(activity_id, date, distance, estrealisee, programme_id, sport_id) VALUES (10264, '2018-04-24', 5, 0, 10033, 1);
INSERT INTO activity(activity_id, date, distance, estrealisee, programme_id, sport_id) VALUES (10265, '2018-04-25', 5, 0, 10033, 1);
INSERT INTO activity(activity_id, date, distance, estrealisee, programme_id, sport_id) VALUES (10266, '2018-04-26', 5, 0, 10033, 1);
INSERT INTO activity(activity_id, date, distance, estrealisee, programme_id, sport_id) VALUES (10267, '2018-04-27', 5, 0, 10033, 1);
INSERT INTO activity(activity_id, date, distance, estrealisee, programme_id, sport_id) VALUES (10268, '2018-04-17', 5, 1, 10033, 1);
INSERT INTO realisation(realisation_id, date, distance, activity_id, programme_id) VALUES (10264, '2018-04-17', 4, 10268, 10033);
INSERT INTO activity(activity_id, date, distance, estrealisee, programme_id, sport_id) VALUES (10269, '2018-04-18', 5, 1, 10033, 1);
INSERT INTO realisation(realisation_id, date, distance, activity_id, programme_id) VALUES (10265, '2018-04-18', 4, 10269, 10033);
INSERT INTO activity(activity_id, date, distance, estrealisee, programme_id, sport_id) VALUES (10270, '2018-04-19', 5, 1, 10033, 1);
INSERT INTO realisation(realisation_id, date, distance, activity_id, programme_id) VALUES (10266, '2018-04-19', 4, 10270, 10033);
INSERT INTO activity(activity_id, date, distance, estrealisee, programme_id, sport_id) VALUES (10271, '2018-04-20', 5, 1, 10033, 1);
INSERT INTO realisation(realisation_id, date, distance, activity_id, programme_id) VALUES (10267, '2018-04-20', 4, 10271, 10033);
INSERT INTO realisation(realisation_id, date, distance, activity_id, programme_id) VALUES (10268, '2018-04-17', 4, null, 10033);
INSERT INTO realisation(realisation_id, date, distance, activity_id, programme_id) VALUES (10269, '2018-04-18', 4, null, 10033);
INSERT INTO realisation(realisation_id, date, distance, activity_id, programme_id) VALUES (10270, '2018-04-19', 4, null, 10033);
INSERT INTO realisation(realisation_id, date, distance, activity_id, programme_id) VALUES (10271, '2018-04-20', 4, null, 10033);

INSERT INTO users (ID, USERNAME, PASSWORD, FIRSTNAME, LASTNAME, EMAIL, ENABLED, LASTPASSWORDRESETDATE, OBJECTIFHEBDO) VALUES (10034, "user34", "$2a$08$UkVvwpULis18S19S5pZFn.YHPZt3oaqHZnDwqbCW9pft6uFtkXKDC", "user34", "user34", "user34@user.com", 1, "2003/01/22", 14);
INSERT INTO user_authority (USER_ID, AUTHORITY_ID) VALUES (10034, 2);
INSERT INTO programme(programme_id, date_debut, user_id) VALUES (10034, '2018-04-23', 10034);
INSERT INTO activity(activity_id, date, distance, estrealisee, programme_id, sport_id) VALUES (10272, '2018-04-24', 5, 0, 10034, 1);
INSERT INTO activity(activity_id, date, distance, estrealisee, programme_id, sport_id) VALUES (10273, '2018-04-25', 5, 0, 10034, 1);
INSERT INTO activity(activity_id, date, distance, estrealisee, programme_id, sport_id) VALUES (10274, '2018-04-26', 5, 0, 10034, 1);
INSERT INTO activity(activity_id, date, distance, estrealisee, programme_id, sport_id) VALUES (10275, '2018-04-27', 5, 0, 10034, 1);
INSERT INTO activity(activity_id, date, distance, estrealisee, programme_id, sport_id) VALUES (10276, '2018-04-17', 5, 1, 10034, 1);
INSERT INTO realisation(realisation_id, date, distance, activity_id, programme_id) VALUES (10272, '2018-04-17', 4, 10276, 10034);
INSERT INTO activity(activity_id, date, distance, estrealisee, programme_id, sport_id) VALUES (10277, '2018-04-18', 5, 1, 10034, 1);
INSERT INTO realisation(realisation_id, date, distance, activity_id, programme_id) VALUES (10273, '2018-04-18', 4, 10277, 10034);
INSERT INTO activity(activity_id, date, distance, estrealisee, programme_id, sport_id) VALUES (10278, '2018-04-19', 5, 1, 10034, 1);
INSERT INTO realisation(realisation_id, date, distance, activity_id, programme_id) VALUES (10274, '2018-04-19', 4, 10278, 10034);
INSERT INTO activity(activity_id, date, distance, estrealisee, programme_id, sport_id) VALUES (10279, '2018-04-20', 5, 1, 10034, 1);
INSERT INTO realisation(realisation_id, date, distance, activity_id, programme_id) VALUES (10275, '2018-04-20', 4, 10279, 10034);
INSERT INTO realisation(realisation_id, date, distance, activity_id, programme_id) VALUES (10276, '2018-04-17', 4, null, 10034);
INSERT INTO realisation(realisation_id, date, distance, activity_id, programme_id) VALUES (10277, '2018-04-18', 4, null, 10034);
INSERT INTO realisation(realisation_id, date, distance, activity_id, programme_id) VALUES (10278, '2018-04-19', 4, null, 10034);
INSERT INTO realisation(realisation_id, date, distance, activity_id, programme_id) VALUES (10279, '2018-04-20', 4, null, 10034);

INSERT INTO users (ID, USERNAME, PASSWORD, FIRSTNAME, LASTNAME, EMAIL, ENABLED, LASTPASSWORDRESETDATE, OBJECTIFHEBDO) VALUES (10035, "user35", "$2a$08$UkVvwpULis18S19S5pZFn.YHPZt3oaqHZnDwqbCW9pft6uFtkXKDC", "user35", "user35", "user35@user.com", 1, "2003/01/22", 10);
INSERT INTO user_authority (USER_ID, AUTHORITY_ID) VALUES (10035, 2);
INSERT INTO programme(programme_id, date_debut, user_id) VALUES (10035, '2018-04-23', 10035);
INSERT INTO activity(activity_id, date, distance, estrealisee, programme_id, sport_id) VALUES (10280, '2018-04-24', 5, 0, 10035, 1);
INSERT INTO activity(activity_id, date, distance, estrealisee, programme_id, sport_id) VALUES (10281, '2018-04-25', 5, 0, 10035, 1);
INSERT INTO activity(activity_id, date, distance, estrealisee, programme_id, sport_id) VALUES (10282, '2018-04-26', 5, 0, 10035, 1);
INSERT INTO activity(activity_id, date, distance, estrealisee, programme_id, sport_id) VALUES (10283, '2018-04-27', 5, 0, 10035, 1);
INSERT INTO activity(activity_id, date, distance, estrealisee, programme_id, sport_id) VALUES (10284, '2018-04-17', 5, 1, 10035, 1);
INSERT INTO realisation(realisation_id, date, distance, activity_id, programme_id) VALUES (10280, '2018-04-17', 4, 10284, 10035);
INSERT INTO activity(activity_id, date, distance, estrealisee, programme_id, sport_id) VALUES (10285, '2018-04-18', 5, 1, 10035, 1);
INSERT INTO realisation(realisation_id, date, distance, activity_id, programme_id) VALUES (10281, '2018-04-18', 4, 10285, 10035);
INSERT INTO activity(activity_id, date, distance, estrealisee, programme_id, sport_id) VALUES (10286, '2018-04-19', 5, 1, 10035, 1);
INSERT INTO realisation(realisation_id, date, distance, activity_id, programme_id) VALUES (10282, '2018-04-19', 4, 10286, 10035);
INSERT INTO activity(activity_id, date, distance, estrealisee, programme_id, sport_id) VALUES (10287, '2018-04-20', 5, 1, 10035, 1);
INSERT INTO realisation(realisation_id, date, distance, activity_id, programme_id) VALUES (10283, '2018-04-20', 4, 10287, 10035);
INSERT INTO realisation(realisation_id, date, distance, activity_id, programme_id) VALUES (10284, '2018-04-17', 4, null, 10035);
INSERT INTO realisation(realisation_id, date, distance, activity_id, programme_id) VALUES (10285, '2018-04-18', 4, null, 10035);
INSERT INTO realisation(realisation_id, date, distance, activity_id, programme_id) VALUES (10286, '2018-04-19', 4, null, 10035);
INSERT INTO realisation(realisation_id, date, distance, activity_id, programme_id) VALUES (10287, '2018-04-20', 4, null, 10035);

INSERT INTO users (ID, USERNAME, PASSWORD, FIRSTNAME, LASTNAME, EMAIL, ENABLED, LASTPASSWORDRESETDATE, OBJECTIFHEBDO) VALUES (10036, "user36", "$2a$08$UkVvwpULis18S19S5pZFn.YHPZt3oaqHZnDwqbCW9pft6uFtkXKDC", "user36", "user36", "user36@user.com", 1, "2003/01/22", 20);
INSERT INTO user_authority (USER_ID, AUTHORITY_ID) VALUES (10036, 2);
INSERT INTO programme(programme_id, date_debut, user_id) VALUES (10036, '2018-04-23', 10036);
INSERT INTO activity(activity_id, date, distance, estrealisee, programme_id, sport_id) VALUES (10288, '2018-04-24', 5, 0, 10036, 1);
INSERT INTO activity(activity_id, date, distance, estrealisee, programme_id, sport_id) VALUES (10289, '2018-04-25', 5, 0, 10036, 1);
INSERT INTO activity(activity_id, date, distance, estrealisee, programme_id, sport_id) VALUES (10290, '2018-04-26', 5, 0, 10036, 1);
INSERT INTO activity(activity_id, date, distance, estrealisee, programme_id, sport_id) VALUES (10291, '2018-04-27', 5, 0, 10036, 1);
INSERT INTO activity(activity_id, date, distance, estrealisee, programme_id, sport_id) VALUES (10292, '2018-04-17', 5, 1, 10036, 1);
INSERT INTO realisation(realisation_id, date, distance, activity_id, programme_id) VALUES (10288, '2018-04-17', 4, 10292, 10036);
INSERT INTO activity(activity_id, date, distance, estrealisee, programme_id, sport_id) VALUES (10293, '2018-04-18', 5, 1, 10036, 1);
INSERT INTO realisation(realisation_id, date, distance, activity_id, programme_id) VALUES (10289, '2018-04-18', 4, 10293, 10036);
INSERT INTO activity(activity_id, date, distance, estrealisee, programme_id, sport_id) VALUES (10294, '2018-04-19', 5, 1, 10036, 1);
INSERT INTO realisation(realisation_id, date, distance, activity_id, programme_id) VALUES (10290, '2018-04-19', 4, 10294, 10036);
INSERT INTO activity(activity_id, date, distance, estrealisee, programme_id, sport_id) VALUES (10295, '2018-04-20', 5, 1, 10036, 1);
INSERT INTO realisation(realisation_id, date, distance, activity_id, programme_id) VALUES (10291, '2018-04-20', 4, 10295, 10036);
INSERT INTO realisation(realisation_id, date, distance, activity_id, programme_id) VALUES (10292, '2018-04-17', 4, null, 10036);
INSERT INTO realisation(realisation_id, date, distance, activity_id, programme_id) VALUES (10293, '2018-04-18', 4, null, 10036);
INSERT INTO realisation(realisation_id, date, distance, activity_id, programme_id) VALUES (10294, '2018-04-19', 4, null, 10036);
INSERT INTO realisation(realisation_id, date, distance, activity_id, programme_id) VALUES (10295, '2018-04-20', 4, null, 10036);

INSERT INTO users (ID, USERNAME, PASSWORD, FIRSTNAME, LASTNAME, EMAIL, ENABLED, LASTPASSWORDRESETDATE, OBJECTIFHEBDO) VALUES (10037, "user37", "$2a$08$UkVvwpULis18S19S5pZFn.YHPZt3oaqHZnDwqbCW9pft6uFtkXKDC", "user37", "user37", "user37@user.com", 1, "2003/01/22", 14);
INSERT INTO user_authority (USER_ID, AUTHORITY_ID) VALUES (10037, 2);
INSERT INTO programme(programme_id, date_debut, user_id) VALUES (10037, '2018-04-23', 10037);
INSERT INTO activity(activity_id, date, distance, estrealisee, programme_id, sport_id) VALUES (10296, '2018-04-24', 5, 0, 10037, 1);
INSERT INTO activity(activity_id, date, distance, estrealisee, programme_id, sport_id) VALUES (10297, '2018-04-25', 5, 0, 10037, 1);
INSERT INTO activity(activity_id, date, distance, estrealisee, programme_id, sport_id) VALUES (10298, '2018-04-26', 5, 0, 10037, 1);
INSERT INTO activity(activity_id, date, distance, estrealisee, programme_id, sport_id) VALUES (10299, '2018-04-27', 5, 0, 10037, 1);
INSERT INTO activity(activity_id, date, distance, estrealisee, programme_id, sport_id) VALUES (10300, '2018-04-17', 5, 1, 10037, 1);
INSERT INTO realisation(realisation_id, date, distance, activity_id, programme_id) VALUES (10296, '2018-04-17', 4, 10300, 10037);
INSERT INTO activity(activity_id, date, distance, estrealisee, programme_id, sport_id) VALUES (10301, '2018-04-18', 5, 1, 10037, 1);
INSERT INTO realisation(realisation_id, date, distance, activity_id, programme_id) VALUES (10297, '2018-04-18', 4, 10301, 10037);
INSERT INTO activity(activity_id, date, distance, estrealisee, programme_id, sport_id) VALUES (10302, '2018-04-19', 5, 1, 10037, 1);
INSERT INTO realisation(realisation_id, date, distance, activity_id, programme_id) VALUES (10298, '2018-04-19', 4, 10302, 10037);
INSERT INTO activity(activity_id, date, distance, estrealisee, programme_id, sport_id) VALUES (10303, '2018-04-20', 5, 1, 10037, 1);
INSERT INTO realisation(realisation_id, date, distance, activity_id, programme_id) VALUES (10299, '2018-04-20', 4, 10303, 10037);
INSERT INTO realisation(realisation_id, date, distance, activity_id, programme_id) VALUES (10300, '2018-04-17', 4, null, 10037);
INSERT INTO realisation(realisation_id, date, distance, activity_id, programme_id) VALUES (10301, '2018-04-18', 4, null, 10037);
INSERT INTO realisation(realisation_id, date, distance, activity_id, programme_id) VALUES (10302, '2018-04-19', 4, null, 10037);
INSERT INTO realisation(realisation_id, date, distance, activity_id, programme_id) VALUES (10303, '2018-04-20', 4, null, 10037);

INSERT INTO users (ID, USERNAME, PASSWORD, FIRSTNAME, LASTNAME, EMAIL, ENABLED, LASTPASSWORDRESETDATE, OBJECTIFHEBDO) VALUES (10038, "user38", "$2a$08$UkVvwpULis18S19S5pZFn.YHPZt3oaqHZnDwqbCW9pft6uFtkXKDC", "user38", "user38", "user38@user.com", 1, "2003/01/22", 12);
INSERT INTO user_authority (USER_ID, AUTHORITY_ID) VALUES (10038, 2);
INSERT INTO programme(programme_id, date_debut, user_id) VALUES (10038, '2018-04-23', 10038);
INSERT INTO activity(activity_id, date, distance, estrealisee, programme_id, sport_id) VALUES (10304, '2018-04-24', 5, 0, 10038, 1);
INSERT INTO activity(activity_id, date, distance, estrealisee, programme_id, sport_id) VALUES (10305, '2018-04-25', 5, 0, 10038, 1);
INSERT INTO activity(activity_id, date, distance, estrealisee, programme_id, sport_id) VALUES (10306, '2018-04-26', 5, 0, 10038, 1);
INSERT INTO activity(activity_id, date, distance, estrealisee, programme_id, sport_id) VALUES (10307, '2018-04-27', 5, 0, 10038, 1);
INSERT INTO activity(activity_id, date, distance, estrealisee, programme_id, sport_id) VALUES (10308, '2018-04-17', 5, 1, 10038, 1);
INSERT INTO realisation(realisation_id, date, distance, activity_id, programme_id) VALUES (10304, '2018-04-17', 4, 10308, 10038);
INSERT INTO activity(activity_id, date, distance, estrealisee, programme_id, sport_id) VALUES (10309, '2018-04-18', 5, 1, 10038, 1);
INSERT INTO realisation(realisation_id, date, distance, activity_id, programme_id) VALUES (10305, '2018-04-18', 4, 10309, 10038);
INSERT INTO activity(activity_id, date, distance, estrealisee, programme_id, sport_id) VALUES (10310, '2018-04-19', 5, 1, 10038, 1);
INSERT INTO realisation(realisation_id, date, distance, activity_id, programme_id) VALUES (10306, '2018-04-19', 4, 10310, 10038);
INSERT INTO activity(activity_id, date, distance, estrealisee, programme_id, sport_id) VALUES (10311, '2018-04-20', 5, 1, 10038, 1);
INSERT INTO realisation(realisation_id, date, distance, activity_id, programme_id) VALUES (10307, '2018-04-20', 4, 10311, 10038);
INSERT INTO realisation(realisation_id, date, distance, activity_id, programme_id) VALUES (10308, '2018-04-17', 4, null, 10038);
INSERT INTO realisation(realisation_id, date, distance, activity_id, programme_id) VALUES (10309, '2018-04-18', 4, null, 10038);
INSERT INTO realisation(realisation_id, date, distance, activity_id, programme_id) VALUES (10310, '2018-04-19', 4, null, 10038);
INSERT INTO realisation(realisation_id, date, distance, activity_id, programme_id) VALUES (10311, '2018-04-20', 4, null, 10038);

INSERT INTO users (ID, USERNAME, PASSWORD, FIRSTNAME, LASTNAME, EMAIL, ENABLED, LASTPASSWORDRESETDATE, OBJECTIFHEBDO) VALUES (10039, "user39", "$2a$08$UkVvwpULis18S19S5pZFn.YHPZt3oaqHZnDwqbCW9pft6uFtkXKDC", "user39", "user39", "user39@user.com", 1, "2003/01/22", 13);
INSERT INTO user_authority (USER_ID, AUTHORITY_ID) VALUES (10039, 2);
INSERT INTO programme(programme_id, date_debut, user_id) VALUES (10039, '2018-04-23', 10039);
INSERT INTO activity(activity_id, date, distance, estrealisee, programme_id, sport_id) VALUES (10312, '2018-04-24', 5, 0, 10039, 1);
INSERT INTO activity(activity_id, date, distance, estrealisee, programme_id, sport_id) VALUES (10313, '2018-04-25', 5, 0, 10039, 1);
INSERT INTO activity(activity_id, date, distance, estrealisee, programme_id, sport_id) VALUES (10314, '2018-04-26', 5, 0, 10039, 1);
INSERT INTO activity(activity_id, date, distance, estrealisee, programme_id, sport_id) VALUES (10315, '2018-04-27', 5, 0, 10039, 1);
INSERT INTO activity(activity_id, date, distance, estrealisee, programme_id, sport_id) VALUES (10316, '2018-04-17', 5, 1, 10039, 1);
INSERT INTO realisation(realisation_id, date, distance, activity_id, programme_id) VALUES (10312, '2018-04-17', 4, 10316, 10039);
INSERT INTO activity(activity_id, date, distance, estrealisee, programme_id, sport_id) VALUES (10317, '2018-04-18', 5, 1, 10039, 1);
INSERT INTO realisation(realisation_id, date, distance, activity_id, programme_id) VALUES (10313, '2018-04-18', 4, 10317, 10039);
INSERT INTO activity(activity_id, date, distance, estrealisee, programme_id, sport_id) VALUES (10318, '2018-04-19', 5, 1, 10039, 1);
INSERT INTO realisation(realisation_id, date, distance, activity_id, programme_id) VALUES (10314, '2018-04-19', 4, 10318, 10039);
INSERT INTO activity(activity_id, date, distance, estrealisee, programme_id, sport_id) VALUES (10319, '2018-04-20', 5, 1, 10039, 1);
INSERT INTO realisation(realisation_id, date, distance, activity_id, programme_id) VALUES (10315, '2018-04-20', 4, 10319, 10039);
INSERT INTO realisation(realisation_id, date, distance, activity_id, programme_id) VALUES (10316, '2018-04-17', 4, null, 10039);
INSERT INTO realisation(realisation_id, date, distance, activity_id, programme_id) VALUES (10317, '2018-04-18', 4, null, 10039);
INSERT INTO realisation(realisation_id, date, distance, activity_id, programme_id) VALUES (10318, '2018-04-19', 4, null, 10039);
INSERT INTO realisation(realisation_id, date, distance, activity_id, programme_id) VALUES (10319, '2018-04-20', 4, null, 10039);

INSERT INTO users (ID, USERNAME, PASSWORD, FIRSTNAME, LASTNAME, EMAIL, ENABLED, LASTPASSWORDRESETDATE, OBJECTIFHEBDO) VALUES (10040, "user40", "$2a$08$UkVvwpULis18S19S5pZFn.YHPZt3oaqHZnDwqbCW9pft6uFtkXKDC", "user40", "user40", "user40@user.com", 1, "2003/01/22", 17);
INSERT INTO user_authority (USER_ID, AUTHORITY_ID) VALUES (10040, 2);
INSERT INTO programme(programme_id, date_debut, user_id) VALUES (10040, '2018-04-23', 10040);
INSERT INTO activity(activity_id, date, distance, estrealisee, programme_id, sport_id) VALUES (10320, '2018-04-24', 5, 0, 10040, 1);
INSERT INTO activity(activity_id, date, distance, estrealisee, programme_id, sport_id) VALUES (10321, '2018-04-25', 5, 0, 10040, 1);
INSERT INTO activity(activity_id, date, distance, estrealisee, programme_id, sport_id) VALUES (10322, '2018-04-26', 5, 0, 10040, 1);
INSERT INTO activity(activity_id, date, distance, estrealisee, programme_id, sport_id) VALUES (10323, '2018-04-27', 5, 0, 10040, 1);
INSERT INTO activity(activity_id, date, distance, estrealisee, programme_id, sport_id) VALUES (10324, '2018-04-17', 5, 1, 10040, 1);
INSERT INTO realisation(realisation_id, date, distance, activity_id, programme_id) VALUES (10320, '2018-04-17', 4, 10324, 10040);
INSERT INTO activity(activity_id, date, distance, estrealisee, programme_id, sport_id) VALUES (10325, '2018-04-18', 5, 1, 10040, 1);
INSERT INTO realisation(realisation_id, date, distance, activity_id, programme_id) VALUES (10321, '2018-04-18', 4, 10325, 10040);
INSERT INTO activity(activity_id, date, distance, estrealisee, programme_id, sport_id) VALUES (10326, '2018-04-19', 5, 1, 10040, 1);
INSERT INTO realisation(realisation_id, date, distance, activity_id, programme_id) VALUES (10322, '2018-04-19', 4, 10326, 10040);
INSERT INTO activity(activity_id, date, distance, estrealisee, programme_id, sport_id) VALUES (10327, '2018-04-20', 5, 1, 10040, 1);
INSERT INTO realisation(realisation_id, date, distance, activity_id, programme_id) VALUES (10323, '2018-04-20', 4, 10327, 10040);
INSERT INTO realisation(realisation_id, date, distance, activity_id, programme_id) VALUES (10324, '2018-04-17', 4, null, 10040);
INSERT INTO realisation(realisation_id, date, distance, activity_id, programme_id) VALUES (10325, '2018-04-18', 4, null, 10040);
INSERT INTO realisation(realisation_id, date, distance, activity_id, programme_id) VALUES (10326, '2018-04-19', 4, null, 10040);
INSERT INTO realisation(realisation_id, date, distance, activity_id, programme_id) VALUES (10327, '2018-04-20', 4, null, 10040);

INSERT INTO users (ID, USERNAME, PASSWORD, FIRSTNAME, LASTNAME, EMAIL, ENABLED, LASTPASSWORDRESETDATE, OBJECTIFHEBDO) VALUES (10041, "user41", "$2a$08$UkVvwpULis18S19S5pZFn.YHPZt3oaqHZnDwqbCW9pft6uFtkXKDC", "user41", "user41", "user41@user.com", 1, "2003/01/22", 13);
INSERT INTO user_authority (USER_ID, AUTHORITY_ID) VALUES (10041, 2);
INSERT INTO programme(programme_id, date_debut, user_id) VALUES (10041, '2018-04-23', 10041);
INSERT INTO activity(activity_id, date, distance, estrealisee, programme_id, sport_id) VALUES (10328, '2018-04-24', 5, 0, 10041, 1);
INSERT INTO activity(activity_id, date, distance, estrealisee, programme_id, sport_id) VALUES (10329, '2018-04-25', 5, 0, 10041, 1);
INSERT INTO activity(activity_id, date, distance, estrealisee, programme_id, sport_id) VALUES (10330, '2018-04-26', 5, 0, 10041, 1);
INSERT INTO activity(activity_id, date, distance, estrealisee, programme_id, sport_id) VALUES (10331, '2018-04-27', 5, 0, 10041, 1);
INSERT INTO activity(activity_id, date, distance, estrealisee, programme_id, sport_id) VALUES (10332, '2018-04-17', 5, 1, 10041, 1);
INSERT INTO realisation(realisation_id, date, distance, activity_id, programme_id) VALUES (10328, '2018-04-17', 4, 10332, 10041);
INSERT INTO activity(activity_id, date, distance, estrealisee, programme_id, sport_id) VALUES (10333, '2018-04-18', 5, 1, 10041, 1);
INSERT INTO realisation(realisation_id, date, distance, activity_id, programme_id) VALUES (10329, '2018-04-18', 4, 10333, 10041);
INSERT INTO activity(activity_id, date, distance, estrealisee, programme_id, sport_id) VALUES (10334, '2018-04-19', 5, 1, 10041, 1);
INSERT INTO realisation(realisation_id, date, distance, activity_id, programme_id) VALUES (10330, '2018-04-19', 4, 10334, 10041);
INSERT INTO activity(activity_id, date, distance, estrealisee, programme_id, sport_id) VALUES (10335, '2018-04-20', 5, 1, 10041, 1);
INSERT INTO realisation(realisation_id, date, distance, activity_id, programme_id) VALUES (10331, '2018-04-20', 4, 10335, 10041);
INSERT INTO realisation(realisation_id, date, distance, activity_id, programme_id) VALUES (10332, '2018-04-17', 4, null, 10041);
INSERT INTO realisation(realisation_id, date, distance, activity_id, programme_id) VALUES (10333, '2018-04-18', 4, null, 10041);
INSERT INTO realisation(realisation_id, date, distance, activity_id, programme_id) VALUES (10334, '2018-04-19', 4, null, 10041);
INSERT INTO realisation(realisation_id, date, distance, activity_id, programme_id) VALUES (10335, '2018-04-20', 4, null, 10041);

INSERT INTO users (ID, USERNAME, PASSWORD, FIRSTNAME, LASTNAME, EMAIL, ENABLED, LASTPASSWORDRESETDATE, OBJECTIFHEBDO) VALUES (10042, "user42", "$2a$08$UkVvwpULis18S19S5pZFn.YHPZt3oaqHZnDwqbCW9pft6uFtkXKDC", "user42", "user42", "user42@user.com", 1, "2003/01/22", 20);
INSERT INTO user_authority (USER_ID, AUTHORITY_ID) VALUES (10042, 2);
INSERT INTO programme(programme_id, date_debut, user_id) VALUES (10042, '2018-04-23', 10042);
INSERT INTO activity(activity_id, date, distance, estrealisee, programme_id, sport_id) VALUES (10336, '2018-04-24', 5, 0, 10042, 1);
INSERT INTO activity(activity_id, date, distance, estrealisee, programme_id, sport_id) VALUES (10337, '2018-04-25', 5, 0, 10042, 1);
INSERT INTO activity(activity_id, date, distance, estrealisee, programme_id, sport_id) VALUES (10338, '2018-04-26', 5, 0, 10042, 1);
INSERT INTO activity(activity_id, date, distance, estrealisee, programme_id, sport_id) VALUES (10339, '2018-04-27', 5, 0, 10042, 1);
INSERT INTO activity(activity_id, date, distance, estrealisee, programme_id, sport_id) VALUES (10340, '2018-04-17', 5, 1, 10042, 1);
INSERT INTO realisation(realisation_id, date, distance, activity_id, programme_id) VALUES (10336, '2018-04-17', 4, 10340, 10042);
INSERT INTO activity(activity_id, date, distance, estrealisee, programme_id, sport_id) VALUES (10341, '2018-04-18', 5, 1, 10042, 1);
INSERT INTO realisation(realisation_id, date, distance, activity_id, programme_id) VALUES (10337, '2018-04-18', 4, 10341, 10042);
INSERT INTO activity(activity_id, date, distance, estrealisee, programme_id, sport_id) VALUES (10342, '2018-04-19', 5, 1, 10042, 1);
INSERT INTO realisation(realisation_id, date, distance, activity_id, programme_id) VALUES (10338, '2018-04-19', 4, 10342, 10042);
INSERT INTO activity(activity_id, date, distance, estrealisee, programme_id, sport_id) VALUES (10343, '2018-04-20', 5, 1, 10042, 1);
INSERT INTO realisation(realisation_id, date, distance, activity_id, programme_id) VALUES (10339, '2018-04-20', 4, 10343, 10042);
INSERT INTO realisation(realisation_id, date, distance, activity_id, programme_id) VALUES (10340, '2018-04-17', 4, null, 10042);
INSERT INTO realisation(realisation_id, date, distance, activity_id, programme_id) VALUES (10341, '2018-04-18', 4, null, 10042);
INSERT INTO realisation(realisation_id, date, distance, activity_id, programme_id) VALUES (10342, '2018-04-19', 4, null, 10042);
INSERT INTO realisation(realisation_id, date, distance, activity_id, programme_id) VALUES (10343, '2018-04-20', 4, null, 10042);

INSERT INTO users (ID, USERNAME, PASSWORD, FIRSTNAME, LASTNAME, EMAIL, ENABLED, LASTPASSWORDRESETDATE, OBJECTIFHEBDO) VALUES (10043, "user43", "$2a$08$UkVvwpULis18S19S5pZFn.YHPZt3oaqHZnDwqbCW9pft6uFtkXKDC", "user43", "user43", "user43@user.com", 1, "2003/01/22", 17);
INSERT INTO user_authority (USER_ID, AUTHORITY_ID) VALUES (10043, 2);
INSERT INTO programme(programme_id, date_debut, user_id) VALUES (10043, '2018-04-23', 10043);
INSERT INTO activity(activity_id, date, distance, estrealisee, programme_id, sport_id) VALUES (10344, '2018-04-24', 5, 0, 10043, 1);
INSERT INTO activity(activity_id, date, distance, estrealisee, programme_id, sport_id) VALUES (10345, '2018-04-25', 5, 0, 10043, 1);
INSERT INTO activity(activity_id, date, distance, estrealisee, programme_id, sport_id) VALUES (10346, '2018-04-26', 5, 0, 10043, 1);
INSERT INTO activity(activity_id, date, distance, estrealisee, programme_id, sport_id) VALUES (10347, '2018-04-27', 5, 0, 10043, 1);
INSERT INTO activity(activity_id, date, distance, estrealisee, programme_id, sport_id) VALUES (10348, '2018-04-17', 5, 1, 10043, 1);
INSERT INTO realisation(realisation_id, date, distance, activity_id, programme_id) VALUES (10344, '2018-04-17', 4, 10348, 10043);
INSERT INTO activity(activity_id, date, distance, estrealisee, programme_id, sport_id) VALUES (10349, '2018-04-18', 5, 1, 10043, 1);
INSERT INTO realisation(realisation_id, date, distance, activity_id, programme_id) VALUES (10345, '2018-04-18', 4, 10349, 10043);
INSERT INTO activity(activity_id, date, distance, estrealisee, programme_id, sport_id) VALUES (10350, '2018-04-19', 5, 1, 10043, 1);
INSERT INTO realisation(realisation_id, date, distance, activity_id, programme_id) VALUES (10346, '2018-04-19', 4, 10350, 10043);
INSERT INTO activity(activity_id, date, distance, estrealisee, programme_id, sport_id) VALUES (10351, '2018-04-20', 5, 1, 10043, 1);
INSERT INTO realisation(realisation_id, date, distance, activity_id, programme_id) VALUES (10347, '2018-04-20', 4, 10351, 10043);
INSERT INTO realisation(realisation_id, date, distance, activity_id, programme_id) VALUES (10348, '2018-04-17', 4, null, 10043);
INSERT INTO realisation(realisation_id, date, distance, activity_id, programme_id) VALUES (10349, '2018-04-18', 4, null, 10043);
INSERT INTO realisation(realisation_id, date, distance, activity_id, programme_id) VALUES (10350, '2018-04-19', 4, null, 10043);
INSERT INTO realisation(realisation_id, date, distance, activity_id, programme_id) VALUES (10351, '2018-04-20', 4, null, 10043);

INSERT INTO users (ID, USERNAME, PASSWORD, FIRSTNAME, LASTNAME, EMAIL, ENABLED, LASTPASSWORDRESETDATE, OBJECTIFHEBDO) VALUES (10044, "user44", "$2a$08$UkVvwpULis18S19S5pZFn.YHPZt3oaqHZnDwqbCW9pft6uFtkXKDC", "user44", "user44", "user44@user.com", 1, "2003/01/22", 6);
INSERT INTO user_authority (USER_ID, AUTHORITY_ID) VALUES (10044, 2);
INSERT INTO programme(programme_id, date_debut, user_id) VALUES (10044, '2018-04-23', 10044);
INSERT INTO activity(activity_id, date, distance, estrealisee, programme_id, sport_id) VALUES (10352, '2018-04-24', 5, 0, 10044, 1);
INSERT INTO activity(activity_id, date, distance, estrealisee, programme_id, sport_id) VALUES (10353, '2018-04-25', 5, 0, 10044, 1);
INSERT INTO activity(activity_id, date, distance, estrealisee, programme_id, sport_id) VALUES (10354, '2018-04-26', 5, 0, 10044, 1);
INSERT INTO activity(activity_id, date, distance, estrealisee, programme_id, sport_id) VALUES (10355, '2018-04-27', 5, 0, 10044, 1);
INSERT INTO activity(activity_id, date, distance, estrealisee, programme_id, sport_id) VALUES (10356, '2018-04-17', 5, 1, 10044, 1);
INSERT INTO realisation(realisation_id, date, distance, activity_id, programme_id) VALUES (10352, '2018-04-17', 4, 10356, 10044);
INSERT INTO activity(activity_id, date, distance, estrealisee, programme_id, sport_id) VALUES (10357, '2018-04-18', 5, 1, 10044, 1);
INSERT INTO realisation(realisation_id, date, distance, activity_id, programme_id) VALUES (10353, '2018-04-18', 4, 10357, 10044);
INSERT INTO activity(activity_id, date, distance, estrealisee, programme_id, sport_id) VALUES (10358, '2018-04-19', 5, 1, 10044, 1);
INSERT INTO realisation(realisation_id, date, distance, activity_id, programme_id) VALUES (10354, '2018-04-19', 4, 10358, 10044);
INSERT INTO activity(activity_id, date, distance, estrealisee, programme_id, sport_id) VALUES (10359, '2018-04-20', 5, 1, 10044, 1);
INSERT INTO realisation(realisation_id, date, distance, activity_id, programme_id) VALUES (10355, '2018-04-20', 4, 10359, 10044);
INSERT INTO realisation(realisation_id, date, distance, activity_id, programme_id) VALUES (10356, '2018-04-17', 4, null, 10044);
INSERT INTO realisation(realisation_id, date, distance, activity_id, programme_id) VALUES (10357, '2018-04-18', 4, null, 10044);
INSERT INTO realisation(realisation_id, date, distance, activity_id, programme_id) VALUES (10358, '2018-04-19', 4, null, 10044);
INSERT INTO realisation(realisation_id, date, distance, activity_id, programme_id) VALUES (10359, '2018-04-20', 4, null, 10044);

INSERT INTO users (ID, USERNAME, PASSWORD, FIRSTNAME, LASTNAME, EMAIL, ENABLED, LASTPASSWORDRESETDATE, OBJECTIFHEBDO) VALUES (10045, "user45", "$2a$08$UkVvwpULis18S19S5pZFn.YHPZt3oaqHZnDwqbCW9pft6uFtkXKDC", "user45", "user45", "user45@user.com", 1, "2003/01/22", 12);
INSERT INTO user_authority (USER_ID, AUTHORITY_ID) VALUES (10045, 2);
INSERT INTO programme(programme_id, date_debut, user_id) VALUES (10045, '2018-04-23', 10045);
INSERT INTO activity(activity_id, date, distance, estrealisee, programme_id, sport_id) VALUES (10360, '2018-04-24', 5, 0, 10045, 1);
INSERT INTO activity(activity_id, date, distance, estrealisee, programme_id, sport_id) VALUES (10361, '2018-04-25', 5, 0, 10045, 1);
INSERT INTO activity(activity_id, date, distance, estrealisee, programme_id, sport_id) VALUES (10362, '2018-04-26', 5, 0, 10045, 1);
INSERT INTO activity(activity_id, date, distance, estrealisee, programme_id, sport_id) VALUES (10363, '2018-04-27', 5, 0, 10045, 1);
INSERT INTO activity(activity_id, date, distance, estrealisee, programme_id, sport_id) VALUES (10364, '2018-04-17', 5, 1, 10045, 1);
INSERT INTO realisation(realisation_id, date, distance, activity_id, programme_id) VALUES (10360, '2018-04-17', 4, 10364, 10045);
INSERT INTO activity(activity_id, date, distance, estrealisee, programme_id, sport_id) VALUES (10365, '2018-04-18', 5, 1, 10045, 1);
INSERT INTO realisation(realisation_id, date, distance, activity_id, programme_id) VALUES (10361, '2018-04-18', 4, 10365, 10045);
INSERT INTO activity(activity_id, date, distance, estrealisee, programme_id, sport_id) VALUES (10366, '2018-04-19', 5, 1, 10045, 1);
INSERT INTO realisation(realisation_id, date, distance, activity_id, programme_id) VALUES (10362, '2018-04-19', 4, 10366, 10045);
INSERT INTO activity(activity_id, date, distance, estrealisee, programme_id, sport_id) VALUES (10367, '2018-04-20', 5, 1, 10045, 1);
INSERT INTO realisation(realisation_id, date, distance, activity_id, programme_id) VALUES (10363, '2018-04-20', 4, 10367, 10045);
INSERT INTO realisation(realisation_id, date, distance, activity_id, programme_id) VALUES (10364, '2018-04-17', 4, null, 10045);
INSERT INTO realisation(realisation_id, date, distance, activity_id, programme_id) VALUES (10365, '2018-04-18', 4, null, 10045);
INSERT INTO realisation(realisation_id, date, distance, activity_id, programme_id) VALUES (10366, '2018-04-19', 4, null, 10045);
INSERT INTO realisation(realisation_id, date, distance, activity_id, programme_id) VALUES (10367, '2018-04-20', 4, null, 10045);

INSERT INTO users (ID, USERNAME, PASSWORD, FIRSTNAME, LASTNAME, EMAIL, ENABLED, LASTPASSWORDRESETDATE, OBJECTIFHEBDO) VALUES (10046, "user46", "$2a$08$UkVvwpULis18S19S5pZFn.YHPZt3oaqHZnDwqbCW9pft6uFtkXKDC", "user46", "user46", "user46@user.com", 1, "2003/01/22", 14);
INSERT INTO user_authority (USER_ID, AUTHORITY_ID) VALUES (10046, 2);
INSERT INTO programme(programme_id, date_debut, user_id) VALUES (10046, '2018-04-23', 10046);
INSERT INTO activity(activity_id, date, distance, estrealisee, programme_id, sport_id) VALUES (10368, '2018-04-24', 5, 0, 10046, 1);
INSERT INTO activity(activity_id, date, distance, estrealisee, programme_id, sport_id) VALUES (10369, '2018-04-25', 5, 0, 10046, 1);
INSERT INTO activity(activity_id, date, distance, estrealisee, programme_id, sport_id) VALUES (10370, '2018-04-26', 5, 0, 10046, 1);
INSERT INTO activity(activity_id, date, distance, estrealisee, programme_id, sport_id) VALUES (10371, '2018-04-27', 5, 0, 10046, 1);
INSERT INTO activity(activity_id, date, distance, estrealisee, programme_id, sport_id) VALUES (10372, '2018-04-17', 5, 1, 10046, 1);
INSERT INTO realisation(realisation_id, date, distance, activity_id, programme_id) VALUES (10368, '2018-04-17', 4, 10372, 10046);
INSERT INTO activity(activity_id, date, distance, estrealisee, programme_id, sport_id) VALUES (10373, '2018-04-18', 5, 1, 10046, 1);
INSERT INTO realisation(realisation_id, date, distance, activity_id, programme_id) VALUES (10369, '2018-04-18', 4, 10373, 10046);
INSERT INTO activity(activity_id, date, distance, estrealisee, programme_id, sport_id) VALUES (10374, '2018-04-19', 5, 1, 10046, 1);
INSERT INTO realisation(realisation_id, date, distance, activity_id, programme_id) VALUES (10370, '2018-04-19', 4, 10374, 10046);
INSERT INTO activity(activity_id, date, distance, estrealisee, programme_id, sport_id) VALUES (10375, '2018-04-20', 5, 1, 10046, 1);
INSERT INTO realisation(realisation_id, date, distance, activity_id, programme_id) VALUES (10371, '2018-04-20', 4, 10375, 10046);
INSERT INTO realisation(realisation_id, date, distance, activity_id, programme_id) VALUES (10372, '2018-04-17', 4, null, 10046);
INSERT INTO realisation(realisation_id, date, distance, activity_id, programme_id) VALUES (10373, '2018-04-18', 4, null, 10046);
INSERT INTO realisation(realisation_id, date, distance, activity_id, programme_id) VALUES (10374, '2018-04-19', 4, null, 10046);
INSERT INTO realisation(realisation_id, date, distance, activity_id, programme_id) VALUES (10375, '2018-04-20', 4, null, 10046);

INSERT INTO users (ID, USERNAME, PASSWORD, FIRSTNAME, LASTNAME, EMAIL, ENABLED, LASTPASSWORDRESETDATE, OBJECTIFHEBDO) VALUES (10047, "user47", "$2a$08$UkVvwpULis18S19S5pZFn.YHPZt3oaqHZnDwqbCW9pft6uFtkXKDC", "user47", "user47", "user47@user.com", 1, "2003/01/22", 10);
INSERT INTO user_authority (USER_ID, AUTHORITY_ID) VALUES (10047, 2);
INSERT INTO programme(programme_id, date_debut, user_id) VALUES (10047, '2018-04-23', 10047);
INSERT INTO activity(activity_id, date, distance, estrealisee, programme_id, sport_id) VALUES (10376, '2018-04-24', 5, 0, 10047, 1);
INSERT INTO activity(activity_id, date, distance, estrealisee, programme_id, sport_id) VALUES (10377, '2018-04-25', 5, 0, 10047, 1);
INSERT INTO activity(activity_id, date, distance, estrealisee, programme_id, sport_id) VALUES (10378, '2018-04-26', 5, 0, 10047, 1);
INSERT INTO activity(activity_id, date, distance, estrealisee, programme_id, sport_id) VALUES (10379, '2018-04-27', 5, 0, 10047, 1);
INSERT INTO activity(activity_id, date, distance, estrealisee, programme_id, sport_id) VALUES (10380, '2018-04-17', 5, 1, 10047, 1);
INSERT INTO realisation(realisation_id, date, distance, activity_id, programme_id) VALUES (10376, '2018-04-17', 4, 10380, 10047);
INSERT INTO activity(activity_id, date, distance, estrealisee, programme_id, sport_id) VALUES (10381, '2018-04-18', 5, 1, 10047, 1);
INSERT INTO realisation(realisation_id, date, distance, activity_id, programme_id) VALUES (10377, '2018-04-18', 4, 10381, 10047);
INSERT INTO activity(activity_id, date, distance, estrealisee, programme_id, sport_id) VALUES (10382, '2018-04-19', 5, 1, 10047, 1);
INSERT INTO realisation(realisation_id, date, distance, activity_id, programme_id) VALUES (10378, '2018-04-19', 4, 10382, 10047);
INSERT INTO activity(activity_id, date, distance, estrealisee, programme_id, sport_id) VALUES (10383, '2018-04-20', 5, 1, 10047, 1);
INSERT INTO realisation(realisation_id, date, distance, activity_id, programme_id) VALUES (10379, '2018-04-20', 4, 10383, 10047);
INSERT INTO realisation(realisation_id, date, distance, activity_id, programme_id) VALUES (10380, '2018-04-17', 4, null, 10047);
INSERT INTO realisation(realisation_id, date, distance, activity_id, programme_id) VALUES (10381, '2018-04-18', 4, null, 10047);
INSERT INTO realisation(realisation_id, date, distance, activity_id, programme_id) VALUES (10382, '2018-04-19', 4, null, 10047);
INSERT INTO realisation(realisation_id, date, distance, activity_id, programme_id) VALUES (10383, '2018-04-20', 4, null, 10047);

INSERT INTO users (ID, USERNAME, PASSWORD, FIRSTNAME, LASTNAME, EMAIL, ENABLED, LASTPASSWORDRESETDATE, OBJECTIFHEBDO) VALUES (10048, "user48", "$2a$08$UkVvwpULis18S19S5pZFn.YHPZt3oaqHZnDwqbCW9pft6uFtkXKDC", "user48", "user48", "user48@user.com", 1, "2003/01/22", 13);
INSERT INTO user_authority (USER_ID, AUTHORITY_ID) VALUES (10048, 2);
INSERT INTO programme(programme_id, date_debut, user_id) VALUES (10048, '2018-04-23', 10048);
INSERT INTO activity(activity_id, date, distance, estrealisee, programme_id, sport_id) VALUES (10384, '2018-04-24', 5, 0, 10048, 1);
INSERT INTO activity(activity_id, date, distance, estrealisee, programme_id, sport_id) VALUES (10385, '2018-04-25', 5, 0, 10048, 1);
INSERT INTO activity(activity_id, date, distance, estrealisee, programme_id, sport_id) VALUES (10386, '2018-04-26', 5, 0, 10048, 1);
INSERT INTO activity(activity_id, date, distance, estrealisee, programme_id, sport_id) VALUES (10387, '2018-04-27', 5, 0, 10048, 1);
INSERT INTO activity(activity_id, date, distance, estrealisee, programme_id, sport_id) VALUES (10388, '2018-04-17', 5, 1, 10048, 1);
INSERT INTO realisation(realisation_id, date, distance, activity_id, programme_id) VALUES (10384, '2018-04-17', 4, 10388, 10048);
INSERT INTO activity(activity_id, date, distance, estrealisee, programme_id, sport_id) VALUES (10389, '2018-04-18', 5, 1, 10048, 1);
INSERT INTO realisation(realisation_id, date, distance, activity_id, programme_id) VALUES (10385, '2018-04-18', 4, 10389, 10048);
INSERT INTO activity(activity_id, date, distance, estrealisee, programme_id, sport_id) VALUES (10390, '2018-04-19', 5, 1, 10048, 1);
INSERT INTO realisation(realisation_id, date, distance, activity_id, programme_id) VALUES (10386, '2018-04-19', 4, 10390, 10048);
INSERT INTO activity(activity_id, date, distance, estrealisee, programme_id, sport_id) VALUES (10391, '2018-04-20', 5, 1, 10048, 1);
INSERT INTO realisation(realisation_id, date, distance, activity_id, programme_id) VALUES (10387, '2018-04-20', 4, 10391, 10048);
INSERT INTO realisation(realisation_id, date, distance, activity_id, programme_id) VALUES (10388, '2018-04-17', 4, null, 10048);
INSERT INTO realisation(realisation_id, date, distance, activity_id, programme_id) VALUES (10389, '2018-04-18', 4, null, 10048);
INSERT INTO realisation(realisation_id, date, distance, activity_id, programme_id) VALUES (10390, '2018-04-19', 4, null, 10048);
INSERT INTO realisation(realisation_id, date, distance, activity_id, programme_id) VALUES (10391, '2018-04-20', 4, null, 10048);

INSERT INTO users (ID, USERNAME, PASSWORD, FIRSTNAME, LASTNAME, EMAIL, ENABLED, LASTPASSWORDRESETDATE, OBJECTIFHEBDO) VALUES (10049, "user49", "$2a$08$UkVvwpULis18S19S5pZFn.YHPZt3oaqHZnDwqbCW9pft6uFtkXKDC", "user49", "user49", "user49@user.com", 1, "2003/01/22", 12);
INSERT INTO user_authority (USER_ID, AUTHORITY_ID) VALUES (10049, 2);
INSERT INTO programme(programme_id, date_debut, user_id) VALUES (10049, '2018-04-23', 10049);
INSERT INTO activity(activity_id, date, distance, estrealisee, programme_id, sport_id) VALUES (10392, '2018-04-24', 5, 0, 10049, 1);
INSERT INTO activity(activity_id, date, distance, estrealisee, programme_id, sport_id) VALUES (10393, '2018-04-25', 5, 0, 10049, 1);
INSERT INTO activity(activity_id, date, distance, estrealisee, programme_id, sport_id) VALUES (10394, '2018-04-26', 5, 0, 10049, 1);
INSERT INTO activity(activity_id, date, distance, estrealisee, programme_id, sport_id) VALUES (10395, '2018-04-27', 5, 0, 10049, 1);
INSERT INTO activity(activity_id, date, distance, estrealisee, programme_id, sport_id) VALUES (10396, '2018-04-17', 5, 1, 10049, 1);
INSERT INTO realisation(realisation_id, date, distance, activity_id, programme_id) VALUES (10392, '2018-04-17', 4, 10396, 10049);
INSERT INTO activity(activity_id, date, distance, estrealisee, programme_id, sport_id) VALUES (10397, '2018-04-18', 5, 1, 10049, 1);
INSERT INTO realisation(realisation_id, date, distance, activity_id, programme_id) VALUES (10393, '2018-04-18', 4, 10397, 10049);
INSERT INTO activity(activity_id, date, distance, estrealisee, programme_id, sport_id) VALUES (10398, '2018-04-19', 5, 1, 10049, 1);
INSERT INTO realisation(realisation_id, date, distance, activity_id, programme_id) VALUES (10394, '2018-04-19', 4, 10398, 10049);
INSERT INTO activity(activity_id, date, distance, estrealisee, programme_id, sport_id) VALUES (10399, '2018-04-20', 5, 1, 10049, 1);
INSERT INTO realisation(realisation_id, date, distance, activity_id, programme_id) VALUES (10395, '2018-04-20', 4, 10399, 10049);
INSERT INTO realisation(realisation_id, date, distance, activity_id, programme_id) VALUES (10396, '2018-04-17', 4, null, 10049);
INSERT INTO realisation(realisation_id, date, distance, activity_id, programme_id) VALUES (10397, '2018-04-18', 4, null, 10049);
INSERT INTO realisation(realisation_id, date, distance, activity_id, programme_id) VALUES (10398, '2018-04-19', 4, null, 10049);
INSERT INTO realisation(realisation_id, date, distance, activity_id, programme_id) VALUES (10399, '2018-04-20', 4, null, 10049);
