INSERT INTO authority (ID, NAME) VALUES (1, 'ROLE_USER');
INSERT INTO authority (ID, NAME) VALUES (2, 'ROLE_ADMIN');

INSERT INTO timeframe (ID, HEUREDEBUT, HEUREFIN, NOMJOUR, EVALUATION) VALUES (1, 0, 3, 'LUNDI', -1);
INSERT INTO timeframe (ID, HEUREDEBUT, HEUREFIN, NOMJOUR, EVALUATION) VALUES (2, 3, 6, 'LUNDI', -1);
INSERT INTO timeframe (ID, HEUREDEBUT, HEUREFIN, NOMJOUR, EVALUATION) VALUES (3, 6, 9, 'LUNDI', -1);
INSERT INTO timeframe (ID, HEUREDEBUT, HEUREFIN, NOMJOUR, EVALUATION) VALUES (4, 9, 12, 'LUNDI', -1);
INSERT INTO timeframe (ID, HEUREDEBUT, HEUREFIN, NOMJOUR, EVALUATION) VALUES (5, 12, 15, 'LUNDI', -1);
INSERT INTO timeframe (ID, HEUREDEBUT, HEUREFIN, NOMJOUR, EVALUATION) VALUES (6, 15, 18, 'LUNDI', -1);
INSERT INTO timeframe (ID, HEUREDEBUT, HEUREFIN, NOMJOUR, EVALUATION) VALUES (7, 18, 21, 'LUNDI', -1);
INSERT INTO timeframe (ID, HEUREDEBUT, HEUREFIN, NOMJOUR, EVALUATION) VALUES (8, 21, 24, 'LUNDI', -1);
INSERT INTO timeframe (ID, HEUREDEBUT, HEUREFIN, NOMJOUR, EVALUATION) VALUES (9, 0, 3, 'MARDI', -1);
INSERT INTO timeframe (ID, HEUREDEBUT, HEUREFIN, NOMJOUR, EVALUATION) VALUES (10, 3, 6, 'MARDI', -1);
INSERT INTO timeframe (ID, HEUREDEBUT, HEUREFIN, NOMJOUR, EVALUATION) VALUES (11, 6, 9, 'MARDI', -1);
INSERT INTO timeframe (ID, HEUREDEBUT, HEUREFIN, NOMJOUR, EVALUATION) VALUES (12, 9, 12, 'MARDI', -1);
INSERT INTO timeframe (ID, HEUREDEBUT, HEUREFIN, NOMJOUR, EVALUATION) VALUES (13, 12, 15, 'MARDI', -1);
INSERT INTO timeframe (ID, HEUREDEBUT, HEUREFIN, NOMJOUR, EVALUATION) VALUES (14, 15, 18, 'MARDI', -1);
INSERT INTO timeframe (ID, HEUREDEBUT, HEUREFIN, NOMJOUR, EVALUATION) VALUES (15, 18, 21, 'MARDI', -1);
INSERT INTO timeframe (ID, HEUREDEBUT, HEUREFIN, NOMJOUR, EVALUATION) VALUES (16, 21, 24, 'MARDI', -1);
INSERT INTO timeframe (ID, HEUREDEBUT, HEUREFIN, NOMJOUR, EVALUATION) VALUES (17, 0, 3, 'MERCREDI', -1);
INSERT INTO timeframe (ID, HEUREDEBUT, HEUREFIN, NOMJOUR, EVALUATION) VALUES (18, 3, 6, 'MERCREDI', -1);
INSERT INTO timeframe (ID, HEUREDEBUT, HEUREFIN, NOMJOUR, EVALUATION) VALUES (19, 6, 9, 'MERCREDI', -1);
INSERT INTO timeframe (ID, HEUREDEBUT, HEUREFIN, NOMJOUR, EVALUATION) VALUES (20, 9, 12, 'MERCREDI', -1);
INSERT INTO timeframe (ID, HEUREDEBUT, HEUREFIN, NOMJOUR, EVALUATION) VALUES (21, 12, 15, 'MERCREDI', -1);
INSERT INTO timeframe (ID, HEUREDEBUT, HEUREFIN, NOMJOUR, EVALUATION) VALUES (22, 15, 18, 'MERCREDI', -1);
INSERT INTO timeframe (ID, HEUREDEBUT, HEUREFIN, NOMJOUR, EVALUATION) VALUES (23, 18, 21, 'MERCREDI', -1);
INSERT INTO timeframe (ID, HEUREDEBUT, HEUREFIN, NOMJOUR, EVALUATION) VALUES (24, 21, 24, 'MERCREDI', -1);
INSERT INTO timeframe (ID, HEUREDEBUT, HEUREFIN, NOMJOUR, EVALUATION) VALUES (25, 0, 3, 'JEUDI', -1);
INSERT INTO timeframe (ID, HEUREDEBUT, HEUREFIN, NOMJOUR, EVALUATION) VALUES (26, 3, 6, 'JEUDI', -1);
INSERT INTO timeframe (ID, HEUREDEBUT, HEUREFIN, NOMJOUR, EVALUATION) VALUES (27, 6, 9, 'JEUDI', -1);
INSERT INTO timeframe (ID, HEUREDEBUT, HEUREFIN, NOMJOUR, EVALUATION) VALUES (28, 9, 12, 'JEUDI', -1);
INSERT INTO timeframe (ID, HEUREDEBUT, HEUREFIN, NOMJOUR, EVALUATION) VALUES (29, 12, 15, 'JEUDI', -1);
INSERT INTO timeframe (ID, HEUREDEBUT, HEUREFIN, NOMJOUR, EVALUATION) VALUES (30, 15, 18, 'JEUDI', -1);
INSERT INTO timeframe (ID, HEUREDEBUT, HEUREFIN, NOMJOUR, EVALUATION) VALUES (31, 18, 21, 'JEUDI', -1);
INSERT INTO timeframe (ID, HEUREDEBUT, HEUREFIN, NOMJOUR, EVALUATION) VALUES (32, 21, 24, 'JEUDI', -1);
INSERT INTO timeframe (ID, HEUREDEBUT, HEUREFIN, NOMJOUR, EVALUATION) VALUES (33, 0, 3, 'VENDREDI', -1);
INSERT INTO timeframe (ID, HEUREDEBUT, HEUREFIN, NOMJOUR, EVALUATION) VALUES (34, 3, 6, 'VENDREDI', -1);
INSERT INTO timeframe (ID, HEUREDEBUT, HEUREFIN, NOMJOUR, EVALUATION) VALUES (35, 6, 9, 'VENDREDI', -1);
INSERT INTO timeframe (ID, HEUREDEBUT, HEUREFIN, NOMJOUR, EVALUATION) VALUES (36, 9, 12, 'VENDREDI', -1);
INSERT INTO timeframe (ID, HEUREDEBUT, HEUREFIN, NOMJOUR, EVALUATION) VALUES (37, 12, 15, 'VENDREDI', -1);
INSERT INTO timeframe (ID, HEUREDEBUT, HEUREFIN, NOMJOUR, EVALUATION) VALUES (38, 15, 18, 'VENDREDI', -1);
INSERT INTO timeframe (ID, HEUREDEBUT, HEUREFIN, NOMJOUR, EVALUATION) VALUES (39, 18, 21, 'VENDREDI', -1);
INSERT INTO timeframe (ID, HEUREDEBUT, HEUREFIN, NOMJOUR, EVALUATION) VALUES (40, 21, 24, 'VENDREDI', -1);
INSERT INTO timeframe (ID, HEUREDEBUT, HEUREFIN, NOMJOUR, EVALUATION) VALUES (41, 0, 3, 'SAMEDI', -1);
INSERT INTO timeframe (ID, HEUREDEBUT, HEUREFIN, NOMJOUR, EVALUATION) VALUES (42, 3, 6, 'SAMEDI', -1);
INSERT INTO timeframe (ID, HEUREDEBUT, HEUREFIN, NOMJOUR, EVALUATION) VALUES (43, 6, 9, 'SAMEDI', -1);
INSERT INTO timeframe (ID, HEUREDEBUT, HEUREFIN, NOMJOUR, EVALUATION) VALUES (44, 9, 12, 'SAMEDI', -1);
INSERT INTO timeframe (ID, HEUREDEBUT, HEUREFIN, NOMJOUR, EVALUATION) VALUES (45, 12, 15, 'SAMEDI', -1);
INSERT INTO timeframe (ID, HEUREDEBUT, HEUREFIN, NOMJOUR, EVALUATION) VALUES (46, 15, 18, 'SAMEDI', -1);
INSERT INTO timeframe (ID, HEUREDEBUT, HEUREFIN, NOMJOUR, EVALUATION) VALUES (47, 18, 21, 'SAMEDI', -1);
INSERT INTO timeframe (ID, HEUREDEBUT, HEUREFIN, NOMJOUR, EVALUATION) VALUES (48, 21, 24, 'SAMEDI', -1);
INSERT INTO timeframe (ID, HEUREDEBUT, HEUREFIN, NOMJOUR, EVALUATION) VALUES (49, 0, 3, 'DIMANCHE', -1);
INSERT INTO timeframe (ID, HEUREDEBUT, HEUREFIN, NOMJOUR, EVALUATION) VALUES (50, 3, 6, 'DIMANCHE', -1);
INSERT INTO timeframe (ID, HEUREDEBUT, HEUREFIN, NOMJOUR, EVALUATION) VALUES (51, 6, 9, 'DIMANCHE', -1);
INSERT INTO timeframe (ID, HEUREDEBUT, HEUREFIN, NOMJOUR, EVALUATION) VALUES (52, 9, 12, 'DIMANCHE', -1);
INSERT INTO timeframe (ID, HEUREDEBUT, HEUREFIN, NOMJOUR, EVALUATION) VALUES (53, 12, 15, 'DIMANCHE', -1);
INSERT INTO timeframe (ID, HEUREDEBUT, HEUREFIN, NOMJOUR, EVALUATION) VALUES (54, 15, 18, 'DIMANCHE', -1);
INSERT INTO timeframe (ID, HEUREDEBUT, HEUREFIN, NOMJOUR, EVALUATION) VALUES (55, 18, 21, 'DIMANCHE', -1);
INSERT INTO timeframe (ID, HEUREDEBUT, HEUREFIN, NOMJOUR, EVALUATION) VALUES (56, 21, 24, 'DIMANCHE', -1);

INSERT INTO sport(ID, NOM, KMH, KCALH) VALUES (1, 'Course', 12, 880);
INSERT INTO sport(ID, NOM, KMH, KCALH) VALUES (2, 'Marche', 4, 245);
INSERT INTO sport(ID, NOM, KMH, KCALH) VALUES (3, 'Cyclisme', 20, 690);

INSERT INTO point (ID, x, y) VALUES (10000, 45.77846429629631, 4.852797629629627);
INSERT INTO centreinteret (ID, NAME, POINT_ID) VALUES (10000, "Parc de la Tête d'Or", 10000);
INSERT INTO point (ID, x, y) VALUES (10001, 45.77868958333333, 4.853984940476191);
INSERT INTO centreinteret (ID, NAME, POINT_ID) VALUES (10001, "Tour Parc de la Tête d'Or", 10001);
INSERT INTO point (ID, x, y) VALUES (10002, 45.76518764705882, 4.823596470588235);
INSERT INTO centreinteret (ID, NAME, POINT_ID) VALUES (10002, "Escaliers Nicolas de Lange", 10002);
INSERT INTO point (ID, x, y) VALUES (10003, 45.77069710144926, 4.841091594202898);
INSERT INTO centreinteret (ID, NAME, POINT_ID) VALUES (10003, "Pt Lafayette-Tete or par les quais", 10003);
INSERT INTO point (ID, x, y) VALUES (10004, 45.72979947368422, 4.812275789473685);
INSERT INTO centreinteret (ID, NAME, POINT_ID) VALUES (10004, "descente escalier mulatiere", 10004);
INSERT INTO point (ID, x, y) VALUES (10005, 45.739675, 4.8260112903225805);
INSERT INTO centreinteret (ID, NAME, POINT_ID) VALUES (10005, "Pont a pont", 10005);
INSERT INTO point (ID, x, y) VALUES (10006, 45.74327516129033, 4.829121612903227);
INSERT INTO centreinteret (ID, NAME, POINT_ID) VALUES (10006, "Gwen2kA", 10006);
INSERT INTO point (ID, x, y) VALUES (10007, 45.704891739130424, 4.755103478260869);
INSERT INTO centreinteret (ID, NAME, POINT_ID) VALUES (10007, "Rue Favre Garin Climb", 10007);
INSERT INTO point (ID, x, y) VALUES (10008, 45.789565, 4.754929117647059);
INSERT INTO centreinteret (ID, NAME, POINT_ID) VALUES (10008, "Chemin Du Petit Bois Climb", 10008);
INSERT INTO point (ID, x, y) VALUES (10009, 45.71834150000001, 4.8964025);
INSERT INTO centreinteret (ID, NAME, POINT_ID) VALUES (10009, "Tour de Piste_1 Parilly", 10009);
INSERT INTO point (ID, x, y) VALUES (10010, 45.772916756756764, 4.815414864864865);
INSERT INTO centreinteret (ID, NAME, POINT_ID) VALUES (10010, "Montée des Esses", 10010);
INSERT INTO point (ID, x, y) VALUES (10011, 45.79343764044942, 4.912938314606743);
INSERT INTO centreinteret (ID, NAME, POINT_ID) VALUES (10011, "Piste cyclable vers Miribel-Jonage", 10011);
INSERT INTO point (ID, x, y) VALUES (10012, 45.798205454545446, 4.841378909090911);
INSERT INTO centreinteret (ID, NAME, POINT_ID) VALUES (10012, "Montée Castellane", 10012);
INSERT INTO point (ID, x, y) VALUES (10013, 45.76642445544555, 4.840650792079208);
INSERT INTO centreinteret (ID, NAME, POINT_ID) VALUES (10013, "Berge du Rhône (pont Wilson > Lattre)", 10013);
INSERT INTO point (ID, x, y) VALUES (10014, 45.793744285714304, 4.912491071428572);
INSERT INTO centreinteret (ID, NAME, POINT_ID) VALUES (10014, "voie cyclable vers Parc M. Jonage", 10014);
INSERT INTO point (ID, x, y) VALUES (10015, 45.723371875, 4.76817484375);
INSERT INTO centreinteret (ID, NAME, POINT_ID) VALUES (10015, "Route des Aqueducs", 10015);
INSERT INTO point (ID, x, y) VALUES (10016, 45.751369999999994, 4.763712727272727);
INSERT INTO centreinteret (ID, NAME, POINT_ID) VALUES (10016, "Côte d'Alaï", 10016);
INSERT INTO point (ID, x, y) VALUES (10017, 45.742725555555566, 4.813963703703704);
INSERT INTO centreinteret (ID, NAME, POINT_ID) VALUES (10017, "Quai JJ Rousseau", 10017);


INSERT INTO point (ID, x, y) VALUES (50000, 45.775282004849, 4.8455282965188715);
INSERT INTO users (ID, USERNAME, PASSWORD, FIRSTNAME, LASTNAME, EMAIL, ENABLED, LASTPASSWORDRESETDATE, Location_id) VALUES (10000, "user0", "$2a$08$UkVvwpULis18S19S5pZFn.YHPZt3oaqHZnDwqbCW9pft6uFtkXKDC", "user0", "user0", "user0@user.com", 1, "2003/01/22", 50000);
INSERT INTO user_authority (USER_ID, AUTHORITY_ID) VALUES (10000, 2);
INSERT INTO objectif (id, objectif, sport_id) VALUES (100, 10, 1);
INSERT INTO users_objectifs (user_id, objectifs_id) VALUES (10000, 100);
INSERT INTO programme(programme_id, date_debut, user_id) VALUES (10000, '2018-04-30', 10000);
INSERT INTO objectif(id, objectif, sport_id) VALUES (101, 10, 1);
INSERT INTO programme_objectifs(programme_programme_id, objectifs_id) VALUES (10000, 101);
INSERT INTO activity(activity_id, date_prevue, distance_prevue, distance_realisee, estrealisee, programme_id, sport_id, CENTREINTERET_ID, timeframe_id) VALUES (10000, '2018-05-01', 11.80102506272674, 0, 0, 10000, 1, 10000, 14);
INSERT INTO activity(activity_id, date_prevue, distance_prevue, distance_realisee, estrealisee, programme_id, sport_id, CENTREINTERET_ID, timeframe_id) VALUES (10001, '2018-05-02', 9.426124786984406, 0, 0, 10000, 1, 10000, 20);
INSERT INTO activity(activity_id, date_prevue, distance_prevue, distance_realisee, estrealisee, programme_id, sport_id, CENTREINTERET_ID, timeframe_id) VALUES (10002, '2018-05-03', 8.360059094381384, 0, 0, 10000, 1, 10000, 31);
INSERT INTO activity(activity_id, date_prevue, distance_prevue, distance_realisee, estrealisee, programme_id, sport_id, CENTREINTERET_ID, timeframe_id) VALUES (10003, '2018-05-04', 8.617715889370047, 0, 0, 10000, 1, 10000, 39);
INSERT INTO programme(programme_id, date_debut, user_id) VALUES (10001, '2018-04-23', 10000);
INSERT INTO objectif(id, objectif, sport_id) VALUES (102, 10, 1);
INSERT INTO programme_objectifs(programme_programme_id, objectifs_id) VALUES (10001, 102);
INSERT INTO activity(activity_id, date_prevue, date_realisee, distance_prevue, distance_realisee, estrealisee, programme_id, sport_id, CENTREINTERET_ID, timeframe_id) VALUES (10004, '2018-04-17', '2018-04-17', 7.62862734970307, 7.62862734970307, 1, 10001, 1, 10000, 11);
INSERT INTO activity(activity_id, date_prevue, date_realisee, distance_prevue, distance_realisee, estrealisee, programme_id, sport_id, CENTREINTERET_ID, timeframe_id) VALUES (10005, '2018-04-18', '2018-04-18', 11.877982682936347, 11.877982682936347, 1, 10001, 1, 10000, 15);
INSERT INTO activity(activity_id, date_prevue, date_realisee, distance_prevue, distance_realisee, estrealisee, programme_id, sport_id, CENTREINTERET_ID, timeframe_id) VALUES (10006, '2018-04-19', '2018-04-19', 10.529570664125774, 10.529570664125774, 1, 10001, 1, 10000, 33);
INSERT INTO activity(activity_id, date_prevue, date_realisee, distance_prevue, distance_realisee, estrealisee, programme_id, sport_id, CENTREINTERET_ID, timeframe_id) VALUES (10007, '2018-04-20', '2018-04-20', 11.726375758067906, 11.726375758067906, 1, 10001, 1, 10000, 22);

INSERT INTO point (ID, x, y) VALUES (50001, 45.725437645639694, 4.882032087249636);
INSERT INTO users (ID, USERNAME, PASSWORD, FIRSTNAME, LASTNAME, EMAIL, ENABLED, LASTPASSWORDRESETDATE, Location_id) VALUES (10001, "user1", "$2a$08$UkVvwpULis18S19S5pZFn.YHPZt3oaqHZnDwqbCW9pft6uFtkXKDC", "user1", "user1", "user1@user.com", 1, "2003/01/22", 50001);
INSERT INTO user_authority (USER_ID, AUTHORITY_ID) VALUES (10001, 2);
INSERT INTO objectif (id, objectif, sport_id) VALUES (103, 10, 1);
INSERT INTO users_objectifs (user_id, objectifs_id) VALUES (10001, 103);
INSERT INTO programme(programme_id, date_debut, user_id) VALUES (10002, '2018-04-30', 10001);
INSERT INTO objectif(id, objectif, sport_id) VALUES (104, 10, 1);
INSERT INTO programme_objectifs(programme_programme_id, objectifs_id) VALUES (10002, 104);
INSERT INTO activity(activity_id, date_prevue, distance_prevue, distance_realisee, estrealisee, programme_id, sport_id, CENTREINTERET_ID, timeframe_id) VALUES (10008, '2018-05-01', 8.539349786737676, 0, 0, 10002, 1, 10000, 14);
INSERT INTO activity(activity_id, date_prevue, distance_prevue, distance_realisee, estrealisee, programme_id, sport_id, CENTREINTERET_ID, timeframe_id) VALUES (10009, '2018-05-02', 9.05951264689164, 0, 0, 10002, 1, 10000, 20);
INSERT INTO activity(activity_id, date_prevue, distance_prevue, distance_realisee, estrealisee, programme_id, sport_id, CENTREINTERET_ID, timeframe_id) VALUES (10010, '2018-05-03', 8.950207172896079, 0, 0, 10002, 1, 10000, 31);
INSERT INTO activity(activity_id, date_prevue, distance_prevue, distance_realisee, estrealisee, programme_id, sport_id, CENTREINTERET_ID, timeframe_id) VALUES (10011, '2018-05-04', 11.89465948284988, 0, 0, 10002, 1, 10000, 39);
INSERT INTO programme(programme_id, date_debut, user_id) VALUES (10003, '2018-04-23', 10001);
INSERT INTO objectif(id, objectif, sport_id) VALUES (105, 10, 1);
INSERT INTO programme_objectifs(programme_programme_id, objectifs_id) VALUES (10003, 105);
INSERT INTO activity(activity_id, date_prevue, date_realisee, distance_prevue, distance_realisee, estrealisee, programme_id, sport_id, CENTREINTERET_ID, timeframe_id) VALUES (10012, '2018-04-17', '2018-04-17', 10.937810050212837, 10.937810050212837, 1, 10003, 1, 10000, 19);
INSERT INTO activity(activity_id, date_prevue, date_realisee, distance_prevue, distance_realisee, estrealisee, programme_id, sport_id, CENTREINTERET_ID, timeframe_id) VALUES (10013, '2018-04-18', '2018-04-18', 8.270966923382401, 8.270966923382401, 1, 10003, 1, 10000, 14);
INSERT INTO activity(activity_id, date_prevue, date_realisee, distance_prevue, distance_realisee, estrealisee, programme_id, sport_id, CENTREINTERET_ID, timeframe_id) VALUES (10014, '2018-04-19', '2018-04-19', 8.97835842174997, 8.97835842174997, 1, 10003, 1, 10000, 37);
INSERT INTO activity(activity_id, date_prevue, date_realisee, distance_prevue, distance_realisee, estrealisee, programme_id, sport_id, CENTREINTERET_ID, timeframe_id) VALUES (10015, '2018-04-20', '2018-04-20', 10.921754660259761, 10.921754660259761, 1, 10003, 1, 10000, 51);

INSERT INTO point (ID, x, y) VALUES (50002, 45.791682973981736, 4.8395850470756425);
INSERT INTO users (ID, USERNAME, PASSWORD, FIRSTNAME, LASTNAME, EMAIL, ENABLED, LASTPASSWORDRESETDATE, Location_id) VALUES (10002, "user2", "$2a$08$UkVvwpULis18S19S5pZFn.YHPZt3oaqHZnDwqbCW9pft6uFtkXKDC", "user2", "user2", "user2@user.com", 1, "2003/01/22", 50002);
INSERT INTO user_authority (USER_ID, AUTHORITY_ID) VALUES (10002, 2);
INSERT INTO objectif (id, objectif, sport_id) VALUES (106, 10, 1);
INSERT INTO users_objectifs (user_id, objectifs_id) VALUES (10002, 106);
INSERT INTO programme(programme_id, date_debut, user_id) VALUES (10004, '2018-04-30', 10002);
INSERT INTO objectif(id, objectif, sport_id) VALUES (107, 10, 1);
INSERT INTO programme_objectifs(programme_programme_id, objectifs_id) VALUES (10004, 107);
INSERT INTO activity(activity_id, date_prevue, distance_prevue, distance_realisee, estrealisee, programme_id, sport_id, CENTREINTERET_ID, timeframe_id) VALUES (10016, '2018-05-01', 7.2763066636226945, 0, 0, 10004, 1, 10000, 14);
INSERT INTO activity(activity_id, date_prevue, distance_prevue, distance_realisee, estrealisee, programme_id, sport_id, CENTREINTERET_ID, timeframe_id) VALUES (10017, '2018-05-02', 11.308317704174264, 0, 0, 10004, 1, 10000, 20);
INSERT INTO activity(activity_id, date_prevue, distance_prevue, distance_realisee, estrealisee, programme_id, sport_id, CENTREINTERET_ID, timeframe_id) VALUES (10018, '2018-05-03', 9.344307186065144, 0, 0, 10004, 1, 10000, 31);
INSERT INTO activity(activity_id, date_prevue, distance_prevue, distance_realisee, estrealisee, programme_id, sport_id, CENTREINTERET_ID, timeframe_id) VALUES (10019, '2018-05-04', 9.192354545018752, 0, 0, 10004, 1, 10000, 39);
INSERT INTO programme(programme_id, date_debut, user_id) VALUES (10005, '2018-04-23', 10002);
INSERT INTO objectif(id, objectif, sport_id) VALUES (108, 10, 1);
INSERT INTO programme_objectifs(programme_programme_id, objectifs_id) VALUES (10005, 108);
INSERT INTO activity(activity_id, date_prevue, date_realisee, distance_prevue, distance_realisee, estrealisee, programme_id, sport_id, CENTREINTERET_ID, timeframe_id) VALUES (10020, '2018-04-17', '2018-04-17', 8.025634980428983, 8.025634980428983, 1, 10005, 1, 10000, 41);
INSERT INTO activity(activity_id, date_prevue, date_realisee, distance_prevue, distance_realisee, estrealisee, programme_id, sport_id, CENTREINTERET_ID, timeframe_id) VALUES (10021, '2018-04-18', '2018-04-18', 7.230409811401505, 7.230409811401505, 1, 10005, 1, 10000, 2);
INSERT INTO activity(activity_id, date_prevue, date_realisee, distance_prevue, distance_realisee, estrealisee, programme_id, sport_id, CENTREINTERET_ID, timeframe_id) VALUES (10022, '2018-04-19', '2018-04-19', 7.818504638161512, 7.818504638161512, 1, 10005, 1, 10000, 29);
INSERT INTO activity(activity_id, date_prevue, date_realisee, distance_prevue, distance_realisee, estrealisee, programme_id, sport_id, CENTREINTERET_ID, timeframe_id) VALUES (10023, '2018-04-20', '2018-04-20', 9.680262899079711, 9.680262899079711, 1, 10005, 1, 10000, 32);

INSERT INTO point (ID, x, y) VALUES (50003, 45.75268127890408, 4.870526802351403);
INSERT INTO users (ID, USERNAME, PASSWORD, FIRSTNAME, LASTNAME, EMAIL, ENABLED, LASTPASSWORDRESETDATE, Location_id) VALUES (10003, "user3", "$2a$08$UkVvwpULis18S19S5pZFn.YHPZt3oaqHZnDwqbCW9pft6uFtkXKDC", "user3", "user3", "user3@user.com", 1, "2003/01/22", 50003);
INSERT INTO user_authority (USER_ID, AUTHORITY_ID) VALUES (10003, 2);
INSERT INTO objectif (id, objectif, sport_id) VALUES (109, 10, 1);
INSERT INTO users_objectifs (user_id, objectifs_id) VALUES (10003, 109);
INSERT INTO programme(programme_id, date_debut, user_id) VALUES (10006, '2018-04-30', 10003);
INSERT INTO objectif(id, objectif, sport_id) VALUES (110, 10, 1);
INSERT INTO programme_objectifs(programme_programme_id, objectifs_id) VALUES (10006, 110);
INSERT INTO activity(activity_id, date_prevue, distance_prevue, distance_realisee, estrealisee, programme_id, sport_id, CENTREINTERET_ID, timeframe_id) VALUES (10024, '2018-05-01', 11.476590452882256, 0, 0, 10006, 1, 10000, 14);
INSERT INTO activity(activity_id, date_prevue, distance_prevue, distance_realisee, estrealisee, programme_id, sport_id, CENTREINTERET_ID, timeframe_id) VALUES (10025, '2018-05-02', 10.202202437332934, 0, 0, 10006, 1, 10000, 20);
INSERT INTO activity(activity_id, date_prevue, distance_prevue, distance_realisee, estrealisee, programme_id, sport_id, CENTREINTERET_ID, timeframe_id) VALUES (10026, '2018-05-03', 11.912114731262076, 0, 0, 10006, 1, 10000, 31);
INSERT INTO activity(activity_id, date_prevue, distance_prevue, distance_realisee, estrealisee, programme_id, sport_id, CENTREINTERET_ID, timeframe_id) VALUES (10027, '2018-05-04', 10.82916098454886, 0, 0, 10006, 1, 10000, 39);
INSERT INTO programme(programme_id, date_debut, user_id) VALUES (10007, '2018-04-23', 10003);
INSERT INTO objectif(id, objectif, sport_id) VALUES (111, 10, 1);
INSERT INTO programme_objectifs(programme_programme_id, objectifs_id) VALUES (10007, 111);
INSERT INTO activity(activity_id, date_prevue, date_realisee, distance_prevue, distance_realisee, estrealisee, programme_id, sport_id, CENTREINTERET_ID, timeframe_id) VALUES (10028, '2018-04-17', '2018-04-17', 7.836243933642439, 7.836243933642439, 1, 10007, 1, 10000, 50);
INSERT INTO activity(activity_id, date_prevue, date_realisee, distance_prevue, distance_realisee, estrealisee, programme_id, sport_id, CENTREINTERET_ID, timeframe_id) VALUES (10029, '2018-04-18', '2018-04-18', 11.711841175333698, 11.711841175333698, 1, 10007, 1, 10000, 26);
INSERT INTO activity(activity_id, date_prevue, date_realisee, distance_prevue, distance_realisee, estrealisee, programme_id, sport_id, CENTREINTERET_ID, timeframe_id) VALUES (10030, '2018-04-19', '2018-04-19', 7.931422953140305, 7.931422953140305, 1, 10007, 1, 10000, 19);
INSERT INTO activity(activity_id, date_prevue, date_realisee, distance_prevue, distance_realisee, estrealisee, programme_id, sport_id, CENTREINTERET_ID, timeframe_id) VALUES (10031, '2018-04-20', '2018-04-20', 10.199797560399954, 10.199797560399954, 1, 10007, 1, 10000, 12);

INSERT INTO point (ID, x, y) VALUES (50004, 45.72402039298001, 4.874291891632424);
INSERT INTO users (ID, USERNAME, PASSWORD, FIRSTNAME, LASTNAME, EMAIL, ENABLED, LASTPASSWORDRESETDATE, Location_id) VALUES (10004, "user4", "$2a$08$UkVvwpULis18S19S5pZFn.YHPZt3oaqHZnDwqbCW9pft6uFtkXKDC", "user4", "user4", "user4@user.com", 1, "2003/01/22", 50004);
INSERT INTO user_authority (USER_ID, AUTHORITY_ID) VALUES (10004, 2);
INSERT INTO objectif (id, objectif, sport_id) VALUES (112, 10, 1);
INSERT INTO users_objectifs (user_id, objectifs_id) VALUES (10004, 112);
INSERT INTO programme(programme_id, date_debut, user_id) VALUES (10008, '2018-04-30', 10004);
INSERT INTO objectif(id, objectif, sport_id) VALUES (113, 10, 1);
INSERT INTO programme_objectifs(programme_programme_id, objectifs_id) VALUES (10008, 113);
INSERT INTO activity(activity_id, date_prevue, distance_prevue, distance_realisee, estrealisee, programme_id, sport_id, CENTREINTERET_ID, timeframe_id) VALUES (10032, '2018-05-01', 7.219462374769792, 0, 0, 10008, 1, 10000, 14);
INSERT INTO activity(activity_id, date_prevue, distance_prevue, distance_realisee, estrealisee, programme_id, sport_id, CENTREINTERET_ID, timeframe_id) VALUES (10033, '2018-05-02', 8.506888882983654, 0, 0, 10008, 1, 10000, 20);
INSERT INTO activity(activity_id, date_prevue, distance_prevue, distance_realisee, estrealisee, programme_id, sport_id, CENTREINTERET_ID, timeframe_id) VALUES (10034, '2018-05-03', 10.700459078935197, 0, 0, 10008, 1, 10000, 31);
INSERT INTO activity(activity_id, date_prevue, distance_prevue, distance_realisee, estrealisee, programme_id, sport_id, CENTREINTERET_ID, timeframe_id) VALUES (10035, '2018-05-04', 11.474748755509479, 0, 0, 10008, 1, 10000, 39);
INSERT INTO programme(programme_id, date_debut, user_id) VALUES (10009, '2018-04-23', 10004);
INSERT INTO objectif(id, objectif, sport_id) VALUES (114, 10, 1);
INSERT INTO programme_objectifs(programme_programme_id, objectifs_id) VALUES (10009, 114);
INSERT INTO activity(activity_id, date_prevue, date_realisee, distance_prevue, distance_realisee, estrealisee, programme_id, sport_id, CENTREINTERET_ID, timeframe_id) VALUES (10036, '2018-04-17', '2018-04-17', 8.207274021402526, 8.207274021402526, 1, 10009, 1, 10000, 19);
INSERT INTO activity(activity_id, date_prevue, date_realisee, distance_prevue, distance_realisee, estrealisee, programme_id, sport_id, CENTREINTERET_ID, timeframe_id) VALUES (10037, '2018-04-18', '2018-04-18', 9.473684908574288, 9.473684908574288, 1, 10009, 1, 10000, 12);
INSERT INTO activity(activity_id, date_prevue, date_realisee, distance_prevue, distance_realisee, estrealisee, programme_id, sport_id, CENTREINTERET_ID, timeframe_id) VALUES (10038, '2018-04-19', '2018-04-19', 7.305199143772872, 7.305199143772872, 1, 10009, 1, 10000, 42);
INSERT INTO activity(activity_id, date_prevue, date_realisee, distance_prevue, distance_realisee, estrealisee, programme_id, sport_id, CENTREINTERET_ID, timeframe_id) VALUES (10039, '2018-04-20', '2018-04-20', 10.176856963890154, 10.176856963890154, 1, 10009, 1, 10000, 17);

INSERT INTO point (ID, x, y) VALUES (50005, 45.75262356022463, 4.868887360067702);
INSERT INTO users (ID, USERNAME, PASSWORD, FIRSTNAME, LASTNAME, EMAIL, ENABLED, LASTPASSWORDRESETDATE, Location_id) VALUES (10005, "user5", "$2a$08$UkVvwpULis18S19S5pZFn.YHPZt3oaqHZnDwqbCW9pft6uFtkXKDC", "user5", "user5", "user5@user.com", 1, "2003/01/22", 50005);
INSERT INTO user_authority (USER_ID, AUTHORITY_ID) VALUES (10005, 2);
INSERT INTO objectif (id, objectif, sport_id) VALUES (115, 10, 1);
INSERT INTO users_objectifs (user_id, objectifs_id) VALUES (10005, 115);
INSERT INTO programme(programme_id, date_debut, user_id) VALUES (10010, '2018-04-30', 10005);
INSERT INTO objectif(id, objectif, sport_id) VALUES (116, 10, 1);
INSERT INTO programme_objectifs(programme_programme_id, objectifs_id) VALUES (10010, 116);
INSERT INTO activity(activity_id, date_prevue, distance_prevue, distance_realisee, estrealisee, programme_id, sport_id, CENTREINTERET_ID, timeframe_id) VALUES (10040, '2018-05-01', 10.937891021788728, 0, 0, 10010, 1, 10000, 14);
INSERT INTO activity(activity_id, date_prevue, distance_prevue, distance_realisee, estrealisee, programme_id, sport_id, CENTREINTERET_ID, timeframe_id) VALUES (10041, '2018-05-02', 9.820545920578413, 0, 0, 10010, 1, 10000, 20);
INSERT INTO activity(activity_id, date_prevue, distance_prevue, distance_realisee, estrealisee, programme_id, sport_id, CENTREINTERET_ID, timeframe_id) VALUES (10042, '2018-05-03', 11.583375888375656, 0, 0, 10010, 1, 10000, 31);
INSERT INTO activity(activity_id, date_prevue, distance_prevue, distance_realisee, estrealisee, programme_id, sport_id, CENTREINTERET_ID, timeframe_id) VALUES (10043, '2018-05-04', 11.356812428615548, 0, 0, 10010, 1, 10000, 39);
INSERT INTO programme(programme_id, date_debut, user_id) VALUES (10011, '2018-04-23', 10005);
INSERT INTO objectif(id, objectif, sport_id) VALUES (117, 10, 1);
INSERT INTO programme_objectifs(programme_programme_id, objectifs_id) VALUES (10011, 117);
INSERT INTO activity(activity_id, date_prevue, date_realisee, distance_prevue, distance_realisee, estrealisee, programme_id, sport_id, CENTREINTERET_ID, timeframe_id) VALUES (10044, '2018-04-17', '2018-04-17', 11.484616075070484, 11.484616075070484, 1, 10011, 1, 10000, 25);
INSERT INTO activity(activity_id, date_prevue, date_realisee, distance_prevue, distance_realisee, estrealisee, programme_id, sport_id, CENTREINTERET_ID, timeframe_id) VALUES (10045, '2018-04-18', '2018-04-18', 11.328829225324714, 11.328829225324714, 1, 10011, 1, 10000, 44);
INSERT INTO activity(activity_id, date_prevue, date_realisee, distance_prevue, distance_realisee, estrealisee, programme_id, sport_id, CENTREINTERET_ID, timeframe_id) VALUES (10046, '2018-04-19', '2018-04-19', 8.827852410906141, 8.827852410906141, 1, 10011, 1, 10000, 43);
INSERT INTO activity(activity_id, date_prevue, date_realisee, distance_prevue, distance_realisee, estrealisee, programme_id, sport_id, CENTREINTERET_ID, timeframe_id) VALUES (10047, '2018-04-20', '2018-04-20', 9.701285606719608, 9.701285606719608, 1, 10011, 1, 10000, 16);

INSERT INTO point (ID, x, y) VALUES (50006, 45.79294027812236, 4.879898424821958);
INSERT INTO users (ID, USERNAME, PASSWORD, FIRSTNAME, LASTNAME, EMAIL, ENABLED, LASTPASSWORDRESETDATE, Location_id) VALUES (10006, "user6", "$2a$08$UkVvwpULis18S19S5pZFn.YHPZt3oaqHZnDwqbCW9pft6uFtkXKDC", "user6", "user6", "user6@user.com", 1, "2003/01/22", 50006);
INSERT INTO user_authority (USER_ID, AUTHORITY_ID) VALUES (10006, 2);
INSERT INTO objectif (id, objectif, sport_id) VALUES (118, 10, 1);
INSERT INTO users_objectifs (user_id, objectifs_id) VALUES (10006, 118);
INSERT INTO programme(programme_id, date_debut, user_id) VALUES (10012, '2018-04-30', 10006);
INSERT INTO objectif(id, objectif, sport_id) VALUES (119, 10, 1);
INSERT INTO programme_objectifs(programme_programme_id, objectifs_id) VALUES (10012, 119);
INSERT INTO activity(activity_id, date_prevue, distance_prevue, distance_realisee, estrealisee, programme_id, sport_id, CENTREINTERET_ID, timeframe_id) VALUES (10048, '2018-05-01', 8.44314918320789, 0, 0, 10012, 1, 10000, 14);
INSERT INTO activity(activity_id, date_prevue, distance_prevue, distance_realisee, estrealisee, programme_id, sport_id, CENTREINTERET_ID, timeframe_id) VALUES (10049, '2018-05-02', 8.92707811986013, 0, 0, 10012, 1, 10000, 20);
INSERT INTO activity(activity_id, date_prevue, distance_prevue, distance_realisee, estrealisee, programme_id, sport_id, CENTREINTERET_ID, timeframe_id) VALUES (10050, '2018-05-03', 7.922401706685733, 0, 0, 10012, 1, 10000, 31);
INSERT INTO activity(activity_id, date_prevue, distance_prevue, distance_realisee, estrealisee, programme_id, sport_id, CENTREINTERET_ID, timeframe_id) VALUES (10051, '2018-05-04', 9.844951325726576, 0, 0, 10012, 1, 10000, 39);
INSERT INTO programme(programme_id, date_debut, user_id) VALUES (10013, '2018-04-23', 10006);
INSERT INTO objectif(id, objectif, sport_id) VALUES (120, 10, 1);
INSERT INTO programme_objectifs(programme_programme_id, objectifs_id) VALUES (10013, 120);
INSERT INTO activity(activity_id, date_prevue, date_realisee, distance_prevue, distance_realisee, estrealisee, programme_id, sport_id, CENTREINTERET_ID, timeframe_id) VALUES (10052, '2018-04-17', '2018-04-17', 8.417843063943883, 8.417843063943883, 1, 10013, 1, 10000, 46);
INSERT INTO activity(activity_id, date_prevue, date_realisee, distance_prevue, distance_realisee, estrealisee, programme_id, sport_id, CENTREINTERET_ID, timeframe_id) VALUES (10053, '2018-04-18', '2018-04-18', 7.11348872445889, 7.11348872445889, 1, 10013, 1, 10000, 10);
INSERT INTO activity(activity_id, date_prevue, date_realisee, distance_prevue, distance_realisee, estrealisee, programme_id, sport_id, CENTREINTERET_ID, timeframe_id) VALUES (10054, '2018-04-19', '2018-04-19', 7.7926440228531515, 7.7926440228531515, 1, 10013, 1, 10000, 31);
INSERT INTO activity(activity_id, date_prevue, date_realisee, distance_prevue, distance_realisee, estrealisee, programme_id, sport_id, CENTREINTERET_ID, timeframe_id) VALUES (10055, '2018-04-20', '2018-04-20', 7.940858256473518, 7.940858256473518, 1, 10013, 1, 10000, 38);

INSERT INTO point (ID, x, y) VALUES (50007, 45.78140291217461, 4.876434902415624);
INSERT INTO users (ID, USERNAME, PASSWORD, FIRSTNAME, LASTNAME, EMAIL, ENABLED, LASTPASSWORDRESETDATE, Location_id) VALUES (10007, "user7", "$2a$08$UkVvwpULis18S19S5pZFn.YHPZt3oaqHZnDwqbCW9pft6uFtkXKDC", "user7", "user7", "user7@user.com", 1, "2003/01/22", 50007);
INSERT INTO user_authority (USER_ID, AUTHORITY_ID) VALUES (10007, 2);
INSERT INTO objectif (id, objectif, sport_id) VALUES (121, 10, 1);
INSERT INTO users_objectifs (user_id, objectifs_id) VALUES (10007, 121);
INSERT INTO programme(programme_id, date_debut, user_id) VALUES (10014, '2018-04-30', 10007);
INSERT INTO objectif(id, objectif, sport_id) VALUES (122, 10, 1);
INSERT INTO programme_objectifs(programme_programme_id, objectifs_id) VALUES (10014, 122);
INSERT INTO activity(activity_id, date_prevue, distance_prevue, distance_realisee, estrealisee, programme_id, sport_id, CENTREINTERET_ID, timeframe_id) VALUES (10056, '2018-05-01', 7.238368491575218, 0, 0, 10014, 1, 10000, 14);
INSERT INTO activity(activity_id, date_prevue, distance_prevue, distance_realisee, estrealisee, programme_id, sport_id, CENTREINTERET_ID, timeframe_id) VALUES (10057, '2018-05-02', 7.4842446220079015, 0, 0, 10014, 1, 10000, 20);
INSERT INTO activity(activity_id, date_prevue, distance_prevue, distance_realisee, estrealisee, programme_id, sport_id, CENTREINTERET_ID, timeframe_id) VALUES (10058, '2018-05-03', 10.361878441550552, 0, 0, 10014, 1, 10000, 31);
INSERT INTO activity(activity_id, date_prevue, distance_prevue, distance_realisee, estrealisee, programme_id, sport_id, CENTREINTERET_ID, timeframe_id) VALUES (10059, '2018-05-04', 9.68868211180494, 0, 0, 10014, 1, 10000, 39);
INSERT INTO programme(programme_id, date_debut, user_id) VALUES (10015, '2018-04-23', 10007);
INSERT INTO objectif(id, objectif, sport_id) VALUES (123, 10, 1);
INSERT INTO programme_objectifs(programme_programme_id, objectifs_id) VALUES (10015, 123);
INSERT INTO activity(activity_id, date_prevue, date_realisee, distance_prevue, distance_realisee, estrealisee, programme_id, sport_id, CENTREINTERET_ID, timeframe_id) VALUES (10060, '2018-04-17', '2018-04-17', 10.854939801821555, 10.854939801821555, 1, 10015, 1, 10000, 49);
INSERT INTO activity(activity_id, date_prevue, date_realisee, distance_prevue, distance_realisee, estrealisee, programme_id, sport_id, CENTREINTERET_ID, timeframe_id) VALUES (10061, '2018-04-18', '2018-04-18', 10.49604585270483, 10.49604585270483, 1, 10015, 1, 10000, 21);
INSERT INTO activity(activity_id, date_prevue, date_realisee, distance_prevue, distance_realisee, estrealisee, programme_id, sport_id, CENTREINTERET_ID, timeframe_id) VALUES (10062, '2018-04-19', '2018-04-19', 11.09884995308492, 11.09884995308492, 1, 10015, 1, 10000, 22);
INSERT INTO activity(activity_id, date_prevue, date_realisee, distance_prevue, distance_realisee, estrealisee, programme_id, sport_id, CENTREINTERET_ID, timeframe_id) VALUES (10063, '2018-04-20', '2018-04-20', 8.539488278539205, 8.539488278539205, 1, 10015, 1, 10000, 4);

INSERT INTO point (ID, x, y) VALUES (50008, 45.77190615415037, 4.85336119744458);
INSERT INTO users (ID, USERNAME, PASSWORD, FIRSTNAME, LASTNAME, EMAIL, ENABLED, LASTPASSWORDRESETDATE, Location_id) VALUES (10008, "user8", "$2a$08$UkVvwpULis18S19S5pZFn.YHPZt3oaqHZnDwqbCW9pft6uFtkXKDC", "user8", "user8", "user8@user.com", 1, "2003/01/22", 50008);
INSERT INTO user_authority (USER_ID, AUTHORITY_ID) VALUES (10008, 2);
INSERT INTO objectif (id, objectif, sport_id) VALUES (124, 10, 1);
INSERT INTO users_objectifs (user_id, objectifs_id) VALUES (10008, 124);
INSERT INTO programme(programme_id, date_debut, user_id) VALUES (10016, '2018-04-30', 10008);
INSERT INTO objectif(id, objectif, sport_id) VALUES (125, 10, 1);
INSERT INTO programme_objectifs(programme_programme_id, objectifs_id) VALUES (10016, 125);
INSERT INTO activity(activity_id, date_prevue, distance_prevue, distance_realisee, estrealisee, programme_id, sport_id, CENTREINTERET_ID, timeframe_id) VALUES (10064, '2018-05-01', 8.902020167187162, 0, 0, 10016, 1, 10000, 14);
INSERT INTO activity(activity_id, date_prevue, distance_prevue, distance_realisee, estrealisee, programme_id, sport_id, CENTREINTERET_ID, timeframe_id) VALUES (10065, '2018-05-02', 7.254128236743407, 0, 0, 10016, 1, 10000, 20);
INSERT INTO activity(activity_id, date_prevue, distance_prevue, distance_realisee, estrealisee, programme_id, sport_id, CENTREINTERET_ID, timeframe_id) VALUES (10066, '2018-05-03', 9.248124151185866, 0, 0, 10016, 1, 10000, 31);
INSERT INTO activity(activity_id, date_prevue, distance_prevue, distance_realisee, estrealisee, programme_id, sport_id, CENTREINTERET_ID, timeframe_id) VALUES (10067, '2018-05-04', 8.321539968971964, 0, 0, 10016, 1, 10000, 39);
INSERT INTO programme(programme_id, date_debut, user_id) VALUES (10017, '2018-04-23', 10008);
INSERT INTO objectif(id, objectif, sport_id) VALUES (126, 10, 1);
INSERT INTO programme_objectifs(programme_programme_id, objectifs_id) VALUES (10017, 126);
INSERT INTO activity(activity_id, date_prevue, date_realisee, distance_prevue, distance_realisee, estrealisee, programme_id, sport_id, CENTREINTERET_ID, timeframe_id) VALUES (10068, '2018-04-17', '2018-04-17', 10.697950263827366, 10.697950263827366, 1, 10017, 1, 10000, 4);
INSERT INTO activity(activity_id, date_prevue, date_realisee, distance_prevue, distance_realisee, estrealisee, programme_id, sport_id, CENTREINTERET_ID, timeframe_id) VALUES (10069, '2018-04-18', '2018-04-18', 11.312020225441984, 11.312020225441984, 1, 10017, 1, 10000, 17);
INSERT INTO activity(activity_id, date_prevue, date_realisee, distance_prevue, distance_realisee, estrealisee, programme_id, sport_id, CENTREINTERET_ID, timeframe_id) VALUES (10070, '2018-04-19', '2018-04-19', 8.21330601403421, 8.21330601403421, 1, 10017, 1, 10000, 54);
INSERT INTO activity(activity_id, date_prevue, date_realisee, distance_prevue, distance_realisee, estrealisee, programme_id, sport_id, CENTREINTERET_ID, timeframe_id) VALUES (10071, '2018-04-20', '2018-04-20', 10.215197951086333, 10.215197951086333, 1, 10017, 1, 10000, 2);

INSERT INTO point (ID, x, y) VALUES (50009, 45.767273692368796, 4.8594553989713845);
INSERT INTO users (ID, USERNAME, PASSWORD, FIRSTNAME, LASTNAME, EMAIL, ENABLED, LASTPASSWORDRESETDATE, Location_id) VALUES (10009, "user9", "$2a$08$UkVvwpULis18S19S5pZFn.YHPZt3oaqHZnDwqbCW9pft6uFtkXKDC", "user9", "user9", "user9@user.com", 1, "2003/01/22", 50009);
INSERT INTO user_authority (USER_ID, AUTHORITY_ID) VALUES (10009, 2);
INSERT INTO objectif (id, objectif, sport_id) VALUES (127, 10, 1);
INSERT INTO users_objectifs (user_id, objectifs_id) VALUES (10009, 127);
INSERT INTO programme(programme_id, date_debut, user_id) VALUES (10018, '2018-04-30', 10009);
INSERT INTO objectif(id, objectif, sport_id) VALUES (128, 10, 1);
INSERT INTO programme_objectifs(programme_programme_id, objectifs_id) VALUES (10018, 128);
INSERT INTO activity(activity_id, date_prevue, distance_prevue, distance_realisee, estrealisee, programme_id, sport_id, CENTREINTERET_ID, timeframe_id) VALUES (10072, '2018-05-01', 9.017867041167777, 0, 0, 10018, 1, 10000, 14);
INSERT INTO activity(activity_id, date_prevue, distance_prevue, distance_realisee, estrealisee, programme_id, sport_id, CENTREINTERET_ID, timeframe_id) VALUES (10073, '2018-05-02', 11.322205193384528, 0, 0, 10018, 1, 10000, 20);
INSERT INTO activity(activity_id, date_prevue, distance_prevue, distance_realisee, estrealisee, programme_id, sport_id, CENTREINTERET_ID, timeframe_id) VALUES (10074, '2018-05-03', 9.277658811222832, 0, 0, 10018, 1, 10000, 31);
INSERT INTO activity(activity_id, date_prevue, distance_prevue, distance_realisee, estrealisee, programme_id, sport_id, CENTREINTERET_ID, timeframe_id) VALUES (10075, '2018-05-04', 8.954351156297164, 0, 0, 10018, 1, 10000, 39);
INSERT INTO programme(programme_id, date_debut, user_id) VALUES (10019, '2018-04-23', 10009);
INSERT INTO objectif(id, objectif, sport_id) VALUES (129, 10, 1);
INSERT INTO programme_objectifs(programme_programme_id, objectifs_id) VALUES (10019, 129);
INSERT INTO activity(activity_id, date_prevue, date_realisee, distance_prevue, distance_realisee, estrealisee, programme_id, sport_id, CENTREINTERET_ID, timeframe_id) VALUES (10076, '2018-04-17', '2018-04-17', 9.14552255089489, 9.14552255089489, 1, 10019, 1, 10000, 8);
INSERT INTO activity(activity_id, date_prevue, date_realisee, distance_prevue, distance_realisee, estrealisee, programme_id, sport_id, CENTREINTERET_ID, timeframe_id) VALUES (10077, '2018-04-18', '2018-04-18', 9.234312746626316, 9.234312746626316, 1, 10019, 1, 10000, 22);
INSERT INTO activity(activity_id, date_prevue, date_realisee, distance_prevue, distance_realisee, estrealisee, programme_id, sport_id, CENTREINTERET_ID, timeframe_id) VALUES (10078, '2018-04-19', '2018-04-19', 7.209816193393019, 7.209816193393019, 1, 10019, 1, 10000, 31);
INSERT INTO activity(activity_id, date_prevue, date_realisee, distance_prevue, distance_realisee, estrealisee, programme_id, sport_id, CENTREINTERET_ID, timeframe_id) VALUES (10079, '2018-04-20', '2018-04-20', 9.900410330072937, 9.900410330072937, 1, 10019, 1, 10000, 31);

INSERT INTO point (ID, x, y) VALUES (50010, 45.72737742628175, 4.81175335359024);
INSERT INTO users (ID, USERNAME, PASSWORD, FIRSTNAME, LASTNAME, EMAIL, ENABLED, LASTPASSWORDRESETDATE, Location_id) VALUES (10010, "user10", "$2a$08$UkVvwpULis18S19S5pZFn.YHPZt3oaqHZnDwqbCW9pft6uFtkXKDC", "user10", "user10", "user10@user.com", 1, "2003/01/22", 50010);
INSERT INTO user_authority (USER_ID, AUTHORITY_ID) VALUES (10010, 2);
INSERT INTO objectif (id, objectif, sport_id) VALUES (130, 10, 1);
INSERT INTO users_objectifs (user_id, objectifs_id) VALUES (10010, 130);
INSERT INTO programme(programme_id, date_debut, user_id) VALUES (10020, '2018-04-30', 10010);
INSERT INTO objectif(id, objectif, sport_id) VALUES (131, 10, 1);
INSERT INTO programme_objectifs(programme_programme_id, objectifs_id) VALUES (10020, 131);
INSERT INTO activity(activity_id, date_prevue, distance_prevue, distance_realisee, estrealisee, programme_id, sport_id, CENTREINTERET_ID, timeframe_id) VALUES (10080, '2018-05-01', 10.923845930175153, 0, 0, 10020, 1, 10000, 14);
INSERT INTO activity(activity_id, date_prevue, distance_prevue, distance_realisee, estrealisee, programme_id, sport_id, CENTREINTERET_ID, timeframe_id) VALUES (10081, '2018-05-02', 8.035121360553893, 0, 0, 10020, 1, 10000, 20);
INSERT INTO activity(activity_id, date_prevue, distance_prevue, distance_realisee, estrealisee, programme_id, sport_id, CENTREINTERET_ID, timeframe_id) VALUES (10082, '2018-05-03', 9.36839618275837, 0, 0, 10020, 1, 10000, 31);
INSERT INTO activity(activity_id, date_prevue, distance_prevue, distance_realisee, estrealisee, programme_id, sport_id, CENTREINTERET_ID, timeframe_id) VALUES (10083, '2018-05-04', 7.707302706198211, 0, 0, 10020, 1, 10000, 39);
INSERT INTO programme(programme_id, date_debut, user_id) VALUES (10021, '2018-04-23', 10010);
INSERT INTO objectif(id, objectif, sport_id) VALUES (132, 10, 1);
INSERT INTO programme_objectifs(programme_programme_id, objectifs_id) VALUES (10021, 132);
INSERT INTO activity(activity_id, date_prevue, date_realisee, distance_prevue, distance_realisee, estrealisee, programme_id, sport_id, CENTREINTERET_ID, timeframe_id) VALUES (10084, '2018-04-17', '2018-04-17', 10.931846575203386, 10.931846575203386, 1, 10021, 1, 10000, 29);
INSERT INTO activity(activity_id, date_prevue, date_realisee, distance_prevue, distance_realisee, estrealisee, programme_id, sport_id, CENTREINTERET_ID, timeframe_id) VALUES (10085, '2018-04-18', '2018-04-18', 9.92400666801191, 9.92400666801191, 1, 10021, 1, 10000, 11);
INSERT INTO activity(activity_id, date_prevue, date_realisee, distance_prevue, distance_realisee, estrealisee, programme_id, sport_id, CENTREINTERET_ID, timeframe_id) VALUES (10086, '2018-04-19', '2018-04-19', 9.426818387621466, 9.426818387621466, 1, 10021, 1, 10000, 44);
INSERT INTO activity(activity_id, date_prevue, date_realisee, distance_prevue, distance_realisee, estrealisee, programme_id, sport_id, CENTREINTERET_ID, timeframe_id) VALUES (10087, '2018-04-20', '2018-04-20', 10.82568505393672, 10.82568505393672, 1, 10021, 1, 10000, 51);

INSERT INTO point (ID, x, y) VALUES (50011, 45.78398361049876, 4.8656856946425675);
INSERT INTO users (ID, USERNAME, PASSWORD, FIRSTNAME, LASTNAME, EMAIL, ENABLED, LASTPASSWORDRESETDATE, Location_id) VALUES (10011, "user11", "$2a$08$UkVvwpULis18S19S5pZFn.YHPZt3oaqHZnDwqbCW9pft6uFtkXKDC", "user11", "user11", "user11@user.com", 1, "2003/01/22", 50011);
INSERT INTO user_authority (USER_ID, AUTHORITY_ID) VALUES (10011, 2);
INSERT INTO objectif (id, objectif, sport_id) VALUES (133, 10, 1);
INSERT INTO users_objectifs (user_id, objectifs_id) VALUES (10011, 133);
INSERT INTO programme(programme_id, date_debut, user_id) VALUES (10022, '2018-04-30', 10011);
INSERT INTO objectif(id, objectif, sport_id) VALUES (134, 10, 1);
INSERT INTO programme_objectifs(programme_programme_id, objectifs_id) VALUES (10022, 134);
INSERT INTO activity(activity_id, date_prevue, distance_prevue, distance_realisee, estrealisee, programme_id, sport_id, CENTREINTERET_ID, timeframe_id) VALUES (10088, '2018-05-01', 7.515392670542228, 0, 0, 10022, 1, 10000, 14);
INSERT INTO activity(activity_id, date_prevue, distance_prevue, distance_realisee, estrealisee, programme_id, sport_id, CENTREINTERET_ID, timeframe_id) VALUES (10089, '2018-05-02', 8.391754647591526, 0, 0, 10022, 1, 10000, 20);
INSERT INTO activity(activity_id, date_prevue, distance_prevue, distance_realisee, estrealisee, programme_id, sport_id, CENTREINTERET_ID, timeframe_id) VALUES (10090, '2018-05-03', 7.460744528103289, 0, 0, 10022, 1, 10000, 31);
INSERT INTO activity(activity_id, date_prevue, distance_prevue, distance_realisee, estrealisee, programme_id, sport_id, CENTREINTERET_ID, timeframe_id) VALUES (10091, '2018-05-04', 9.79105413711525, 0, 0, 10022, 1, 10000, 39);
INSERT INTO programme(programme_id, date_debut, user_id) VALUES (10023, '2018-04-23', 10011);
INSERT INTO objectif(id, objectif, sport_id) VALUES (135, 10, 1);
INSERT INTO programme_objectifs(programme_programme_id, objectifs_id) VALUES (10023, 135);
INSERT INTO activity(activity_id, date_prevue, date_realisee, distance_prevue, distance_realisee, estrealisee, programme_id, sport_id, CENTREINTERET_ID, timeframe_id) VALUES (10092, '2018-04-17', '2018-04-17', 9.915666725406268, 9.915666725406268, 1, 10023, 1, 10000, 5);
INSERT INTO activity(activity_id, date_prevue, date_realisee, distance_prevue, distance_realisee, estrealisee, programme_id, sport_id, CENTREINTERET_ID, timeframe_id) VALUES (10093, '2018-04-18', '2018-04-18', 10.622137197395197, 10.622137197395197, 1, 10023, 1, 10000, 4);
INSERT INTO activity(activity_id, date_prevue, date_realisee, distance_prevue, distance_realisee, estrealisee, programme_id, sport_id, CENTREINTERET_ID, timeframe_id) VALUES (10094, '2018-04-19', '2018-04-19', 8.670868081584873, 8.670868081584873, 1, 10023, 1, 10000, 29);
INSERT INTO activity(activity_id, date_prevue, date_realisee, distance_prevue, distance_realisee, estrealisee, programme_id, sport_id, CENTREINTERET_ID, timeframe_id) VALUES (10095, '2018-04-20', '2018-04-20', 8.359319639618876, 8.359319639618876, 1, 10023, 1, 10000, 26);

INSERT INTO point (ID, x, y) VALUES (50012, 45.76057860706562, 4.817596518824129);
INSERT INTO users (ID, USERNAME, PASSWORD, FIRSTNAME, LASTNAME, EMAIL, ENABLED, LASTPASSWORDRESETDATE, Location_id) VALUES (10012, "user12", "$2a$08$UkVvwpULis18S19S5pZFn.YHPZt3oaqHZnDwqbCW9pft6uFtkXKDC", "user12", "user12", "user12@user.com", 1, "2003/01/22", 50012);
INSERT INTO user_authority (USER_ID, AUTHORITY_ID) VALUES (10012, 2);
INSERT INTO objectif (id, objectif, sport_id) VALUES (136, 10, 1);
INSERT INTO users_objectifs (user_id, objectifs_id) VALUES (10012, 136);
INSERT INTO programme(programme_id, date_debut, user_id) VALUES (10024, '2018-04-30', 10012);
INSERT INTO objectif(id, objectif, sport_id) VALUES (137, 10, 1);
INSERT INTO programme_objectifs(programme_programme_id, objectifs_id) VALUES (10024, 137);
INSERT INTO activity(activity_id, date_prevue, distance_prevue, distance_realisee, estrealisee, programme_id, sport_id, CENTREINTERET_ID, timeframe_id) VALUES (10096, '2018-05-01', 10.503777770009316, 0, 0, 10024, 1, 10000, 14);
INSERT INTO activity(activity_id, date_prevue, distance_prevue, distance_realisee, estrealisee, programme_id, sport_id, CENTREINTERET_ID, timeframe_id) VALUES (10097, '2018-05-02', 8.651942146755001, 0, 0, 10024, 1, 10000, 20);
INSERT INTO activity(activity_id, date_prevue, distance_prevue, distance_realisee, estrealisee, programme_id, sport_id, CENTREINTERET_ID, timeframe_id) VALUES (10098, '2018-05-03', 8.621743955741454, 0, 0, 10024, 1, 10000, 31);
INSERT INTO activity(activity_id, date_prevue, distance_prevue, distance_realisee, estrealisee, programme_id, sport_id, CENTREINTERET_ID, timeframe_id) VALUES (10099, '2018-05-04', 11.836533092091518, 0, 0, 10024, 1, 10000, 39);
INSERT INTO programme(programme_id, date_debut, user_id) VALUES (10025, '2018-04-23', 10012);
INSERT INTO objectif(id, objectif, sport_id) VALUES (138, 10, 1);
INSERT INTO programme_objectifs(programme_programme_id, objectifs_id) VALUES (10025, 138);
INSERT INTO activity(activity_id, date_prevue, date_realisee, distance_prevue, distance_realisee, estrealisee, programme_id, sport_id, CENTREINTERET_ID, timeframe_id) VALUES (10100, '2018-04-17', '2018-04-17', 11.39312047901522, 11.39312047901522, 1, 10025, 1, 10000, 44);
INSERT INTO activity(activity_id, date_prevue, date_realisee, distance_prevue, distance_realisee, estrealisee, programme_id, sport_id, CENTREINTERET_ID, timeframe_id) VALUES (10101, '2018-04-18', '2018-04-18', 7.049697217535378, 7.049697217535378, 1, 10025, 1, 10000, 56);
INSERT INTO activity(activity_id, date_prevue, date_realisee, distance_prevue, distance_realisee, estrealisee, programme_id, sport_id, CENTREINTERET_ID, timeframe_id) VALUES (10102, '2018-04-19', '2018-04-19', 7.860152134055436, 7.860152134055436, 1, 10025, 1, 10000, 56);
INSERT INTO activity(activity_id, date_prevue, date_realisee, distance_prevue, distance_realisee, estrealisee, programme_id, sport_id, CENTREINTERET_ID, timeframe_id) VALUES (10103, '2018-04-20', '2018-04-20', 8.869111920884928, 8.869111920884928, 1, 10025, 1, 10000, 11);

INSERT INTO point (ID, x, y) VALUES (50013, 45.740352373488335, 4.820262113746445);
INSERT INTO users (ID, USERNAME, PASSWORD, FIRSTNAME, LASTNAME, EMAIL, ENABLED, LASTPASSWORDRESETDATE, Location_id) VALUES (10013, "user13", "$2a$08$UkVvwpULis18S19S5pZFn.YHPZt3oaqHZnDwqbCW9pft6uFtkXKDC", "user13", "user13", "user13@user.com", 1, "2003/01/22", 50013);
INSERT INTO user_authority (USER_ID, AUTHORITY_ID) VALUES (10013, 2);
INSERT INTO objectif (id, objectif, sport_id) VALUES (139, 10, 1);
INSERT INTO users_objectifs (user_id, objectifs_id) VALUES (10013, 139);
INSERT INTO programme(programme_id, date_debut, user_id) VALUES (10026, '2018-04-30', 10013);
INSERT INTO objectif(id, objectif, sport_id) VALUES (140, 10, 1);
INSERT INTO programme_objectifs(programme_programme_id, objectifs_id) VALUES (10026, 140);
INSERT INTO activity(activity_id, date_prevue, distance_prevue, distance_realisee, estrealisee, programme_id, sport_id, CENTREINTERET_ID, timeframe_id) VALUES (10104, '2018-05-01', 10.344123738317283, 0, 0, 10026, 1, 10000, 14);
INSERT INTO activity(activity_id, date_prevue, distance_prevue, distance_realisee, estrealisee, programme_id, sport_id, CENTREINTERET_ID, timeframe_id) VALUES (10105, '2018-05-02', 10.570283768819396, 0, 0, 10026, 1, 10000, 20);
INSERT INTO activity(activity_id, date_prevue, distance_prevue, distance_realisee, estrealisee, programme_id, sport_id, CENTREINTERET_ID, timeframe_id) VALUES (10106, '2018-05-03', 8.88004636552606, 0, 0, 10026, 1, 10000, 31);
INSERT INTO activity(activity_id, date_prevue, distance_prevue, distance_realisee, estrealisee, programme_id, sport_id, CENTREINTERET_ID, timeframe_id) VALUES (10107, '2018-05-04', 11.983449619807928, 0, 0, 10026, 1, 10000, 39);
INSERT INTO programme(programme_id, date_debut, user_id) VALUES (10027, '2018-04-23', 10013);
INSERT INTO objectif(id, objectif, sport_id) VALUES (141, 10, 1);
INSERT INTO programme_objectifs(programme_programme_id, objectifs_id) VALUES (10027, 141);
INSERT INTO activity(activity_id, date_prevue, date_realisee, distance_prevue, distance_realisee, estrealisee, programme_id, sport_id, CENTREINTERET_ID, timeframe_id) VALUES (10108, '2018-04-17', '2018-04-17', 7.349043610251841, 7.349043610251841, 1, 10027, 1, 10000, 18);
INSERT INTO activity(activity_id, date_prevue, date_realisee, distance_prevue, distance_realisee, estrealisee, programme_id, sport_id, CENTREINTERET_ID, timeframe_id) VALUES (10109, '2018-04-18', '2018-04-18', 8.94491871497826, 8.94491871497826, 1, 10027, 1, 10000, 20);
INSERT INTO activity(activity_id, date_prevue, date_realisee, distance_prevue, distance_realisee, estrealisee, programme_id, sport_id, CENTREINTERET_ID, timeframe_id) VALUES (10110, '2018-04-19', '2018-04-19', 9.627882543562578, 9.627882543562578, 1, 10027, 1, 10000, 33);
INSERT INTO activity(activity_id, date_prevue, date_realisee, distance_prevue, distance_realisee, estrealisee, programme_id, sport_id, CENTREINTERET_ID, timeframe_id) VALUES (10111, '2018-04-20', '2018-04-20', 7.2166372035673225, 7.2166372035673225, 1, 10027, 1, 10000, 56);

INSERT INTO point (ID, x, y) VALUES (50014, 45.77790998659921, 4.8293744200548145);
INSERT INTO users (ID, USERNAME, PASSWORD, FIRSTNAME, LASTNAME, EMAIL, ENABLED, LASTPASSWORDRESETDATE, Location_id) VALUES (10014, "user14", "$2a$08$UkVvwpULis18S19S5pZFn.YHPZt3oaqHZnDwqbCW9pft6uFtkXKDC", "user14", "user14", "user14@user.com", 1, "2003/01/22", 50014);
INSERT INTO user_authority (USER_ID, AUTHORITY_ID) VALUES (10014, 2);
INSERT INTO objectif (id, objectif, sport_id) VALUES (142, 10, 1);
INSERT INTO users_objectifs (user_id, objectifs_id) VALUES (10014, 142);
INSERT INTO programme(programme_id, date_debut, user_id) VALUES (10028, '2018-04-30', 10014);
INSERT INTO objectif(id, objectif, sport_id) VALUES (143, 10, 1);
INSERT INTO programme_objectifs(programme_programme_id, objectifs_id) VALUES (10028, 143);
INSERT INTO activity(activity_id, date_prevue, distance_prevue, distance_realisee, estrealisee, programme_id, sport_id, CENTREINTERET_ID, timeframe_id) VALUES (10112, '2018-05-01', 11.313956527956634, 0, 0, 10028, 1, 10000, 14);
INSERT INTO activity(activity_id, date_prevue, distance_prevue, distance_realisee, estrealisee, programme_id, sport_id, CENTREINTERET_ID, timeframe_id) VALUES (10113, '2018-05-02', 10.654309460893273, 0, 0, 10028, 1, 10000, 20);
INSERT INTO activity(activity_id, date_prevue, distance_prevue, distance_realisee, estrealisee, programme_id, sport_id, CENTREINTERET_ID, timeframe_id) VALUES (10114, '2018-05-03', 7.356632154544231, 0, 0, 10028, 1, 10000, 31);
INSERT INTO activity(activity_id, date_prevue, distance_prevue, distance_realisee, estrealisee, programme_id, sport_id, CENTREINTERET_ID, timeframe_id) VALUES (10115, '2018-05-04', 9.959135066228662, 0, 0, 10028, 1, 10000, 39);
INSERT INTO programme(programme_id, date_debut, user_id) VALUES (10029, '2018-04-23', 10014);
INSERT INTO objectif(id, objectif, sport_id) VALUES (144, 10, 1);
INSERT INTO programme_objectifs(programme_programme_id, objectifs_id) VALUES (10029, 144);
INSERT INTO activity(activity_id, date_prevue, date_realisee, distance_prevue, distance_realisee, estrealisee, programme_id, sport_id, CENTREINTERET_ID, timeframe_id) VALUES (10116, '2018-04-17', '2018-04-17', 10.301845596623547, 10.301845596623547, 1, 10029, 1, 10000, 17);
INSERT INTO activity(activity_id, date_prevue, date_realisee, distance_prevue, distance_realisee, estrealisee, programme_id, sport_id, CENTREINTERET_ID, timeframe_id) VALUES (10117, '2018-04-18', '2018-04-18', 8.142933564365816, 8.142933564365816, 1, 10029, 1, 10000, 40);
INSERT INTO activity(activity_id, date_prevue, date_realisee, distance_prevue, distance_realisee, estrealisee, programme_id, sport_id, CENTREINTERET_ID, timeframe_id) VALUES (10118, '2018-04-19', '2018-04-19', 11.577856535571438, 11.577856535571438, 1, 10029, 1, 10000, 27);
INSERT INTO activity(activity_id, date_prevue, date_realisee, distance_prevue, distance_realisee, estrealisee, programme_id, sport_id, CENTREINTERET_ID, timeframe_id) VALUES (10119, '2018-04-20', '2018-04-20', 9.072578134784218, 9.072578134784218, 1, 10029, 1, 10000, 53);

INSERT INTO point (ID, x, y) VALUES (50015, 45.78750365243209, 4.874079564743106);
INSERT INTO users (ID, USERNAME, PASSWORD, FIRSTNAME, LASTNAME, EMAIL, ENABLED, LASTPASSWORDRESETDATE, Location_id) VALUES (10015, "user15", "$2a$08$UkVvwpULis18S19S5pZFn.YHPZt3oaqHZnDwqbCW9pft6uFtkXKDC", "user15", "user15", "user15@user.com", 1, "2003/01/22", 50015);
INSERT INTO user_authority (USER_ID, AUTHORITY_ID) VALUES (10015, 2);
INSERT INTO objectif (id, objectif, sport_id) VALUES (145, 10, 1);
INSERT INTO users_objectifs (user_id, objectifs_id) VALUES (10015, 145);
INSERT INTO programme(programme_id, date_debut, user_id) VALUES (10030, '2018-04-30', 10015);
INSERT INTO objectif(id, objectif, sport_id) VALUES (146, 10, 1);
INSERT INTO programme_objectifs(programme_programme_id, objectifs_id) VALUES (10030, 146);
INSERT INTO activity(activity_id, date_prevue, distance_prevue, distance_realisee, estrealisee, programme_id, sport_id, CENTREINTERET_ID, timeframe_id) VALUES (10120, '2018-05-01', 10.209060991559879, 0, 0, 10030, 1, 10000, 14);
INSERT INTO activity(activity_id, date_prevue, distance_prevue, distance_realisee, estrealisee, programme_id, sport_id, CENTREINTERET_ID, timeframe_id) VALUES (10121, '2018-05-02', 7.490905303354082, 0, 0, 10030, 1, 10000, 20);
INSERT INTO activity(activity_id, date_prevue, distance_prevue, distance_realisee, estrealisee, programme_id, sport_id, CENTREINTERET_ID, timeframe_id) VALUES (10122, '2018-05-03', 9.245871923869824, 0, 0, 10030, 1, 10000, 31);
INSERT INTO activity(activity_id, date_prevue, distance_prevue, distance_realisee, estrealisee, programme_id, sport_id, CENTREINTERET_ID, timeframe_id) VALUES (10123, '2018-05-04', 9.537151371017622, 0, 0, 10030, 1, 10000, 39);
INSERT INTO programme(programme_id, date_debut, user_id) VALUES (10031, '2018-04-23', 10015);
INSERT INTO objectif(id, objectif, sport_id) VALUES (147, 10, 1);
INSERT INTO programme_objectifs(programme_programme_id, objectifs_id) VALUES (10031, 147);
INSERT INTO activity(activity_id, date_prevue, date_realisee, distance_prevue, distance_realisee, estrealisee, programme_id, sport_id, CENTREINTERET_ID, timeframe_id) VALUES (10124, '2018-04-17', '2018-04-17', 8.39805234589226, 8.39805234589226, 1, 10031, 1, 10000, 19);
INSERT INTO activity(activity_id, date_prevue, date_realisee, distance_prevue, distance_realisee, estrealisee, programme_id, sport_id, CENTREINTERET_ID, timeframe_id) VALUES (10125, '2018-04-18', '2018-04-18', 7.756875331752672, 7.756875331752672, 1, 10031, 1, 10000, 13);
INSERT INTO activity(activity_id, date_prevue, date_realisee, distance_prevue, distance_realisee, estrealisee, programme_id, sport_id, CENTREINTERET_ID, timeframe_id) VALUES (10126, '2018-04-19', '2018-04-19', 8.229402324390064, 8.229402324390064, 1, 10031, 1, 10000, 5);
INSERT INTO activity(activity_id, date_prevue, date_realisee, distance_prevue, distance_realisee, estrealisee, programme_id, sport_id, CENTREINTERET_ID, timeframe_id) VALUES (10127, '2018-04-20', '2018-04-20', 11.26512420598413, 11.26512420598413, 1, 10031, 1, 10000, 50);

INSERT INTO point (ID, x, y) VALUES (50016, 45.79367870043329, 4.812241089412598);
INSERT INTO users (ID, USERNAME, PASSWORD, FIRSTNAME, LASTNAME, EMAIL, ENABLED, LASTPASSWORDRESETDATE, Location_id) VALUES (10016, "user16", "$2a$08$UkVvwpULis18S19S5pZFn.YHPZt3oaqHZnDwqbCW9pft6uFtkXKDC", "user16", "user16", "user16@user.com", 1, "2003/01/22", 50016);
INSERT INTO user_authority (USER_ID, AUTHORITY_ID) VALUES (10016, 2);
INSERT INTO objectif (id, objectif, sport_id) VALUES (148, 10, 1);
INSERT INTO users_objectifs (user_id, objectifs_id) VALUES (10016, 148);
INSERT INTO programme(programme_id, date_debut, user_id) VALUES (10032, '2018-04-30', 10016);
INSERT INTO objectif(id, objectif, sport_id) VALUES (149, 10, 1);
INSERT INTO programme_objectifs(programme_programme_id, objectifs_id) VALUES (10032, 149);
INSERT INTO activity(activity_id, date_prevue, distance_prevue, distance_realisee, estrealisee, programme_id, sport_id, CENTREINTERET_ID, timeframe_id) VALUES (10128, '2018-05-01', 8.106427630695135, 0, 0, 10032, 1, 10000, 14);
INSERT INTO activity(activity_id, date_prevue, distance_prevue, distance_realisee, estrealisee, programme_id, sport_id, CENTREINTERET_ID, timeframe_id) VALUES (10129, '2018-05-02', 11.161266837851544, 0, 0, 10032, 1, 10000, 20);
INSERT INTO activity(activity_id, date_prevue, distance_prevue, distance_realisee, estrealisee, programme_id, sport_id, CENTREINTERET_ID, timeframe_id) VALUES (10130, '2018-05-03', 10.088191924807969, 0, 0, 10032, 1, 10000, 31);
INSERT INTO activity(activity_id, date_prevue, distance_prevue, distance_realisee, estrealisee, programme_id, sport_id, CENTREINTERET_ID, timeframe_id) VALUES (10131, '2018-05-04', 10.774312272283275, 0, 0, 10032, 1, 10000, 39);
INSERT INTO programme(programme_id, date_debut, user_id) VALUES (10033, '2018-04-23', 10016);
INSERT INTO objectif(id, objectif, sport_id) VALUES (150, 10, 1);
INSERT INTO programme_objectifs(programme_programme_id, objectifs_id) VALUES (10033, 150);
INSERT INTO activity(activity_id, date_prevue, date_realisee, distance_prevue, distance_realisee, estrealisee, programme_id, sport_id, CENTREINTERET_ID, timeframe_id) VALUES (10132, '2018-04-17', '2018-04-17', 10.81114630040726, 10.81114630040726, 1, 10033, 1, 10000, 56);
INSERT INTO activity(activity_id, date_prevue, date_realisee, distance_prevue, distance_realisee, estrealisee, programme_id, sport_id, CENTREINTERET_ID, timeframe_id) VALUES (10133, '2018-04-18', '2018-04-18', 11.952889209156584, 11.952889209156584, 1, 10033, 1, 10000, 31);
INSERT INTO activity(activity_id, date_prevue, date_realisee, distance_prevue, distance_realisee, estrealisee, programme_id, sport_id, CENTREINTERET_ID, timeframe_id) VALUES (10134, '2018-04-19', '2018-04-19', 10.836597680005674, 10.836597680005674, 1, 10033, 1, 10000, 45);
INSERT INTO activity(activity_id, date_prevue, date_realisee, distance_prevue, distance_realisee, estrealisee, programme_id, sport_id, CENTREINTERET_ID, timeframe_id) VALUES (10135, '2018-04-20', '2018-04-20', 11.56742042202103, 11.56742042202103, 1, 10033, 1, 10000, 24);

INSERT INTO point (ID, x, y) VALUES (50017, 45.776727716775795, 4.886575408705221);
INSERT INTO users (ID, USERNAME, PASSWORD, FIRSTNAME, LASTNAME, EMAIL, ENABLED, LASTPASSWORDRESETDATE, Location_id) VALUES (10017, "user17", "$2a$08$UkVvwpULis18S19S5pZFn.YHPZt3oaqHZnDwqbCW9pft6uFtkXKDC", "user17", "user17", "user17@user.com", 1, "2003/01/22", 50017);
INSERT INTO user_authority (USER_ID, AUTHORITY_ID) VALUES (10017, 2);
INSERT INTO objectif (id, objectif, sport_id) VALUES (151, 10, 1);
INSERT INTO users_objectifs (user_id, objectifs_id) VALUES (10017, 151);
INSERT INTO programme(programme_id, date_debut, user_id) VALUES (10034, '2018-04-30', 10017);
INSERT INTO objectif(id, objectif, sport_id) VALUES (152, 10, 1);
INSERT INTO programme_objectifs(programme_programme_id, objectifs_id) VALUES (10034, 152);
INSERT INTO activity(activity_id, date_prevue, distance_prevue, distance_realisee, estrealisee, programme_id, sport_id, CENTREINTERET_ID, timeframe_id) VALUES (10136, '2018-05-01', 10.699011523438658, 0, 0, 10034, 1, 10000, 14);
INSERT INTO activity(activity_id, date_prevue, distance_prevue, distance_realisee, estrealisee, programme_id, sport_id, CENTREINTERET_ID, timeframe_id) VALUES (10137, '2018-05-02', 7.860906872813353, 0, 0, 10034, 1, 10000, 20);
INSERT INTO activity(activity_id, date_prevue, distance_prevue, distance_realisee, estrealisee, programme_id, sport_id, CENTREINTERET_ID, timeframe_id) VALUES (10138, '2018-05-03', 7.014118723670178, 0, 0, 10034, 1, 10000, 31);
INSERT INTO activity(activity_id, date_prevue, distance_prevue, distance_realisee, estrealisee, programme_id, sport_id, CENTREINTERET_ID, timeframe_id) VALUES (10139, '2018-05-04', 10.333031929973885, 0, 0, 10034, 1, 10000, 39);
INSERT INTO programme(programme_id, date_debut, user_id) VALUES (10035, '2018-04-23', 10017);
INSERT INTO objectif(id, objectif, sport_id) VALUES (153, 10, 1);
INSERT INTO programme_objectifs(programme_programme_id, objectifs_id) VALUES (10035, 153);
INSERT INTO activity(activity_id, date_prevue, date_realisee, distance_prevue, distance_realisee, estrealisee, programme_id, sport_id, CENTREINTERET_ID, timeframe_id) VALUES (10140, '2018-04-17', '2018-04-17', 10.188880915342992, 10.188880915342992, 1, 10035, 1, 10000, 22);
INSERT INTO activity(activity_id, date_prevue, date_realisee, distance_prevue, distance_realisee, estrealisee, programme_id, sport_id, CENTREINTERET_ID, timeframe_id) VALUES (10141, '2018-04-18', '2018-04-18', 9.054985985595506, 9.054985985595506, 1, 10035, 1, 10000, 34);
INSERT INTO activity(activity_id, date_prevue, date_realisee, distance_prevue, distance_realisee, estrealisee, programme_id, sport_id, CENTREINTERET_ID, timeframe_id) VALUES (10142, '2018-04-19', '2018-04-19', 7.660763932100238, 7.660763932100238, 1, 10035, 1, 10000, 47);
INSERT INTO activity(activity_id, date_prevue, date_realisee, distance_prevue, distance_realisee, estrealisee, programme_id, sport_id, CENTREINTERET_ID, timeframe_id) VALUES (10143, '2018-04-20', '2018-04-20', 11.008816449267407, 11.008816449267407, 1, 10035, 1, 10000, 43);

INSERT INTO point (ID, x, y) VALUES (50018, 45.720375421184784, 4.828352202379221);
INSERT INTO users (ID, USERNAME, PASSWORD, FIRSTNAME, LASTNAME, EMAIL, ENABLED, LASTPASSWORDRESETDATE, Location_id) VALUES (10018, "user18", "$2a$08$UkVvwpULis18S19S5pZFn.YHPZt3oaqHZnDwqbCW9pft6uFtkXKDC", "user18", "user18", "user18@user.com", 1, "2003/01/22", 50018);
INSERT INTO user_authority (USER_ID, AUTHORITY_ID) VALUES (10018, 2);
INSERT INTO objectif (id, objectif, sport_id) VALUES (154, 10, 1);
INSERT INTO users_objectifs (user_id, objectifs_id) VALUES (10018, 154);
INSERT INTO programme(programme_id, date_debut, user_id) VALUES (10036, '2018-04-30', 10018);
INSERT INTO objectif(id, objectif, sport_id) VALUES (155, 10, 1);
INSERT INTO programme_objectifs(programme_programme_id, objectifs_id) VALUES (10036, 155);
INSERT INTO activity(activity_id, date_prevue, distance_prevue, distance_realisee, estrealisee, programme_id, sport_id, CENTREINTERET_ID, timeframe_id) VALUES (10144, '2018-05-01', 10.955134978082858, 0, 0, 10036, 1, 10000, 14);
INSERT INTO activity(activity_id, date_prevue, distance_prevue, distance_realisee, estrealisee, programme_id, sport_id, CENTREINTERET_ID, timeframe_id) VALUES (10145, '2018-05-02', 10.817852564006799, 0, 0, 10036, 1, 10000, 20);
INSERT INTO activity(activity_id, date_prevue, distance_prevue, distance_realisee, estrealisee, programme_id, sport_id, CENTREINTERET_ID, timeframe_id) VALUES (10146, '2018-05-03', 9.617299621735429, 0, 0, 10036, 1, 10000, 31);
INSERT INTO activity(activity_id, date_prevue, distance_prevue, distance_realisee, estrealisee, programme_id, sport_id, CENTREINTERET_ID, timeframe_id) VALUES (10147, '2018-05-04', 8.150731199247883, 0, 0, 10036, 1, 10000, 39);
INSERT INTO programme(programme_id, date_debut, user_id) VALUES (10037, '2018-04-23', 10018);
INSERT INTO objectif(id, objectif, sport_id) VALUES (156, 10, 1);
INSERT INTO programme_objectifs(programme_programme_id, objectifs_id) VALUES (10037, 156);
INSERT INTO activity(activity_id, date_prevue, date_realisee, distance_prevue, distance_realisee, estrealisee, programme_id, sport_id, CENTREINTERET_ID, timeframe_id) VALUES (10148, '2018-04-17', '2018-04-17', 11.340567044202272, 11.340567044202272, 1, 10037, 1, 10000, 32);
INSERT INTO activity(activity_id, date_prevue, date_realisee, distance_prevue, distance_realisee, estrealisee, programme_id, sport_id, CENTREINTERET_ID, timeframe_id) VALUES (10149, '2018-04-18', '2018-04-18', 9.123397751066598, 9.123397751066598, 1, 10037, 1, 10000, 51);
INSERT INTO activity(activity_id, date_prevue, date_realisee, distance_prevue, distance_realisee, estrealisee, programme_id, sport_id, CENTREINTERET_ID, timeframe_id) VALUES (10150, '2018-04-19', '2018-04-19', 11.979921875528653, 11.979921875528653, 1, 10037, 1, 10000, 15);
INSERT INTO activity(activity_id, date_prevue, date_realisee, distance_prevue, distance_realisee, estrealisee, programme_id, sport_id, CENTREINTERET_ID, timeframe_id) VALUES (10151, '2018-04-20', '2018-04-20', 10.509745932504766, 10.509745932504766, 1, 10037, 1, 10000, 42);

INSERT INTO point (ID, x, y) VALUES (50019, 45.749048925254684, 4.812036110734719);
INSERT INTO users (ID, USERNAME, PASSWORD, FIRSTNAME, LASTNAME, EMAIL, ENABLED, LASTPASSWORDRESETDATE, Location_id) VALUES (10019, "user19", "$2a$08$UkVvwpULis18S19S5pZFn.YHPZt3oaqHZnDwqbCW9pft6uFtkXKDC", "user19", "user19", "user19@user.com", 1, "2003/01/22", 50019);
INSERT INTO user_authority (USER_ID, AUTHORITY_ID) VALUES (10019, 2);
INSERT INTO objectif (id, objectif, sport_id) VALUES (157, 10, 1);
INSERT INTO users_objectifs (user_id, objectifs_id) VALUES (10019, 157);
INSERT INTO programme(programme_id, date_debut, user_id) VALUES (10038, '2018-04-30', 10019);
INSERT INTO objectif(id, objectif, sport_id) VALUES (158, 10, 1);
INSERT INTO programme_objectifs(programme_programme_id, objectifs_id) VALUES (10038, 158);
INSERT INTO activity(activity_id, date_prevue, distance_prevue, distance_realisee, estrealisee, programme_id, sport_id, CENTREINTERET_ID, timeframe_id) VALUES (10152, '2018-05-01', 7.748621518264473, 0, 0, 10038, 1, 10000, 14);
INSERT INTO activity(activity_id, date_prevue, distance_prevue, distance_realisee, estrealisee, programme_id, sport_id, CENTREINTERET_ID, timeframe_id) VALUES (10153, '2018-05-02', 8.97565464504077, 0, 0, 10038, 1, 10000, 20);
INSERT INTO activity(activity_id, date_prevue, distance_prevue, distance_realisee, estrealisee, programme_id, sport_id, CENTREINTERET_ID, timeframe_id) VALUES (10154, '2018-05-03', 8.604383068439724, 0, 0, 10038, 1, 10000, 31);
INSERT INTO activity(activity_id, date_prevue, distance_prevue, distance_realisee, estrealisee, programme_id, sport_id, CENTREINTERET_ID, timeframe_id) VALUES (10155, '2018-05-04', 9.389752328628784, 0, 0, 10038, 1, 10000, 39);
INSERT INTO programme(programme_id, date_debut, user_id) VALUES (10039, '2018-04-23', 10019);
INSERT INTO objectif(id, objectif, sport_id) VALUES (159, 10, 1);
INSERT INTO programme_objectifs(programme_programme_id, objectifs_id) VALUES (10039, 159);
INSERT INTO activity(activity_id, date_prevue, date_realisee, distance_prevue, distance_realisee, estrealisee, programme_id, sport_id, CENTREINTERET_ID, timeframe_id) VALUES (10156, '2018-04-17', '2018-04-17', 9.900351549794783, 9.900351549794783, 1, 10039, 1, 10000, 55);
INSERT INTO activity(activity_id, date_prevue, date_realisee, distance_prevue, distance_realisee, estrealisee, programme_id, sport_id, CENTREINTERET_ID, timeframe_id) VALUES (10157, '2018-04-18', '2018-04-18', 8.842058896595942, 8.842058896595942, 1, 10039, 1, 10000, 26);
INSERT INTO activity(activity_id, date_prevue, date_realisee, distance_prevue, distance_realisee, estrealisee, programme_id, sport_id, CENTREINTERET_ID, timeframe_id) VALUES (10158, '2018-04-19', '2018-04-19', 10.045690361667322, 10.045690361667322, 1, 10039, 1, 10000, 26);
INSERT INTO activity(activity_id, date_prevue, date_realisee, distance_prevue, distance_realisee, estrealisee, programme_id, sport_id, CENTREINTERET_ID, timeframe_id) VALUES (10159, '2018-04-20', '2018-04-20', 9.667398250830777, 9.667398250830777, 1, 10039, 1, 10000, 8);

INSERT INTO point (ID, x, y) VALUES (50020, 45.71120435022238, 4.827494816512877);
INSERT INTO users (ID, USERNAME, PASSWORD, FIRSTNAME, LASTNAME, EMAIL, ENABLED, LASTPASSWORDRESETDATE, Location_id) VALUES (10020, "user20", "$2a$08$UkVvwpULis18S19S5pZFn.YHPZt3oaqHZnDwqbCW9pft6uFtkXKDC", "user20", "user20", "user20@user.com", 1, "2003/01/22", 50020);
INSERT INTO user_authority (USER_ID, AUTHORITY_ID) VALUES (10020, 2);
INSERT INTO objectif (id, objectif, sport_id) VALUES (160, 10, 1);
INSERT INTO users_objectifs (user_id, objectifs_id) VALUES (10020, 160);
INSERT INTO programme(programme_id, date_debut, user_id) VALUES (10040, '2018-04-30', 10020);
INSERT INTO objectif(id, objectif, sport_id) VALUES (161, 10, 1);
INSERT INTO programme_objectifs(programme_programme_id, objectifs_id) VALUES (10040, 161);
INSERT INTO activity(activity_id, date_prevue, distance_prevue, distance_realisee, estrealisee, programme_id, sport_id, CENTREINTERET_ID, timeframe_id) VALUES (10160, '2018-05-01', 9.702777336728374, 0, 0, 10040, 1, 10000, 14);
INSERT INTO activity(activity_id, date_prevue, distance_prevue, distance_realisee, estrealisee, programme_id, sport_id, CENTREINTERET_ID, timeframe_id) VALUES (10161, '2018-05-02', 8.016663516079097, 0, 0, 10040, 1, 10000, 20);
INSERT INTO activity(activity_id, date_prevue, distance_prevue, distance_realisee, estrealisee, programme_id, sport_id, CENTREINTERET_ID, timeframe_id) VALUES (10162, '2018-05-03', 10.03189762646079, 0, 0, 10040, 1, 10000, 31);
INSERT INTO activity(activity_id, date_prevue, distance_prevue, distance_realisee, estrealisee, programme_id, sport_id, CENTREINTERET_ID, timeframe_id) VALUES (10163, '2018-05-04', 8.139081695912225, 0, 0, 10040, 1, 10000, 39);
INSERT INTO programme(programme_id, date_debut, user_id) VALUES (10041, '2018-04-23', 10020);
INSERT INTO objectif(id, objectif, sport_id) VALUES (162, 10, 1);
INSERT INTO programme_objectifs(programme_programme_id, objectifs_id) VALUES (10041, 162);
INSERT INTO activity(activity_id, date_prevue, date_realisee, distance_prevue, distance_realisee, estrealisee, programme_id, sport_id, CENTREINTERET_ID, timeframe_id) VALUES (10164, '2018-04-17', '2018-04-17', 9.344031164107626, 9.344031164107626, 1, 10041, 1, 10000, 39);
INSERT INTO activity(activity_id, date_prevue, date_realisee, distance_prevue, distance_realisee, estrealisee, programme_id, sport_id, CENTREINTERET_ID, timeframe_id) VALUES (10165, '2018-04-18', '2018-04-18', 11.882664828744963, 11.882664828744963, 1, 10041, 1, 10000, 42);
INSERT INTO activity(activity_id, date_prevue, date_realisee, distance_prevue, distance_realisee, estrealisee, programme_id, sport_id, CENTREINTERET_ID, timeframe_id) VALUES (10166, '2018-04-19', '2018-04-19', 9.009571113481128, 9.009571113481128, 1, 10041, 1, 10000, 50);
INSERT INTO activity(activity_id, date_prevue, date_realisee, distance_prevue, distance_realisee, estrealisee, programme_id, sport_id, CENTREINTERET_ID, timeframe_id) VALUES (10167, '2018-04-20', '2018-04-20', 8.047705478646643, 8.047705478646643, 1, 10041, 1, 10000, 36);

INSERT INTO point (ID, x, y) VALUES (50021, 45.7552700256107, 4.874725073825808);
INSERT INTO users (ID, USERNAME, PASSWORD, FIRSTNAME, LASTNAME, EMAIL, ENABLED, LASTPASSWORDRESETDATE, Location_id) VALUES (10021, "user21", "$2a$08$UkVvwpULis18S19S5pZFn.YHPZt3oaqHZnDwqbCW9pft6uFtkXKDC", "user21", "user21", "user21@user.com", 1, "2003/01/22", 50021);
INSERT INTO user_authority (USER_ID, AUTHORITY_ID) VALUES (10021, 2);
INSERT INTO objectif (id, objectif, sport_id) VALUES (163, 10, 1);
INSERT INTO users_objectifs (user_id, objectifs_id) VALUES (10021, 163);
INSERT INTO programme(programme_id, date_debut, user_id) VALUES (10042, '2018-04-30', 10021);
INSERT INTO objectif(id, objectif, sport_id) VALUES (164, 10, 1);
INSERT INTO programme_objectifs(programme_programme_id, objectifs_id) VALUES (10042, 164);
INSERT INTO activity(activity_id, date_prevue, distance_prevue, distance_realisee, estrealisee, programme_id, sport_id, CENTREINTERET_ID, timeframe_id) VALUES (10168, '2018-05-01', 7.001729755330969, 0, 0, 10042, 1, 10000, 14);
INSERT INTO activity(activity_id, date_prevue, distance_prevue, distance_realisee, estrealisee, programme_id, sport_id, CENTREINTERET_ID, timeframe_id) VALUES (10169, '2018-05-02', 9.067940935607984, 0, 0, 10042, 1, 10000, 20);
INSERT INTO activity(activity_id, date_prevue, distance_prevue, distance_realisee, estrealisee, programme_id, sport_id, CENTREINTERET_ID, timeframe_id) VALUES (10170, '2018-05-03', 11.096025405027028, 0, 0, 10042, 1, 10000, 31);
INSERT INTO activity(activity_id, date_prevue, distance_prevue, distance_realisee, estrealisee, programme_id, sport_id, CENTREINTERET_ID, timeframe_id) VALUES (10171, '2018-05-04', 10.747470315201738, 0, 0, 10042, 1, 10000, 39);
INSERT INTO programme(programme_id, date_debut, user_id) VALUES (10043, '2018-04-23', 10021);
INSERT INTO objectif(id, objectif, sport_id) VALUES (165, 10, 1);
INSERT INTO programme_objectifs(programme_programme_id, objectifs_id) VALUES (10043, 165);
INSERT INTO activity(activity_id, date_prevue, date_realisee, distance_prevue, distance_realisee, estrealisee, programme_id, sport_id, CENTREINTERET_ID, timeframe_id) VALUES (10172, '2018-04-17', '2018-04-17', 11.841690331426019, 11.841690331426019, 1, 10043, 1, 10000, 40);
INSERT INTO activity(activity_id, date_prevue, date_realisee, distance_prevue, distance_realisee, estrealisee, programme_id, sport_id, CENTREINTERET_ID, timeframe_id) VALUES (10173, '2018-04-18', '2018-04-18', 7.856796182739439, 7.856796182739439, 1, 10043, 1, 10000, 53);
INSERT INTO activity(activity_id, date_prevue, date_realisee, distance_prevue, distance_realisee, estrealisee, programme_id, sport_id, CENTREINTERET_ID, timeframe_id) VALUES (10174, '2018-04-19', '2018-04-19', 8.529193266117966, 8.529193266117966, 1, 10043, 1, 10000, 24);
INSERT INTO activity(activity_id, date_prevue, date_realisee, distance_prevue, distance_realisee, estrealisee, programme_id, sport_id, CENTREINTERET_ID, timeframe_id) VALUES (10175, '2018-04-20', '2018-04-20', 8.255583828525793, 8.255583828525793, 1, 10043, 1, 10000, 50);

INSERT INTO point (ID, x, y) VALUES (50022, 45.71339765904481, 4.821982872099769);
INSERT INTO users (ID, USERNAME, PASSWORD, FIRSTNAME, LASTNAME, EMAIL, ENABLED, LASTPASSWORDRESETDATE, Location_id) VALUES (10022, "user22", "$2a$08$UkVvwpULis18S19S5pZFn.YHPZt3oaqHZnDwqbCW9pft6uFtkXKDC", "user22", "user22", "user22@user.com", 1, "2003/01/22", 50022);
INSERT INTO user_authority (USER_ID, AUTHORITY_ID) VALUES (10022, 2);
INSERT INTO objectif (id, objectif, sport_id) VALUES (166, 10, 1);
INSERT INTO users_objectifs (user_id, objectifs_id) VALUES (10022, 166);
INSERT INTO programme(programme_id, date_debut, user_id) VALUES (10044, '2018-04-30', 10022);
INSERT INTO objectif(id, objectif, sport_id) VALUES (167, 10, 1);
INSERT INTO programme_objectifs(programme_programme_id, objectifs_id) VALUES (10044, 167);
INSERT INTO activity(activity_id, date_prevue, distance_prevue, distance_realisee, estrealisee, programme_id, sport_id, CENTREINTERET_ID, timeframe_id) VALUES (10176, '2018-05-01', 11.264217802891295, 0, 0, 10044, 1, 10000, 14);
INSERT INTO activity(activity_id, date_prevue, distance_prevue, distance_realisee, estrealisee, programme_id, sport_id, CENTREINTERET_ID, timeframe_id) VALUES (10177, '2018-05-02', 11.628401575556355, 0, 0, 10044, 1, 10000, 20);
INSERT INTO activity(activity_id, date_prevue, distance_prevue, distance_realisee, estrealisee, programme_id, sport_id, CENTREINTERET_ID, timeframe_id) VALUES (10178, '2018-05-03', 8.268919237870236, 0, 0, 10044, 1, 10000, 31);
INSERT INTO activity(activity_id, date_prevue, distance_prevue, distance_realisee, estrealisee, programme_id, sport_id, CENTREINTERET_ID, timeframe_id) VALUES (10179, '2018-05-04', 7.454943627711474, 0, 0, 10044, 1, 10000, 39);
INSERT INTO programme(programme_id, date_debut, user_id) VALUES (10045, '2018-04-23', 10022);
INSERT INTO objectif(id, objectif, sport_id) VALUES (168, 10, 1);
INSERT INTO programme_objectifs(programme_programme_id, objectifs_id) VALUES (10045, 168);
INSERT INTO activity(activity_id, date_prevue, date_realisee, distance_prevue, distance_realisee, estrealisee, programme_id, sport_id, CENTREINTERET_ID, timeframe_id) VALUES (10180, '2018-04-17', '2018-04-17', 7.72027860161545, 7.72027860161545, 1, 10045, 1, 10000, 34);
INSERT INTO activity(activity_id, date_prevue, date_realisee, distance_prevue, distance_realisee, estrealisee, programme_id, sport_id, CENTREINTERET_ID, timeframe_id) VALUES (10181, '2018-04-18', '2018-04-18', 7.615384370597072, 7.615384370597072, 1, 10045, 1, 10000, 35);
INSERT INTO activity(activity_id, date_prevue, date_realisee, distance_prevue, distance_realisee, estrealisee, programme_id, sport_id, CENTREINTERET_ID, timeframe_id) VALUES (10182, '2018-04-19', '2018-04-19', 11.530198788127707, 11.530198788127707, 1, 10045, 1, 10000, 32);
INSERT INTO activity(activity_id, date_prevue, date_realisee, distance_prevue, distance_realisee, estrealisee, programme_id, sport_id, CENTREINTERET_ID, timeframe_id) VALUES (10183, '2018-04-20', '2018-04-20', 9.942486515908849, 9.942486515908849, 1, 10045, 1, 10000, 15);

INSERT INTO point (ID, x, y) VALUES (50023, 45.78169344256759, 4.826526488380041);
INSERT INTO users (ID, USERNAME, PASSWORD, FIRSTNAME, LASTNAME, EMAIL, ENABLED, LASTPASSWORDRESETDATE, Location_id) VALUES (10023, "user23", "$2a$08$UkVvwpULis18S19S5pZFn.YHPZt3oaqHZnDwqbCW9pft6uFtkXKDC", "user23", "user23", "user23@user.com", 1, "2003/01/22", 50023);
INSERT INTO user_authority (USER_ID, AUTHORITY_ID) VALUES (10023, 2);
INSERT INTO objectif (id, objectif, sport_id) VALUES (169, 10, 1);
INSERT INTO users_objectifs (user_id, objectifs_id) VALUES (10023, 169);
INSERT INTO programme(programme_id, date_debut, user_id) VALUES (10046, '2018-04-30', 10023);
INSERT INTO objectif(id, objectif, sport_id) VALUES (170, 10, 1);
INSERT INTO programme_objectifs(programme_programme_id, objectifs_id) VALUES (10046, 170);
INSERT INTO activity(activity_id, date_prevue, distance_prevue, distance_realisee, estrealisee, programme_id, sport_id, CENTREINTERET_ID, timeframe_id) VALUES (10184, '2018-05-01', 9.597973178837602, 0, 0, 10046, 1, 10000, 14);
INSERT INTO activity(activity_id, date_prevue, distance_prevue, distance_realisee, estrealisee, programme_id, sport_id, CENTREINTERET_ID, timeframe_id) VALUES (10185, '2018-05-02', 11.539725058195435, 0, 0, 10046, 1, 10000, 20);
INSERT INTO activity(activity_id, date_prevue, distance_prevue, distance_realisee, estrealisee, programme_id, sport_id, CENTREINTERET_ID, timeframe_id) VALUES (10186, '2018-05-03', 11.144146980155867, 0, 0, 10046, 1, 10000, 31);
INSERT INTO activity(activity_id, date_prevue, distance_prevue, distance_realisee, estrealisee, programme_id, sport_id, CENTREINTERET_ID, timeframe_id) VALUES (10187, '2018-05-04', 7.155116967542383, 0, 0, 10046, 1, 10000, 39);
INSERT INTO programme(programme_id, date_debut, user_id) VALUES (10047, '2018-04-23', 10023);
INSERT INTO objectif(id, objectif, sport_id) VALUES (171, 10, 1);
INSERT INTO programme_objectifs(programme_programme_id, objectifs_id) VALUES (10047, 171);
INSERT INTO activity(activity_id, date_prevue, date_realisee, distance_prevue, distance_realisee, estrealisee, programme_id, sport_id, CENTREINTERET_ID, timeframe_id) VALUES (10188, '2018-04-17', '2018-04-17', 8.738362833415318, 8.738362833415318, 1, 10047, 1, 10000, 39);
INSERT INTO activity(activity_id, date_prevue, date_realisee, distance_prevue, distance_realisee, estrealisee, programme_id, sport_id, CENTREINTERET_ID, timeframe_id) VALUES (10189, '2018-04-18', '2018-04-18', 10.96287295967093, 10.96287295967093, 1, 10047, 1, 10000, 3);
INSERT INTO activity(activity_id, date_prevue, date_realisee, distance_prevue, distance_realisee, estrealisee, programme_id, sport_id, CENTREINTERET_ID, timeframe_id) VALUES (10190, '2018-04-19', '2018-04-19', 7.873763543823694, 7.873763543823694, 1, 10047, 1, 10000, 44);
INSERT INTO activity(activity_id, date_prevue, date_realisee, distance_prevue, distance_realisee, estrealisee, programme_id, sport_id, CENTREINTERET_ID, timeframe_id) VALUES (10191, '2018-04-20', '2018-04-20', 10.641315753763347, 10.641315753763347, 1, 10047, 1, 10000, 2);

INSERT INTO point (ID, x, y) VALUES (50024, 45.744675454702026, 4.8467641984890095);
INSERT INTO users (ID, USERNAME, PASSWORD, FIRSTNAME, LASTNAME, EMAIL, ENABLED, LASTPASSWORDRESETDATE, Location_id) VALUES (10024, "user24", "$2a$08$UkVvwpULis18S19S5pZFn.YHPZt3oaqHZnDwqbCW9pft6uFtkXKDC", "user24", "user24", "user24@user.com", 1, "2003/01/22", 50024);
INSERT INTO user_authority (USER_ID, AUTHORITY_ID) VALUES (10024, 2);
INSERT INTO objectif (id, objectif, sport_id) VALUES (172, 10, 1);
INSERT INTO users_objectifs (user_id, objectifs_id) VALUES (10024, 172);
INSERT INTO programme(programme_id, date_debut, user_id) VALUES (10048, '2018-04-30', 10024);
INSERT INTO objectif(id, objectif, sport_id) VALUES (173, 10, 1);
INSERT INTO programme_objectifs(programme_programme_id, objectifs_id) VALUES (10048, 173);
INSERT INTO activity(activity_id, date_prevue, distance_prevue, distance_realisee, estrealisee, programme_id, sport_id, CENTREINTERET_ID, timeframe_id) VALUES (10192, '2018-05-01', 7.88626558990176, 0, 0, 10048, 1, 10000, 14);
INSERT INTO activity(activity_id, date_prevue, distance_prevue, distance_realisee, estrealisee, programme_id, sport_id, CENTREINTERET_ID, timeframe_id) VALUES (10193, '2018-05-02', 8.73158260423673, 0, 0, 10048, 1, 10000, 20);
INSERT INTO activity(activity_id, date_prevue, distance_prevue, distance_realisee, estrealisee, programme_id, sport_id, CENTREINTERET_ID, timeframe_id) VALUES (10194, '2018-05-03', 8.37762669322594, 0, 0, 10048, 1, 10000, 31);
INSERT INTO activity(activity_id, date_prevue, distance_prevue, distance_realisee, estrealisee, programme_id, sport_id, CENTREINTERET_ID, timeframe_id) VALUES (10195, '2018-05-04', 9.410382653835693, 0, 0, 10048, 1, 10000, 39);
INSERT INTO programme(programme_id, date_debut, user_id) VALUES (10049, '2018-04-23', 10024);
INSERT INTO objectif(id, objectif, sport_id) VALUES (174, 10, 1);
INSERT INTO programme_objectifs(programme_programme_id, objectifs_id) VALUES (10049, 174);
INSERT INTO activity(activity_id, date_prevue, date_realisee, distance_prevue, distance_realisee, estrealisee, programme_id, sport_id, CENTREINTERET_ID, timeframe_id) VALUES (10196, '2018-04-17', '2018-04-17', 9.616435099765779, 9.616435099765779, 1, 10049, 1, 10000, 15);
INSERT INTO activity(activity_id, date_prevue, date_realisee, distance_prevue, distance_realisee, estrealisee, programme_id, sport_id, CENTREINTERET_ID, timeframe_id) VALUES (10197, '2018-04-18', '2018-04-18', 8.805138806891883, 8.805138806891883, 1, 10049, 1, 10000, 33);
INSERT INTO activity(activity_id, date_prevue, date_realisee, distance_prevue, distance_realisee, estrealisee, programme_id, sport_id, CENTREINTERET_ID, timeframe_id) VALUES (10198, '2018-04-19', '2018-04-19', 7.802729315661894, 7.802729315661894, 1, 10049, 1, 10000, 32);
INSERT INTO activity(activity_id, date_prevue, date_realisee, distance_prevue, distance_realisee, estrealisee, programme_id, sport_id, CENTREINTERET_ID, timeframe_id) VALUES (10199, '2018-04-20', '2018-04-20', 9.206100285511829, 9.206100285511829, 1, 10049, 1, 10000, 10);

INSERT INTO point (ID, x, y) VALUES (50025, 45.792040280421844, 4.891288281562483);
INSERT INTO users (ID, USERNAME, PASSWORD, FIRSTNAME, LASTNAME, EMAIL, ENABLED, LASTPASSWORDRESETDATE, Location_id) VALUES (10025, "user25", "$2a$08$UkVvwpULis18S19S5pZFn.YHPZt3oaqHZnDwqbCW9pft6uFtkXKDC", "user25", "user25", "user25@user.com", 1, "2003/01/22", 50025);
INSERT INTO user_authority (USER_ID, AUTHORITY_ID) VALUES (10025, 2);
INSERT INTO objectif (id, objectif, sport_id) VALUES (175, 10, 1);
INSERT INTO users_objectifs (user_id, objectifs_id) VALUES (10025, 175);
INSERT INTO programme(programme_id, date_debut, user_id) VALUES (10050, '2018-04-30', 10025);
INSERT INTO objectif(id, objectif, sport_id) VALUES (176, 10, 1);
INSERT INTO programme_objectifs(programme_programme_id, objectifs_id) VALUES (10050, 176);
INSERT INTO activity(activity_id, date_prevue, distance_prevue, distance_realisee, estrealisee, programme_id, sport_id, CENTREINTERET_ID, timeframe_id) VALUES (10200, '2018-05-01', 7.689187328013768, 0, 0, 10050, 1, 10000, 14);
INSERT INTO activity(activity_id, date_prevue, distance_prevue, distance_realisee, estrealisee, programme_id, sport_id, CENTREINTERET_ID, timeframe_id) VALUES (10201, '2018-05-02', 9.599775694685771, 0, 0, 10050, 1, 10000, 20);
INSERT INTO activity(activity_id, date_prevue, distance_prevue, distance_realisee, estrealisee, programme_id, sport_id, CENTREINTERET_ID, timeframe_id) VALUES (10202, '2018-05-03', 9.247421454796065, 0, 0, 10050, 1, 10000, 31);
INSERT INTO activity(activity_id, date_prevue, distance_prevue, distance_realisee, estrealisee, programme_id, sport_id, CENTREINTERET_ID, timeframe_id) VALUES (10203, '2018-05-04', 10.219764741999793, 0, 0, 10050, 1, 10000, 39);
INSERT INTO programme(programme_id, date_debut, user_id) VALUES (10051, '2018-04-23', 10025);
INSERT INTO objectif(id, objectif, sport_id) VALUES (177, 10, 1);
INSERT INTO programme_objectifs(programme_programme_id, objectifs_id) VALUES (10051, 177);
INSERT INTO activity(activity_id, date_prevue, date_realisee, distance_prevue, distance_realisee, estrealisee, programme_id, sport_id, CENTREINTERET_ID, timeframe_id) VALUES (10204, '2018-04-17', '2018-04-17', 8.79546302829226, 8.79546302829226, 1, 10051, 1, 10000, 18);
INSERT INTO activity(activity_id, date_prevue, date_realisee, distance_prevue, distance_realisee, estrealisee, programme_id, sport_id, CENTREINTERET_ID, timeframe_id) VALUES (10205, '2018-04-18', '2018-04-18', 9.378759668451771, 9.378759668451771, 1, 10051, 1, 10000, 37);
INSERT INTO activity(activity_id, date_prevue, date_realisee, distance_prevue, distance_realisee, estrealisee, programme_id, sport_id, CENTREINTERET_ID, timeframe_id) VALUES (10206, '2018-04-19', '2018-04-19', 10.709896462958035, 10.709896462958035, 1, 10051, 1, 10000, 1);
INSERT INTO activity(activity_id, date_prevue, date_realisee, distance_prevue, distance_realisee, estrealisee, programme_id, sport_id, CENTREINTERET_ID, timeframe_id) VALUES (10207, '2018-04-20', '2018-04-20', 10.81743938119022, 10.81743938119022, 1, 10051, 1, 10000, 35);

INSERT INTO point (ID, x, y) VALUES (50026, 45.757759212068834, 4.8388301015290365);
INSERT INTO users (ID, USERNAME, PASSWORD, FIRSTNAME, LASTNAME, EMAIL, ENABLED, LASTPASSWORDRESETDATE, Location_id) VALUES (10026, "user26", "$2a$08$UkVvwpULis18S19S5pZFn.YHPZt3oaqHZnDwqbCW9pft6uFtkXKDC", "user26", "user26", "user26@user.com", 1, "2003/01/22", 50026);
INSERT INTO user_authority (USER_ID, AUTHORITY_ID) VALUES (10026, 2);
INSERT INTO objectif (id, objectif, sport_id) VALUES (178, 10, 1);
INSERT INTO users_objectifs (user_id, objectifs_id) VALUES (10026, 178);
INSERT INTO programme(programme_id, date_debut, user_id) VALUES (10052, '2018-04-30', 10026);
INSERT INTO objectif(id, objectif, sport_id) VALUES (179, 10, 1);
INSERT INTO programme_objectifs(programme_programme_id, objectifs_id) VALUES (10052, 179);
INSERT INTO activity(activity_id, date_prevue, distance_prevue, distance_realisee, estrealisee, programme_id, sport_id, CENTREINTERET_ID, timeframe_id) VALUES (10208, '2018-05-01', 9.115946969747748, 0, 0, 10052, 1, 10000, 14);
INSERT INTO activity(activity_id, date_prevue, distance_prevue, distance_realisee, estrealisee, programme_id, sport_id, CENTREINTERET_ID, timeframe_id) VALUES (10209, '2018-05-02', 11.372074776553847, 0, 0, 10052, 1, 10000, 20);
INSERT INTO activity(activity_id, date_prevue, distance_prevue, distance_realisee, estrealisee, programme_id, sport_id, CENTREINTERET_ID, timeframe_id) VALUES (10210, '2018-05-03', 8.866090178976142, 0, 0, 10052, 1, 10000, 31);
INSERT INTO activity(activity_id, date_prevue, distance_prevue, distance_realisee, estrealisee, programme_id, sport_id, CENTREINTERET_ID, timeframe_id) VALUES (10211, '2018-05-04', 11.764376764276019, 0, 0, 10052, 1, 10000, 39);
INSERT INTO programme(programme_id, date_debut, user_id) VALUES (10053, '2018-04-23', 10026);
INSERT INTO objectif(id, objectif, sport_id) VALUES (180, 10, 1);
INSERT INTO programme_objectifs(programme_programme_id, objectifs_id) VALUES (10053, 180);
INSERT INTO activity(activity_id, date_prevue, date_realisee, distance_prevue, distance_realisee, estrealisee, programme_id, sport_id, CENTREINTERET_ID, timeframe_id) VALUES (10212, '2018-04-17', '2018-04-17', 11.982535028723387, 11.982535028723387, 1, 10053, 1, 10000, 14);
INSERT INTO activity(activity_id, date_prevue, date_realisee, distance_prevue, distance_realisee, estrealisee, programme_id, sport_id, CENTREINTERET_ID, timeframe_id) VALUES (10213, '2018-04-18', '2018-04-18', 7.323483465302679, 7.323483465302679, 1, 10053, 1, 10000, 27);
INSERT INTO activity(activity_id, date_prevue, date_realisee, distance_prevue, distance_realisee, estrealisee, programme_id, sport_id, CENTREINTERET_ID, timeframe_id) VALUES (10214, '2018-04-19', '2018-04-19', 10.131883030689668, 10.131883030689668, 1, 10053, 1, 10000, 29);
INSERT INTO activity(activity_id, date_prevue, date_realisee, distance_prevue, distance_realisee, estrealisee, programme_id, sport_id, CENTREINTERET_ID, timeframe_id) VALUES (10215, '2018-04-20', '2018-04-20', 8.187491812631002, 8.187491812631002, 1, 10053, 1, 10000, 31);

INSERT INTO point (ID, x, y) VALUES (50027, 45.784310277350485, 4.838903176481618);
INSERT INTO users (ID, USERNAME, PASSWORD, FIRSTNAME, LASTNAME, EMAIL, ENABLED, LASTPASSWORDRESETDATE, Location_id) VALUES (10027, "user27", "$2a$08$UkVvwpULis18S19S5pZFn.YHPZt3oaqHZnDwqbCW9pft6uFtkXKDC", "user27", "user27", "user27@user.com", 1, "2003/01/22", 50027);
INSERT INTO user_authority (USER_ID, AUTHORITY_ID) VALUES (10027, 2);
INSERT INTO objectif (id, objectif, sport_id) VALUES (181, 10, 1);
INSERT INTO users_objectifs (user_id, objectifs_id) VALUES (10027, 181);
INSERT INTO programme(programme_id, date_debut, user_id) VALUES (10054, '2018-04-30', 10027);
INSERT INTO objectif(id, objectif, sport_id) VALUES (182, 10, 1);
INSERT INTO programme_objectifs(programme_programme_id, objectifs_id) VALUES (10054, 182);
INSERT INTO activity(activity_id, date_prevue, distance_prevue, distance_realisee, estrealisee, programme_id, sport_id, CENTREINTERET_ID, timeframe_id) VALUES (10216, '2018-05-01', 7.390163049130612, 0, 0, 10054, 1, 10000, 14);
INSERT INTO activity(activity_id, date_prevue, distance_prevue, distance_realisee, estrealisee, programme_id, sport_id, CENTREINTERET_ID, timeframe_id) VALUES (10217, '2018-05-02', 7.641859747747867, 0, 0, 10054, 1, 10000, 20);
INSERT INTO activity(activity_id, date_prevue, distance_prevue, distance_realisee, estrealisee, programme_id, sport_id, CENTREINTERET_ID, timeframe_id) VALUES (10218, '2018-05-03', 11.326852267495713, 0, 0, 10054, 1, 10000, 31);
INSERT INTO activity(activity_id, date_prevue, distance_prevue, distance_realisee, estrealisee, programme_id, sport_id, CENTREINTERET_ID, timeframe_id) VALUES (10219, '2018-05-04', 8.019257495825297, 0, 0, 10054, 1, 10000, 39);
INSERT INTO programme(programme_id, date_debut, user_id) VALUES (10055, '2018-04-23', 10027);
INSERT INTO objectif(id, objectif, sport_id) VALUES (183, 10, 1);
INSERT INTO programme_objectifs(programme_programme_id, objectifs_id) VALUES (10055, 183);
INSERT INTO activity(activity_id, date_prevue, date_realisee, distance_prevue, distance_realisee, estrealisee, programme_id, sport_id, CENTREINTERET_ID, timeframe_id) VALUES (10220, '2018-04-17', '2018-04-17', 7.171111141899725, 7.171111141899725, 1, 10055, 1, 10000, 17);
INSERT INTO activity(activity_id, date_prevue, date_realisee, distance_prevue, distance_realisee, estrealisee, programme_id, sport_id, CENTREINTERET_ID, timeframe_id) VALUES (10221, '2018-04-18', '2018-04-18', 7.916567284582207, 7.916567284582207, 1, 10055, 1, 10000, 0);
INSERT INTO activity(activity_id, date_prevue, date_realisee, distance_prevue, distance_realisee, estrealisee, programme_id, sport_id, CENTREINTERET_ID, timeframe_id) VALUES (10222, '2018-04-19', '2018-04-19', 11.792992997900452, 11.792992997900452, 1, 10055, 1, 10000, 40);
INSERT INTO activity(activity_id, date_prevue, date_realisee, distance_prevue, distance_realisee, estrealisee, programme_id, sport_id, CENTREINTERET_ID, timeframe_id) VALUES (10223, '2018-04-20', '2018-04-20', 10.324123082175298, 10.324123082175298, 1, 10055, 1, 10000, 11);

INSERT INTO point (ID, x, y) VALUES (50028, 45.72338024455617, 4.873674430599377);
INSERT INTO users (ID, USERNAME, PASSWORD, FIRSTNAME, LASTNAME, EMAIL, ENABLED, LASTPASSWORDRESETDATE, Location_id) VALUES (10028, "user28", "$2a$08$UkVvwpULis18S19S5pZFn.YHPZt3oaqHZnDwqbCW9pft6uFtkXKDC", "user28", "user28", "user28@user.com", 1, "2003/01/22", 50028);
INSERT INTO user_authority (USER_ID, AUTHORITY_ID) VALUES (10028, 2);
INSERT INTO objectif (id, objectif, sport_id) VALUES (184, 10, 1);
INSERT INTO users_objectifs (user_id, objectifs_id) VALUES (10028, 184);
INSERT INTO programme(programme_id, date_debut, user_id) VALUES (10056, '2018-04-30', 10028);
INSERT INTO objectif(id, objectif, sport_id) VALUES (185, 10, 1);
INSERT INTO programme_objectifs(programme_programme_id, objectifs_id) VALUES (10056, 185);
INSERT INTO activity(activity_id, date_prevue, distance_prevue, distance_realisee, estrealisee, programme_id, sport_id, CENTREINTERET_ID, timeframe_id) VALUES (10224, '2018-05-01', 7.980821560754278, 0, 0, 10056, 1, 10000, 14);
INSERT INTO activity(activity_id, date_prevue, distance_prevue, distance_realisee, estrealisee, programme_id, sport_id, CENTREINTERET_ID, timeframe_id) VALUES (10225, '2018-05-02', 11.310024258632073, 0, 0, 10056, 1, 10000, 20);
INSERT INTO activity(activity_id, date_prevue, distance_prevue, distance_realisee, estrealisee, programme_id, sport_id, CENTREINTERET_ID, timeframe_id) VALUES (10226, '2018-05-03', 11.624778423710403, 0, 0, 10056, 1, 10000, 31);
INSERT INTO activity(activity_id, date_prevue, distance_prevue, distance_realisee, estrealisee, programme_id, sport_id, CENTREINTERET_ID, timeframe_id) VALUES (10227, '2018-05-04', 7.915822002863907, 0, 0, 10056, 1, 10000, 39);
INSERT INTO programme(programme_id, date_debut, user_id) VALUES (10057, '2018-04-23', 10028);
INSERT INTO objectif(id, objectif, sport_id) VALUES (186, 10, 1);
INSERT INTO programme_objectifs(programme_programme_id, objectifs_id) VALUES (10057, 186);
INSERT INTO activity(activity_id, date_prevue, date_realisee, distance_prevue, distance_realisee, estrealisee, programme_id, sport_id, CENTREINTERET_ID, timeframe_id) VALUES (10228, '2018-04-17', '2018-04-17', 10.715034222715175, 10.715034222715175, 1, 10057, 1, 10000, 20);
INSERT INTO activity(activity_id, date_prevue, date_realisee, distance_prevue, distance_realisee, estrealisee, programme_id, sport_id, CENTREINTERET_ID, timeframe_id) VALUES (10229, '2018-04-18', '2018-04-18', 7.682965218581142, 7.682965218581142, 1, 10057, 1, 10000, 56);
INSERT INTO activity(activity_id, date_prevue, date_realisee, distance_prevue, distance_realisee, estrealisee, programme_id, sport_id, CENTREINTERET_ID, timeframe_id) VALUES (10230, '2018-04-19', '2018-04-19', 11.222386491550582, 11.222386491550582, 1, 10057, 1, 10000, 39);
INSERT INTO activity(activity_id, date_prevue, date_realisee, distance_prevue, distance_realisee, estrealisee, programme_id, sport_id, CENTREINTERET_ID, timeframe_id) VALUES (10231, '2018-04-20', '2018-04-20', 11.719608457181954, 11.719608457181954, 1, 10057, 1, 10000, 25);

INSERT INTO point (ID, x, y) VALUES (50029, 45.75372168061099, 4.811116256798125);
INSERT INTO users (ID, USERNAME, PASSWORD, FIRSTNAME, LASTNAME, EMAIL, ENABLED, LASTPASSWORDRESETDATE, Location_id) VALUES (10029, "user29", "$2a$08$UkVvwpULis18S19S5pZFn.YHPZt3oaqHZnDwqbCW9pft6uFtkXKDC", "user29", "user29", "user29@user.com", 1, "2003/01/22", 50029);
INSERT INTO user_authority (USER_ID, AUTHORITY_ID) VALUES (10029, 2);
INSERT INTO objectif (id, objectif, sport_id) VALUES (187, 10, 1);
INSERT INTO users_objectifs (user_id, objectifs_id) VALUES (10029, 187);
INSERT INTO programme(programme_id, date_debut, user_id) VALUES (10058, '2018-04-30', 10029);
INSERT INTO objectif(id, objectif, sport_id) VALUES (188, 10, 1);
INSERT INTO programme_objectifs(programme_programme_id, objectifs_id) VALUES (10058, 188);
INSERT INTO activity(activity_id, date_prevue, distance_prevue, distance_realisee, estrealisee, programme_id, sport_id, CENTREINTERET_ID, timeframe_id) VALUES (10232, '2018-05-01', 8.757251977835155, 0, 0, 10058, 1, 10000, 14);
INSERT INTO activity(activity_id, date_prevue, distance_prevue, distance_realisee, estrealisee, programme_id, sport_id, CENTREINTERET_ID, timeframe_id) VALUES (10233, '2018-05-02', 9.967256165924473, 0, 0, 10058, 1, 10000, 20);
INSERT INTO activity(activity_id, date_prevue, distance_prevue, distance_realisee, estrealisee, programme_id, sport_id, CENTREINTERET_ID, timeframe_id) VALUES (10234, '2018-05-03', 9.942080638085269, 0, 0, 10058, 1, 10000, 31);
INSERT INTO activity(activity_id, date_prevue, distance_prevue, distance_realisee, estrealisee, programme_id, sport_id, CENTREINTERET_ID, timeframe_id) VALUES (10235, '2018-05-04', 9.023904649788442, 0, 0, 10058, 1, 10000, 39);
INSERT INTO programme(programme_id, date_debut, user_id) VALUES (10059, '2018-04-23', 10029);
INSERT INTO objectif(id, objectif, sport_id) VALUES (189, 10, 1);
INSERT INTO programme_objectifs(programme_programme_id, objectifs_id) VALUES (10059, 189);
INSERT INTO activity(activity_id, date_prevue, date_realisee, distance_prevue, distance_realisee, estrealisee, programme_id, sport_id, CENTREINTERET_ID, timeframe_id) VALUES (10236, '2018-04-17', '2018-04-17', 9.308803837436173, 9.308803837436173, 1, 10059, 1, 10000, 48);
INSERT INTO activity(activity_id, date_prevue, date_realisee, distance_prevue, distance_realisee, estrealisee, programme_id, sport_id, CENTREINTERET_ID, timeframe_id) VALUES (10237, '2018-04-18', '2018-04-18', 10.094906975251053, 10.094906975251053, 1, 10059, 1, 10000, 43);
INSERT INTO activity(activity_id, date_prevue, date_realisee, distance_prevue, distance_realisee, estrealisee, programme_id, sport_id, CENTREINTERET_ID, timeframe_id) VALUES (10238, '2018-04-19', '2018-04-19', 9.80858760580617, 9.80858760580617, 1, 10059, 1, 10000, 55);
INSERT INTO activity(activity_id, date_prevue, date_realisee, distance_prevue, distance_realisee, estrealisee, programme_id, sport_id, CENTREINTERET_ID, timeframe_id) VALUES (10239, '2018-04-20', '2018-04-20', 10.018370962233128, 10.018370962233128, 1, 10059, 1, 10000, 48);

INSERT INTO point (ID, x, y) VALUES (50030, 45.79383991374445, 4.813288673506995);
INSERT INTO users (ID, USERNAME, PASSWORD, FIRSTNAME, LASTNAME, EMAIL, ENABLED, LASTPASSWORDRESETDATE, Location_id) VALUES (10030, "user30", "$2a$08$UkVvwpULis18S19S5pZFn.YHPZt3oaqHZnDwqbCW9pft6uFtkXKDC", "user30", "user30", "user30@user.com", 1, "2003/01/22", 50030);
INSERT INTO user_authority (USER_ID, AUTHORITY_ID) VALUES (10030, 2);
INSERT INTO objectif (id, objectif, sport_id) VALUES (190, 10, 1);
INSERT INTO users_objectifs (user_id, objectifs_id) VALUES (10030, 190);
INSERT INTO programme(programme_id, date_debut, user_id) VALUES (10060, '2018-04-30', 10030);
INSERT INTO objectif(id, objectif, sport_id) VALUES (191, 10, 1);
INSERT INTO programme_objectifs(programme_programme_id, objectifs_id) VALUES (10060, 191);
INSERT INTO activity(activity_id, date_prevue, distance_prevue, distance_realisee, estrealisee, programme_id, sport_id, CENTREINTERET_ID, timeframe_id) VALUES (10240, '2018-05-01', 10.254548372841807, 0, 0, 10060, 1, 10000, 14);
INSERT INTO activity(activity_id, date_prevue, distance_prevue, distance_realisee, estrealisee, programme_id, sport_id, CENTREINTERET_ID, timeframe_id) VALUES (10241, '2018-05-02', 7.188052296804658, 0, 0, 10060, 1, 10000, 20);
INSERT INTO activity(activity_id, date_prevue, distance_prevue, distance_realisee, estrealisee, programme_id, sport_id, CENTREINTERET_ID, timeframe_id) VALUES (10242, '2018-05-03', 7.337773158767503, 0, 0, 10060, 1, 10000, 31);
INSERT INTO activity(activity_id, date_prevue, distance_prevue, distance_realisee, estrealisee, programme_id, sport_id, CENTREINTERET_ID, timeframe_id) VALUES (10243, '2018-05-04', 9.479451360839864, 0, 0, 10060, 1, 10000, 39);
INSERT INTO programme(programme_id, date_debut, user_id) VALUES (10061, '2018-04-23', 10030);
INSERT INTO objectif(id, objectif, sport_id) VALUES (192, 10, 1);
INSERT INTO programme_objectifs(programme_programme_id, objectifs_id) VALUES (10061, 192);
INSERT INTO activity(activity_id, date_prevue, date_realisee, distance_prevue, distance_realisee, estrealisee, programme_id, sport_id, CENTREINTERET_ID, timeframe_id) VALUES (10244, '2018-04-17', '2018-04-17', 11.816954884561495, 11.816954884561495, 1, 10061, 1, 10000, 40);
INSERT INTO activity(activity_id, date_prevue, date_realisee, distance_prevue, distance_realisee, estrealisee, programme_id, sport_id, CENTREINTERET_ID, timeframe_id) VALUES (10245, '2018-04-18', '2018-04-18', 8.313438718264395, 8.313438718264395, 1, 10061, 1, 10000, 51);
INSERT INTO activity(activity_id, date_prevue, date_realisee, distance_prevue, distance_realisee, estrealisee, programme_id, sport_id, CENTREINTERET_ID, timeframe_id) VALUES (10246, '2018-04-19', '2018-04-19', 10.765058576738785, 10.765058576738785, 1, 10061, 1, 10000, 39);
INSERT INTO activity(activity_id, date_prevue, date_realisee, distance_prevue, distance_realisee, estrealisee, programme_id, sport_id, CENTREINTERET_ID, timeframe_id) VALUES (10247, '2018-04-20', '2018-04-20', 9.685843392471313, 9.685843392471313, 1, 10061, 1, 10000, 52);

INSERT INTO point (ID, x, y) VALUES (50031, 45.734905412175216, 4.817087840119878);
INSERT INTO users (ID, USERNAME, PASSWORD, FIRSTNAME, LASTNAME, EMAIL, ENABLED, LASTPASSWORDRESETDATE, Location_id) VALUES (10031, "user31", "$2a$08$UkVvwpULis18S19S5pZFn.YHPZt3oaqHZnDwqbCW9pft6uFtkXKDC", "user31", "user31", "user31@user.com", 1, "2003/01/22", 50031);
INSERT INTO user_authority (USER_ID, AUTHORITY_ID) VALUES (10031, 2);
INSERT INTO objectif (id, objectif, sport_id) VALUES (193, 10, 1);
INSERT INTO users_objectifs (user_id, objectifs_id) VALUES (10031, 193);
INSERT INTO programme(programme_id, date_debut, user_id) VALUES (10062, '2018-04-30', 10031);
INSERT INTO objectif(id, objectif, sport_id) VALUES (194, 10, 1);
INSERT INTO programme_objectifs(programme_programme_id, objectifs_id) VALUES (10062, 194);
INSERT INTO activity(activity_id, date_prevue, distance_prevue, distance_realisee, estrealisee, programme_id, sport_id, CENTREINTERET_ID, timeframe_id) VALUES (10248, '2018-05-01', 10.26745786082574, 0, 0, 10062, 1, 10000, 14);
INSERT INTO activity(activity_id, date_prevue, distance_prevue, distance_realisee, estrealisee, programme_id, sport_id, CENTREINTERET_ID, timeframe_id) VALUES (10249, '2018-05-02', 11.771079877550228, 0, 0, 10062, 1, 10000, 20);
INSERT INTO activity(activity_id, date_prevue, distance_prevue, distance_realisee, estrealisee, programme_id, sport_id, CENTREINTERET_ID, timeframe_id) VALUES (10250, '2018-05-03', 11.160389298926557, 0, 0, 10062, 1, 10000, 31);
INSERT INTO activity(activity_id, date_prevue, distance_prevue, distance_realisee, estrealisee, programme_id, sport_id, CENTREINTERET_ID, timeframe_id) VALUES (10251, '2018-05-04', 10.975762603334644, 0, 0, 10062, 1, 10000, 39);
INSERT INTO programme(programme_id, date_debut, user_id) VALUES (10063, '2018-04-23', 10031);
INSERT INTO objectif(id, objectif, sport_id) VALUES (195, 10, 1);
INSERT INTO programme_objectifs(programme_programme_id, objectifs_id) VALUES (10063, 195);
INSERT INTO activity(activity_id, date_prevue, date_realisee, distance_prevue, distance_realisee, estrealisee, programme_id, sport_id, CENTREINTERET_ID, timeframe_id) VALUES (10252, '2018-04-17', '2018-04-17', 9.476279652039391, 9.476279652039391, 1, 10063, 1, 10000, 16);
INSERT INTO activity(activity_id, date_prevue, date_realisee, distance_prevue, distance_realisee, estrealisee, programme_id, sport_id, CENTREINTERET_ID, timeframe_id) VALUES (10253, '2018-04-18', '2018-04-18', 10.05519264738055, 10.05519264738055, 1, 10063, 1, 10000, 17);
INSERT INTO activity(activity_id, date_prevue, date_realisee, distance_prevue, distance_realisee, estrealisee, programme_id, sport_id, CENTREINTERET_ID, timeframe_id) VALUES (10254, '2018-04-19', '2018-04-19', 8.578480223771843, 8.578480223771843, 1, 10063, 1, 10000, 4);
INSERT INTO activity(activity_id, date_prevue, date_realisee, distance_prevue, distance_realisee, estrealisee, programme_id, sport_id, CENTREINTERET_ID, timeframe_id) VALUES (10255, '2018-04-20', '2018-04-20', 7.085809667154429, 7.085809667154429, 1, 10063, 1, 10000, 25);

INSERT INTO point (ID, x, y) VALUES (50032, 45.722362963348374, 4.838789543233354);
INSERT INTO users (ID, USERNAME, PASSWORD, FIRSTNAME, LASTNAME, EMAIL, ENABLED, LASTPASSWORDRESETDATE, Location_id) VALUES (10032, "user32", "$2a$08$UkVvwpULis18S19S5pZFn.YHPZt3oaqHZnDwqbCW9pft6uFtkXKDC", "user32", "user32", "user32@user.com", 1, "2003/01/22", 50032);
INSERT INTO user_authority (USER_ID, AUTHORITY_ID) VALUES (10032, 2);
INSERT INTO objectif (id, objectif, sport_id) VALUES (196, 10, 1);
INSERT INTO users_objectifs (user_id, objectifs_id) VALUES (10032, 196);
INSERT INTO programme(programme_id, date_debut, user_id) VALUES (10064, '2018-04-30', 10032);
INSERT INTO objectif(id, objectif, sport_id) VALUES (197, 10, 1);
INSERT INTO programme_objectifs(programme_programme_id, objectifs_id) VALUES (10064, 197);
INSERT INTO activity(activity_id, date_prevue, distance_prevue, distance_realisee, estrealisee, programme_id, sport_id, CENTREINTERET_ID, timeframe_id) VALUES (10256, '2018-05-01', 7.15861400835605, 0, 0, 10064, 1, 10000, 14);
INSERT INTO activity(activity_id, date_prevue, distance_prevue, distance_realisee, estrealisee, programme_id, sport_id, CENTREINTERET_ID, timeframe_id) VALUES (10257, '2018-05-02', 11.354721458934133, 0, 0, 10064, 1, 10000, 20);
INSERT INTO activity(activity_id, date_prevue, distance_prevue, distance_realisee, estrealisee, programme_id, sport_id, CENTREINTERET_ID, timeframe_id) VALUES (10258, '2018-05-03', 10.364652244682823, 0, 0, 10064, 1, 10000, 31);
INSERT INTO activity(activity_id, date_prevue, distance_prevue, distance_realisee, estrealisee, programme_id, sport_id, CENTREINTERET_ID, timeframe_id) VALUES (10259, '2018-05-04', 11.970340229345412, 0, 0, 10064, 1, 10000, 39);
INSERT INTO programme(programme_id, date_debut, user_id) VALUES (10065, '2018-04-23', 10032);
INSERT INTO objectif(id, objectif, sport_id) VALUES (198, 10, 1);
INSERT INTO programme_objectifs(programme_programme_id, objectifs_id) VALUES (10065, 198);
INSERT INTO activity(activity_id, date_prevue, date_realisee, distance_prevue, distance_realisee, estrealisee, programme_id, sport_id, CENTREINTERET_ID, timeframe_id) VALUES (10260, '2018-04-17', '2018-04-17', 8.795374667532812, 8.795374667532812, 1, 10065, 1, 10000, 39);
INSERT INTO activity(activity_id, date_prevue, date_realisee, distance_prevue, distance_realisee, estrealisee, programme_id, sport_id, CENTREINTERET_ID, timeframe_id) VALUES (10261, '2018-04-18', '2018-04-18', 10.570715998733483, 10.570715998733483, 1, 10065, 1, 10000, 17);
INSERT INTO activity(activity_id, date_prevue, date_realisee, distance_prevue, distance_realisee, estrealisee, programme_id, sport_id, CENTREINTERET_ID, timeframe_id) VALUES (10262, '2018-04-19', '2018-04-19', 11.376533229845654, 11.376533229845654, 1, 10065, 1, 10000, 13);
INSERT INTO activity(activity_id, date_prevue, date_realisee, distance_prevue, distance_realisee, estrealisee, programme_id, sport_id, CENTREINTERET_ID, timeframe_id) VALUES (10263, '2018-04-20', '2018-04-20', 10.309804918293466, 10.309804918293466, 1, 10065, 1, 10000, 50);

INSERT INTO point (ID, x, y) VALUES (50033, 45.74253732203147, 4.856554169890506);
INSERT INTO users (ID, USERNAME, PASSWORD, FIRSTNAME, LASTNAME, EMAIL, ENABLED, LASTPASSWORDRESETDATE, Location_id) VALUES (10033, "user33", "$2a$08$UkVvwpULis18S19S5pZFn.YHPZt3oaqHZnDwqbCW9pft6uFtkXKDC", "user33", "user33", "user33@user.com", 1, "2003/01/22", 50033);
INSERT INTO user_authority (USER_ID, AUTHORITY_ID) VALUES (10033, 2);
INSERT INTO objectif (id, objectif, sport_id) VALUES (199, 10, 1);
INSERT INTO users_objectifs (user_id, objectifs_id) VALUES (10033, 199);
INSERT INTO programme(programme_id, date_debut, user_id) VALUES (10066, '2018-04-30', 10033);
INSERT INTO objectif(id, objectif, sport_id) VALUES (200, 10, 1);
INSERT INTO programme_objectifs(programme_programme_id, objectifs_id) VALUES (10066, 200);
INSERT INTO activity(activity_id, date_prevue, distance_prevue, distance_realisee, estrealisee, programme_id, sport_id, CENTREINTERET_ID, timeframe_id) VALUES (10264, '2018-05-01', 7.773092923725817, 0, 0, 10066, 1, 10000, 14);
INSERT INTO activity(activity_id, date_prevue, distance_prevue, distance_realisee, estrealisee, programme_id, sport_id, CENTREINTERET_ID, timeframe_id) VALUES (10265, '2018-05-02', 7.179880907464273, 0, 0, 10066, 1, 10000, 20);
INSERT INTO activity(activity_id, date_prevue, distance_prevue, distance_realisee, estrealisee, programme_id, sport_id, CENTREINTERET_ID, timeframe_id) VALUES (10266, '2018-05-03', 11.98129733864113, 0, 0, 10066, 1, 10000, 31);
INSERT INTO activity(activity_id, date_prevue, distance_prevue, distance_realisee, estrealisee, programme_id, sport_id, CENTREINTERET_ID, timeframe_id) VALUES (10267, '2018-05-04', 11.421379347814167, 0, 0, 10066, 1, 10000, 39);
INSERT INTO programme(programme_id, date_debut, user_id) VALUES (10067, '2018-04-23', 10033);
INSERT INTO objectif(id, objectif, sport_id) VALUES (201, 10, 1);
INSERT INTO programme_objectifs(programme_programme_id, objectifs_id) VALUES (10067, 201);
INSERT INTO activity(activity_id, date_prevue, date_realisee, distance_prevue, distance_realisee, estrealisee, programme_id, sport_id, CENTREINTERET_ID, timeframe_id) VALUES (10268, '2018-04-17', '2018-04-17', 8.939963041418054, 8.939963041418054, 1, 10067, 1, 10000, 11);
INSERT INTO activity(activity_id, date_prevue, date_realisee, distance_prevue, distance_realisee, estrealisee, programme_id, sport_id, CENTREINTERET_ID, timeframe_id) VALUES (10269, '2018-04-18', '2018-04-18', 11.013022186219287, 11.013022186219287, 1, 10067, 1, 10000, 1);
INSERT INTO activity(activity_id, date_prevue, date_realisee, distance_prevue, distance_realisee, estrealisee, programme_id, sport_id, CENTREINTERET_ID, timeframe_id) VALUES (10270, '2018-04-19', '2018-04-19', 9.415909323915724, 9.415909323915724, 1, 10067, 1, 10000, 35);
INSERT INTO activity(activity_id, date_prevue, date_realisee, distance_prevue, distance_realisee, estrealisee, programme_id, sport_id, CENTREINTERET_ID, timeframe_id) VALUES (10271, '2018-04-20', '2018-04-20', 8.632403612869439, 8.632403612869439, 1, 10067, 1, 10000, 21);

INSERT INTO point (ID, x, y) VALUES (50034, 45.7955315061592, 4.832065372333464);
INSERT INTO users (ID, USERNAME, PASSWORD, FIRSTNAME, LASTNAME, EMAIL, ENABLED, LASTPASSWORDRESETDATE, Location_id) VALUES (10034, "user34", "$2a$08$UkVvwpULis18S19S5pZFn.YHPZt3oaqHZnDwqbCW9pft6uFtkXKDC", "user34", "user34", "user34@user.com", 1, "2003/01/22", 50034);
INSERT INTO user_authority (USER_ID, AUTHORITY_ID) VALUES (10034, 2);
INSERT INTO objectif (id, objectif, sport_id) VALUES (202, 10, 1);
INSERT INTO users_objectifs (user_id, objectifs_id) VALUES (10034, 202);
INSERT INTO programme(programme_id, date_debut, user_id) VALUES (10068, '2018-04-30', 10034);
INSERT INTO objectif(id, objectif, sport_id) VALUES (203, 10, 1);
INSERT INTO programme_objectifs(programme_programme_id, objectifs_id) VALUES (10068, 203);
INSERT INTO activity(activity_id, date_prevue, distance_prevue, distance_realisee, estrealisee, programme_id, sport_id, CENTREINTERET_ID, timeframe_id) VALUES (10272, '2018-05-01', 11.368294231659899, 0, 0, 10068, 1, 10000, 14);
INSERT INTO activity(activity_id, date_prevue, distance_prevue, distance_realisee, estrealisee, programme_id, sport_id, CENTREINTERET_ID, timeframe_id) VALUES (10273, '2018-05-02', 8.226964199968993, 0, 0, 10068, 1, 10000, 20);
INSERT INTO activity(activity_id, date_prevue, distance_prevue, distance_realisee, estrealisee, programme_id, sport_id, CENTREINTERET_ID, timeframe_id) VALUES (10274, '2018-05-03', 10.78866848568654, 0, 0, 10068, 1, 10000, 31);
INSERT INTO activity(activity_id, date_prevue, distance_prevue, distance_realisee, estrealisee, programme_id, sport_id, CENTREINTERET_ID, timeframe_id) VALUES (10275, '2018-05-04', 9.713754989452218, 0, 0, 10068, 1, 10000, 39);
INSERT INTO programme(programme_id, date_debut, user_id) VALUES (10069, '2018-04-23', 10034);
INSERT INTO objectif(id, objectif, sport_id) VALUES (204, 10, 1);
INSERT INTO programme_objectifs(programme_programme_id, objectifs_id) VALUES (10069, 204);
INSERT INTO activity(activity_id, date_prevue, date_realisee, distance_prevue, distance_realisee, estrealisee, programme_id, sport_id, CENTREINTERET_ID, timeframe_id) VALUES (10276, '2018-04-17', '2018-04-17', 9.985939209874267, 9.985939209874267, 1, 10069, 1, 10000, 50);
INSERT INTO activity(activity_id, date_prevue, date_realisee, distance_prevue, distance_realisee, estrealisee, programme_id, sport_id, CENTREINTERET_ID, timeframe_id) VALUES (10277, '2018-04-18', '2018-04-18', 9.803957029458093, 9.803957029458093, 1, 10069, 1, 10000, 36);
INSERT INTO activity(activity_id, date_prevue, date_realisee, distance_prevue, distance_realisee, estrealisee, programme_id, sport_id, CENTREINTERET_ID, timeframe_id) VALUES (10278, '2018-04-19', '2018-04-19', 9.312318281141241, 9.312318281141241, 1, 10069, 1, 10000, 40);
INSERT INTO activity(activity_id, date_prevue, date_realisee, distance_prevue, distance_realisee, estrealisee, programme_id, sport_id, CENTREINTERET_ID, timeframe_id) VALUES (10279, '2018-04-20', '2018-04-20', 10.113900216860188, 10.113900216860188, 1, 10069, 1, 10000, 3);

INSERT INTO point (ID, x, y) VALUES (50035, 45.716548355116444, 4.881470373137849);
INSERT INTO users (ID, USERNAME, PASSWORD, FIRSTNAME, LASTNAME, EMAIL, ENABLED, LASTPASSWORDRESETDATE, Location_id) VALUES (10035, "user35", "$2a$08$UkVvwpULis18S19S5pZFn.YHPZt3oaqHZnDwqbCW9pft6uFtkXKDC", "user35", "user35", "user35@user.com", 1, "2003/01/22", 50035);
INSERT INTO user_authority (USER_ID, AUTHORITY_ID) VALUES (10035, 2);
INSERT INTO objectif (id, objectif, sport_id) VALUES (205, 10, 1);
INSERT INTO users_objectifs (user_id, objectifs_id) VALUES (10035, 205);
INSERT INTO programme(programme_id, date_debut, user_id) VALUES (10070, '2018-04-30', 10035);
INSERT INTO objectif(id, objectif, sport_id) VALUES (206, 10, 1);
INSERT INTO programme_objectifs(programme_programme_id, objectifs_id) VALUES (10070, 206);
INSERT INTO activity(activity_id, date_prevue, distance_prevue, distance_realisee, estrealisee, programme_id, sport_id, CENTREINTERET_ID, timeframe_id) VALUES (10280, '2018-05-01', 9.929022691769251, 0, 0, 10070, 1, 10000, 14);
INSERT INTO activity(activity_id, date_prevue, distance_prevue, distance_realisee, estrealisee, programme_id, sport_id, CENTREINTERET_ID, timeframe_id) VALUES (10281, '2018-05-02', 11.521360498241721, 0, 0, 10070, 1, 10000, 20);
INSERT INTO activity(activity_id, date_prevue, distance_prevue, distance_realisee, estrealisee, programme_id, sport_id, CENTREINTERET_ID, timeframe_id) VALUES (10282, '2018-05-03', 7.092724354851368, 0, 0, 10070, 1, 10000, 31);
INSERT INTO activity(activity_id, date_prevue, distance_prevue, distance_realisee, estrealisee, programme_id, sport_id, CENTREINTERET_ID, timeframe_id) VALUES (10283, '2018-05-04', 10.322428283119176, 0, 0, 10070, 1, 10000, 39);
INSERT INTO programme(programme_id, date_debut, user_id) VALUES (10071, '2018-04-23', 10035);
INSERT INTO objectif(id, objectif, sport_id) VALUES (207, 10, 1);
INSERT INTO programme_objectifs(programme_programme_id, objectifs_id) VALUES (10071, 207);
INSERT INTO activity(activity_id, date_prevue, date_realisee, distance_prevue, distance_realisee, estrealisee, programme_id, sport_id, CENTREINTERET_ID, timeframe_id) VALUES (10284, '2018-04-17', '2018-04-17', 11.61548190269629, 11.61548190269629, 1, 10071, 1, 10000, 42);
INSERT INTO activity(activity_id, date_prevue, date_realisee, distance_prevue, distance_realisee, estrealisee, programme_id, sport_id, CENTREINTERET_ID, timeframe_id) VALUES (10285, '2018-04-18', '2018-04-18', 10.21333687358635, 10.21333687358635, 1, 10071, 1, 10000, 33);
INSERT INTO activity(activity_id, date_prevue, date_realisee, distance_prevue, distance_realisee, estrealisee, programme_id, sport_id, CENTREINTERET_ID, timeframe_id) VALUES (10286, '2018-04-19', '2018-04-19', 11.970071787632046, 11.970071787632046, 1, 10071, 1, 10000, 54);
INSERT INTO activity(activity_id, date_prevue, date_realisee, distance_prevue, distance_realisee, estrealisee, programme_id, sport_id, CENTREINTERET_ID, timeframe_id) VALUES (10287, '2018-04-20', '2018-04-20', 10.688196691289974, 10.688196691289974, 1, 10071, 1, 10000, 2);

INSERT INTO point (ID, x, y) VALUES (50036, 45.77556567605155, 4.844826759098967);
INSERT INTO users (ID, USERNAME, PASSWORD, FIRSTNAME, LASTNAME, EMAIL, ENABLED, LASTPASSWORDRESETDATE, Location_id) VALUES (10036, "user36", "$2a$08$UkVvwpULis18S19S5pZFn.YHPZt3oaqHZnDwqbCW9pft6uFtkXKDC", "user36", "user36", "user36@user.com", 1, "2003/01/22", 50036);
INSERT INTO user_authority (USER_ID, AUTHORITY_ID) VALUES (10036, 2);
INSERT INTO objectif (id, objectif, sport_id) VALUES (208, 10, 1);
INSERT INTO users_objectifs (user_id, objectifs_id) VALUES (10036, 208);
INSERT INTO programme(programme_id, date_debut, user_id) VALUES (10072, '2018-04-30', 10036);
INSERT INTO objectif(id, objectif, sport_id) VALUES (209, 10, 1);
INSERT INTO programme_objectifs(programme_programme_id, objectifs_id) VALUES (10072, 209);
INSERT INTO activity(activity_id, date_prevue, distance_prevue, distance_realisee, estrealisee, programme_id, sport_id, CENTREINTERET_ID, timeframe_id) VALUES (10288, '2018-05-01', 7.204041078736416, 0, 0, 10072, 1, 10000, 14);
INSERT INTO activity(activity_id, date_prevue, distance_prevue, distance_realisee, estrealisee, programme_id, sport_id, CENTREINTERET_ID, timeframe_id) VALUES (10289, '2018-05-02', 11.500054004742548, 0, 0, 10072, 1, 10000, 20);
INSERT INTO activity(activity_id, date_prevue, distance_prevue, distance_realisee, estrealisee, programme_id, sport_id, CENTREINTERET_ID, timeframe_id) VALUES (10290, '2018-05-03', 8.897598966916688, 0, 0, 10072, 1, 10000, 31);
INSERT INTO activity(activity_id, date_prevue, distance_prevue, distance_realisee, estrealisee, programme_id, sport_id, CENTREINTERET_ID, timeframe_id) VALUES (10291, '2018-05-04', 9.185095793126118, 0, 0, 10072, 1, 10000, 39);
INSERT INTO programme(programme_id, date_debut, user_id) VALUES (10073, '2018-04-23', 10036);
INSERT INTO objectif(id, objectif, sport_id) VALUES (210, 10, 1);
INSERT INTO programme_objectifs(programme_programme_id, objectifs_id) VALUES (10073, 210);
INSERT INTO activity(activity_id, date_prevue, date_realisee, distance_prevue, distance_realisee, estrealisee, programme_id, sport_id, CENTREINTERET_ID, timeframe_id) VALUES (10292, '2018-04-17', '2018-04-17', 10.214847491489401, 10.214847491489401, 1, 10073, 1, 10000, 27);
INSERT INTO activity(activity_id, date_prevue, date_realisee, distance_prevue, distance_realisee, estrealisee, programme_id, sport_id, CENTREINTERET_ID, timeframe_id) VALUES (10293, '2018-04-18', '2018-04-18', 11.553700424127303, 11.553700424127303, 1, 10073, 1, 10000, 27);
INSERT INTO activity(activity_id, date_prevue, date_realisee, distance_prevue, distance_realisee, estrealisee, programme_id, sport_id, CENTREINTERET_ID, timeframe_id) VALUES (10294, '2018-04-19', '2018-04-19', 9.730813746970737, 9.730813746970737, 1, 10073, 1, 10000, 40);
INSERT INTO activity(activity_id, date_prevue, date_realisee, distance_prevue, distance_realisee, estrealisee, programme_id, sport_id, CENTREINTERET_ID, timeframe_id) VALUES (10295, '2018-04-20', '2018-04-20', 8.908042534189512, 8.908042534189512, 1, 10073, 1, 10000, 34);

INSERT INTO point (ID, x, y) VALUES (50037, 45.77765185923038, 4.883402320553314);
INSERT INTO users (ID, USERNAME, PASSWORD, FIRSTNAME, LASTNAME, EMAIL, ENABLED, LASTPASSWORDRESETDATE, Location_id) VALUES (10037, "user37", "$2a$08$UkVvwpULis18S19S5pZFn.YHPZt3oaqHZnDwqbCW9pft6uFtkXKDC", "user37", "user37", "user37@user.com", 1, "2003/01/22", 50037);
INSERT INTO user_authority (USER_ID, AUTHORITY_ID) VALUES (10037, 2);
INSERT INTO objectif (id, objectif, sport_id) VALUES (211, 10, 1);
INSERT INTO users_objectifs (user_id, objectifs_id) VALUES (10037, 211);
INSERT INTO programme(programme_id, date_debut, user_id) VALUES (10074, '2018-04-30', 10037);
INSERT INTO objectif(id, objectif, sport_id) VALUES (212, 10, 1);
INSERT INTO programme_objectifs(programme_programme_id, objectifs_id) VALUES (10074, 212);
INSERT INTO activity(activity_id, date_prevue, distance_prevue, distance_realisee, estrealisee, programme_id, sport_id, CENTREINTERET_ID, timeframe_id) VALUES (10296, '2018-05-01', 9.442935004478038, 0, 0, 10074, 1, 10000, 14);
INSERT INTO activity(activity_id, date_prevue, distance_prevue, distance_realisee, estrealisee, programme_id, sport_id, CENTREINTERET_ID, timeframe_id) VALUES (10297, '2018-05-02', 7.100828476781116, 0, 0, 10074, 1, 10000, 20);
INSERT INTO activity(activity_id, date_prevue, distance_prevue, distance_realisee, estrealisee, programme_id, sport_id, CENTREINTERET_ID, timeframe_id) VALUES (10298, '2018-05-03', 7.390598695800301, 0, 0, 10074, 1, 10000, 31);
INSERT INTO activity(activity_id, date_prevue, distance_prevue, distance_realisee, estrealisee, programme_id, sport_id, CENTREINTERET_ID, timeframe_id) VALUES (10299, '2018-05-04', 7.008310365979379, 0, 0, 10074, 1, 10000, 39);
INSERT INTO programme(programme_id, date_debut, user_id) VALUES (10075, '2018-04-23', 10037);
INSERT INTO objectif(id, objectif, sport_id) VALUES (213, 10, 1);
INSERT INTO programme_objectifs(programme_programme_id, objectifs_id) VALUES (10075, 213);
INSERT INTO activity(activity_id, date_prevue, date_realisee, distance_prevue, distance_realisee, estrealisee, programme_id, sport_id, CENTREINTERET_ID, timeframe_id) VALUES (10300, '2018-04-17', '2018-04-17', 7.420152577947816, 7.420152577947816, 1, 10075, 1, 10000, 38);
INSERT INTO activity(activity_id, date_prevue, date_realisee, distance_prevue, distance_realisee, estrealisee, programme_id, sport_id, CENTREINTERET_ID, timeframe_id) VALUES (10301, '2018-04-18', '2018-04-18', 8.735585180889348, 8.735585180889348, 1, 10075, 1, 10000, 7);
INSERT INTO activity(activity_id, date_prevue, date_realisee, distance_prevue, distance_realisee, estrealisee, programme_id, sport_id, CENTREINTERET_ID, timeframe_id) VALUES (10302, '2018-04-19', '2018-04-19', 11.935293671607344, 11.935293671607344, 1, 10075, 1, 10000, 20);
INSERT INTO activity(activity_id, date_prevue, date_realisee, distance_prevue, distance_realisee, estrealisee, programme_id, sport_id, CENTREINTERET_ID, timeframe_id) VALUES (10303, '2018-04-20', '2018-04-20', 11.908362391025106, 11.908362391025106, 1, 10075, 1, 10000, 51);

INSERT INTO point (ID, x, y) VALUES (50038, 45.775835779126844, 4.817524754246936);
INSERT INTO users (ID, USERNAME, PASSWORD, FIRSTNAME, LASTNAME, EMAIL, ENABLED, LASTPASSWORDRESETDATE, Location_id) VALUES (10038, "user38", "$2a$08$UkVvwpULis18S19S5pZFn.YHPZt3oaqHZnDwqbCW9pft6uFtkXKDC", "user38", "user38", "user38@user.com", 1, "2003/01/22", 50038);
INSERT INTO user_authority (USER_ID, AUTHORITY_ID) VALUES (10038, 2);
INSERT INTO objectif (id, objectif, sport_id) VALUES (214, 10, 1);
INSERT INTO users_objectifs (user_id, objectifs_id) VALUES (10038, 214);
INSERT INTO programme(programme_id, date_debut, user_id) VALUES (10076, '2018-04-30', 10038);
INSERT INTO objectif(id, objectif, sport_id) VALUES (215, 10, 1);
INSERT INTO programme_objectifs(programme_programme_id, objectifs_id) VALUES (10076, 215);
INSERT INTO activity(activity_id, date_prevue, distance_prevue, distance_realisee, estrealisee, programme_id, sport_id, CENTREINTERET_ID, timeframe_id) VALUES (10304, '2018-05-01', 11.373234350926806, 0, 0, 10076, 1, 10000, 14);
INSERT INTO activity(activity_id, date_prevue, distance_prevue, distance_realisee, estrealisee, programme_id, sport_id, CENTREINTERET_ID, timeframe_id) VALUES (10305, '2018-05-02', 7.361473453563727, 0, 0, 10076, 1, 10000, 20);
INSERT INTO activity(activity_id, date_prevue, distance_prevue, distance_realisee, estrealisee, programme_id, sport_id, CENTREINTERET_ID, timeframe_id) VALUES (10306, '2018-05-03', 9.063465477525046, 0, 0, 10076, 1, 10000, 31);
INSERT INTO activity(activity_id, date_prevue, distance_prevue, distance_realisee, estrealisee, programme_id, sport_id, CENTREINTERET_ID, timeframe_id) VALUES (10307, '2018-05-04', 9.282519439428764, 0, 0, 10076, 1, 10000, 39);
INSERT INTO programme(programme_id, date_debut, user_id) VALUES (10077, '2018-04-23', 10038);
INSERT INTO objectif(id, objectif, sport_id) VALUES (216, 10, 1);
INSERT INTO programme_objectifs(programme_programme_id, objectifs_id) VALUES (10077, 216);
INSERT INTO activity(activity_id, date_prevue, date_realisee, distance_prevue, distance_realisee, estrealisee, programme_id, sport_id, CENTREINTERET_ID, timeframe_id) VALUES (10308, '2018-04-17', '2018-04-17', 9.732971543021858, 9.732971543021858, 1, 10077, 1, 10000, 19);
INSERT INTO activity(activity_id, date_prevue, date_realisee, distance_prevue, distance_realisee, estrealisee, programme_id, sport_id, CENTREINTERET_ID, timeframe_id) VALUES (10309, '2018-04-18', '2018-04-18', 7.871682992461694, 7.871682992461694, 1, 10077, 1, 10000, 23);
INSERT INTO activity(activity_id, date_prevue, date_realisee, distance_prevue, distance_realisee, estrealisee, programme_id, sport_id, CENTREINTERET_ID, timeframe_id) VALUES (10310, '2018-04-19', '2018-04-19', 11.267403563712655, 11.267403563712655, 1, 10077, 1, 10000, 3);
INSERT INTO activity(activity_id, date_prevue, date_realisee, distance_prevue, distance_realisee, estrealisee, programme_id, sport_id, CENTREINTERET_ID, timeframe_id) VALUES (10311, '2018-04-20', '2018-04-20', 8.4740175925386, 8.4740175925386, 1, 10077, 1, 10000, 34);

INSERT INTO point (ID, x, y) VALUES (50039, 45.76007420368437, 4.864098240959625);
INSERT INTO users (ID, USERNAME, PASSWORD, FIRSTNAME, LASTNAME, EMAIL, ENABLED, LASTPASSWORDRESETDATE, Location_id) VALUES (10039, "user39", "$2a$08$UkVvwpULis18S19S5pZFn.YHPZt3oaqHZnDwqbCW9pft6uFtkXKDC", "user39", "user39", "user39@user.com", 1, "2003/01/22", 50039);
INSERT INTO user_authority (USER_ID, AUTHORITY_ID) VALUES (10039, 2);
INSERT INTO objectif (id, objectif, sport_id) VALUES (217, 10, 1);
INSERT INTO users_objectifs (user_id, objectifs_id) VALUES (10039, 217);
INSERT INTO programme(programme_id, date_debut, user_id) VALUES (10078, '2018-04-30', 10039);
INSERT INTO objectif(id, objectif, sport_id) VALUES (218, 10, 1);
INSERT INTO programme_objectifs(programme_programme_id, objectifs_id) VALUES (10078, 218);
INSERT INTO activity(activity_id, date_prevue, distance_prevue, distance_realisee, estrealisee, programme_id, sport_id, CENTREINTERET_ID, timeframe_id) VALUES (10312, '2018-05-01', 10.58622529225631, 0, 0, 10078, 1, 10000, 14);
INSERT INTO activity(activity_id, date_prevue, distance_prevue, distance_realisee, estrealisee, programme_id, sport_id, CENTREINTERET_ID, timeframe_id) VALUES (10313, '2018-05-02', 7.071270884529926, 0, 0, 10078, 1, 10000, 20);
INSERT INTO activity(activity_id, date_prevue, distance_prevue, distance_realisee, estrealisee, programme_id, sport_id, CENTREINTERET_ID, timeframe_id) VALUES (10314, '2018-05-03', 8.687403008549428, 0, 0, 10078, 1, 10000, 31);
INSERT INTO activity(activity_id, date_prevue, distance_prevue, distance_realisee, estrealisee, programme_id, sport_id, CENTREINTERET_ID, timeframe_id) VALUES (10315, '2018-05-04', 9.245981852999307, 0, 0, 10078, 1, 10000, 39);
INSERT INTO programme(programme_id, date_debut, user_id) VALUES (10079, '2018-04-23', 10039);
INSERT INTO objectif(id, objectif, sport_id) VALUES (219, 10, 1);
INSERT INTO programme_objectifs(programme_programme_id, objectifs_id) VALUES (10079, 219);
INSERT INTO activity(activity_id, date_prevue, date_realisee, distance_prevue, distance_realisee, estrealisee, programme_id, sport_id, CENTREINTERET_ID, timeframe_id) VALUES (10316, '2018-04-17', '2018-04-17', 9.706523930277642, 9.706523930277642, 1, 10079, 1, 10000, 40);
INSERT INTO activity(activity_id, date_prevue, date_realisee, distance_prevue, distance_realisee, estrealisee, programme_id, sport_id, CENTREINTERET_ID, timeframe_id) VALUES (10317, '2018-04-18', '2018-04-18', 8.381037143449205, 8.381037143449205, 1, 10079, 1, 10000, 52);
INSERT INTO activity(activity_id, date_prevue, date_realisee, distance_prevue, distance_realisee, estrealisee, programme_id, sport_id, CENTREINTERET_ID, timeframe_id) VALUES (10318, '2018-04-19', '2018-04-19', 7.522089915547001, 7.522089915547001, 1, 10079, 1, 10000, 31);
INSERT INTO activity(activity_id, date_prevue, date_realisee, distance_prevue, distance_realisee, estrealisee, programme_id, sport_id, CENTREINTERET_ID, timeframe_id) VALUES (10319, '2018-04-20', '2018-04-20', 8.618168395852239, 8.618168395852239, 1, 10079, 1, 10000, 24);

INSERT INTO point (ID, x, y) VALUES (50040, 45.71547914300206, 4.889867984032136);
INSERT INTO users (ID, USERNAME, PASSWORD, FIRSTNAME, LASTNAME, EMAIL, ENABLED, LASTPASSWORDRESETDATE, Location_id) VALUES (10040, "user40", "$2a$08$UkVvwpULis18S19S5pZFn.YHPZt3oaqHZnDwqbCW9pft6uFtkXKDC", "user40", "user40", "user40@user.com", 1, "2003/01/22", 50040);
INSERT INTO user_authority (USER_ID, AUTHORITY_ID) VALUES (10040, 2);
INSERT INTO objectif (id, objectif, sport_id) VALUES (220, 10, 1);
INSERT INTO users_objectifs (user_id, objectifs_id) VALUES (10040, 220);
INSERT INTO programme(programme_id, date_debut, user_id) VALUES (10080, '2018-04-30', 10040);
INSERT INTO objectif(id, objectif, sport_id) VALUES (221, 10, 1);
INSERT INTO programme_objectifs(programme_programme_id, objectifs_id) VALUES (10080, 221);
INSERT INTO activity(activity_id, date_prevue, distance_prevue, distance_realisee, estrealisee, programme_id, sport_id, CENTREINTERET_ID, timeframe_id) VALUES (10320, '2018-05-01', 9.035547916870618, 0, 0, 10080, 1, 10000, 14);
INSERT INTO activity(activity_id, date_prevue, distance_prevue, distance_realisee, estrealisee, programme_id, sport_id, CENTREINTERET_ID, timeframe_id) VALUES (10321, '2018-05-02', 7.917611495228945, 0, 0, 10080, 1, 10000, 20);
INSERT INTO activity(activity_id, date_prevue, distance_prevue, distance_realisee, estrealisee, programme_id, sport_id, CENTREINTERET_ID, timeframe_id) VALUES (10322, '2018-05-03', 11.738183067925338, 0, 0, 10080, 1, 10000, 31);
INSERT INTO activity(activity_id, date_prevue, distance_prevue, distance_realisee, estrealisee, programme_id, sport_id, CENTREINTERET_ID, timeframe_id) VALUES (10323, '2018-05-04', 11.165415778458668, 0, 0, 10080, 1, 10000, 39);
INSERT INTO programme(programme_id, date_debut, user_id) VALUES (10081, '2018-04-23', 10040);
INSERT INTO objectif(id, objectif, sport_id) VALUES (222, 10, 1);
INSERT INTO programme_objectifs(programme_programme_id, objectifs_id) VALUES (10081, 222);
INSERT INTO activity(activity_id, date_prevue, date_realisee, distance_prevue, distance_realisee, estrealisee, programme_id, sport_id, CENTREINTERET_ID, timeframe_id) VALUES (10324, '2018-04-17', '2018-04-17', 8.451611885361032, 8.451611885361032, 1, 10081, 1, 10000, 2);
INSERT INTO activity(activity_id, date_prevue, date_realisee, distance_prevue, distance_realisee, estrealisee, programme_id, sport_id, CENTREINTERET_ID, timeframe_id) VALUES (10325, '2018-04-18', '2018-04-18', 11.510458055512329, 11.510458055512329, 1, 10081, 1, 10000, 45);
INSERT INTO activity(activity_id, date_prevue, date_realisee, distance_prevue, distance_realisee, estrealisee, programme_id, sport_id, CENTREINTERET_ID, timeframe_id) VALUES (10326, '2018-04-19', '2018-04-19', 9.534453006904991, 9.534453006904991, 1, 10081, 1, 10000, 39);
INSERT INTO activity(activity_id, date_prevue, date_realisee, distance_prevue, distance_realisee, estrealisee, programme_id, sport_id, CENTREINTERET_ID, timeframe_id) VALUES (10327, '2018-04-20', '2018-04-20', 8.412341682009686, 8.412341682009686, 1, 10081, 1, 10000, 5);

INSERT INTO point (ID, x, y) VALUES (50041, 45.73614792488965, 4.820159781521413);
INSERT INTO users (ID, USERNAME, PASSWORD, FIRSTNAME, LASTNAME, EMAIL, ENABLED, LASTPASSWORDRESETDATE, Location_id) VALUES (10041, "user41", "$2a$08$UkVvwpULis18S19S5pZFn.YHPZt3oaqHZnDwqbCW9pft6uFtkXKDC", "user41", "user41", "user41@user.com", 1, "2003/01/22", 50041);
INSERT INTO user_authority (USER_ID, AUTHORITY_ID) VALUES (10041, 2);
INSERT INTO objectif (id, objectif, sport_id) VALUES (223, 10, 1);
INSERT INTO users_objectifs (user_id, objectifs_id) VALUES (10041, 223);
INSERT INTO programme(programme_id, date_debut, user_id) VALUES (10082, '2018-04-30', 10041);
INSERT INTO objectif(id, objectif, sport_id) VALUES (224, 10, 1);
INSERT INTO programme_objectifs(programme_programme_id, objectifs_id) VALUES (10082, 224);
INSERT INTO activity(activity_id, date_prevue, distance_prevue, distance_realisee, estrealisee, programme_id, sport_id, CENTREINTERET_ID, timeframe_id) VALUES (10328, '2018-05-01', 7.97180323975948, 0, 0, 10082, 1, 10000, 14);
INSERT INTO activity(activity_id, date_prevue, distance_prevue, distance_realisee, estrealisee, programme_id, sport_id, CENTREINTERET_ID, timeframe_id) VALUES (10329, '2018-05-02', 11.883876380918304, 0, 0, 10082, 1, 10000, 20);
INSERT INTO activity(activity_id, date_prevue, distance_prevue, distance_realisee, estrealisee, programme_id, sport_id, CENTREINTERET_ID, timeframe_id) VALUES (10330, '2018-05-03', 9.149731004096711, 0, 0, 10082, 1, 10000, 31);
INSERT INTO activity(activity_id, date_prevue, distance_prevue, distance_realisee, estrealisee, programme_id, sport_id, CENTREINTERET_ID, timeframe_id) VALUES (10331, '2018-05-04', 9.416874624281911, 0, 0, 10082, 1, 10000, 39);
INSERT INTO programme(programme_id, date_debut, user_id) VALUES (10083, '2018-04-23', 10041);
INSERT INTO objectif(id, objectif, sport_id) VALUES (225, 10, 1);
INSERT INTO programme_objectifs(programme_programme_id, objectifs_id) VALUES (10083, 225);
INSERT INTO activity(activity_id, date_prevue, date_realisee, distance_prevue, distance_realisee, estrealisee, programme_id, sport_id, CENTREINTERET_ID, timeframe_id) VALUES (10332, '2018-04-17', '2018-04-17', 7.564540770243676, 7.564540770243676, 1, 10083, 1, 10000, 51);
INSERT INTO activity(activity_id, date_prevue, date_realisee, distance_prevue, distance_realisee, estrealisee, programme_id, sport_id, CENTREINTERET_ID, timeframe_id) VALUES (10333, '2018-04-18', '2018-04-18', 10.758138526619602, 10.758138526619602, 1, 10083, 1, 10000, 30);
INSERT INTO activity(activity_id, date_prevue, date_realisee, distance_prevue, distance_realisee, estrealisee, programme_id, sport_id, CENTREINTERET_ID, timeframe_id) VALUES (10334, '2018-04-19', '2018-04-19', 10.088063664020503, 10.088063664020503, 1, 10083, 1, 10000, 18);
INSERT INTO activity(activity_id, date_prevue, date_realisee, distance_prevue, distance_realisee, estrealisee, programme_id, sport_id, CENTREINTERET_ID, timeframe_id) VALUES (10335, '2018-04-20', '2018-04-20', 7.581537741794054, 7.581537741794054, 1, 10083, 1, 10000, 9);

INSERT INTO point (ID, x, y) VALUES (50042, 45.735529703103, 4.886081896657605);
INSERT INTO users (ID, USERNAME, PASSWORD, FIRSTNAME, LASTNAME, EMAIL, ENABLED, LASTPASSWORDRESETDATE, Location_id) VALUES (10042, "user42", "$2a$08$UkVvwpULis18S19S5pZFn.YHPZt3oaqHZnDwqbCW9pft6uFtkXKDC", "user42", "user42", "user42@user.com", 1, "2003/01/22", 50042);
INSERT INTO user_authority (USER_ID, AUTHORITY_ID) VALUES (10042, 2);
INSERT INTO objectif (id, objectif, sport_id) VALUES (226, 10, 1);
INSERT INTO users_objectifs (user_id, objectifs_id) VALUES (10042, 226);
INSERT INTO programme(programme_id, date_debut, user_id) VALUES (10084, '2018-04-30', 10042);
INSERT INTO objectif(id, objectif, sport_id) VALUES (227, 10, 1);
INSERT INTO programme_objectifs(programme_programme_id, objectifs_id) VALUES (10084, 227);
INSERT INTO activity(activity_id, date_prevue, distance_prevue, distance_realisee, estrealisee, programme_id, sport_id, CENTREINTERET_ID, timeframe_id) VALUES (10336, '2018-05-01', 11.520077920469074, 0, 0, 10084, 1, 10000, 14);
INSERT INTO activity(activity_id, date_prevue, distance_prevue, distance_realisee, estrealisee, programme_id, sport_id, CENTREINTERET_ID, timeframe_id) VALUES (10337, '2018-05-02', 7.751949682588893, 0, 0, 10084, 1, 10000, 20);
INSERT INTO activity(activity_id, date_prevue, distance_prevue, distance_realisee, estrealisee, programme_id, sport_id, CENTREINTERET_ID, timeframe_id) VALUES (10338, '2018-05-03', 11.831216670333625, 0, 0, 10084, 1, 10000, 31);
INSERT INTO activity(activity_id, date_prevue, distance_prevue, distance_realisee, estrealisee, programme_id, sport_id, CENTREINTERET_ID, timeframe_id) VALUES (10339, '2018-05-04', 11.046845458632557, 0, 0, 10084, 1, 10000, 39);
INSERT INTO programme(programme_id, date_debut, user_id) VALUES (10085, '2018-04-23', 10042);
INSERT INTO objectif(id, objectif, sport_id) VALUES (228, 10, 1);
INSERT INTO programme_objectifs(programme_programme_id, objectifs_id) VALUES (10085, 228);
INSERT INTO activity(activity_id, date_prevue, date_realisee, distance_prevue, distance_realisee, estrealisee, programme_id, sport_id, CENTREINTERET_ID, timeframe_id) VALUES (10340, '2018-04-17', '2018-04-17', 11.77511727174675, 11.77511727174675, 1, 10085, 1, 10000, 30);
INSERT INTO activity(activity_id, date_prevue, date_realisee, distance_prevue, distance_realisee, estrealisee, programme_id, sport_id, CENTREINTERET_ID, timeframe_id) VALUES (10341, '2018-04-18', '2018-04-18', 11.87554752423496, 11.87554752423496, 1, 10085, 1, 10000, 15);
INSERT INTO activity(activity_id, date_prevue, date_realisee, distance_prevue, distance_realisee, estrealisee, programme_id, sport_id, CENTREINTERET_ID, timeframe_id) VALUES (10342, '2018-04-19', '2018-04-19', 10.475167391089856, 10.475167391089856, 1, 10085, 1, 10000, 27);
INSERT INTO activity(activity_id, date_prevue, date_realisee, distance_prevue, distance_realisee, estrealisee, programme_id, sport_id, CENTREINTERET_ID, timeframe_id) VALUES (10343, '2018-04-20', '2018-04-20', 7.609568710359162, 7.609568710359162, 1, 10085, 1, 10000, 19);

INSERT INTO point (ID, x, y) VALUES (50043, 45.7427627505911, 4.883944739680391);
INSERT INTO users (ID, USERNAME, PASSWORD, FIRSTNAME, LASTNAME, EMAIL, ENABLED, LASTPASSWORDRESETDATE, Location_id) VALUES (10043, "user43", "$2a$08$UkVvwpULis18S19S5pZFn.YHPZt3oaqHZnDwqbCW9pft6uFtkXKDC", "user43", "user43", "user43@user.com", 1, "2003/01/22", 50043);
INSERT INTO user_authority (USER_ID, AUTHORITY_ID) VALUES (10043, 2);
INSERT INTO objectif (id, objectif, sport_id) VALUES (229, 10, 1);
INSERT INTO users_objectifs (user_id, objectifs_id) VALUES (10043, 229);
INSERT INTO programme(programme_id, date_debut, user_id) VALUES (10086, '2018-04-30', 10043);
INSERT INTO objectif(id, objectif, sport_id) VALUES (230, 10, 1);
INSERT INTO programme_objectifs(programme_programme_id, objectifs_id) VALUES (10086, 230);
INSERT INTO activity(activity_id, date_prevue, distance_prevue, distance_realisee, estrealisee, programme_id, sport_id, CENTREINTERET_ID, timeframe_id) VALUES (10344, '2018-05-01', 8.442894247450107, 0, 0, 10086, 1, 10000, 14);
INSERT INTO activity(activity_id, date_prevue, distance_prevue, distance_realisee, estrealisee, programme_id, sport_id, CENTREINTERET_ID, timeframe_id) VALUES (10345, '2018-05-02', 10.764660718902913, 0, 0, 10086, 1, 10000, 20);
INSERT INTO activity(activity_id, date_prevue, distance_prevue, distance_realisee, estrealisee, programme_id, sport_id, CENTREINTERET_ID, timeframe_id) VALUES (10346, '2018-05-03', 10.414331101199814, 0, 0, 10086, 1, 10000, 31);
INSERT INTO activity(activity_id, date_prevue, distance_prevue, distance_realisee, estrealisee, programme_id, sport_id, CENTREINTERET_ID, timeframe_id) VALUES (10347, '2018-05-04', 10.542322458021978, 0, 0, 10086, 1, 10000, 39);
INSERT INTO programme(programme_id, date_debut, user_id) VALUES (10087, '2018-04-23', 10043);
INSERT INTO objectif(id, objectif, sport_id) VALUES (231, 10, 1);
INSERT INTO programme_objectifs(programme_programme_id, objectifs_id) VALUES (10087, 231);
INSERT INTO activity(activity_id, date_prevue, date_realisee, distance_prevue, distance_realisee, estrealisee, programme_id, sport_id, CENTREINTERET_ID, timeframe_id) VALUES (10348, '2018-04-17', '2018-04-17', 7.933061568449394, 7.933061568449394, 1, 10087, 1, 10000, 45);
INSERT INTO activity(activity_id, date_prevue, date_realisee, distance_prevue, distance_realisee, estrealisee, programme_id, sport_id, CENTREINTERET_ID, timeframe_id) VALUES (10349, '2018-04-18', '2018-04-18', 9.548944715509418, 9.548944715509418, 1, 10087, 1, 10000, 32);
INSERT INTO activity(activity_id, date_prevue, date_realisee, distance_prevue, distance_realisee, estrealisee, programme_id, sport_id, CENTREINTERET_ID, timeframe_id) VALUES (10350, '2018-04-19', '2018-04-19', 9.54557337401656, 9.54557337401656, 1, 10087, 1, 10000, 52);
INSERT INTO activity(activity_id, date_prevue, date_realisee, distance_prevue, distance_realisee, estrealisee, programme_id, sport_id, CENTREINTERET_ID, timeframe_id) VALUES (10351, '2018-04-20', '2018-04-20', 10.148022712283431, 10.148022712283431, 1, 10087, 1, 10000, 35);

INSERT INTO point (ID, x, y) VALUES (50044, 45.77593934793187, 4.824131097067472);
INSERT INTO users (ID, USERNAME, PASSWORD, FIRSTNAME, LASTNAME, EMAIL, ENABLED, LASTPASSWORDRESETDATE, Location_id) VALUES (10044, "user44", "$2a$08$UkVvwpULis18S19S5pZFn.YHPZt3oaqHZnDwqbCW9pft6uFtkXKDC", "user44", "user44", "user44@user.com", 1, "2003/01/22", 50044);
INSERT INTO user_authority (USER_ID, AUTHORITY_ID) VALUES (10044, 2);
INSERT INTO objectif (id, objectif, sport_id) VALUES (232, 10, 1);
INSERT INTO users_objectifs (user_id, objectifs_id) VALUES (10044, 232);
INSERT INTO programme(programme_id, date_debut, user_id) VALUES (10088, '2018-04-30', 10044);
INSERT INTO objectif(id, objectif, sport_id) VALUES (233, 10, 1);
INSERT INTO programme_objectifs(programme_programme_id, objectifs_id) VALUES (10088, 233);
INSERT INTO activity(activity_id, date_prevue, distance_prevue, distance_realisee, estrealisee, programme_id, sport_id, CENTREINTERET_ID, timeframe_id) VALUES (10352, '2018-05-01', 7.437135574627784, 0, 0, 10088, 1, 10000, 14);
INSERT INTO activity(activity_id, date_prevue, distance_prevue, distance_realisee, estrealisee, programme_id, sport_id, CENTREINTERET_ID, timeframe_id) VALUES (10353, '2018-05-02', 9.731451435699945, 0, 0, 10088, 1, 10000, 20);
INSERT INTO activity(activity_id, date_prevue, distance_prevue, distance_realisee, estrealisee, programme_id, sport_id, CENTREINTERET_ID, timeframe_id) VALUES (10354, '2018-05-03', 8.09622045632518, 0, 0, 10088, 1, 10000, 31);
INSERT INTO activity(activity_id, date_prevue, distance_prevue, distance_realisee, estrealisee, programme_id, sport_id, CENTREINTERET_ID, timeframe_id) VALUES (10355, '2018-05-04', 10.96488610667722, 0, 0, 10088, 1, 10000, 39);
INSERT INTO programme(programme_id, date_debut, user_id) VALUES (10089, '2018-04-23', 10044);
INSERT INTO objectif(id, objectif, sport_id) VALUES (234, 10, 1);
INSERT INTO programme_objectifs(programme_programme_id, objectifs_id) VALUES (10089, 234);
INSERT INTO activity(activity_id, date_prevue, date_realisee, distance_prevue, distance_realisee, estrealisee, programme_id, sport_id, CENTREINTERET_ID, timeframe_id) VALUES (10356, '2018-04-17', '2018-04-17', 7.23848812074998, 7.23848812074998, 1, 10089, 1, 10000, 45);
INSERT INTO activity(activity_id, date_prevue, date_realisee, distance_prevue, distance_realisee, estrealisee, programme_id, sport_id, CENTREINTERET_ID, timeframe_id) VALUES (10357, '2018-04-18', '2018-04-18', 7.572420590836053, 7.572420590836053, 1, 10089, 1, 10000, 35);
INSERT INTO activity(activity_id, date_prevue, date_realisee, distance_prevue, distance_realisee, estrealisee, programme_id, sport_id, CENTREINTERET_ID, timeframe_id) VALUES (10358, '2018-04-19', '2018-04-19', 7.698648474130749, 7.698648474130749, 1, 10089, 1, 10000, 47);
INSERT INTO activity(activity_id, date_prevue, date_realisee, distance_prevue, distance_realisee, estrealisee, programme_id, sport_id, CENTREINTERET_ID, timeframe_id) VALUES (10359, '2018-04-20', '2018-04-20', 10.735868951562843, 10.735868951562843, 1, 10089, 1, 10000, 9);

INSERT INTO point (ID, x, y) VALUES (50045, 45.76087598689708, 4.821976760905215);
INSERT INTO users (ID, USERNAME, PASSWORD, FIRSTNAME, LASTNAME, EMAIL, ENABLED, LASTPASSWORDRESETDATE, Location_id) VALUES (10045, "user45", "$2a$08$UkVvwpULis18S19S5pZFn.YHPZt3oaqHZnDwqbCW9pft6uFtkXKDC", "user45", "user45", "user45@user.com", 1, "2003/01/22", 50045);
INSERT INTO user_authority (USER_ID, AUTHORITY_ID) VALUES (10045, 2);
INSERT INTO objectif (id, objectif, sport_id) VALUES (235, 10, 1);
INSERT INTO users_objectifs (user_id, objectifs_id) VALUES (10045, 235);
INSERT INTO programme(programme_id, date_debut, user_id) VALUES (10090, '2018-04-30', 10045);
INSERT INTO objectif(id, objectif, sport_id) VALUES (236, 10, 1);
INSERT INTO programme_objectifs(programme_programme_id, objectifs_id) VALUES (10090, 236);
INSERT INTO activity(activity_id, date_prevue, distance_prevue, distance_realisee, estrealisee, programme_id, sport_id, CENTREINTERET_ID, timeframe_id) VALUES (10360, '2018-05-01', 8.079528445201376, 0, 0, 10090, 1, 10000, 14);
INSERT INTO activity(activity_id, date_prevue, distance_prevue, distance_realisee, estrealisee, programme_id, sport_id, CENTREINTERET_ID, timeframe_id) VALUES (10361, '2018-05-02', 7.323741679588588, 0, 0, 10090, 1, 10000, 20);
INSERT INTO activity(activity_id, date_prevue, distance_prevue, distance_realisee, estrealisee, programme_id, sport_id, CENTREINTERET_ID, timeframe_id) VALUES (10362, '2018-05-03', 7.168367854176811, 0, 0, 10090, 1, 10000, 31);
INSERT INTO activity(activity_id, date_prevue, distance_prevue, distance_realisee, estrealisee, programme_id, sport_id, CENTREINTERET_ID, timeframe_id) VALUES (10363, '2018-05-04', 11.04971261830174, 0, 0, 10090, 1, 10000, 39);
INSERT INTO programme(programme_id, date_debut, user_id) VALUES (10091, '2018-04-23', 10045);
INSERT INTO objectif(id, objectif, sport_id) VALUES (237, 10, 1);
INSERT INTO programme_objectifs(programme_programme_id, objectifs_id) VALUES (10091, 237);
INSERT INTO activity(activity_id, date_prevue, date_realisee, distance_prevue, distance_realisee, estrealisee, programme_id, sport_id, CENTREINTERET_ID, timeframe_id) VALUES (10364, '2018-04-17', '2018-04-17', 9.811333595158679, 9.811333595158679, 1, 10091, 1, 10000, 30);
INSERT INTO activity(activity_id, date_prevue, date_realisee, distance_prevue, distance_realisee, estrealisee, programme_id, sport_id, CENTREINTERET_ID, timeframe_id) VALUES (10365, '2018-04-18', '2018-04-18', 10.140049365193715, 10.140049365193715, 1, 10091, 1, 10000, 13);
INSERT INTO activity(activity_id, date_prevue, date_realisee, distance_prevue, distance_realisee, estrealisee, programme_id, sport_id, CENTREINTERET_ID, timeframe_id) VALUES (10366, '2018-04-19', '2018-04-19', 8.320781209081524, 8.320781209081524, 1, 10091, 1, 10000, 13);
INSERT INTO activity(activity_id, date_prevue, date_realisee, distance_prevue, distance_realisee, estrealisee, programme_id, sport_id, CENTREINTERET_ID, timeframe_id) VALUES (10367, '2018-04-20', '2018-04-20', 11.660237182728304, 11.660237182728304, 1, 10091, 1, 10000, 7);

INSERT INTO point (ID, x, y) VALUES (50046, 45.74776148004342, 4.859818148080048);
INSERT INTO users (ID, USERNAME, PASSWORD, FIRSTNAME, LASTNAME, EMAIL, ENABLED, LASTPASSWORDRESETDATE, Location_id) VALUES (10046, "user46", "$2a$08$UkVvwpULis18S19S5pZFn.YHPZt3oaqHZnDwqbCW9pft6uFtkXKDC", "user46", "user46", "user46@user.com", 1, "2003/01/22", 50046);
INSERT INTO user_authority (USER_ID, AUTHORITY_ID) VALUES (10046, 2);
INSERT INTO objectif (id, objectif, sport_id) VALUES (238, 10, 1);
INSERT INTO users_objectifs (user_id, objectifs_id) VALUES (10046, 238);
INSERT INTO programme(programme_id, date_debut, user_id) VALUES (10092, '2018-04-30', 10046);
INSERT INTO objectif(id, objectif, sport_id) VALUES (239, 10, 1);
INSERT INTO programme_objectifs(programme_programme_id, objectifs_id) VALUES (10092, 239);
INSERT INTO activity(activity_id, date_prevue, distance_prevue, distance_realisee, estrealisee, programme_id, sport_id, CENTREINTERET_ID, timeframe_id) VALUES (10368, '2018-05-01', 10.857734479444606, 0, 0, 10092, 1, 10000, 14);
INSERT INTO activity(activity_id, date_prevue, distance_prevue, distance_realisee, estrealisee, programme_id, sport_id, CENTREINTERET_ID, timeframe_id) VALUES (10369, '2018-05-02', 7.279176398570713, 0, 0, 10092, 1, 10000, 20);
INSERT INTO activity(activity_id, date_prevue, distance_prevue, distance_realisee, estrealisee, programme_id, sport_id, CENTREINTERET_ID, timeframe_id) VALUES (10370, '2018-05-03', 10.92368298692731, 0, 0, 10092, 1, 10000, 31);
INSERT INTO activity(activity_id, date_prevue, distance_prevue, distance_realisee, estrealisee, programme_id, sport_id, CENTREINTERET_ID, timeframe_id) VALUES (10371, '2018-05-04', 10.9096435637994, 0, 0, 10092, 1, 10000, 39);
INSERT INTO programme(programme_id, date_debut, user_id) VALUES (10093, '2018-04-23', 10046);
INSERT INTO objectif(id, objectif, sport_id) VALUES (240, 10, 1);
INSERT INTO programme_objectifs(programme_programme_id, objectifs_id) VALUES (10093, 240);
INSERT INTO activity(activity_id, date_prevue, date_realisee, distance_prevue, distance_realisee, estrealisee, programme_id, sport_id, CENTREINTERET_ID, timeframe_id) VALUES (10372, '2018-04-17', '2018-04-17', 7.196265907840903, 7.196265907840903, 1, 10093, 1, 10000, 50);
INSERT INTO activity(activity_id, date_prevue, date_realisee, distance_prevue, distance_realisee, estrealisee, programme_id, sport_id, CENTREINTERET_ID, timeframe_id) VALUES (10373, '2018-04-18', '2018-04-18', 11.640056377612513, 11.640056377612513, 1, 10093, 1, 10000, 14);
INSERT INTO activity(activity_id, date_prevue, date_realisee, distance_prevue, distance_realisee, estrealisee, programme_id, sport_id, CENTREINTERET_ID, timeframe_id) VALUES (10374, '2018-04-19', '2018-04-19', 10.57593274034484, 10.57593274034484, 1, 10093, 1, 10000, 15);
INSERT INTO activity(activity_id, date_prevue, date_realisee, distance_prevue, distance_realisee, estrealisee, programme_id, sport_id, CENTREINTERET_ID, timeframe_id) VALUES (10375, '2018-04-20', '2018-04-20', 9.828165297563793, 9.828165297563793, 1, 10093, 1, 10000, 3);

INSERT INTO point (ID, x, y) VALUES (50047, 45.72219697773712, 4.839475211243274);
INSERT INTO users (ID, USERNAME, PASSWORD, FIRSTNAME, LASTNAME, EMAIL, ENABLED, LASTPASSWORDRESETDATE, Location_id) VALUES (10047, "user47", "$2a$08$UkVvwpULis18S19S5pZFn.YHPZt3oaqHZnDwqbCW9pft6uFtkXKDC", "user47", "user47", "user47@user.com", 1, "2003/01/22", 50047);
INSERT INTO user_authority (USER_ID, AUTHORITY_ID) VALUES (10047, 2);
INSERT INTO objectif (id, objectif, sport_id) VALUES (241, 10, 1);
INSERT INTO users_objectifs (user_id, objectifs_id) VALUES (10047, 241);
INSERT INTO programme(programme_id, date_debut, user_id) VALUES (10094, '2018-04-30', 10047);
INSERT INTO objectif(id, objectif, sport_id) VALUES (242, 10, 1);
INSERT INTO programme_objectifs(programme_programme_id, objectifs_id) VALUES (10094, 242);
INSERT INTO activity(activity_id, date_prevue, distance_prevue, distance_realisee, estrealisee, programme_id, sport_id, CENTREINTERET_ID, timeframe_id) VALUES (10376, '2018-05-01', 10.34537442996278, 0, 0, 10094, 1, 10000, 14);
INSERT INTO activity(activity_id, date_prevue, distance_prevue, distance_realisee, estrealisee, programme_id, sport_id, CENTREINTERET_ID, timeframe_id) VALUES (10377, '2018-05-02', 9.003305482326976, 0, 0, 10094, 1, 10000, 20);
INSERT INTO activity(activity_id, date_prevue, distance_prevue, distance_realisee, estrealisee, programme_id, sport_id, CENTREINTERET_ID, timeframe_id) VALUES (10378, '2018-05-03', 8.422763566926799, 0, 0, 10094, 1, 10000, 31);
INSERT INTO activity(activity_id, date_prevue, distance_prevue, distance_realisee, estrealisee, programme_id, sport_id, CENTREINTERET_ID, timeframe_id) VALUES (10379, '2018-05-04', 10.378444596873425, 0, 0, 10094, 1, 10000, 39);
INSERT INTO programme(programme_id, date_debut, user_id) VALUES (10095, '2018-04-23', 10047);
INSERT INTO objectif(id, objectif, sport_id) VALUES (243, 10, 1);
INSERT INTO programme_objectifs(programme_programme_id, objectifs_id) VALUES (10095, 243);
INSERT INTO activity(activity_id, date_prevue, date_realisee, distance_prevue, distance_realisee, estrealisee, programme_id, sport_id, CENTREINTERET_ID, timeframe_id) VALUES (10380, '2018-04-17', '2018-04-17', 7.642553943587695, 7.642553943587695, 1, 10095, 1, 10000, 42);
INSERT INTO activity(activity_id, date_prevue, date_realisee, distance_prevue, distance_realisee, estrealisee, programme_id, sport_id, CENTREINTERET_ID, timeframe_id) VALUES (10381, '2018-04-18', '2018-04-18', 7.509204576690534, 7.509204576690534, 1, 10095, 1, 10000, 43);
INSERT INTO activity(activity_id, date_prevue, date_realisee, distance_prevue, distance_realisee, estrealisee, programme_id, sport_id, CENTREINTERET_ID, timeframe_id) VALUES (10382, '2018-04-19', '2018-04-19', 11.035843534046418, 11.035843534046418, 1, 10095, 1, 10000, 1);
INSERT INTO activity(activity_id, date_prevue, date_realisee, distance_prevue, distance_realisee, estrealisee, programme_id, sport_id, CENTREINTERET_ID, timeframe_id) VALUES (10383, '2018-04-20', '2018-04-20', 10.819526706461533, 10.819526706461533, 1, 10095, 1, 10000, 3);

INSERT INTO point (ID, x, y) VALUES (50048, 45.77697143231554, 4.888989065361898);
INSERT INTO users (ID, USERNAME, PASSWORD, FIRSTNAME, LASTNAME, EMAIL, ENABLED, LASTPASSWORDRESETDATE, Location_id) VALUES (10048, "user48", "$2a$08$UkVvwpULis18S19S5pZFn.YHPZt3oaqHZnDwqbCW9pft6uFtkXKDC", "user48", "user48", "user48@user.com", 1, "2003/01/22", 50048);
INSERT INTO user_authority (USER_ID, AUTHORITY_ID) VALUES (10048, 2);
INSERT INTO objectif (id, objectif, sport_id) VALUES (244, 10, 1);
INSERT INTO users_objectifs (user_id, objectifs_id) VALUES (10048, 244);
INSERT INTO programme(programme_id, date_debut, user_id) VALUES (10096, '2018-04-30', 10048);
INSERT INTO objectif(id, objectif, sport_id) VALUES (245, 10, 1);
INSERT INTO programme_objectifs(programme_programme_id, objectifs_id) VALUES (10096, 245);
INSERT INTO activity(activity_id, date_prevue, distance_prevue, distance_realisee, estrealisee, programme_id, sport_id, CENTREINTERET_ID, timeframe_id) VALUES (10384, '2018-05-01', 9.73381920521456, 0, 0, 10096, 1, 10000, 14);
INSERT INTO activity(activity_id, date_prevue, distance_prevue, distance_realisee, estrealisee, programme_id, sport_id, CENTREINTERET_ID, timeframe_id) VALUES (10385, '2018-05-02', 10.487109295025238, 0, 0, 10096, 1, 10000, 20);
INSERT INTO activity(activity_id, date_prevue, distance_prevue, distance_realisee, estrealisee, programme_id, sport_id, CENTREINTERET_ID, timeframe_id) VALUES (10386, '2018-05-03', 9.810385303709314, 0, 0, 10096, 1, 10000, 31);
INSERT INTO activity(activity_id, date_prevue, distance_prevue, distance_realisee, estrealisee, programme_id, sport_id, CENTREINTERET_ID, timeframe_id) VALUES (10387, '2018-05-04', 9.211165242659224, 0, 0, 10096, 1, 10000, 39);
INSERT INTO programme(programme_id, date_debut, user_id) VALUES (10097, '2018-04-23', 10048);
INSERT INTO objectif(id, objectif, sport_id) VALUES (246, 10, 1);
INSERT INTO programme_objectifs(programme_programme_id, objectifs_id) VALUES (10097, 246);
INSERT INTO activity(activity_id, date_prevue, date_realisee, distance_prevue, distance_realisee, estrealisee, programme_id, sport_id, CENTREINTERET_ID, timeframe_id) VALUES (10388, '2018-04-17', '2018-04-17', 10.255831683700041, 10.255831683700041, 1, 10097, 1, 10000, 10);
INSERT INTO activity(activity_id, date_prevue, date_realisee, distance_prevue, distance_realisee, estrealisee, programme_id, sport_id, CENTREINTERET_ID, timeframe_id) VALUES (10389, '2018-04-18', '2018-04-18', 7.9255703414328496, 7.9255703414328496, 1, 10097, 1, 10000, 24);
INSERT INTO activity(activity_id, date_prevue, date_realisee, distance_prevue, distance_realisee, estrealisee, programme_id, sport_id, CENTREINTERET_ID, timeframe_id) VALUES (10390, '2018-04-19', '2018-04-19', 7.314520647590665, 7.314520647590665, 1, 10097, 1, 10000, 31);
INSERT INTO activity(activity_id, date_prevue, date_realisee, distance_prevue, distance_realisee, estrealisee, programme_id, sport_id, CENTREINTERET_ID, timeframe_id) VALUES (10391, '2018-04-20', '2018-04-20', 8.569734271863894, 8.569734271863894, 1, 10097, 1, 10000, 3);

INSERT INTO point (ID, x, y) VALUES (50049, 45.71413050367569, 4.815253253585945);
INSERT INTO users (ID, USERNAME, PASSWORD, FIRSTNAME, LASTNAME, EMAIL, ENABLED, LASTPASSWORDRESETDATE, Location_id) VALUES (10049, "user49", "$2a$08$UkVvwpULis18S19S5pZFn.YHPZt3oaqHZnDwqbCW9pft6uFtkXKDC", "user49", "user49", "user49@user.com", 1, "2003/01/22", 50049);
INSERT INTO user_authority (USER_ID, AUTHORITY_ID) VALUES (10049, 2);
INSERT INTO objectif (id, objectif, sport_id) VALUES (247, 10, 1);
INSERT INTO users_objectifs (user_id, objectifs_id) VALUES (10049, 247);
INSERT INTO programme(programme_id, date_debut, user_id) VALUES (10098, '2018-04-30', 10049);
INSERT INTO objectif(id, objectif, sport_id) VALUES (248, 10, 1);
INSERT INTO programme_objectifs(programme_programme_id, objectifs_id) VALUES (10098, 248);
INSERT INTO activity(activity_id, date_prevue, distance_prevue, distance_realisee, estrealisee, programme_id, sport_id, CENTREINTERET_ID, timeframe_id) VALUES (10392, '2018-05-01', 9.9411068702642, 0, 0, 10098, 1, 10000, 14);
INSERT INTO activity(activity_id, date_prevue, distance_prevue, distance_realisee, estrealisee, programme_id, sport_id, CENTREINTERET_ID, timeframe_id) VALUES (10393, '2018-05-02', 10.987750274716504, 0, 0, 10098, 1, 10000, 20);
INSERT INTO activity(activity_id, date_prevue, distance_prevue, distance_realisee, estrealisee, programme_id, sport_id, CENTREINTERET_ID, timeframe_id) VALUES (10394, '2018-05-03', 11.764576439273583, 0, 0, 10098, 1, 10000, 31);
INSERT INTO activity(activity_id, date_prevue, distance_prevue, distance_realisee, estrealisee, programme_id, sport_id, CENTREINTERET_ID, timeframe_id) VALUES (10395, '2018-05-04', 9.487714948742402, 0, 0, 10098, 1, 10000, 39);
INSERT INTO programme(programme_id, date_debut, user_id) VALUES (10099, '2018-04-23', 10049);
INSERT INTO objectif(id, objectif, sport_id) VALUES (249, 10, 1);
INSERT INTO programme_objectifs(programme_programme_id, objectifs_id) VALUES (10099, 249);
INSERT INTO activity(activity_id, date_prevue, date_realisee, distance_prevue, distance_realisee, estrealisee, programme_id, sport_id, CENTREINTERET_ID, timeframe_id) VALUES (10396, '2018-04-17', '2018-04-17', 9.200899717035671, 9.200899717035671, 1, 10099, 1, 10000, 31);
INSERT INTO activity(activity_id, date_prevue, date_realisee, distance_prevue, distance_realisee, estrealisee, programme_id, sport_id, CENTREINTERET_ID, timeframe_id) VALUES (10397, '2018-04-18', '2018-04-18', 9.474431077208873, 9.474431077208873, 1, 10099, 1, 10000, 5);
INSERT INTO activity(activity_id, date_prevue, date_realisee, distance_prevue, distance_realisee, estrealisee, programme_id, sport_id, CENTREINTERET_ID, timeframe_id) VALUES (10398, '2018-04-19', '2018-04-19', 9.77581801245436, 9.77581801245436, 1, 10099, 1, 10000, 45);
INSERT INTO activity(activity_id, date_prevue, date_realisee, distance_prevue, distance_realisee, estrealisee, programme_id, sport_id, CENTREINTERET_ID, timeframe_id) VALUES (10399, '2018-04-20', '2018-04-20', 11.036545492387852, 11.036545492387852, 1, 10099, 1, 10000, 25);



